no,bookId,subject,category,ytTitle,description,hashtags,deeplink,videoUrl,coverUrl
"1","1773716818847","기가노토사우루스","nature-dino","기가노토사우루스, 티라노보다 더 큰 공룡이 있었다고요? 🦖 #Shorts","티라노보다 더 큰 공룡이 있었다고요?

이름은 '남쪽의 거대한 도마뱀'. 티라노사우루스보다 몸길이가 더 길었던, 역사상 가장 큰 육식 공룡 중 하나예요. 머리뼈만 사람 키만큼 컸고, 칼날처럼 얇고 날카로운 이빨로 살점을 쓱쓱 베어냈죠. 거대한 초식 공룡을 무리 지어 사냥하기도 했어요.

📖 방금 본 「기가노토사우루스」, 그림책으로 바로 보기 👇
https://www.tangobook.co.kr/library/1773716818847/about
탱고북 — 7일 무료 체험 · 광고 없음  (tangobook.co.kr)

탱고북은 AI로 양산하지 않고 큐레이션한 명작·자연관찰 동화 플랫폼이에요.
같은 동화를 그림체 여러 종으로, 한국어·영어로 만나고, 어휘 게임으로 익혀요.

#기가노토사우루스 #공룡 #공룡그림책 #공룡이름 #자연관찰 #탱고북 #유아교육 #그림책 #육아 #Shorts","#기가노토사우루스 #공룡 #공룡그림책 #공룡이름 #자연관찰 #탱고북 #유아교육 #그림책 #육아 #Shorts","https://www.tangobook.co.kr/library/1773716818847/about","https://pub-554d78bf0f2346cfb850060ac23280a7.r2.dev/mkt/41560119-7751-46f0-9015-d24eaf4cc62e/reels/1773716818847-1784167696573.mp4","https://pub-554d78bf0f2346cfb850060ac23280a7.r2.dev/mkt/41560119-7751-46f0-9015-d24eaf4cc62e/reels/1773716818847-thumb-1784167698023.png"
"2","1773728963112","디플로도쿠스","nature-dino","세상에서 가장 긴 공룡, 디플로도쿠스는 얼마나 길었을까요? 🦖 #Shorts","세상에서 가장 긴 공룡, 디플로도쿠스는 얼마나 길었을까요?

이름은 '두 개의 들보'라는 뜻이에요. 꼬리는 80개가 넘는 뼈로 이루어진 세상에서 가장 긴 채찍이라, 휘둘러 적을 위협했죠. 빗처럼 생긴 앞니로 나뭇잎을 훑어 먹었고, 목뼈 속은 텅 빈 공기 주머니로 가득해 그 긴 목도 가볍게 움직였대요.

📖 방금 본 「디플로도쿠스」, 그림책으로 바로 보기 👇
https://www.tangobook.co.kr/library/1773728963112/about
탱고북 — 7일 무료 체험 · 광고 없음  (tangobook.co.kr)

탱고북은 AI로 양산하지 않고 큐레이션한 명작·자연관찰 동화 플랫폼이에요.
같은 동화를 그림체 여러 종으로, 한국어·영어로 만나고, 어휘 게임으로 익혀요.

#디플로도쿠스 #공룡 #공룡그림책 #공룡이름 #자연관찰 #탱고북 #유아교육 #그림책 #육아 #Shorts","#디플로도쿠스 #공룡 #공룡그림책 #공룡이름 #자연관찰 #탱고북 #유아교육 #그림책 #육아 #Shorts","https://www.tangobook.co.kr/library/1773728963112/about","https://pub-554d78bf0f2346cfb850060ac23280a7.r2.dev/mkt/41560119-7751-46f0-9015-d24eaf4cc62e/reels/1773728963112-1784167791714.mp4","https://pub-554d78bf0f2346cfb850060ac23280a7.r2.dev/mkt/41560119-7751-46f0-9015-d24eaf4cc62e/reels/1773728963112-thumb-1784167793215.png"
"3","1773912904434","람포린쿠스","nature-dino","쥐라기 하늘의 멋쟁이 사냥꾼, 람포린쿠스를 아나요? 🦖 #Shorts","쥐라기 하늘의 멋쟁이 사냥꾼, 람포린쿠스를 아나요?

이름은 '부리 주둥이'라는 뜻이에요. 몸보다 훨씬 긴 꼬리 끝에 마름모 모양 판이 달려 날 때 방향을 잡았죠. 엇갈린 뾰족한 이빨로 미끄러운 물고기를 꽉 붙잡고, 바다 위를 날다 물속으로 머리를 넣어 사냥하는 표면 사냥꾼이었대요.

📖 방금 본 「람포린쿠스」, 그림책으로 바로 보기 👇
https://www.tangobook.co.kr/library/1773912904434/about
탱고북 — 7일 무료 체험 · 광고 없음  (tangobook.co.kr)

탱고북은 AI로 양산하지 않고 큐레이션한 명작·자연관찰 동화 플랫폼이에요.
같은 동화를 그림체 여러 종으로, 한국어·영어로 만나고, 어휘 게임으로 익혀요.

#람포린쿠스 #공룡 #공룡그림책 #공룡이름 #자연관찰 #탱고북 #유아교육 #그림책 #육아 #Shorts","#람포린쿠스 #공룡 #공룡그림책 #공룡이름 #자연관찰 #탱고북 #유아교육 #그림책 #육아 #Shorts","https://www.tangobook.co.kr/library/1773912904434/about","https://pub-554d78bf0f2346cfb850060ac23280a7.r2.dev/mkt/41560119-7751-46f0-9015-d24eaf4cc62e/reels/1773912904434-1784167886156.mp4","https://pub-554d78bf0f2346cfb850060ac23280a7.r2.dev/mkt/41560119-7751-46f0-9015-d24eaf4cc62e/reels/1773912904434-thumb-1784167887614.png"
"4","1773896866516","마이아사우라","nature-dino","마이아사우라, '좋은 어머니'라는 이름을 가진 공룡이 있다고요? 🦖 #Shorts","'좋은 어머니'라는 이름을 가진 공룡이 있다고요?

마이아사우라는 '좋은 어머니 도마뱀'이라는 뜻이에요. 공룡 중 처음으로 새끼를 돌본 증거가 발견됐죠. 둥근 흙 언덕에 둥지를 만들어 알을 따뜻하게 지켰고, 새끼가 걸을 수 있을 때까지 먹이를 물어다 주며 정성껏 길렀대요.

📖 방금 본 「마이아사우라」, 그림책으로 바로 보기 👇
https://www.tangobook.co.kr/library/1773896866516/about
탱고북 — 7일 무료 체험 · 광고 없음  (tangobook.co.kr)

탱고북은 AI로 양산하지 않고 큐레이션한 명작·자연관찰 동화 플랫폼이에요.
같은 동화를 그림체 여러 종으로, 한국어·영어로 만나고, 어휘 게임으로 익혀요.

#마이아사우라 #공룡 #공룡그림책 #공룡이름 #자연관찰 #탱고북 #유아교육 #그림책 #육아 #Shorts","#마이아사우라 #공룡 #공룡그림책 #공룡이름 #자연관찰 #탱고북 #유아교육 #그림책 #육아 #Shorts","https://www.tangobook.co.kr/library/1773896866516/about","https://pub-554d78bf0f2346cfb850060ac23280a7.r2.dev/mkt/41560119-7751-46f0-9015-d24eaf4cc62e/reels/1773896866516-1784167980772.mp4","https://pub-554d78bf0f2346cfb850060ac23280a7.r2.dev/mkt/41560119-7751-46f0-9015-d24eaf4cc62e/reels/1773896866516-thumb-1784167982369.png"
"5","1773721368077","바리오닉스","nature-dino","바리오닉스, 30cm짜리 거대한 발톱을 가진 공룡을 아나요? 🦖 #Shorts","30cm짜리 거대한 발톱을 가진 공룡을 아나요?

바리오닉스는 '무거운 발톱'이라는 뜻이에요. 앞발의 엄지발톱이 30cm나 되어 먹이를 낚아챘죠. 악어처럼 길고 끝이 굽은 주둥이에 96개의 날카로운 이빨이 있었고, 곰처럼 강가에서 기다리다 지나가는 물고기를 앞발톱으로 휙 낚아챘대요.

📖 방금 본 「바리오닉스」, 그림책으로 바로 보기 👇
https://www.tangobook.co.kr/library/1773721368077/about
탱고북 — 7일 무료 체험 · 광고 없음  (tangobook.co.kr)

탱고북은 AI로 양산하지 않고 큐레이션한 명작·자연관찰 동화 플랫폼이에요.
같은 동화를 그림체 여러 종으로, 한국어·영어로 만나고, 어휘 게임으로 익혀요.

#바리오닉스 #공룡 #공룡그림책 #공룡이름 #자연관찰 #탱고북 #유아교육 #그림책 #육아 #Shorts","#바리오닉스 #공룡 #공룡그림책 #공룡이름 #자연관찰 #탱고북 #유아교육 #그림책 #육아 #Shorts","https://www.tangobook.co.kr/library/1773721368077/about","https://pub-554d78bf0f2346cfb850060ac23280a7.r2.dev/mkt/41560119-7751-46f0-9015-d24eaf4cc62e/reels/1773721368077-1784168077612.mp4","https://pub-554d78bf0f2346cfb850060ac23280a7.r2.dev/mkt/41560119-7751-46f0-9015-d24eaf4cc62e/reels/1773721368077-thumb-1784168079319.png"
"6","1773720291702","벨로키라프토르","nature-dino","벨로키라프토르, 영화 속 랩터, 사실은 깃털이 있었대요? 🦖 #Shorts","영화 속 랩터, 사실은 깃털이 있었대요?

이름은 '날쌘 도둑'. 생각보다 작아서 키는 칠면조만 했지만, 온몸이 깃털로 덮여 있었어요. 뒷발엔 낫처럼 구부러진 갈고리발톱이 무기였고, 뼛속이 새처럼 비어 있어 소리 없이 빠르게 움직였죠. 오늘날의 매·독수리와 아주 닮았어요.

📖 방금 본 「벨로키라프토르」, 그림책으로 바로 보기 👇
https://www.tangobook.co.kr/library/1773720291702/about
탱고북 — 7일 무료 체험 · 광고 없음  (tangobook.co.kr)

탱고북은 AI로 양산하지 않고 큐레이션한 명작·자연관찰 동화 플랫폼이에요.
같은 동화를 그림체 여러 종으로, 한국어·영어로 만나고, 어휘 게임으로 익혀요.

#벨로키라프토르 #공룡 #공룡그림책 #공룡이름 #자연관찰 #탱고북 #유아교육 #그림책 #육아 #Shorts","#벨로키라프토르 #공룡 #공룡그림책 #공룡이름 #자연관찰 #탱고북 #유아교육 #그림책 #육아 #Shorts","https://www.tangobook.co.kr/library/1773720291702/about","https://pub-554d78bf0f2346cfb850060ac23280a7.r2.dev/mkt/41560119-7751-46f0-9015-d24eaf4cc62e/reels/1773720291702-1784168171584.mp4","https://pub-554d78bf0f2346cfb850060ac23280a7.r2.dev/mkt/41560119-7751-46f0-9015-d24eaf4cc62e/reels/1773720291702-thumb-1784168173128.png"
"7","1773728203238","브라키오사우루스","nature-dino","브라키오사우루스, 목이 건물 4층만큼 긴 공룡이 있었어요! 🦖 #Shorts","목이 건물 4층만큼 긴 공룡이 있었어요!

이름은 '팔 도마뱀' — 앞다리가 뒷다리보다 길어요. 긴 목으로 4층 높이 나뭇잎도 먹었고, 몸무게는 코끼리 열 마리를 합친 것만큼 무거웠죠. 높은 머리까지 피를 보내려고 심장이 아주 크고 힘셌대요.

📖 방금 본 「브라키오사우루스」, 그림책으로 바로 보기 👇
https://www.tangobook.co.kr/library/1773728203238/about
탱고북 — 7일 무료 체험 · 광고 없음  (tangobook.co.kr)

탱고북은 AI로 양산하지 않고 큐레이션한 명작·자연관찰 동화 플랫폼이에요.
같은 동화를 그림체 여러 종으로, 한국어·영어로 만나고, 어휘 게임으로 익혀요.

#브라키오사우루스 #공룡 #공룡그림책 #공룡이름 #자연관찰 #탱고북 #유아교육 #그림책 #육아 #Shorts","#브라키오사우루스 #공룡 #공룡그림책 #공룡이름 #자연관찰 #탱고북 #유아교육 #그림책 #육아 #Shorts","https://www.tangobook.co.kr/library/1773728203238/about","https://pub-554d78bf0f2346cfb850060ac23280a7.r2.dev/mkt/41560119-7751-46f0-9015-d24eaf4cc62e/reels/1773728203238-1784168268094.mp4","https://pub-554d78bf0f2346cfb850060ac23280a7.r2.dev/mkt/41560119-7751-46f0-9015-d24eaf4cc62e/reels/1773728203238-thumb-1784168270871.png"
"8","1773891332232","스테고사우루스","nature-dino","등에 지붕을 얹은 듯한 공룡, 스테고사우루스를 아나요? 🦖 #Shorts","등에 지붕을 얹은 듯한 공룡, 스테고사우루스를 아나요?

이름은 '지붕 도마뱀'이라는 뜻이에요. 등에 솟은 골판은 가장 큰 것이 사람 키보다 컸고, 두 줄로 엇갈리게 나 있었죠. 꼬리 끝에는 날카로운 가시 4개가 달려, 사냥꾼 알로사우루스의 뼈를 뚫은 화석이 발견되기도 했대요.

📖 방금 본 「스테고사우루스」, 그림책으로 바로 보기 👇
https://www.tangobook.co.kr/library/1773891332232/about
탱고북 — 7일 무료 체험 · 광고 없음  (tangobook.co.kr)

탱고북은 AI로 양산하지 않고 큐레이션한 명작·자연관찰 동화 플랫폼이에요.
같은 동화를 그림체 여러 종으로, 한국어·영어로 만나고, 어휘 게임으로 익혀요.

#스테고사우루스 #공룡 #공룡그림책 #공룡이름 #자연관찰 #탱고북 #유아교육 #그림책 #육아 #Shorts","#스테고사우루스 #공룡 #공룡그림책 #공룡이름 #자연관찰 #탱고북 #유아교육 #그림책 #육아 #Shorts","https://www.tangobook.co.kr/library/1773891332232/about","https://pub-554d78bf0f2346cfb850060ac23280a7.r2.dev/mkt/41560119-7751-46f0-9015-d24eaf4cc62e/reels/1773891332232-1784168367796.mp4","https://pub-554d78bf0f2346cfb850060ac23280a7.r2.dev/mkt/41560119-7751-46f0-9015-d24eaf4cc62e/reels/1773891332232-thumb-1784168369451.png"
"9","1773739930242","스티라코사우루스","nature-dino","가시 왕관을 쓴 듯한 공룡, 스티라코사우루스를 아나요? 🦖 #Shorts","가시 왕관을 쓴 듯한 공룡, 스티라코사우루스를 아나요?

이름은 '가시가 있는 도마뱀'이라는 뜻이에요. 머리 뒤 프릴에 길고 날카로운 가시들이 솟아 마치 가시 울타리 같아, 무서운 포식자도 함부로 덤비지 못했죠. 코 위에는 길고 튼튼한 뿔이 하나 있었고, 수백 마리씩 떼를 지어 살았대요.

📖 방금 본 「스티라코사우루스」, 그림책으로 바로 보기 👇
https://www.tangobook.co.kr/library/1773739930242/about
탱고북 — 7일 무료 체험 · 광고 없음  (tangobook.co.kr)

탱고북은 AI로 양산하지 않고 큐레이션한 명작·자연관찰 동화 플랫폼이에요.
같은 동화를 그림체 여러 종으로, 한국어·영어로 만나고, 어휘 게임으로 익혀요.

#스티라코사우루스 #공룡 #공룡그림책 #공룡이름 #자연관찰 #탱고북 #유아교육 #그림책 #육아 #Shorts","#스티라코사우루스 #공룡 #공룡그림책 #공룡이름 #자연관찰 #탱고북 #유아교육 #그림책 #육아 #Shorts","https://www.tangobook.co.kr/library/1773739930242/about","https://pub-554d78bf0f2346cfb850060ac23280a7.r2.dev/mkt/41560119-7751-46f0-9015-d24eaf4cc62e/reels/1773739930242-1784168465471.mp4","https://pub-554d78bf0f2346cfb850060ac23280a7.r2.dev/mkt/41560119-7751-46f0-9015-d24eaf4cc62e/reels/1773739930242-thumb-1784168467077.png"
"10","1773720828930","스피노사우루스","nature-dino","등에 커다란 돛을 세운 공룡, 스피노사우루스를 아나요? 🦖 #Shorts","등에 커다란 돛을 세운 공룡, 스피노사우루스를 아나요?

이름은 '가시 도마뱀'이라는 뜻이에요. 등에 솟은 돛은 사람 키보다 높았죠. 악어처럼 길쭉한 입과 콧구멍이 머리 위에 있어 물에 머리를 담그고도 숨을 쉬었고, 노처럼 넓적한 꼬리를 좌우로 흔들며 물속을 헤엄쳐 사냥했대요.

📖 방금 본 「스피노사우루스」, 그림책으로 바로 보기 👇
https://www.tangobook.co.kr/library/1773720828930/about
탱고북 — 7일 무료 체험 · 광고 없음  (tangobook.co.kr)

탱고북은 AI로 양산하지 않고 큐레이션한 명작·자연관찰 동화 플랫폼이에요.
같은 동화를 그림체 여러 종으로, 한국어·영어로 만나고, 어휘 게임으로 익혀요.

#스피노사우루스 #공룡 #공룡그림책 #공룡이름 #자연관찰 #탱고북 #유아교육 #그림책 #육아 #Shorts","#스피노사우루스 #공룡 #공룡그림책 #공룡이름 #자연관찰 #탱고북 #유아교육 #그림책 #육아 #Shorts","https://www.tangobook.co.kr/library/1773720828930/about","https://pub-554d78bf0f2346cfb850060ac23280a7.r2.dev/mkt/41560119-7751-46f0-9015-d24eaf4cc62e/reels/1773720828930-1784168562071.mp4","https://pub-554d78bf0f2346cfb850060ac23280a7.r2.dev/mkt/41560119-7751-46f0-9015-d24eaf4cc62e/reels/1773720828930-thumb-1784168563583.png"
"11","1773728551576","아파토사우루스","nature-dino","아파토사우루스, 대포 소리를 내는 꼬리를 가진 공룡을 아나요? 🦖 #Shorts","대포 소리를 내는 꼬리를 가진 공룡을 아나요?

아파토사우루스는 '속이는 도마뱀'이라는 뜻이에요. 끝으로 갈수록 가늘어지는 채찍 꼬리를 휘두르면 '쾅!' 하고 대포 같은 소리가 났대요. 연필처럼 생긴 이빨로 나뭇잎을 훑어 삼켰고, 뱃속의 돌(위석)이 그것을 맷돌처럼 갈아 소화를 도왔죠.

📖 방금 본 「아파토사우루스」, 그림책으로 바로 보기 👇
https://www.tangobook.co.kr/library/1773728551576/about
탱고북 — 7일 무료 체험 · 광고 없음  (tangobook.co.kr)

탱고북은 AI로 양산하지 않고 큐레이션한 명작·자연관찰 동화 플랫폼이에요.
같은 동화를 그림체 여러 종으로, 한국어·영어로 만나고, 어휘 게임으로 익혀요.

#아파토사우루스 #공룡 #공룡그림책 #공룡이름 #자연관찰 #탱고북 #유아교육 #그림책 #육아 #Shorts","#아파토사우루스 #공룡 #공룡그림책 #공룡이름 #자연관찰 #탱고북 #유아교육 #그림책 #육아 #Shorts","https://www.tangobook.co.kr/library/1773728551576/about","https://pub-554d78bf0f2346cfb850060ac23280a7.r2.dev/mkt/41560119-7751-46f0-9015-d24eaf4cc62e/reels/1773728551576-1783795633088.mp4","https://pub-554d78bf0f2346cfb850060ac23280a7.r2.dev/mkt/41560119-7751-46f0-9015-d24eaf4cc62e/reels/1773728551576-thumb-1783830701164.png"
"12","1773885810321","안킬로사우루스","nature-dino","온몸이 갑옷인 공룡, 안킬로사우루스를 아나요? 🦖 #Shorts","온몸이 갑옷인 공룡, 안킬로사우루스를 아나요?

이름은 '연결된 도마뱀'이라는 뜻이에요. 등의 장갑판은 악어 가죽보다 딱딱해 육식 공룡 이빨도 못 뚫었고, 눈꺼풀조차 뼈로 되어 있었죠. 꼬리 끝의 거대한 뼈 곤봉을 휘둘러 티라노사우루스의 다리뼈도 부러뜨렸대요.

📖 방금 본 「안킬로사우루스」, 그림책으로 바로 보기 👇
https://www.tangobook.co.kr/library/1773885810321/about
탱고북 — 7일 무료 체험 · 광고 없음  (tangobook.co.kr)

탱고북은 AI로 양산하지 않고 큐레이션한 명작·자연관찰 동화 플랫폼이에요.
같은 동화를 그림체 여러 종으로, 한국어·영어로 만나고, 어휘 게임으로 익혀요.

#안킬로사우루스 #공룡 #공룡그림책 #공룡이름 #자연관찰 #탱고북 #유아교육 #그림책 #육아 #Shorts","#안킬로사우루스 #공룡 #공룡그림책 #공룡이름 #자연관찰 #탱고북 #유아교육 #그림책 #육아 #Shorts","https://www.tangobook.co.kr/library/1773885810321/about","https://pub-554d78bf0f2346cfb850060ac23280a7.r2.dev/mkt/41560119-7751-46f0-9015-d24eaf4cc62e/reels/1773885810321-1784168778931.mp4","https://pub-554d78bf0f2346cfb850060ac23280a7.r2.dev/mkt/41560119-7751-46f0-9015-d24eaf4cc62e/reels/1773885810321-thumb-1784168780562.png"
"13","1773898487865","이구아노돈","nature-dino","이구아노돈, 엄지에 뾰족한 가시가 달린 공룡을 아나요? 🦖 #Shorts","엄지에 뾰족한 가시가 달린 공룡을 아나요?

이구아노돈은 '이구아나의 이빨'이라는 뜻이에요. 앞발 엄지에 크고 날카로운 뿔 같은 가시가 있어 육식 공룡을 막는 강력한 무기였죠. 두 발과 네 발로 모두 걸었고, 유럽에서 30마리가 넘는 화석이 한꺼번에 발견될 만큼 무리 지어 살았대요.

📖 방금 본 「이구아노돈」, 그림책으로 바로 보기 👇
https://www.tangobook.co.kr/library/1773898487865/about
탱고북 — 7일 무료 체험 · 광고 없음  (tangobook.co.kr)

탱고북은 AI로 양산하지 않고 큐레이션한 명작·자연관찰 동화 플랫폼이에요.
같은 동화를 그림체 여러 종으로, 한국어·영어로 만나고, 어휘 게임으로 익혀요.

#이구아노돈 #공룡 #공룡그림책 #공룡이름 #자연관찰 #탱고북 #유아교육 #그림책 #육아 #Shorts","#이구아노돈 #공룡 #공룡그림책 #공룡이름 #자연관찰 #탱고북 #유아교육 #그림책 #육아 #Shorts","https://www.tangobook.co.kr/library/1773898487865/about","https://pub-554d78bf0f2346cfb850060ac23280a7.r2.dev/mkt/41560119-7751-46f0-9015-d24eaf4cc62e/reels/1773898487865-1784168879242.mp4","https://pub-554d78bf0f2346cfb850060ac23280a7.r2.dev/mkt/41560119-7751-46f0-9015-d24eaf4cc62e/reels/1773898487865-thumb-1784168880925.png"
"14","1773715178666","타르보사우루스","nature-dino","아시아 대륙을 지배한 폭군, 타르보사우루스를 아나요? 🦖 #Shorts","아시아 대륙을 지배한 폭군, 타르보사우루스를 아나요?

이름은 '놀라게 하는 도마뱀'이라는 뜻이에요. 티라노사우루스와 형제처럼 닮았지만 머리가 더 좁고 길어 무거운 먹이를 공격하기 좋았죠. 톱니 모양의 날카로운 이빨이 약 60개 있었고, 몽골 고비 사막에서 화석이 많이 발견된대요.

📖 방금 본 「타르보사우루스」, 그림책으로 바로 보기 👇
https://www.tangobook.co.kr/library/1773715178666/about
탱고북 — 7일 무료 체험 · 광고 없음  (tangobook.co.kr)

탱고북은 AI로 양산하지 않고 큐레이션한 명작·자연관찰 동화 플랫폼이에요.
같은 동화를 그림체 여러 종으로, 한국어·영어로 만나고, 어휘 게임으로 익혀요.

#타르보사우루스 #공룡 #공룡그림책 #공룡이름 #자연관찰 #탱고북 #유아교육 #그림책 #육아 #Shorts","#타르보사우루스 #공룡 #공룡그림책 #공룡이름 #자연관찰 #탱고북 #유아교육 #그림책 #육아 #Shorts","https://www.tangobook.co.kr/library/1773715178666/about","https://pub-554d78bf0f2346cfb850060ac23280a7.r2.dev/mkt/41560119-7751-46f0-9015-d24eaf4cc62e/reels/1773715178666-1784169069288.mp4","https://pub-554d78bf0f2346cfb850060ac23280a7.r2.dev/mkt/41560119-7751-46f0-9015-d24eaf4cc62e/reels/1773715178666-thumb-1784169071010.png"
"15","1773739549787","트리케라톱스","nature-dino","트리케라톱스, 얼굴에 뿔이 세 개나 달린 공룡, 누굴까요? 🦖 #Shorts","얼굴에 뿔이 세 개나 달린 공룡, 누굴까요?

이름 뜻이 바로 '세 개의 뿔이 있는 얼굴'이에요. 머리 뒤 거대한 부채 모양 '프릴'로 목을 지키고 몸의 열도 식혔죠. 앵무새 같은 단단한 부리로 질긴 식물을 싹둑 자르고, 몸무게는 코끼리 두 마리보다 무거웠대요. 티라노가 나타나면 뿔을 앞세워 용감하게 맞섰어요.

📖 방금 본 「트리케라톱스」, 그림책으로 바로 보기 👇
https://www.tangobook.co.kr/library/1773739549787/about
탱고북 — 7일 무료 체험 · 광고 없음  (tangobook.co.kr)

탱고북은 AI로 양산하지 않고 큐레이션한 명작·자연관찰 동화 플랫폼이에요.
같은 동화를 그림체 여러 종으로, 한국어·영어로 만나고, 어휘 게임으로 익혀요.

#트리케라톱스 #공룡 #공룡그림책 #공룡이름 #자연관찰 #탱고북 #유아교육 #그림책 #육아 #Shorts","#트리케라톱스 #공룡 #공룡그림책 #공룡이름 #자연관찰 #탱고북 #유아교육 #그림책 #육아 #Shorts","https://www.tangobook.co.kr/library/1773739549787/about","https://pub-554d78bf0f2346cfb850060ac23280a7.r2.dev/mkt/41560119-7751-46f0-9015-d24eaf4cc62e/reels/1773739549787-1784169172963.mp4","https://pub-554d78bf0f2346cfb850060ac23280a7.r2.dev/mkt/41560119-7751-46f0-9015-d24eaf4cc62e/reels/1773739549787-thumb-1784169174557.png"
"16","1773714531390","티라노사우루스 렉스","nature-dino","티라노사우루스 렉스, 공룡의 왕, 티라노사우루스는 얼마나 무서웠을까요? 🦖 #Shorts","공룡의 왕, 티라노사우루스는 얼마나 무서웠을까요?

이름은 '폭군 도마뱀'이라는 뜻이에요. 몸길이는 버스보다 길고, 키는 건물 2층만큼 높았죠. 바나나만큼 큰 이빨로 단단한 뼈까지 한 번에 부쉈고, 냄새를 아주 잘 맡아 멀리 있는 먹이도 찾아냈대요.

📖 방금 본 「티라노사우루스 렉스」, 그림책으로 바로 보기 👇
https://www.tangobook.co.kr/library/1773714531390/about
탱고북 — 7일 무료 체험 · 광고 없음  (tangobook.co.kr)

탱고북은 AI로 양산하지 않고 큐레이션한 명작·자연관찰 동화 플랫폼이에요.
같은 동화를 그림체 여러 종으로, 한국어·영어로 만나고, 어휘 게임으로 익혀요.

#티라노사우루스렉스 #공룡 #공룡그림책 #공룡이름 #자연관찰 #탱고북 #유아교육 #그림책 #육아 #Shorts","#티라노사우루스렉스 #공룡 #공룡그림책 #공룡이름 #자연관찰 #탱고북 #유아교육 #그림책 #육아 #Shorts","https://www.tangobook.co.kr/library/1773714531390/about","https://pub-554d78bf0f2346cfb850060ac23280a7.r2.dev/mkt/41560119-7751-46f0-9015-d24eaf4cc62e/reels/1773714531390-1784169271493.mp4","https://pub-554d78bf0f2346cfb850060ac23280a7.r2.dev/mkt/41560119-7751-46f0-9015-d24eaf4cc62e/reels/1773714531390-thumb-1784169273160.png"
"17","1773739068170","파라사우롤로푸스","nature-dino","머리로 나팔을 부는 공룡, 파라사우롤로푸스를 아나요? 🦖 #Shorts","머리로 나팔을 부는 공룡, 파라사우롤로푸스를 아나요?

머리 뒤로 길게 뻗은 볏은 1.8m나 되는 속 빈 관이었어요. 코와 연결돼 공기가 지나가며 '뿌우우~' 하는 낮은 소리를 냈고, 그 소리로 멀리 있는 친구들에게 신호를 보냈죠. 오리처럼 넓적한 입 안에는 수천 개의 이빨이 촘촘히 박혀 있었대요.

📖 방금 본 「파라사우롤로푸스」, 그림책으로 바로 보기 👇
https://www.tangobook.co.kr/library/1773739068170/about
탱고북 — 7일 무료 체험 · 광고 없음  (tangobook.co.kr)

탱고북은 AI로 양산하지 않고 큐레이션한 명작·자연관찰 동화 플랫폼이에요.
같은 동화를 그림체 여러 종으로, 한국어·영어로 만나고, 어휘 게임으로 익혀요.

#파라사우롤로푸스 #공룡 #공룡그림책 #공룡이름 #자연관찰 #탱고북 #유아교육 #그림책 #육아 #Shorts","#파라사우롤로푸스 #공룡 #공룡그림책 #공룡이름 #자연관찰 #탱고북 #유아교육 #그림책 #육아 #Shorts","https://www.tangobook.co.kr/library/1773739068170/about","https://pub-554d78bf0f2346cfb850060ac23280a7.r2.dev/mkt/41560119-7751-46f0-9015-d24eaf4cc62e/reels/1773739068170-1784169369231.mp4","https://pub-554d78bf0f2346cfb850060ac23280a7.r2.dev/mkt/41560119-7751-46f0-9015-d24eaf4cc62e/reels/1773739068170-thumb-1784169370585.png"
"18","1773895602678","파키케팔로사우루스","nature-dino","파키케팔로사우루스, 머리뼈가 25cm나 두꺼운 공룡을 아나요? 🦖 #Shorts","머리뼈가 25cm나 두꺼운 공룡을 아나요?

파키케팔로사우루스는 '두꺼운 머리 도마뱀'이라는 뜻이에요. 단단한 돔 머리뼈는 무려 25cm나 되었죠. 돔 가장자리에는 작고 날카로운 뼈 가시가 빙 둘러 나 있었고, 머리를 직접 들이받기보다 몸이나 어깨로 서로를 밀치며 힘자랑을 했을 거래요.

📖 방금 본 「파키케팔로사우루스」, 그림책으로 바로 보기 👇
https://www.tangobook.co.kr/library/1773895602678/about
탱고북 — 7일 무료 체험 · 광고 없음  (tangobook.co.kr)

탱고북은 AI로 양산하지 않고 큐레이션한 명작·자연관찰 동화 플랫폼이에요.
같은 동화를 그림체 여러 종으로, 한국어·영어로 만나고, 어휘 게임으로 익혀요.

#파키케팔로사우루스 #공룡 #공룡그림책 #공룡이름 #자연관찰 #탱고북 #유아교육 #그림책 #육아 #Shorts","#파키케팔로사우루스 #공룡 #공룡그림책 #공룡이름 #자연관찰 #탱고북 #유아교육 #그림책 #육아 #Shorts","https://www.tangobook.co.kr/library/1773895602678/about","https://pub-554d78bf0f2346cfb850060ac23280a7.r2.dev/mkt/41560119-7751-46f0-9015-d24eaf4cc62e/reels/1773895602678-1784169469142.mp4","https://pub-554d78bf0f2346cfb850060ac23280a7.r2.dev/mkt/41560119-7751-46f0-9015-d24eaf4cc62e/reels/1773895602678-thumb-1784169470751.png"
"19","1773740757966","프로토케라톱스","nature-dino","프로토케라톱스, 뿔 공룡의 조상인데 뿔이 없다고요? 🦖 #Shorts","뿔 공룡의 조상인데 뿔이 없다고요?

프로토케라톱스는 '첫 번째 뿔이 있는 얼굴'이라는 뜻이지만, 큰 뿔 대신 코 위에 작은 돌기만 있었어요. 몸집은 양이나 큰 개 정도로 작았죠. 벨로키랍토르와 싸우다 모래 폭풍에 함께 묻힌 화석이 발견되어, '몽골의 코뿔소'라 불린대요.

📖 방금 본 「프로토케라톱스」, 그림책으로 바로 보기 👇
https://www.tangobook.co.kr/library/1773740757966/about
탱고북 — 7일 무료 체험 · 광고 없음  (tangobook.co.kr)

탱고북은 AI로 양산하지 않고 큐레이션한 명작·자연관찰 동화 플랫폼이에요.
같은 동화를 그림체 여러 종으로, 한국어·영어로 만나고, 어휘 게임으로 익혀요.

#프로토케라톱스 #공룡 #공룡그림책 #공룡이름 #자연관찰 #탱고북 #유아교육 #그림책 #육아 #Shorts","#프로토케라톱스 #공룡 #공룡그림책 #공룡이름 #자연관찰 #탱고북 #유아교육 #그림책 #육아 #Shorts","https://www.tangobook.co.kr/library/1773740757966/about","https://pub-554d78bf0f2346cfb850060ac23280a7.r2.dev/mkt/41560119-7751-46f0-9015-d24eaf4cc62e/reels/1773740757966-1784169564864.mp4","https://pub-554d78bf0f2346cfb850060ac23280a7.r2.dev/mkt/41560119-7751-46f0-9015-d24eaf4cc62e/reels/1773740757966-thumb-1784169566771.png"
"20","1773899014599","프테라노돈","nature-dino","프테라노돈, 이빨이 하나도 없는 하늘의 제왕을 아나요? 🦖 #Shorts","이빨이 하나도 없는 하늘의 제왕을 아나요?

프테라노돈은 '이빨 없는 날개'라는 뜻이에요. 이름처럼 입안에 이빨이 하나도 없었죠. 길게 뻗은 볏은 날 때 방향을 잡는 키 역할을 했고, 날개는 7미터가 넘었어요. 부리 아래에는 펠리컨처럼 목주머니가 있어 물고기를 잠시 담아 두었대요.

📖 방금 본 「프테라노돈」, 그림책으로 바로 보기 👇
https://www.tangobook.co.kr/library/1773899014599/about
탱고북 — 7일 무료 체험 · 광고 없음  (tangobook.co.kr)

탱고북은 AI로 양산하지 않고 큐레이션한 명작·자연관찰 동화 플랫폼이에요.
같은 동화를 그림체 여러 종으로, 한국어·영어로 만나고, 어휘 게임으로 익혀요.

#프테라노돈 #공룡 #공룡그림책 #공룡이름 #자연관찰 #탱고북 #유아교육 #그림책 #육아 #Shorts","#프테라노돈 #공룡 #공룡그림책 #공룡이름 #자연관찰 #탱고북 #유아교육 #그림책 #육아 #Shorts","https://www.tangobook.co.kr/library/1773899014599/about","https://pub-554d78bf0f2346cfb850060ac23280a7.r2.dev/mkt/41560119-7751-46f0-9015-d24eaf4cc62e/reels/1773899014599-1784169669542.mp4","https://pub-554d78bf0f2346cfb850060ac23280a7.r2.dev/mkt/41560119-7751-46f0-9015-d24eaf4cc62e/reels/1773899014599-thumb-1784169670844.png"
"21","1773711154702","강아지","nature-other","멍멍! 강아지는 왜 사람을 제일 좋아할까요? 🐾 #Shorts","멍멍! 강아지는 왜 사람을 제일 좋아할까요?

강아지 코는 항상 촉촉해서 멀리 있는 냄새도 킁킁 잘 맡는대요. 발바닥은 말랑말랑 젤리 같아 울퉁불퉁한 길도 하나도 안 아프고, 더운 날엔 혀를 빼고 헥헥 숨을 쉬며 몸을 식힌답니다. 알고 보면 늑대랑 친척이래요!

📖 방금 본 「강아지」, 그림책으로 바로 보기 👇
https://www.tangobook.co.kr/library/1773711154702/about
탱고북 — 7일 무료 체험 · 광고 없음  (tangobook.co.kr)

탱고북은 AI로 양산하지 않고 큐레이션한 명작·자연관찰 동화 플랫폼이에요.
같은 동화를 그림체 여러 종으로, 한국어·영어로 만나고, 어휘 게임으로 익혀요.

#강아지 #자연관찰 #동물 #과학동화 #호기심 #탱고북 #유아교육 #그림책 #육아 #Shorts","#강아지 #자연관찰 #동물 #과학동화 #호기심 #탱고북 #유아교육 #그림책 #육아 #Shorts","https://www.tangobook.co.kr/library/1773711154702/about","https://pub-554d78bf0f2346cfb850060ac23280a7.r2.dev/mkt/41560119-7751-46f0-9015-d24eaf4cc62e/reels/1773711154702-1784173101161.mp4","https://pub-554d78bf0f2346cfb850060ac23280a7.r2.dev/mkt/41560119-7751-46f0-9015-d24eaf4cc62e/reels/1773711154702-thumb-1784173102500.png"
"22","1773365186209","강아지풀","nature-other","강아지풀은 강아지 꼬리를 닮았어요! 🐾 #Shorts","강아지풀은 강아지 꼬리를 닮았어요!

줄기는 가늘지만 아주 질기고 튼튼해서 센 바람이 불어도 꺾이지 않고 유연하게 흔들려요. 이삭의 보드라운 털은 사실 꽃과 씨앗을 보호해 준대요. 아주 옛날에는 강아지풀 씨앗을 모아 곡식으로 먹기도 했답니다.

📖 방금 본 「강아지풀」, 그림책으로 바로 보기 👇
https://www.tangobook.co.kr/library/1773365186209/about
탱고북 — 7일 무료 체험 · 광고 없음  (tangobook.co.kr)

탱고북은 AI로 양산하지 않고 큐레이션한 명작·자연관찰 동화 플랫폼이에요.
같은 동화를 그림체 여러 종으로, 한국어·영어로 만나고, 어휘 게임으로 익혀요.

#강아지풀 #자연관찰 #동물 #과학동화 #호기심 #탱고북 #유아교육 #그림책 #육아 #Shorts","#강아지풀 #자연관찰 #동물 #과학동화 #호기심 #탱고북 #유아교육 #그림책 #육아 #Shorts","https://www.tangobook.co.kr/library/1773365186209/about","https://pub-554d78bf0f2346cfb850060ac23280a7.r2.dev/mkt/41560119-7751-46f0-9015-d24eaf4cc62e/reels/1773365186209-1784170677897.mp4","https://pub-554d78bf0f2346cfb850060ac23280a7.r2.dev/mkt/41560119-7751-46f0-9015-d24eaf4cc62e/reels/1773365186209-thumb-1784170680016.png"
"23","1777550146108","개구리","nature-other","개굴개굴! 개구리는 어떻게 한 번에 멀리 뛸까요? 🐾 #Shorts","개굴개굴! 개구리는 어떻게 한 번에 멀리 뛸까요?

개구리는 매끈한 피부로 숨을 쉬어서 늘 촉촉하대요. 길고 튼튼한 뒷다리와 물갈퀴로 멀리 뛰고 헤엄도 잘 치고, 끈적한 혀를 쭉 뻗어 날아가는 벌레를 탁 잡아 한입에 꿀꺽 삼킨답니다. 물속 알에서 꼬리 긴 올챙이로 태어나 다리가 쑥 나오며 자라요.

📖 방금 본 「개구리」, 그림책으로 바로 보기 👇
https://www.tangobook.co.kr/library/1777550146108/about
탱고북 — 7일 무료 체험 · 광고 없음  (tangobook.co.kr)

탱고북은 AI로 양산하지 않고 큐레이션한 명작·자연관찰 동화 플랫폼이에요.
같은 동화를 그림체 여러 종으로, 한국어·영어로 만나고, 어휘 게임으로 익혀요.

#개구리 #자연관찰 #동물 #과학동화 #호기심 #탱고북 #유아교육 #그림책 #육아 #Shorts","#개구리 #자연관찰 #동물 #과학동화 #호기심 #탱고북 #유아교육 #그림책 #육아 #Shorts","https://www.tangobook.co.kr/library/1777550146108/about","https://pub-554d78bf0f2346cfb850060ac23280a7.r2.dev/mkt/41560119-7751-46f0-9015-d24eaf4cc62e/reels/1777550146108-1784173182580.mp4","https://pub-554d78bf0f2346cfb850060ac23280a7.r2.dev/mkt/41560119-7751-46f0-9015-d24eaf4cc62e/reels/1777550146108-thumb-1784173183887.png"
"24","1777605651238","개미","nature-other","작은 개미가 자기 몸보다 무거운 걸 번쩍 든다고요? 🐾 #Shorts","작은 개미가 자기 몸보다 무거운 걸 번쩍 든다고요?

개미는 자기 몸보다 훨씬 무거운 먹이도 번쩍 들어 올릴 만큼 힘이 세대요. 머리의 더듬이를 서로 맞대면 냄새로 대화를 나누고, 먹이가 어디 있는지 친구에게 알려준답니다. 위험할 땐 엉덩이에서 냄새를 풍겨 알려줘요.

📖 방금 본 「개미」, 그림책으로 바로 보기 👇
https://www.tangobook.co.kr/library/1777605651238/about
탱고북 — 7일 무료 체험 · 광고 없음  (tangobook.co.kr)

탱고북은 AI로 양산하지 않고 큐레이션한 명작·자연관찰 동화 플랫폼이에요.
같은 동화를 그림체 여러 종으로, 한국어·영어로 만나고, 어휘 게임으로 익혀요.

#개미 #자연관찰 #동물 #과학동화 #호기심 #탱고북 #유아교육 #그림책 #육아 #Shorts","#개미 #자연관찰 #동물 #과학동화 #호기심 #탱고북 #유아교육 #그림책 #육아 #Shorts","https://www.tangobook.co.kr/library/1777605651238/about","https://pub-554d78bf0f2346cfb850060ac23280a7.r2.dev/mkt/41560119-7751-46f0-9015-d24eaf4cc62e/reels/1777605651238-1784166752150.mp4","https://pub-554d78bf0f2346cfb850060ac23280a7.r2.dev/mkt/41560119-7751-46f0-9015-d24eaf4cc62e/reels/1777605651238-thumb-1784166753563.png"
"25","1773320745960","거미","nature-other","다리가 여덟 개, 거미줄은 어떻게 만들까요? 🐾 #Shorts","다리가 여덟 개, 거미줄은 어떻게 만들까요?

거미는 엉덩이 끝에서 끈적끈적한 실을 뽑아 집도 짓고 그물도 만들어요. 거미줄은 아주 가늘지만 엄청 튼튼해서 바람이 불어도 끊어지지 않는대요. 물속에 사는 거미는 공기 방울로 물속에 집을 짓는답니다.

📖 방금 본 「거미」, 그림책으로 바로 보기 👇
https://www.tangobook.co.kr/library/1773320745960/about
탱고북 — 7일 무료 체험 · 광고 없음  (tangobook.co.kr)

탱고북은 AI로 양산하지 않고 큐레이션한 명작·자연관찰 동화 플랫폼이에요.
같은 동화를 그림체 여러 종으로, 한국어·영어로 만나고, 어휘 게임으로 익혀요.

#거미 #자연관찰 #동물 #과학동화 #호기심 #탱고북 #유아교육 #그림책 #육아 #Shorts","#거미 #자연관찰 #동물 #과학동화 #호기심 #탱고북 #유아교육 #그림책 #육아 #Shorts","https://www.tangobook.co.kr/library/1773320745960/about","https://pub-554d78bf0f2346cfb850060ac23280a7.r2.dev/mkt/41560119-7751-46f0-9015-d24eaf4cc62e/reels/1773320745960-1784166856702.mp4","https://pub-554d78bf0f2346cfb850060ac23280a7.r2.dev/mkt/41560119-7751-46f0-9015-d24eaf4cc62e/reels/1773320745960-thumb-1784166858231.png"
"26","1777613396046","게","nature-other","옆으로만 걷는 게, 왜 그럴까요? 🐾 #Shorts","옆으로만 걷는 게, 왜 그럴까요?

게는 다리가 열 개예요. 앞다리 두 개는 커다란 집게발이라 먹이를 잡고 몸도 지키죠. 옆으로 걷는 게 훨씬 빠르대요. 모래를 입에 넣고 맛있는 것만 쏙 먹은 뒤 나머지는 퉤 뱉는답니다.

📖 방금 본 「게」, 그림책으로 바로 보기 👇
https://www.tangobook.co.kr/library/1777613396046/about
탱고북 — 7일 무료 체험 · 광고 없음  (tangobook.co.kr)

탱고북은 AI로 양산하지 않고 큐레이션한 명작·자연관찰 동화 플랫폼이에요.
같은 동화를 그림체 여러 종으로, 한국어·영어로 만나고, 어휘 게임으로 익혀요.

#게 #자연관찰 #동물 #과학동화 #호기심 #탱고북 #유아교육 #그림책 #육아 #Shorts","#게 #자연관찰 #동물 #과학동화 #호기심 #탱고북 #유아교육 #그림책 #육아 #Shorts","https://www.tangobook.co.kr/library/1777613396046/about","https://pub-554d78bf0f2346cfb850060ac23280a7.r2.dev/mkt/41560119-7751-46f0-9015-d24eaf4cc62e/reels/1777613396046-1784169780875.mp4","https://pub-554d78bf0f2346cfb850060ac23280a7.r2.dev/mkt/41560119-7751-46f0-9015-d24eaf4cc62e/reels/1777613396046-thumb-1784169782303.png"
"27","1777610290605","고래","nature-other","고래, 바다에서 가장 큰 동물은 누구일까요? 🐾 #Shorts","바다에서 가장 큰 동물은 누구일까요?

고래는 물고기가 아니라 사람처럼 코로 숨을 쉬어요. 버스보다도 훨씬 큰 세상에서 가장 큰 동물이죠. 어떤 고래는 이빨 대신 수염으로 작은 먹이를 걸러 먹고, 소리로 노래하듯 서로 이야기를 나눈답니다.

📖 방금 본 「고래」, 그림책으로 바로 보기 👇
https://www.tangobook.co.kr/library/1777610290605/about
탱고북 — 7일 무료 체험 · 광고 없음  (tangobook.co.kr)

탱고북은 AI로 양산하지 않고 큐레이션한 명작·자연관찰 동화 플랫폼이에요.
같은 동화를 그림체 여러 종으로, 한국어·영어로 만나고, 어휘 게임으로 익혀요.

#고래 #자연관찰 #동물 #과학동화 #호기심 #탱고북 #유아교육 #그림책 #육아 #Shorts","#고래 #자연관찰 #동물 #과학동화 #호기심 #탱고북 #유아교육 #그림책 #육아 #Shorts","https://www.tangobook.co.kr/library/1777610290605/about","https://pub-554d78bf0f2346cfb850060ac23280a7.r2.dev/mkt/41560119-7751-46f0-9015-d24eaf4cc62e/reels/1777610290605-1784169879808.mp4","https://pub-554d78bf0f2346cfb850060ac23280a7.r2.dev/mkt/41560119-7751-46f0-9015-d24eaf4cc62e/reels/1777610290605-thumb-1784169881126.png"
"28","1773149047331","고슴도치","nature-other","뾰족뾰족! 고슴도치는 왜 몸을 동그랗게 말까요? 🐾 #Shorts","뾰족뾰족! 고슴도치는 왜 몸을 동그랗게 말까요?

고슴도치 몸은 뾰족한 가시로 덮여 있어, 깜짝 놀라면 공처럼 동그랗게 말아 몸을 지킨대요. 밤에 코를 킁킁거리며 지렁이랑 벌레를 찾아 먹고, 찬바람이 불면 낙엽을 모아 집을 짓고 쿨쿨 겨울잠을 잔답니다. 갓 태어난 아기 가시는 말랑말랑 하얀색이래요!

📖 방금 본 「고슴도치」, 그림책으로 바로 보기 👇
https://www.tangobook.co.kr/library/1773149047331/about
탱고북 — 7일 무료 체험 · 광고 없음  (tangobook.co.kr)

탱고북은 AI로 양산하지 않고 큐레이션한 명작·자연관찰 동화 플랫폼이에요.
같은 동화를 그림체 여러 종으로, 한국어·영어로 만나고, 어휘 게임으로 익혀요.

#고슴도치 #자연관찰 #동물 #과학동화 #호기심 #탱고북 #유아교육 #그림책 #육아 #Shorts","#고슴도치 #자연관찰 #동물 #과학동화 #호기심 #탱고북 #유아교육 #그림책 #육아 #Shorts","https://www.tangobook.co.kr/library/1773149047331/about","https://pub-554d78bf0f2346cfb850060ac23280a7.r2.dev/mkt/41560119-7751-46f0-9015-d24eaf4cc62e/reels/1773149047331-1784173266333.mp4","https://pub-554d78bf0f2346cfb850060ac23280a7.r2.dev/mkt/41560119-7751-46f0-9015-d24eaf4cc62e/reels/1773149047331-thumb-1784173267885.png"
"29","1773713269796","고양이","nature-other","살금살금! 고양이는 왜 걸어도 소리가 안 날까요? 🐾 #Shorts","살금살금! 고양이는 왜 걸어도 소리가 안 날까요?

고양이는 어두운 곳에서도 잘 보는 특별한 눈을 가졌대요. 말랑말랑 젤리 같은 발바닥 덕분에 뛰어내려도 안 아프고 걸어도 소리가 안 나며, 발톱은 평소엔 쏙 숨겼다가 필요할 때만 살짝 내민답니다. 까슬까슬한 혀로 온몸을 닦고, 알고 보면 표범이랑 친척이래요!

📖 방금 본 「고양이」, 그림책으로 바로 보기 👇
https://www.tangobook.co.kr/library/1773713269796/about
탱고북 — 7일 무료 체험 · 광고 없음  (tangobook.co.kr)

탱고북은 AI로 양산하지 않고 큐레이션한 명작·자연관찰 동화 플랫폼이에요.
같은 동화를 그림체 여러 종으로, 한국어·영어로 만나고, 어휘 게임으로 익혀요.

#고양이 #자연관찰 #동물 #과학동화 #호기심 #탱고북 #유아교육 #그림책 #육아 #Shorts","#고양이 #자연관찰 #동물 #과학동화 #호기심 #탱고북 #유아교육 #그림책 #육아 #Shorts","https://www.tangobook.co.kr/library/1773713269796/about","https://pub-554d78bf0f2346cfb850060ac23280a7.r2.dev/mkt/41560119-7751-46f0-9015-d24eaf4cc62e/reels/1773713269796-1784173347120.mp4","https://pub-554d78bf0f2346cfb850060ac23280a7.r2.dev/mkt/41560119-7751-46f0-9015-d24eaf4cc62e/reels/1773713269796-thumb-1784173348346.png"
"30","1777439576248","곰","nature-other","숲속에서 제일 듬직한 곰은 무엇을 제일 좋아할까요? 🐾 #Shorts","숲속에서 제일 듬직한 곰은 무엇을 제일 좋아할까요?

곰은 온몸이 북슬북슬한 털로 덮여 추운 겨울도 거뜬하대요. 커다란 코로 멀리서 나는 냄새도 잘 맡고, 첨벙첨벙 물고기를 한 번에 꽉 잡아요. 달콤한 꿀이랑 열매도 좋아하고, 찬바람이 불면 포근한 굴속에서 쿨쿨 겨울잠을 잔답니다.

📖 방금 본 「곰」, 그림책으로 바로 보기 👇
https://www.tangobook.co.kr/library/1777439576248/about
탱고북 — 7일 무료 체험 · 광고 없음  (tangobook.co.kr)

탱고북은 AI로 양산하지 않고 큐레이션한 명작·자연관찰 동화 플랫폼이에요.
같은 동화를 그림체 여러 종으로, 한국어·영어로 만나고, 어휘 게임으로 익혀요.

#곰 #자연관찰 #동물 #과학동화 #호기심 #탱고북 #유아교육 #그림책 #육아 #Shorts","#곰 #자연관찰 #동물 #과학동화 #호기심 #탱고북 #유아교육 #그림책 #육아 #Shorts","https://www.tangobook.co.kr/library/1777439576248/about","https://pub-554d78bf0f2346cfb850060ac23280a7.r2.dev/mkt/41560119-7751-46f0-9015-d24eaf4cc62e/reels/1777439576248-1784173432098.mp4","https://pub-554d78bf0f2346cfb850060ac23280a7.r2.dev/mkt/41560119-7751-46f0-9015-d24eaf4cc62e/reels/1777439576248-thumb-1784173433877.png"
"31","1773616999841","극지방의 신비","nature-other","극지방의 신비, 일 년 내내 꽁꽁 얼어붙은 지구의 양 끝엔 누가 살까요? 🐾 #Shorts","일 년 내내 꽁꽁 얼어붙은 지구의 양 끝엔 누가 살까요?

북극곰은 두꺼운 털옷과 비계 덕분에 추위를 견디고, 남극 펭귄들은 서로 몸을 찰싹 붙여 온기를 나누는 '허들링'으로 겨울을 이겨내요. 극지방 얼음 속에는 아주 옛날 지구의 공기가 갇혀 있답니다.

📖 방금 본 「극지방의 신비」, 그림책으로 바로 보기 👇
https://www.tangobook.co.kr/library/1773616999841/about
탱고북 — 7일 무료 체험 · 광고 없음  (tangobook.co.kr)

탱고북은 AI로 양산하지 않고 큐레이션한 명작·자연관찰 동화 플랫폼이에요.
같은 동화를 그림체 여러 종으로, 한국어·영어로 만나고, 어휘 게임으로 익혀요.

#극지방의신비 #자연관찰 #동물 #과학동화 #호기심 #탱고북 #유아교육 #그림책 #육아 #Shorts","#극지방의신비 #자연관찰 #동물 #과학동화 #호기심 #탱고북 #유아교육 #그림책 #육아 #Shorts","https://www.tangobook.co.kr/library/1773616999841/about","https://pub-554d78bf0f2346cfb850060ac23280a7.r2.dev/mkt/41560119-7751-46f0-9015-d24eaf4cc62e/reels/1773616999841-1784172664899.mp4","https://pub-554d78bf0f2346cfb850060ac23280a7.r2.dev/mkt/41560119-7751-46f0-9015-d24eaf4cc62e/reels/1773616999841-thumb-1784172666253.png"
"32","1777440865383","기린","nature-other","세상에서 키가 제일 큰 기린은 얼마나 클까요? 🐾 #Shorts","세상에서 키가 제일 큰 기린은 얼마나 클까요?

기린은 목이 아주 길어 높은 나무 잎사귀도 냠냠 잘 먹는대요. 까맣고 긴 혀로 뾰족한 가시나무도 슥슥 먹고, 물을 마실 땐 키가 너무 커서 다리를 쫙 벌린답니다. 잠도 서서 자고, 키가 큰 만큼 심장도 아주 크대요!

📖 방금 본 「기린」, 그림책으로 바로 보기 👇
https://www.tangobook.co.kr/library/1777440865383/about
탱고북 — 7일 무료 체험 · 광고 없음  (tangobook.co.kr)

탱고북은 AI로 양산하지 않고 큐레이션한 명작·자연관찰 동화 플랫폼이에요.
같은 동화를 그림체 여러 종으로, 한국어·영어로 만나고, 어휘 게임으로 익혀요.

#기린 #자연관찰 #동물 #과학동화 #호기심 #탱고북 #유아교육 #그림책 #육아 #Shorts","#기린 #자연관찰 #동물 #과학동화 #호기심 #탱고북 #유아교육 #그림책 #육아 #Shorts","https://www.tangobook.co.kr/library/1777440865383/about","https://pub-554d78bf0f2346cfb850060ac23280a7.r2.dev/mkt/41560119-7751-46f0-9015-d24eaf4cc62e/reels/1777440865383-1784173512267.mp4","https://pub-554d78bf0f2346cfb850060ac23280a7.r2.dev/mkt/41560119-7751-46f0-9015-d24eaf4cc62e/reels/1777440865383-thumb-1784173513678.png"
"33","1777603036535","꿀벌","nature-other","작은 꿀벌이 어떻게 달콤한 꿀을 만들까요? 🐾 #Shorts","작은 꿀벌이 어떻게 달콤한 꿀을 만들까요?

꿀벌은 빨대처럼 생긴 입으로 꽃 속 꿀을 쏙쏙 빨아먹고, 뒷다리의 꽃가루 바구니에 꽃가루를 동그랗게 뭉쳐 담아 와요. 좋은 꽃밭을 찾으면 엉덩이를 흔들며 춤을 춰 친구들에게 알려준답니다. 눈은 무려 다섯 개래요!

📖 방금 본 「꿀벌」, 그림책으로 바로 보기 👇
https://www.tangobook.co.kr/library/1777603036535/about
탱고북 — 7일 무료 체험 · 광고 없음  (tangobook.co.kr)

탱고북은 AI로 양산하지 않고 큐레이션한 명작·자연관찰 동화 플랫폼이에요.
같은 동화를 그림체 여러 종으로, 한국어·영어로 만나고, 어휘 게임으로 익혀요.

#꿀벌 #자연관찰 #동물 #과학동화 #호기심 #탱고북 #유아교육 #그림책 #육아 #Shorts","#꿀벌 #자연관찰 #동물 #과학동화 #호기심 #탱고북 #유아교육 #그림책 #육아 #Shorts","https://www.tangobook.co.kr/library/1777603036535/about","https://pub-554d78bf0f2346cfb850060ac23280a7.r2.dev/mkt/41560119-7751-46f0-9015-d24eaf4cc62e/reels/1777603036535-1784166965461.mp4","https://pub-554d78bf0f2346cfb850060ac23280a7.r2.dev/mkt/41560119-7751-46f0-9015-d24eaf4cc62e/reels/1777603036535-thumb-1784166967123.png"
"34","1773365186834","나팔꽃","nature-other","나팔꽃은 이른 새벽에 꽃을 피워요! 🐾 #Shorts","나팔꽃은 이른 새벽에 꽃을 피워요!

나팔꽃은 아주 부지런해서 모두가 잠든 새벽에 꽃을 피우고 아침 일찍 곤충 친구들을 맞이한대요. 줄기는 항상 왼쪽 방향으로 무엇이든 뱅글뱅글 감고 높이 올라가요. 낮이 되면 신기하게도 꽃잎을 다시 돌돌 말아 닫는답니다.

📖 방금 본 「나팔꽃」, 그림책으로 바로 보기 👇
https://www.tangobook.co.kr/library/1773365186834/about
탱고북 — 7일 무료 체험 · 광고 없음  (tangobook.co.kr)

탱고북은 AI로 양산하지 않고 큐레이션한 명작·자연관찰 동화 플랫폼이에요.
같은 동화를 그림체 여러 종으로, 한국어·영어로 만나고, 어휘 게임으로 익혀요.

#나팔꽃 #자연관찰 #동물 #과학동화 #호기심 #탱고북 #유아교육 #그림책 #육아 #Shorts","#나팔꽃 #자연관찰 #동물 #과학동화 #호기심 #탱고북 #유아교육 #그림책 #육아 #Shorts","https://www.tangobook.co.kr/library/1773365186834/about","https://pub-554d78bf0f2346cfb850060ac23280a7.r2.dev/mkt/41560119-7751-46f0-9015-d24eaf4cc62e/reels/1773365186834-1784170772044.mp4","https://pub-554d78bf0f2346cfb850060ac23280a7.r2.dev/mkt/41560119-7751-46f0-9015-d24eaf4cc62e/reels/1773365186834-thumb-1784170774755.png"
"35","1773710246892","뇌와 심장 이야기","nature-other","뇌와 심장 이야기, 내 몸의 모든 것을 명령하는 대장님은 누구일까요? 🐾 #Shorts","내 몸의 모든 것을 명령하는 대장님은 누구일까요?

호두를 닮은 뇌는 우리 몸에게 명령을 내리는 대장님이고, 주먹만 한 심장은 잠시도 쉬지 않고 온몸 구석구석으로 빨간 피를 보내주는 힘센 펌프예요. 둘은 서로 신호를 주고받는 단짝 친구랍니다.

📖 방금 본 「뇌와 심장 이야기」, 그림책으로 바로 보기 👇
https://www.tangobook.co.kr/library/1773710246892/about
탱고북 — 7일 무료 체험 · 광고 없음  (tangobook.co.kr)

탱고북은 AI로 양산하지 않고 큐레이션한 명작·자연관찰 동화 플랫폼이에요.
같은 동화를 그림체 여러 종으로, 한국어·영어로 만나고, 어휘 게임으로 익혀요.

#뇌와심장이야기 #자연관찰 #동물 #과학동화 #호기심 #탱고북 #유아교육 #그림책 #육아 #Shorts","#뇌와심장이야기 #자연관찰 #동물 #과학동화 #호기심 #탱고북 #유아교육 #그림책 #육아 #Shorts","https://www.tangobook.co.kr/library/1773710246892/about","https://pub-554d78bf0f2346cfb850060ac23280a7.r2.dev/mkt/41560119-7751-46f0-9015-d24eaf4cc62e/reels/1773710246892-1784172254000.mp4","https://pub-554d78bf0f2346cfb850060ac23280a7.r2.dev/mkt/41560119-7751-46f0-9015-d24eaf4cc62e/reels/1773710246892-thumb-1784172255151.png"
"36","1777446759568","늑대","nature-other","아우우~! 늑대는 왜 다 함께 모여 살까요? 🐾 #Shorts","아우우~! 늑대는 왜 다 함께 모여 살까요?

늑대는 가족끼리 사이좋게 모여 살며 서로 얼굴을 핥아주며 인사한대요. 쫑긋한 귀로 아주 먼 소리도 듣고, 넓고 튼튼한 발바닥으로 눈 위에서도 쌩쌩 달려요. 힘을 합쳐 먹이를 찾고 차례차례 나눠 먹는 멋진 사냥꾼이랍니다.

📖 방금 본 「늑대」, 그림책으로 바로 보기 👇
https://www.tangobook.co.kr/library/1777446759568/about
탱고북 — 7일 무료 체험 · 광고 없음  (tangobook.co.kr)

탱고북은 AI로 양산하지 않고 큐레이션한 명작·자연관찰 동화 플랫폼이에요.
같은 동화를 그림체 여러 종으로, 한국어·영어로 만나고, 어휘 게임으로 익혀요.

#늑대 #자연관찰 #동물 #과학동화 #호기심 #탱고북 #유아교육 #그림책 #육아 #Shorts","#늑대 #자연관찰 #동물 #과학동화 #호기심 #탱고북 #유아교육 #그림책 #육아 #Shorts","https://www.tangobook.co.kr/library/1777446759568/about","https://pub-554d78bf0f2346cfb850060ac23280a7.r2.dev/mkt/41560119-7751-46f0-9015-d24eaf4cc62e/reels/1777446759568-1784173593440.mp4","https://pub-554d78bf0f2346cfb850060ac23280a7.r2.dev/mkt/41560119-7751-46f0-9015-d24eaf4cc62e/reels/1777446759568-thumb-1784173594864.png"
"37","1777442353908","다람쥐","nature-other","조르르! 다람쥐는 도토리를 어디에 숨길까요? 🐾 #Shorts","조르르! 다람쥐는 도토리를 어디에 숨길까요?

다람쥐는 뾰족한 발톱으로 미끄러운 나무도 휘리릭 올라가는 나무 타기 대장이래요. 튼튼한 앞니로 딱딱한 도토리를 오도독 깨물고, 볼록한 양볼에 먹이를 가득 담아 땅속이나 나무 구멍에 숨긴답니다. 깜빡 잊은 도토리는 새싹이 되어 쑥쑥 자라요!

📖 방금 본 「다람쥐」, 그림책으로 바로 보기 👇
https://www.tangobook.co.kr/library/1777442353908/about
탱고북 — 7일 무료 체험 · 광고 없음  (tangobook.co.kr)

탱고북은 AI로 양산하지 않고 큐레이션한 명작·자연관찰 동화 플랫폼이에요.
같은 동화를 그림체 여러 종으로, 한국어·영어로 만나고, 어휘 게임으로 익혀요.

#다람쥐 #자연관찰 #동물 #과학동화 #호기심 #탱고북 #유아교육 #그림책 #육아 #Shorts","#다람쥐 #자연관찰 #동물 #과학동화 #호기심 #탱고북 #유아교육 #그림책 #육아 #Shorts","https://www.tangobook.co.kr/library/1777442353908/about","https://pub-554d78bf0f2346cfb850060ac23280a7.r2.dev/mkt/41560119-7751-46f0-9015-d24eaf4cc62e/reels/1777442353908-1784173676113.mp4","https://pub-554d78bf0f2346cfb850060ac23280a7.r2.dev/mkt/41560119-7751-46f0-9015-d24eaf4cc62e/reels/1777442353908-thumb-1784173677542.png"
"38","1773411238317","달과 별자리","nature-other","달과 별자리, 밤하늘 별들을 선으로 이으면 무엇이 나타날까요? 🐾 #Shorts","밤하늘 별들을 선으로 이으면 무엇이 나타날까요?

별들을 선으로 이으면 동물이나 사람 모양의 '별자리'가 돼요. 북쪽 하늘엔 언제나 같은 자리를 지키며 길을 알려주는 북극성이 있고, 계절이 바뀌면 사자자리·오리온자리처럼 다른 별자리가 나타난답니다.

📖 방금 본 「달과 별자리」, 그림책으로 바로 보기 👇
https://www.tangobook.co.kr/library/1773411238317/about
탱고북 — 7일 무료 체험 · 광고 없음  (tangobook.co.kr)

탱고북은 AI로 양산하지 않고 큐레이션한 명작·자연관찰 동화 플랫폼이에요.
같은 동화를 그림체 여러 종으로, 한국어·영어로 만나고, 어휘 게임으로 익혀요.

#달과별자리 #자연관찰 #동물 #과학동화 #호기심 #탱고북 #유아교육 #그림책 #육아 #Shorts","#달과별자리 #자연관찰 #동물 #과학동화 #호기심 #탱고북 #유아교육 #그림책 #육아 #Shorts","https://www.tangobook.co.kr/library/1773411238317/about","https://pub-554d78bf0f2346cfb850060ac23280a7.r2.dev/mkt/41560119-7751-46f0-9015-d24eaf4cc62e/reels/1773411238317-1784172751524.mp4","https://pub-554d78bf0f2346cfb850060ac23280a7.r2.dev/mkt/41560119-7751-46f0-9015-d24eaf4cc62e/reels/1773411238317-thumb-1784172772100.png"
"39","1773320834158","달팽이","nature-other","느릿느릿 달팽이가 먹은 색깔대로 똥을 눈다고요? 🐾 #Shorts","느릿느릿 달팽이가 먹은 색깔대로 똥을 눈다고요?

달팽이 입속에는 수만 개의 작은 이빨이 있어 잎을 갉아 먹어요. 신기하게도 초록 잎을 먹으면 초록색 똥이 나온답니다. 큰 더듬이 끝에는 눈이 있어 빛을 느끼고, 지나간 자리에는 점액으로 반짝이는 길이 남아요.

📖 방금 본 「달팽이」, 그림책으로 바로 보기 👇
https://www.tangobook.co.kr/library/1773320834158/about
탱고북 — 7일 무료 체험 · 광고 없음  (tangobook.co.kr)

탱고북은 AI로 양산하지 않고 큐레이션한 명작·자연관찰 동화 플랫폼이에요.
같은 동화를 그림체 여러 종으로, 한국어·영어로 만나고, 어휘 게임으로 익혀요.

#달팽이 #자연관찰 #동물 #과학동화 #호기심 #탱고북 #유아교육 #그림책 #육아 #Shorts","#달팽이 #자연관찰 #동물 #과학동화 #호기심 #탱고북 #유아교육 #그림책 #육아 #Shorts","https://www.tangobook.co.kr/library/1773320834158/about","https://pub-554d78bf0f2346cfb850060ac23280a7.r2.dev/mkt/41560119-7751-46f0-9015-d24eaf4cc62e/reels/1773320834158-1784167071411.mp4","https://pub-554d78bf0f2346cfb850060ac23280a7.r2.dev/mkt/41560119-7751-46f0-9015-d24eaf4cc62e/reels/1773320834158-thumb-1784167072882.png"
"40","1777595277759","도마뱀","nature-other","돌담 사이로 후다닥! 도마뱀의 신기한 비밀은 무엇일까요? 🐾 #Shorts","돌담 사이로 후다닥! 도마뱀의 신기한 비밀은 무엇일까요?

도마뱀은 위험하면 꼬리를 스스로 잘라 도망가는데, 잘린 자리에서 새 꼬리가 쑥쑥 자라난대요. 발바닥에 아주 작은 털이 가득해 미끄러운 유리벽도 척척 올라가고, 나뭇잎 옆에선 초록색, 흙 위에선 갈색으로 몸 색을 바꿔 숨는답니다.

📖 방금 본 「도마뱀」, 그림책으로 바로 보기 👇
https://www.tangobook.co.kr/library/1777595277759/about
탱고북 — 7일 무료 체험 · 광고 없음  (tangobook.co.kr)

탱고북은 AI로 양산하지 않고 큐레이션한 명작·자연관찰 동화 플랫폼이에요.
같은 동화를 그림체 여러 종으로, 한국어·영어로 만나고, 어휘 게임으로 익혀요.

#도마뱀 #자연관찰 #동물 #과학동화 #호기심 #탱고북 #유아교육 #그림책 #육아 #Shorts","#도마뱀 #자연관찰 #동물 #과학동화 #호기심 #탱고북 #유아교육 #그림책 #육아 #Shorts","https://www.tangobook.co.kr/library/1777595277759/about","https://pub-554d78bf0f2346cfb850060ac23280a7.r2.dev/mkt/41560119-7751-46f0-9015-d24eaf4cc62e/reels/1777595277759-1784173760440.mp4","https://pub-554d78bf0f2346cfb850060ac23280a7.r2.dev/mkt/41560119-7751-46f0-9015-d24eaf4cc62e/reels/1777595277759-thumb-1784173761920.png"
"41","1777596431093","독수리","nature-other","하늘의 왕 독수리, 날개를 펴면 얼마나 클까요? 🐾 #Shorts","하늘의 왕 독수리, 날개를 펴면 얼마나 클까요?

독수리가 날개를 활짝 펴면 어른 키보다 훨씬 커요. 눈이 아주 밝아 높은 하늘에서도 땅 위 작은 움직임을 찾아내고, 날개를 움직이지 않고도 바람을 타고 둥실둥실 떠다닌대요.

📖 방금 본 「독수리」, 그림책으로 바로 보기 👇
https://www.tangobook.co.kr/library/1777596431093/about
탱고북 — 7일 무료 체험 · 광고 없음  (tangobook.co.kr)

탱고북은 AI로 양산하지 않고 큐레이션한 명작·자연관찰 동화 플랫폼이에요.
같은 동화를 그림체 여러 종으로, 한국어·영어로 만나고, 어휘 게임으로 익혀요.

#독수리 #자연관찰 #동물 #과학동화 #호기심 #탱고북 #유아교육 #그림책 #육아 #Shorts","#독수리 #자연관찰 #동물 #과학동화 #호기심 #탱고북 #유아교육 #그림책 #육아 #Shorts","https://www.tangobook.co.kr/library/1777596431093/about","https://pub-554d78bf0f2346cfb850060ac23280a7.r2.dev/mkt/41560119-7751-46f0-9015-d24eaf4cc62e/reels/1777596431093-1784174996501.mp4","https://pub-554d78bf0f2346cfb850060ac23280a7.r2.dev/mkt/41560119-7751-46f0-9015-d24eaf4cc62e/reels/1777596431093-thumb-1784174997849.png"
"42","1773615989178","동굴과 갯벌","nature-other","동굴과 갯벌, 바닷물이 빠지면 나타나는 넓은 갯벌, 그 속엔 누가 살까요? 🐾 #Shorts","바닷물이 빠지면 나타나는 넓은 갯벌, 그 속엔 누가 살까요?

갯벌은 조개와 작은 벌레들이 물속 오염 물질을 걸러줘서 '지구의 신장'이라고 불려요. 먼 길을 떠나는 철새들에게는 배를 든든히 채우는 소중한 식당이 되어 주기도 한답니다.

📖 방금 본 「동굴과 갯벌」, 그림책으로 바로 보기 👇
https://www.tangobook.co.kr/library/1773615989178/about
탱고북 — 7일 무료 체험 · 광고 없음  (tangobook.co.kr)

탱고북은 AI로 양산하지 않고 큐레이션한 명작·자연관찰 동화 플랫폼이에요.
같은 동화를 그림체 여러 종으로, 한국어·영어로 만나고, 어휘 게임으로 익혀요.

#동굴과갯벌 #자연관찰 #동물 #과학동화 #호기심 #탱고북 #유아교육 #그림책 #육아 #Shorts","#동굴과갯벌 #자연관찰 #동물 #과학동화 #호기심 #탱고북 #유아교육 #그림책 #육아 #Shorts","https://www.tangobook.co.kr/library/1773615989178/about","https://pub-554d78bf0f2346cfb850060ac23280a7.r2.dev/mkt/41560119-7751-46f0-9015-d24eaf4cc62e/reels/1773615989178-1784172587443.mp4","https://pub-554d78bf0f2346cfb850060ac23280a7.r2.dev/mkt/41560119-7751-46f0-9015-d24eaf4cc62e/reels/1773615989178-thumb-1784172588951.png"
"43","1777595882281","두꺼비","nature-other","엉금엉금! 두꺼비는 개구리랑 어떻게 다를까요? 🐾 #Shorts","엉금엉금! 두꺼비는 개구리랑 어떻게 다를까요?

두꺼비 피부는 울퉁불퉁하고, 귀 뒤에서 하얀 독이 나와 몸을 지킨대요. 다리가 짧아 폴짝 뛰기보다 엉금엉금 걷는 걸 좋아하고, 끈적한 혀로 벌레를 탁 잡아요. 무서운 적이 나타나면 몸을 잔뜩 부풀려 크다고 겁을 준답니다!

📖 방금 본 「두꺼비」, 그림책으로 바로 보기 👇
https://www.tangobook.co.kr/library/1777595882281/about
탱고북 — 7일 무료 체험 · 광고 없음  (tangobook.co.kr)

탱고북은 AI로 양산하지 않고 큐레이션한 명작·자연관찰 동화 플랫폼이에요.
같은 동화를 그림체 여러 종으로, 한국어·영어로 만나고, 어휘 게임으로 익혀요.

#두꺼비 #자연관찰 #동물 #과학동화 #호기심 #탱고북 #유아교육 #그림책 #육아 #Shorts","#두꺼비 #자연관찰 #동물 #과학동화 #호기심 #탱고북 #유아교육 #그림책 #육아 #Shorts","https://www.tangobook.co.kr/library/1777595882281/about","https://pub-554d78bf0f2346cfb850060ac23280a7.r2.dev/mkt/41560119-7751-46f0-9015-d24eaf4cc62e/reels/1777595882281-1784173840149.mp4","https://pub-554d78bf0f2346cfb850060ac23280a7.r2.dev/mkt/41560119-7751-46f0-9015-d24eaf4cc62e/reels/1777595882281-thumb-1784173841614.png"
"44","1773149152097","두더지","nature-other","봉긋한 흙더미는 누가 만들었을까요? 바로 두더지예요! 🐾 #Shorts","봉긋한 흙더미는 누가 만들었을까요? 바로 두더지예요!

두더지 앞발은 커다란 삽처럼 생겨서 단단한 발톱으로 땅을 퍽퍽 판대요. 눈은 아주 작아 잘 안 보이지만 코로 먹이를 척척 찾고, 땅속에 잠자는 방과 밥 먹는 방을 따로 만든답니다. 두더지가 흙을 파면 나무와 꽃도 쑥쑥 잘 자라요!

📖 방금 본 「두더지」, 그림책으로 바로 보기 👇
https://www.tangobook.co.kr/library/1773149152097/about
탱고북 — 7일 무료 체험 · 광고 없음  (tangobook.co.kr)

탱고북은 AI로 양산하지 않고 큐레이션한 명작·자연관찰 동화 플랫폼이에요.
같은 동화를 그림체 여러 종으로, 한국어·영어로 만나고, 어휘 게임으로 익혀요.

#두더지 #자연관찰 #동물 #과학동화 #호기심 #탱고북 #유아교육 #그림책 #육아 #Shorts","#두더지 #자연관찰 #동물 #과학동화 #호기심 #탱고북 #유아교육 #그림책 #육아 #Shorts","https://www.tangobook.co.kr/library/1773149152097/about","https://pub-554d78bf0f2346cfb850060ac23280a7.r2.dev/mkt/41560119-7751-46f0-9015-d24eaf4cc62e/reels/1773149152097-1784173922002.mp4","https://pub-554d78bf0f2346cfb850060ac23280a7.r2.dev/mkt/41560119-7751-46f0-9015-d24eaf4cc62e/reels/1773149152097-thumb-1784173923688.png"
"45","1777598658063","딱따구리","nature-other","딱따구리는 왜 하루 종일 나무를 두드릴까요? 🐾 #Shorts","딱따구리는 왜 하루 종일 나무를 두드릴까요?

딱따구리는 튼튼한 꼬리로 몸을 받쳐 나무에 거꾸로 매달릴 수 있어요. 나무껍질 속 벌레를 찾으면 끈끈하고 긴 혀를 쑥 내밀어 콕 찍어내고, 두드리는 소리로 친구에게 신호를 보낸대요.

📖 방금 본 「딱따구리」, 그림책으로 바로 보기 👇
https://www.tangobook.co.kr/library/1777598658063/about
탱고북 — 7일 무료 체험 · 광고 없음  (tangobook.co.kr)

탱고북은 AI로 양산하지 않고 큐레이션한 명작·자연관찰 동화 플랫폼이에요.
같은 동화를 그림체 여러 종으로, 한국어·영어로 만나고, 어휘 게임으로 익혀요.

#딱따구리 #자연관찰 #동물 #과학동화 #호기심 #탱고북 #유아교육 #그림책 #육아 #Shorts","#딱따구리 #자연관찰 #동물 #과학동화 #호기심 #탱고북 #유아교육 #그림책 #육아 #Shorts","https://www.tangobook.co.kr/library/1777598658063/about","https://pub-554d78bf0f2346cfb850060ac23280a7.r2.dev/mkt/41560119-7751-46f0-9015-d24eaf4cc62e/reels/1777598658063-1784175080678.mp4","https://pub-554d78bf0f2346cfb850060ac23280a7.r2.dev/mkt/41560119-7751-46f0-9015-d24eaf4cc62e/reels/1777598658063-thumb-1784175082115.png"
"46","1773562222515","딸기","nature-other","딸기 씨앗은 열매 밖에 콕콕 박혀 있어요! 🐾 #Shorts","딸기 씨앗은 열매 밖에 콕콕 박혀 있어요!

우리가 빨간 딸기에서 보는 수많은 작은 점들이 사실은 딸기의 진짜 열매이고, 그 안에 씨앗이 들어있대요. 딸기는 나무가 아니라 땅 위를 기어가듯 낮게 자라는 여린 식물이에요. '기는줄기'를 뻗어 땅에 닿으면 뿌리를 내리고 새 식구가 된답니다.

📖 방금 본 「딸기」, 그림책으로 바로 보기 👇
https://www.tangobook.co.kr/library/1773562222515/about
탱고북 — 7일 무료 체험 · 광고 없음  (tangobook.co.kr)

탱고북은 AI로 양산하지 않고 큐레이션한 명작·자연관찰 동화 플랫폼이에요.
같은 동화를 그림체 여러 종으로, 한국어·영어로 만나고, 어휘 게임으로 익혀요.

#딸기 #자연관찰 #동물 #과학동화 #호기심 #탱고북 #유아교육 #그림책 #육아 #Shorts","#딸기 #자연관찰 #동물 #과학동화 #호기심 #탱고북 #유아교육 #그림책 #육아 #Shorts","https://www.tangobook.co.kr/library/1773562222515/about","https://pub-554d78bf0f2346cfb850060ac23280a7.r2.dev/mkt/41560119-7751-46f0-9015-d24eaf4cc62e/reels/1773562222515-1784170860492.mp4","https://pub-554d78bf0f2346cfb850060ac23280a7.r2.dev/mkt/41560119-7751-46f0-9015-d24eaf4cc62e/reels/1773562222515-thumb-1784170861897.png"
"47","1773625335362","맛있는 음식의 몸속 여행","nature-other","맛있는 음식의 몸속 여행, 냠냠 씹어 삼킨 음식은 몸속에서 어디로 갈까요? 🐾 #Shorts","냠냠 씹어 삼킨 음식은 몸속에서 어디로 갈까요?

입에서 씹은 음식은 식도를 타고 위로 내려가 죽처럼 걸쭉해지고, 꼬불꼬불한 소장에서 영양분이 쏙쏙 흡수돼요. 남은 찌꺼기는 대장에서 물기가 빠지며 똥이 되어 우리 몸을 깨끗하게 청소한대요.

📖 방금 본 「맛있는 음식의 몸속 여행」, 그림책으로 바로 보기 👇
https://www.tangobook.co.kr/library/1773625335362/about
탱고북 — 7일 무료 체험 · 광고 없음  (tangobook.co.kr)

탱고북은 AI로 양산하지 않고 큐레이션한 명작·자연관찰 동화 플랫폼이에요.
같은 동화를 그림체 여러 종으로, 한국어·영어로 만나고, 어휘 게임으로 익혀요.

#맛있는음식의몸속여행 #자연관찰 #동물 #과학동화 #호기심 #탱고북 #유아교육 #그림책 #육아 #Shorts","#맛있는음식의몸속여행 #자연관찰 #동물 #과학동화 #호기심 #탱고북 #유아교육 #그림책 #육아 #Shorts","https://www.tangobook.co.kr/library/1773625335362/about","https://pub-554d78bf0f2346cfb850060ac23280a7.r2.dev/mkt/41560119-7751-46f0-9015-d24eaf4cc62e/reels/1773625335362-1784172332765.mp4","https://pub-554d78bf0f2346cfb850060ac23280a7.r2.dev/mkt/41560119-7751-46f0-9015-d24eaf4cc62e/reels/1773625335362-thumb-1784172333944.png"
"48","1777606613092","무당벌레","nature-other","빨간 무당벌레가 처음엔 노란색이었대요! 🐾 #Shorts","빨간 무당벌레가 처음엔 노란색이었대요!

번데기에서 갓 나온 무당벌레는 처음엔 노란색인데, 시간이 지나면서 빨개지고 까만 점이 생긴대요. 나쁜 벌레를 하루에 아주 많이 잡아먹는 고마운 친구예요. 위험하면 다리를 오므리고 바닥으로 뚝 떨어져 죽은 척을 한답니다.

📖 방금 본 「무당벌레」, 그림책으로 바로 보기 👇
https://www.tangobook.co.kr/library/1777606613092/about
탱고북 — 7일 무료 체험 · 광고 없음  (tangobook.co.kr)

탱고북은 AI로 양산하지 않고 큐레이션한 명작·자연관찰 동화 플랫폼이에요.
같은 동화를 그림체 여러 종으로, 한국어·영어로 만나고, 어휘 게임으로 익혀요.

#무당벌레 #자연관찰 #동물 #과학동화 #호기심 #탱고북 #유아교육 #그림책 #육아 #Shorts","#무당벌레 #자연관찰 #동물 #과학동화 #호기심 #탱고북 #유아교육 #그림책 #육아 #Shorts","https://www.tangobook.co.kr/library/1777606613092/about","https://pub-554d78bf0f2346cfb850060ac23280a7.r2.dev/mkt/41560119-7751-46f0-9015-d24eaf4cc62e/reels/1777606613092-1784167168129.mp4","https://pub-554d78bf0f2346cfb850060ac23280a7.r2.dev/mkt/41560119-7751-46f0-9015-d24eaf4cc62e/reels/1777606613092-thumb-1784167169312.png"
"49","1777613050117","문어","nature-other","문어, 바위처럼 숨었다 짠! 나타나는 바다 마법사는? 🐾 #Shorts","바위처럼 숨었다 짠! 나타나는 바다 마법사는?

문어는 뼈가 없어서 아주 좁은 틈도 쏙 빠져나가요. 여덟 개 다리마다 빨판이 달려 맛까지 느낀대요. 위험하면 까만 먹물을 뿜고 도망치고, 놀랍게도 심장이 세 개나 있답니다.

📖 방금 본 「문어」, 그림책으로 바로 보기 👇
https://www.tangobook.co.kr/library/1777613050117/about
탱고북 — 7일 무료 체험 · 광고 없음  (tangobook.co.kr)

탱고북은 AI로 양산하지 않고 큐레이션한 명작·자연관찰 동화 플랫폼이에요.
같은 동화를 그림체 여러 종으로, 한국어·영어로 만나고, 어휘 게임으로 익혀요.

#문어 #자연관찰 #동물 #과학동화 #호기심 #탱고북 #유아교육 #그림책 #육아 #Shorts","#문어 #자연관찰 #동물 #과학동화 #호기심 #탱고북 #유아교육 #그림책 #육아 #Shorts","https://www.tangobook.co.kr/library/1777613050117/about","https://pub-554d78bf0f2346cfb850060ac23280a7.r2.dev/mkt/41560119-7751-46f0-9015-d24eaf4cc62e/reels/1777613050117-1784169982676.mp4","https://pub-554d78bf0f2346cfb850060ac23280a7.r2.dev/mkt/41560119-7751-46f0-9015-d24eaf4cc62e/reels/1777613050117-thumb-1784169984155.png"
"50","1777431036899","물개","nature-other","물개, 차가운 바다에서도 하나도 안 추운 수영 선수는? 🐾 #Shorts","차가운 바다에서도 하나도 안 추운 수영 선수는?

물개는 지느러미 발을 저으며 헤엄쳐요. 통통하고 따뜻한 몸 덕분에 차가운 바다에서도 안 춥대요. 긴 수염으로 물속을 느껴 물고기가 어디 있는지 알아내고, 엄마 목소리를 알아듣고 쪼르르 달려간답니다.

📖 방금 본 「물개」, 그림책으로 바로 보기 👇
https://www.tangobook.co.kr/library/1777431036899/about
탱고북 — 7일 무료 체험 · 광고 없음  (tangobook.co.kr)

탱고북은 AI로 양산하지 않고 큐레이션한 명작·자연관찰 동화 플랫폼이에요.
같은 동화를 그림체 여러 종으로, 한국어·영어로 만나고, 어휘 게임으로 익혀요.

#물개 #자연관찰 #동물 #과학동화 #호기심 #탱고북 #유아교육 #그림책 #육아 #Shorts","#물개 #자연관찰 #동물 #과학동화 #호기심 #탱고북 #유아교육 #그림책 #육아 #Shorts","https://www.tangobook.co.kr/library/1777431036899/about","https://pub-554d78bf0f2346cfb850060ac23280a7.r2.dev/mkt/41560119-7751-46f0-9015-d24eaf4cc62e/reels/1777431036899-1784170093566.mp4","https://pub-554d78bf0f2346cfb850060ac23280a7.r2.dev/mkt/41560119-7751-46f0-9015-d24eaf4cc62e/reels/1777431036899-thumb-1784170094959.png"
"51","1773365183265","민들레","nature-other","민들레 씨앗은 낙하산을 타고 날아가요! 🐾 #Shorts","민들레 씨앗은 낙하산을 타고 날아가요!

민들레 꽃 한 송이는 사실 아주 작은 꽃 수백 개가 모인 거래요. 꽃이 지면 하얀 솜털 뭉치가 나타나고, 솜털 끝마다 작은 씨앗이 하나씩 달려 있어요. 바람이 불면 수천 개의 낙하산이 하늘로 둥실둥실 떠올라 멀리 여행을 떠난답니다.

📖 방금 본 「민들레」, 그림책으로 바로 보기 👇
https://www.tangobook.co.kr/library/1773365183265/about
탱고북 — 7일 무료 체험 · 광고 없음  (tangobook.co.kr)

탱고북은 AI로 양산하지 않고 큐레이션한 명작·자연관찰 동화 플랫폼이에요.
같은 동화를 그림체 여러 종으로, 한국어·영어로 만나고, 어휘 게임으로 익혀요.

#민들레 #자연관찰 #동물 #과학동화 #호기심 #탱고북 #유아교육 #그림책 #육아 #Shorts","#민들레 #자연관찰 #동물 #과학동화 #호기심 #탱고북 #유아교육 #그림책 #육아 #Shorts","https://www.tangobook.co.kr/library/1773365183265/about","https://pub-554d78bf0f2346cfb850060ac23280a7.r2.dev/mkt/41560119-7751-46f0-9015-d24eaf4cc62e/reels/1773365183265-1784170949382.mp4","https://pub-554d78bf0f2346cfb850060ac23280a7.r2.dev/mkt/41560119-7751-46f0-9015-d24eaf4cc62e/reels/1773365183265-thumb-1784170950632.png"
"52","1777614294799","바다거북","nature-other","바다거북, 태어난 바닷가로 먼 길을 돌아오는 여행자는? 🐾 #Shorts","태어난 바닷가로 먼 길을 돌아오는 여행자는?

바다거북은 딱딱한 등껍질을 가졌지만, 땅거북과 달리 껍질 속으로 숨지는 못해요. 넓적한 발로 바닷속을 훨훨 헤엄치죠. 알을 낳을 때는 아주 멀리 헤엄쳐 자기가 태어난 바닷가로 돌아온답니다.

📖 방금 본 「바다거북」, 그림책으로 바로 보기 👇
https://www.tangobook.co.kr/library/1777614294799/about
탱고북 — 7일 무료 체험 · 광고 없음  (tangobook.co.kr)

탱고북은 AI로 양산하지 않고 큐레이션한 명작·자연관찰 동화 플랫폼이에요.
같은 동화를 그림체 여러 종으로, 한국어·영어로 만나고, 어휘 게임으로 익혀요.

#바다거북 #자연관찰 #동물 #과학동화 #호기심 #탱고북 #유아교육 #그림책 #육아 #Shorts","#바다거북 #자연관찰 #동물 #과학동화 #호기심 #탱고북 #유아교육 #그림책 #육아 #Shorts","https://www.tangobook.co.kr/library/1777614294799/about","https://pub-554d78bf0f2346cfb850060ac23280a7.r2.dev/mkt/41560119-7751-46f0-9015-d24eaf4cc62e/reels/1777614294799-1784170195994.mp4","https://pub-554d78bf0f2346cfb850060ac23280a7.r2.dev/mkt/41560119-7751-46f0-9015-d24eaf4cc62e/reels/1777614294799-thumb-1784170197406.png"
"53","1773554974102","밤나무","nature-other","밤나무, 밤송이 가시는 아기 밤을 지키는 갑옷이에요! 🐾 #Shorts","밤송이 가시는 아기 밤을 지키는 갑옷이에요!

가을이 오면 밤나무는 뾰족한 가시가 돋친 밤송이를 맺는데, 이 무서운 가시는 아기 밤을 안전하게 지켜주는 갑옷이래요. 밤송이가 갈색으로 익으면 입을 쩍 벌리고, 그 속에 윤기가 흐르는 갈색 밤들이 나란히 들어있답니다.

📖 방금 본 「밤나무」, 그림책으로 바로 보기 👇
https://www.tangobook.co.kr/library/1773554974102/about
탱고북 — 7일 무료 체험 · 광고 없음  (tangobook.co.kr)

탱고북은 AI로 양산하지 않고 큐레이션한 명작·자연관찰 동화 플랫폼이에요.
같은 동화를 그림체 여러 종으로, 한국어·영어로 만나고, 어휘 게임으로 익혀요.

#밤나무 #자연관찰 #동물 #과학동화 #호기심 #탱고북 #유아교육 #그림책 #육아 #Shorts","#밤나무 #자연관찰 #동물 #과학동화 #호기심 #탱고북 #유아교육 #그림책 #육아 #Shorts","https://www.tangobook.co.kr/library/1773554974102/about","https://pub-554d78bf0f2346cfb850060ac23280a7.r2.dev/mkt/41560119-7751-46f0-9015-d24eaf4cc62e/reels/1773554974102-1784171037515.mp4","https://pub-554d78bf0f2346cfb850060ac23280a7.r2.dev/mkt/41560119-7751-46f0-9015-d24eaf4cc62e/reels/1773554974102-thumb-1784171039319.png"
"54","1777601619896","백로","nature-other","물가에 서 있는 하얀 신사, 백로를 아시나요? 🐾 #Shorts","물가에 서 있는 하얀 신사, 백로를 아시나요?

백로는 온몸이 눈처럼 하얗고 다리가 아주 길어 물속 깊이 들어가도 젖지 않아요. 사냥할 땐 꼼짝 않고 기다리다 물고기가 지나가는 순간 날카로운 부리를 쭉 뻗어 한입에 삼킨대요.

📖 방금 본 「백로」, 그림책으로 바로 보기 👇
https://www.tangobook.co.kr/library/1777601619896/about
탱고북 — 7일 무료 체험 · 광고 없음  (tangobook.co.kr)

탱고북은 AI로 양산하지 않고 큐레이션한 명작·자연관찰 동화 플랫폼이에요.
같은 동화를 그림체 여러 종으로, 한국어·영어로 만나고, 어휘 게임으로 익혀요.

#백로 #자연관찰 #동물 #과학동화 #호기심 #탱고북 #유아교육 #그림책 #육아 #Shorts","#백로 #자연관찰 #동물 #과학동화 #호기심 #탱고북 #유아교육 #그림책 #육아 #Shorts","https://www.tangobook.co.kr/library/1777601619896/about","https://pub-554d78bf0f2346cfb850060ac23280a7.r2.dev/mkt/41560119-7751-46f0-9015-d24eaf4cc62e/reels/1777601619896-1784175160873.mp4","https://pub-554d78bf0f2346cfb850060ac23280a7.r2.dev/mkt/41560119-7751-46f0-9015-d24eaf4cc62e/reels/1777601619896-thumb-1784175162152.png"
"55","1773363971764","뱀","nature-other","다리가 없는데 누구보다 빠른 뱀, 어떻게 움직일까요? 🐾 #Shorts","다리가 없는데 누구보다 빠른 뱀, 어떻게 움직일까요?

뱀은 단단하고 매끄러운 비늘로 덮여 배를 땅에 대고 구불구불 움직인대요. 갈라진 혀를 낼름 내밀어 냄새로 먹이를 찾고, 입을 아주 크게 벌려 자기 머리보다 큰 먹이도 꿀꺽 삼킨답니다. 몸이 커지면 허물을 벗어 반짝이는 새 비늘이 나타나요!

📖 방금 본 「뱀」, 그림책으로 바로 보기 👇
https://www.tangobook.co.kr/library/1773363971764/about
탱고북 — 7일 무료 체험 · 광고 없음  (tangobook.co.kr)

탱고북은 AI로 양산하지 않고 큐레이션한 명작·자연관찰 동화 플랫폼이에요.
같은 동화를 그림체 여러 종으로, 한국어·영어로 만나고, 어휘 게임으로 익혀요.

#뱀 #자연관찰 #동물 #과학동화 #호기심 #탱고북 #유아교육 #그림책 #육아 #Shorts","#뱀 #자연관찰 #동물 #과학동화 #호기심 #탱고북 #유아교육 #그림책 #육아 #Shorts","https://www.tangobook.co.kr/library/1773363971764/about","https://pub-554d78bf0f2346cfb850060ac23280a7.r2.dev/mkt/41560119-7751-46f0-9015-d24eaf4cc62e/reels/1773363971764-1784174001949.mp4","https://pub-554d78bf0f2346cfb850060ac23280a7.r2.dev/mkt/41560119-7751-46f0-9015-d24eaf4cc62e/reels/1773363971764-thumb-1784174003315.png"
"56","1773576314846","버섯","nature-other","버섯은 꽃도 씨앗도 없이 자라요! 🐾 #Shorts","버섯은 꽃도 씨앗도 없이 자라요!

버섯은 꽃이 피지 않고 씨앗도 없이, 눈에 보이지 않는 아주 작은 '포자'를 퍼뜨려 번식한대요. 진짜 몸은 땅속에 실처럼 뻗은 '균사'랍니다. 죽은 나무와 낙엽을 분해해 다시 흙으로 돌려보내는 숲속의 청소부예요.

📖 방금 본 「버섯」, 그림책으로 바로 보기 👇
https://www.tangobook.co.kr/library/1773576314846/about
탱고북 — 7일 무료 체험 · 광고 없음  (tangobook.co.kr)

탱고북은 AI로 양산하지 않고 큐레이션한 명작·자연관찰 동화 플랫폼이에요.
같은 동화를 그림체 여러 종으로, 한국어·영어로 만나고, 어휘 게임으로 익혀요.

#버섯 #자연관찰 #동물 #과학동화 #호기심 #탱고북 #유아교육 #그림책 #육아 #Shorts","#버섯 #자연관찰 #동물 #과학동화 #호기심 #탱고북 #유아교육 #그림책 #육아 #Shorts","https://www.tangobook.co.kr/library/1773576314846/about","https://pub-554d78bf0f2346cfb850060ac23280a7.r2.dev/mkt/41560119-7751-46f0-9015-d24eaf4cc62e/reels/1773576314846-1784171127297.mp4","https://pub-554d78bf0f2346cfb850060ac23280a7.r2.dev/mkt/41560119-7751-46f0-9015-d24eaf4cc62e/reels/1773576314846-thumb-1784171128803.png"
"57","1773618909980","뼈와 근육 이야기","nature-other","뼈와 근육 이야기, 우리 몸이 무너지지 않게 지켜주는 든든한 기둥은 무엇일까요? 🐾 #Shorts","우리 몸이 무너지지 않게 지켜주는 든든한 기둥은 무엇일까요?

딱딱한 뼈는 우리 몸의 기둥이 되고, 울타리 같은 갈비뼈는 허파와 심장을 보호해줘요. 뼈 위를 덮은 근육은 고무줄처럼 늘었다 줄며 몸을 움직이는데, 어린아이의 뼈는 어른보다 개수가 더 많아 자라면서 합쳐진대요.

📖 방금 본 「뼈와 근육 이야기」, 그림책으로 바로 보기 👇
https://www.tangobook.co.kr/library/1773618909980/about
탱고북 — 7일 무료 체험 · 광고 없음  (tangobook.co.kr)

탱고북은 AI로 양산하지 않고 큐레이션한 명작·자연관찰 동화 플랫폼이에요.
같은 동화를 그림체 여러 종으로, 한국어·영어로 만나고, 어휘 게임으로 익혀요.

#뼈와근육이야기 #자연관찰 #동물 #과학동화 #호기심 #탱고북 #유아교육 #그림책 #육아 #Shorts","#뼈와근육이야기 #자연관찰 #동물 #과학동화 #호기심 #탱고북 #유아교육 #그림책 #육아 #Shorts","https://www.tangobook.co.kr/library/1773618909980/about","https://pub-554d78bf0f2346cfb850060ac23280a7.r2.dev/mkt/41560119-7751-46f0-9015-d24eaf4cc62e/reels/1773618909980-1783799351896.mp4","https://pub-554d78bf0f2346cfb850060ac23280a7.r2.dev/mkt/41560119-7751-46f0-9015-d24eaf4cc62e/reels/1773618909980-thumb-1783830989890.png"
"58","1773554053356","사과나무","nature-other","사과나무, 사과 속에는 까만 씨앗이 숨어 있어요! 🐾 #Shorts","사과 속에는 까만 씨앗이 숨어 있어요!

가을이 되면 사과나무는 빨갛고 초록색 사과를 맺어요. 다람쥐가 물어다 땅속에 숨겨두고 잊어버린 사과에서 싹이 터서 다시 커다란 사과나무가 된대요. 달콤한 사과 진은 사슴벌레와 장수풍뎅이가 좋아하는 간식이랍니다.

📖 방금 본 「사과나무」, 그림책으로 바로 보기 👇
https://www.tangobook.co.kr/library/1773554053356/about
탱고북 — 7일 무료 체험 · 광고 없음  (tangobook.co.kr)

탱고북은 AI로 양산하지 않고 큐레이션한 명작·자연관찰 동화 플랫폼이에요.
같은 동화를 그림체 여러 종으로, 한국어·영어로 만나고, 어휘 게임으로 익혀요.

#사과나무 #자연관찰 #동물 #과학동화 #호기심 #탱고북 #유아교육 #그림책 #육아 #Shorts","#사과나무 #자연관찰 #동물 #과학동화 #호기심 #탱고북 #유아교육 #그림책 #육아 #Shorts","https://www.tangobook.co.kr/library/1773554053356/about","https://pub-554d78bf0f2346cfb850060ac23280a7.r2.dev/mkt/41560119-7751-46f0-9015-d24eaf4cc62e/reels/1773554053356-1784171214704.mp4","https://pub-554d78bf0f2346cfb850060ac23280a7.r2.dev/mkt/41560119-7751-46f0-9015-d24eaf4cc62e/reels/1773554053356-thumb-1784171216238.png"
"59","1777607528952","사슴벌레","nature-other","사슴벌레의 큰 집게 턱은 어디에 쓸까요? 🐾 #Shorts","사슴벌레의 큰 집게 턱은 어디에 쓸까요?

수컷 사슴벌레는 사슴 뿔처럼 생긴 커다란 집게 턱으로 다른 수컷과 힘을 겨뤄요. 온몸이 단단한 갑옷으로 덮여 있어 적이 나타나도 끄떡없답니다. 낮에는 낙엽 밑에서 자고 밤이 되면 신나게 돌아다녀요.

📖 방금 본 「사슴벌레」, 그림책으로 바로 보기 👇
https://www.tangobook.co.kr/library/1777607528952/about
탱고북 — 7일 무료 체험 · 광고 없음  (tangobook.co.kr)

탱고북은 AI로 양산하지 않고 큐레이션한 명작·자연관찰 동화 플랫폼이에요.
같은 동화를 그림체 여러 종으로, 한국어·영어로 만나고, 어휘 게임으로 익혀요.

#사슴벌레 #자연관찰 #동물 #과학동화 #호기심 #탱고북 #유아교육 #그림책 #육아 #Shorts","#사슴벌레 #자연관찰 #동물 #과학동화 #호기심 #탱고북 #유아교육 #그림책 #육아 #Shorts","https://www.tangobook.co.kr/library/1777607528952/about","https://pub-554d78bf0f2346cfb850060ac23280a7.r2.dev/mkt/41560119-7751-46f0-9015-d24eaf4cc62e/reels/1777607528952-1784167290479.mp4","https://pub-554d78bf0f2346cfb850060ac23280a7.r2.dev/mkt/41560119-7751-46f0-9015-d24eaf4cc62e/reels/1777607528952-thumb-1784167291938.png"
"60","1777438039433","사자","nature-other","으르렁! 초원의 왕 사자는 왜 이렇게 멋질까요? 🐾 #Shorts","으르렁! 초원의 왕 사자는 왜 이렇게 멋질까요?

수사자는 바람에 펄럭이는 노란 갈기를 가졌는데, 갈기가 크면 아주 힘이 세대요. 캄캄한 밤에도 눈이 반짝반짝 빛나 잘 보고, 까칠까칠한 혀를 가졌어요. 가족이 함께 모여 살고, 엄마 사자들이 발소리도 없이 살금살금 다가가 사냥을 한답니다.

📖 방금 본 「사자」, 그림책으로 바로 보기 👇
https://www.tangobook.co.kr/library/1777438039433/about
탱고북 — 7일 무료 체험 · 광고 없음  (tangobook.co.kr)

탱고북은 AI로 양산하지 않고 큐레이션한 명작·자연관찰 동화 플랫폼이에요.
같은 동화를 그림체 여러 종으로, 한국어·영어로 만나고, 어휘 게임으로 익혀요.

#사자 #자연관찰 #동물 #과학동화 #호기심 #탱고북 #유아교육 #그림책 #육아 #Shorts","#사자 #자연관찰 #동물 #과학동화 #호기심 #탱고북 #유아교육 #그림책 #육아 #Shorts","https://www.tangobook.co.kr/library/1777438039433/about","https://pub-554d78bf0f2346cfb850060ac23280a7.r2.dev/mkt/41560119-7751-46f0-9015-d24eaf4cc62e/reels/1777438039433-1784174088223.mp4","https://pub-554d78bf0f2346cfb850060ac23280a7.r2.dev/mkt/41560119-7751-46f0-9015-d24eaf4cc62e/reels/1777438039433-thumb-1784174089733.png"
"61","1777610954811","상어","nature-other","상어, 멈추면 숨을 못 쉬는 바다의 왕은? 🐾 #Shorts","멈추면 숨을 못 쉬는 바다의 왕은?

상어는 뼈가 딱딱하지 않아 몸을 구불구불 잘 움직여요. 이빨이 빠져도 새 이빨이 쑥쑥 자라나죠. 멀리서 나는 냄새도 잘 맡는대요. 무섭게 생겼지만 고래상어는 덩치가 커도 아주 순하답니다.

📖 방금 본 「상어」, 그림책으로 바로 보기 👇
https://www.tangobook.co.kr/library/1777610954811/about
탱고북 — 7일 무료 체험 · 광고 없음  (tangobook.co.kr)

탱고북은 AI로 양산하지 않고 큐레이션한 명작·자연관찰 동화 플랫폼이에요.
같은 동화를 그림체 여러 종으로, 한국어·영어로 만나고, 어휘 게임으로 익혀요.

#상어 #자연관찰 #동물 #과학동화 #호기심 #탱고북 #유아교육 #그림책 #육아 #Shorts","#상어 #자연관찰 #동물 #과학동화 #호기심 #탱고북 #유아교육 #그림책 #육아 #Shorts","https://www.tangobook.co.kr/library/1777610954811/about","https://pub-554d78bf0f2346cfb850060ac23280a7.r2.dev/mkt/41560119-7751-46f0-9015-d24eaf4cc62e/reels/1777610954811-1784170297372.mp4","https://pub-554d78bf0f2346cfb850060ac23280a7.r2.dev/mkt/41560119-7751-46f0-9015-d24eaf4cc62e/reels/1777610954811-thumb-1784170298820.png"
"62","1773410319697","선인장","nature-other","선인장 가시는 사실 잎이에요! 🐾 #Shorts","선인장 가시는 사실 잎이에요!

선인장은 잎이 없고, 대신 날카로운 가시가 잎 역할을 해요. 가시는 뜨거운 햇볕을 막고 물이 날아가는 것도 막아준대요. 오동통한 주름진 몸통 속에 물을 가득 저장해 두었다가 비가 오지 않는 마른 날에 조금씩 꺼내 쓴답니다.

📖 방금 본 「선인장」, 그림책으로 바로 보기 👇
https://www.tangobook.co.kr/library/1773410319697/about
탱고북 — 7일 무료 체험 · 광고 없음  (tangobook.co.kr)

탱고북은 AI로 양산하지 않고 큐레이션한 명작·자연관찰 동화 플랫폼이에요.
같은 동화를 그림체 여러 종으로, 한국어·영어로 만나고, 어휘 게임으로 익혀요.

#선인장 #자연관찰 #동물 #과학동화 #호기심 #탱고북 #유아교육 #그림책 #육아 #Shorts","#선인장 #자연관찰 #동물 #과학동화 #호기심 #탱고북 #유아교육 #그림책 #육아 #Shorts","https://www.tangobook.co.kr/library/1773410319697/about","https://pub-554d78bf0f2346cfb850060ac23280a7.r2.dev/mkt/41560119-7751-46f0-9015-d24eaf4cc62e/reels/1773410319697-1784171303513.mp4","https://pub-554d78bf0f2346cfb850060ac23280a7.r2.dev/mkt/41560119-7751-46f0-9015-d24eaf4cc62e/reels/1773410319697-thumb-1784171304959.png"
"63","1773553000636","소나무","nature-other","소나무는 사계절 내내 푸른 옷을 입어요! 🐾 #Shorts","소나무는 사계절 내내 푸른 옷을 입어요!

다른 나무들이 잎을 다 떨어뜨린 추운 겨울에도 소나무는 혼자 푸른 빛을 뽐내요. 바늘처럼 가는 잎은 두 개씩 짝을 지어 자란대요. 줄기에 상처가 나면 끈적한 '송진'이 나와 상처를 치료하고 나쁜 벌레가 들어오지 못하게 막아준답니다.

📖 방금 본 「소나무」, 그림책으로 바로 보기 👇
https://www.tangobook.co.kr/library/1773553000636/about
탱고북 — 7일 무료 체험 · 광고 없음  (tangobook.co.kr)

탱고북은 AI로 양산하지 않고 큐레이션한 명작·자연관찰 동화 플랫폼이에요.
같은 동화를 그림체 여러 종으로, 한국어·영어로 만나고, 어휘 게임으로 익혀요.

#소나무 #자연관찰 #동물 #과학동화 #호기심 #탱고북 #유아교육 #그림책 #육아 #Shorts","#소나무 #자연관찰 #동물 #과학동화 #호기심 #탱고북 #유아교육 #그림책 #육아 #Shorts","https://www.tangobook.co.kr/library/1773553000636/about","https://pub-554d78bf0f2346cfb850060ac23280a7.r2.dev/mkt/41560119-7751-46f0-9015-d24eaf4cc62e/reels/1773553000636-1783798263124.mp4","https://pub-554d78bf0f2346cfb850060ac23280a7.r2.dev/mkt/41560119-7751-46f0-9015-d24eaf4cc62e/reels/1773553000636-thumb-1783830856196.png"
"64","1773564252115","수박","nature-other","수박의 90%는 물로 되어 있어요! 🐾 #Shorts","수박의 90%는 물로 되어 있어요!

수박은 나무가 아니라 땅 위를 기어가며 자라는 덩굴식물이에요. 90% 이상이 물이라 더운 여름 우리 몸의 갈증을 풀어준대요. 다 익으면 덩굴과 연결된 '꼬리'가 돌돌 말리는데, 이건 맛있게 익었다는 신호랍니다.

📖 방금 본 「수박」, 그림책으로 바로 보기 👇
https://www.tangobook.co.kr/library/1773564252115/about
탱고북 — 7일 무료 체험 · 광고 없음  (tangobook.co.kr)

탱고북은 AI로 양산하지 않고 큐레이션한 명작·자연관찰 동화 플랫폼이에요.
같은 동화를 그림체 여러 종으로, 한국어·영어로 만나고, 어휘 게임으로 익혀요.

#수박 #자연관찰 #동물 #과학동화 #호기심 #탱고북 #유아교육 #그림책 #육아 #Shorts","#수박 #자연관찰 #동물 #과학동화 #호기심 #탱고북 #유아교육 #그림책 #육아 #Shorts","https://www.tangobook.co.kr/library/1773564252115/about","https://pub-554d78bf0f2346cfb850060ac23280a7.r2.dev/mkt/41560119-7751-46f0-9015-d24eaf4cc62e/reels/1773564252115-1784171488920.mp4","https://pub-554d78bf0f2346cfb850060ac23280a7.r2.dev/mkt/41560119-7751-46f0-9015-d24eaf4cc62e/reels/1773564252115-thumb-1784171490287.png"
"65","1773363972428","악어","nature-other","강가의 왕 악어, 얼마나 힘이 셀까요? 🐾 #Shorts","강가의 왕 악어, 얼마나 힘이 셀까요?

악어 몸은 갑옷 같은 단단한 비늘로 덮여 있어요. 무는 힘이 동물 중에서 제일 세답니다. 이빨이 빠져도 새 이빨이 쑥쑥 자라고, 물속에서도 눈을 뜨고 볼 수 있대요.

📖 방금 본 「악어」, 그림책으로 바로 보기 👇
https://www.tangobook.co.kr/library/1773363972428/about
탱고북 — 7일 무료 체험 · 광고 없음  (tangobook.co.kr)

탱고북은 AI로 양산하지 않고 큐레이션한 명작·자연관찰 동화 플랫폼이에요.
같은 동화를 그림체 여러 종으로, 한국어·영어로 만나고, 어휘 게임으로 익혀요.

#악어 #자연관찰 #동물 #과학동화 #호기심 #탱고북 #유아교육 #그림책 #육아 #Shorts","#악어 #자연관찰 #동물 #과학동화 #호기심 #탱고북 #유아교육 #그림책 #육아 #Shorts","https://www.tangobook.co.kr/library/1773363972428/about","https://pub-554d78bf0f2346cfb850060ac23280a7.r2.dev/mkt/41560119-7751-46f0-9015-d24eaf4cc62e/reels/1773363972428-1784174173615.mp4","https://pub-554d78bf0f2346cfb850060ac23280a7.r2.dev/mkt/41560119-7751-46f0-9015-d24eaf4cc62e/reels/1773363972428-thumb-1784174175352.png"
"66","1777601011770","앵무새","nature-other","사람 말을 흉내 내는 앵무새, 비밀이 뭘까요? 🐾 #Shorts","사람 말을 흉내 내는 앵무새, 비밀이 뭘까요?

앵무새는 무지개처럼 알록달록한 깃털을 가졌어요. 혀가 두껍고 말랑말랑해서 사람 목소리와 비슷한 소리를 낼 수 있고, 튼튼하게 구부러진 부리로는 단단한 열매 껍질도 뚝딱 깬대요.

📖 방금 본 「앵무새」, 그림책으로 바로 보기 👇
https://www.tangobook.co.kr/library/1777601011770/about
탱고북 — 7일 무료 체험 · 광고 없음  (tangobook.co.kr)

탱고북은 AI로 양산하지 않고 큐레이션한 명작·자연관찰 동화 플랫폼이에요.
같은 동화를 그림체 여러 종으로, 한국어·영어로 만나고, 어휘 게임으로 익혀요.

#앵무새 #자연관찰 #동물 #과학동화 #호기심 #탱고북 #유아교육 #그림책 #육아 #Shorts","#앵무새 #자연관찰 #동물 #과학동화 #호기심 #탱고북 #유아교육 #그림책 #육아 #Shorts","https://www.tangobook.co.kr/library/1777601011770/about","https://pub-554d78bf0f2346cfb850060ac23280a7.r2.dev/mkt/41560119-7751-46f0-9015-d24eaf4cc62e/reels/1777601011770-1784175244922.mp4","https://pub-554d78bf0f2346cfb850060ac23280a7.r2.dev/mkt/41560119-7751-46f0-9015-d24eaf4cc62e/reels/1777601011770-thumb-1784175246396.png"
"67","1777442972423","여우","nature-other","숲속의 멋쟁이 붉은 여우를 만나 볼까요? 🐾 #Shorts","숲속의 멋쟁이 붉은 여우를 만나 볼까요?

붉은 여우는 발바닥이 푹신푹신해서 사뿐사뿐 걸어도 소리가 안 나요. 어두운 밤에도 눈이 반짝 빛나고 멀리서 나는 소리도 쫑긋 잘 듣는답니다. 나무에 발톱 자국을 내서 '여기는 내 땅'이라고 표시해요.

📖 방금 본 「여우」, 그림책으로 바로 보기 👇
https://www.tangobook.co.kr/library/1777442972423/about
탱고북 — 7일 무료 체험 · 광고 없음  (tangobook.co.kr)

탱고북은 AI로 양산하지 않고 큐레이션한 명작·자연관찰 동화 플랫폼이에요.
같은 동화를 그림체 여러 종으로, 한국어·영어로 만나고, 어휘 게임으로 익혀요.

#여우 #자연관찰 #동물 #과학동화 #호기심 #탱고북 #유아교육 #그림책 #육아 #Shorts","#여우 #자연관찰 #동물 #과학동화 #호기심 #탱고북 #유아교육 #그림책 #육아 #Shorts","https://www.tangobook.co.kr/library/1777442972423/about","https://pub-554d78bf0f2346cfb850060ac23280a7.r2.dev/mkt/41560119-7751-46f0-9015-d24eaf4cc62e/reels/1777442972423-1784174256663.mp4","https://pub-554d78bf0f2346cfb850060ac23280a7.r2.dev/mkt/41560119-7751-46f0-9015-d24eaf4cc62e/reels/1777442972423-thumb-1784174258047.png"
"68","1773365176774","연꽃","nature-other","연꽃은 진흙 속에서 깨끗하게 피어나요! 🐾 #Shorts","연꽃은 진흙 속에서 깨끗하게 피어나요!

연잎 위에 물을 뿌리면 스며들지 않고 보석처럼 또르르 굴러다녀요. 잎 표면의 아주 작은 돌기 덕분에 더러운 먼지까지 물방울과 함께 씻겨 내려간대요. 잎, 줄기, 뿌리의 구멍이 모두 연결되어 있어 물속에서도 숨을 쉴 수 있답니다.

📖 방금 본 「연꽃」, 그림책으로 바로 보기 👇
https://www.tangobook.co.kr/library/1773365176774/about
탱고북 — 7일 무료 체험 · 광고 없음  (tangobook.co.kr)

탱고북은 AI로 양산하지 않고 큐레이션한 명작·자연관찰 동화 플랫폼이에요.
같은 동화를 그림체 여러 종으로, 한국어·영어로 만나고, 어휘 게임으로 익혀요.

#연꽃 #자연관찰 #동물 #과학동화 #호기심 #탱고북 #유아교육 #그림책 #육아 #Shorts","#연꽃 #자연관찰 #동물 #과학동화 #호기심 #탱고북 #유아교육 #그림책 #육아 #Shorts","https://www.tangobook.co.kr/library/1773365176774/about","https://pub-554d78bf0f2346cfb850060ac23280a7.r2.dev/mkt/41560119-7751-46f0-9015-d24eaf4cc62e/reels/1773365176774-1784171574082.mp4","https://pub-554d78bf0f2346cfb850060ac23280a7.r2.dev/mkt/41560119-7751-46f0-9015-d24eaf4cc62e/reels/1773365176774-thumb-1784171575357.png"
"69","1777602265786","오리","nature-other","물에 젖지 않는 오리, 그 비밀이 궁금하죠? 🐾 #Shorts","물에 젖지 않는 오리, 그 비밀이 궁금하죠?

오리는 부리로 몸에서 나온 기름을 깃털에 발라 물에 들어가도 젖지 않아요. 발가락 사이 물갈퀴로 물을 힘차게 밀며 헤엄치고, 엄마 오리는 위험하면 날개를 다친 척해 적을 멀리 끌어낸대요.

📖 방금 본 「오리」, 그림책으로 바로 보기 👇
https://www.tangobook.co.kr/library/1777602265786/about
탱고북 — 7일 무료 체험 · 광고 없음  (tangobook.co.kr)

탱고북은 AI로 양산하지 않고 큐레이션한 명작·자연관찰 동화 플랫폼이에요.
같은 동화를 그림체 여러 종으로, 한국어·영어로 만나고, 어휘 게임으로 익혀요.

#오리 #자연관찰 #동물 #과학동화 #호기심 #탱고북 #유아교육 #그림책 #육아 #Shorts","#오리 #자연관찰 #동물 #과학동화 #호기심 #탱고북 #유아교육 #그림책 #육아 #Shorts","https://www.tangobook.co.kr/library/1777602265786/about","https://pub-554d78bf0f2346cfb850060ac23280a7.r2.dev/mkt/41560119-7751-46f0-9015-d24eaf4cc62e/reels/1777602265786-1784175327035.mp4","https://pub-554d78bf0f2346cfb850060ac23280a7.r2.dev/mkt/41560119-7751-46f0-9015-d24eaf4cc62e/reels/1777602265786-thumb-1784175328367.png"
"70","1777554948840","올빼미","nature-other","올빼미, 깜깜한 밤, 소리 없이 나는 사냥꾼은 누굴까요? 🐾 #Shorts","깜깜한 밤, 소리 없이 나는 사냥꾼은 누굴까요?

올빼미는 깃털이 보들보들해 바람 소리 없이 날 수 있어요. 쟁반처럼 둥근 얼굴로 아주 작은 소리도 듣고, 먹이를 뼈와 털까지 삼킨 뒤 소화가 안 되는 건 뭉쳐서 입으로 뱉어낸대요.

📖 방금 본 「올빼미」, 그림책으로 바로 보기 👇
https://www.tangobook.co.kr/library/1777554948840/about
탱고북 — 7일 무료 체험 · 광고 없음  (tangobook.co.kr)

탱고북은 AI로 양산하지 않고 큐레이션한 명작·자연관찰 동화 플랫폼이에요.
같은 동화를 그림체 여러 종으로, 한국어·영어로 만나고, 어휘 게임으로 익혀요.

#올빼미 #자연관찰 #동물 #과학동화 #호기심 #탱고북 #유아교육 #그림책 #육아 #Shorts","#올빼미 #자연관찰 #동물 #과학동화 #호기심 #탱고북 #유아교육 #그림책 #육아 #Shorts","https://www.tangobook.co.kr/library/1777554948840/about","https://pub-554d78bf0f2346cfb850060ac23280a7.r2.dev/mkt/41560119-7751-46f0-9015-d24eaf4cc62e/reels/1777554948840-1784175407775.mp4","https://pub-554d78bf0f2346cfb850060ac23280a7.r2.dev/mkt/41560119-7751-46f0-9015-d24eaf4cc62e/reels/1777554948840-thumb-1784175409606.png"
"71","1773624474088","유산균과 바이러스","nature-other","유산균과 바이러스, 눈에 보이지 않을 만큼 작은 생물이 내 뱃속에 산다고요? 🐾 #Shorts","눈에 보이지 않을 만큼 작은 생물이 내 뱃속에 산다고요?

유산균은 우리 뱃속에서 음식 소화를 돕고 나쁜 세균을 막아주는 착한 세균이에요. 바이러스는 유산균보다 훨씬 작아 혼자서는 못 살고 다른 생물 몸속에 들어가야 자라나는데, 비누로 손을 깨끗이 씻으면 사라진대요.

📖 방금 본 「유산균과 바이러스」, 그림책으로 바로 보기 👇
https://www.tangobook.co.kr/library/1773624474088/about
탱고북 — 7일 무료 체험 · 광고 없음  (tangobook.co.kr)

탱고북은 AI로 양산하지 않고 큐레이션한 명작·자연관찰 동화 플랫폼이에요.
같은 동화를 그림체 여러 종으로, 한국어·영어로 만나고, 어휘 게임으로 익혀요.

#유산균과바이러스 #자연관찰 #동물 #과학동화 #호기심 #탱고북 #유아교육 #그림책 #육아 #Shorts","#유산균과바이러스 #자연관찰 #동물 #과학동화 #호기심 #탱고북 #유아교육 #그림책 #육아 #Shorts","https://www.tangobook.co.kr/library/1773624474088/about","https://pub-554d78bf0f2346cfb850060ac23280a7.r2.dev/mkt/41560119-7751-46f0-9015-d24eaf4cc62e/reels/1773624474088-1784172499237.mp4","https://pub-554d78bf0f2346cfb850060ac23280a7.r2.dev/mkt/41560119-7751-46f0-9015-d24eaf4cc62e/reels/1773624474088-thumb-1784172500596.png"
"72","1773411347988","은하와 블랙홀","nature-other","은하와 블랙홀, 빛조차 빠져나갈 수 없는 우주의 무서운 존재는 무엇일까요? 🐾 #Shorts","빛조차 빠져나갈 수 없는 우주의 무서운 존재는 무엇일까요?

은하는 수천억 개의 별과 가스, 먼지가 모인 거대한 별들의 도시예요. 그 중심엔 중력이 너무 강해 빛조차 삼켜버리는 블랙홀이 숨어 있어 눈으로는 볼 수 없지만, 주변에서 빛나는 가스로 그 존재를 알 수 있대요.

📖 방금 본 「은하와 블랙홀」, 그림책으로 바로 보기 👇
https://www.tangobook.co.kr/library/1773411347988/about
탱고북 — 7일 무료 체험 · 광고 없음  (tangobook.co.kr)

탱고북은 AI로 양산하지 않고 큐레이션한 명작·자연관찰 동화 플랫폼이에요.
같은 동화를 그림체 여러 종으로, 한국어·영어로 만나고, 어휘 게임으로 익혀요.

#은하와블랙홀 #자연관찰 #동물 #과학동화 #호기심 #탱고북 #유아교육 #그림책 #육아 #Shorts","#은하와블랙홀 #자연관찰 #동물 #과학동화 #호기심 #탱고북 #유아교육 #그림책 #육아 #Shorts","https://www.tangobook.co.kr/library/1773411347988/about","https://pub-554d78bf0f2346cfb850060ac23280a7.r2.dev/mkt/41560119-7751-46f0-9015-d24eaf4cc62e/reels/1773411347988-1784172855438.mp4","https://pub-554d78bf0f2346cfb850060ac23280a7.r2.dev/mkt/41560119-7751-46f0-9015-d24eaf4cc62e/reels/1773411347988-thumb-1784172856987.png"
"73","1773564979337","은행나무","nature-other","은행나무, 은행 씨앗은 아주 고약한 냄새가 나요! 🐾 #Shorts","은행 씨앗은 아주 고약한 냄새가 나요!

가을이 되면 은행나무 암나무에만 동글동글한 씨앗이 열려요. 잘 익은 씨앗의 고약한 냄새는 함부로 먹으려는 동물을 쫓아준대요. 잎에는 벌레가 싫어하는 성분이 있어 병에 잘 걸리지 않고, 은행잎을 책에 넣어두면 벌레가 생기는 것도 막아준답니다.

📖 방금 본 「은행나무」, 그림책으로 바로 보기 👇
https://www.tangobook.co.kr/library/1773564979337/about
탱고북 — 7일 무료 체험 · 광고 없음  (tangobook.co.kr)

탱고북은 AI로 양산하지 않고 큐레이션한 명작·자연관찰 동화 플랫폼이에요.
같은 동화를 그림체 여러 종으로, 한국어·영어로 만나고, 어휘 게임으로 익혀요.

#은행나무 #자연관찰 #동물 #과학동화 #호기심 #탱고북 #유아교육 #그림책 #육아 #Shorts","#은행나무 #자연관찰 #동물 #과학동화 #호기심 #탱고북 #유아교육 #그림책 #육아 #Shorts","https://www.tangobook.co.kr/library/1773564979337/about","https://pub-554d78bf0f2346cfb850060ac23280a7.r2.dev/mkt/41560119-7751-46f0-9015-d24eaf4cc62e/reels/1773564979337-1784171658704.mp4","https://pub-554d78bf0f2346cfb850060ac23280a7.r2.dev/mkt/41560119-7751-46f0-9015-d24eaf4cc62e/reels/1773564979337-thumb-1784171660391.png"
"74","1777607173325","잠자리","nature-other","잠자리는 앞으로도, 뒤로도, 멈추기도 한대요! 🐾 #Shorts","잠자리는 앞으로도, 뒤로도, 멈추기도 한대요!

잠자리는 하늘을 날다가 갑자기 딱 멈추기도 하고 뒤로 날기도 해요. 네 개의 날개가 따로따로 움직이기 때문이래요. 커다란 눈으로 뒤에서 다가오는 적까지 다 볼 수 있고, 어릴 때는 물속에서 살다가 나뭇가지에 매달려 허물을 벗는답니다.

📖 방금 본 「잠자리」, 그림책으로 바로 보기 👇
https://www.tangobook.co.kr/library/1777607173325/about
탱고북 — 7일 무료 체험 · 광고 없음  (tangobook.co.kr)

탱고북은 AI로 양산하지 않고 큐레이션한 명작·자연관찰 동화 플랫폼이에요.
같은 동화를 그림체 여러 종으로, 한국어·영어로 만나고, 어휘 게임으로 익혀요.

#잠자리 #자연관찰 #동물 #과학동화 #호기심 #탱고북 #유아교육 #그림책 #육아 #Shorts","#잠자리 #자연관찰 #동물 #과학동화 #호기심 #탱고북 #유아교육 #그림책 #육아 #Shorts","https://www.tangobook.co.kr/library/1777607173325/about","https://pub-554d78bf0f2346cfb850060ac23280a7.r2.dev/mkt/41560119-7751-46f0-9015-d24eaf4cc62e/reels/1777607173325-1784167398406.mp4","https://pub-554d78bf0f2346cfb850060ac23280a7.r2.dev/mkt/41560119-7751-46f0-9015-d24eaf4cc62e/reels/1777607173325-thumb-1784167399836.png"
"75","1773365188031","장미","nature-other","장미 가시는 자신을 지키는 무기예요! 🐾 #Shorts","장미 가시는 자신을 지키는 무기예요!

장미 줄기의 날카로운 가시는 배고픈 동물이 꽃을 함부로 먹지 못하게 막아주는 무기래요. 꽃잎은 겹겹이 쌓여 안쪽으로 갈수록 소용돌이처럼 돌돌 말려 있어요. 꽃이 진 자리에는 '로즈힙'이라는 열매가 맺혀 새들의 겨울 먹이가 된답니다.

📖 방금 본 「장미」, 그림책으로 바로 보기 👇
https://www.tangobook.co.kr/library/1773365188031/about
탱고북 — 7일 무료 체험 · 광고 없음  (tangobook.co.kr)

탱고북은 AI로 양산하지 않고 큐레이션한 명작·자연관찰 동화 플랫폼이에요.
같은 동화를 그림체 여러 종으로, 한국어·영어로 만나고, 어휘 게임으로 익혀요.

#장미 #자연관찰 #동물 #과학동화 #호기심 #탱고북 #유아교육 #그림책 #육아 #Shorts","#장미 #자연관찰 #동물 #과학동화 #호기심 #탱고북 #유아교육 #그림책 #육아 #Shorts","https://www.tangobook.co.kr/library/1773365188031/about","https://pub-554d78bf0f2346cfb850060ac23280a7.r2.dev/mkt/41560119-7751-46f0-9015-d24eaf4cc62e/reels/1773365188031-1784171744388.mp4","https://pub-554d78bf0f2346cfb850060ac23280a7.r2.dev/mkt/41560119-7751-46f0-9015-d24eaf4cc62e/reels/1773365188031-thumb-1784171745699.png"
"76","1777607890313","장수풍뎅이","nature-other","멋진 Y자 뿔을 가진 숲속의 힘센 장수풍뎅이! 🐾 #Shorts","멋진 Y자 뿔을 가진 숲속의 힘센 장수풍뎅이!

장수풍뎅이 수컷은 머리에 멋진 뿔이 솟아 있어, 자기 몸보다 훨씬 무거운 것도 뿔로 번쩍 들어 올려요. 다른 수컷이 나타나면 뿔로 들어 던져 버릴 만큼 힘이 세답니다. 그래도 싸우기보다 참나무의 달콤한 물 먹는 걸 더 좋아하는 착한 친구예요.

📖 방금 본 「장수풍뎅이」, 그림책으로 바로 보기 👇
https://www.tangobook.co.kr/library/1777607890313/about
탱고북 — 7일 무료 체험 · 광고 없음  (tangobook.co.kr)

탱고북은 AI로 양산하지 않고 큐레이션한 명작·자연관찰 동화 플랫폼이에요.
같은 동화를 그림체 여러 종으로, 한국어·영어로 만나고, 어휘 게임으로 익혀요.

#장수풍뎅이 #자연관찰 #동물 #과학동화 #호기심 #탱고북 #유아교육 #그림책 #육아 #Shorts","#장수풍뎅이 #자연관찰 #동물 #과학동화 #호기심 #탱고북 #유아교육 #그림책 #육아 #Shorts","https://www.tangobook.co.kr/library/1777607890313/about","https://pub-554d78bf0f2346cfb850060ac23280a7.r2.dev/mkt/41560119-7751-46f0-9015-d24eaf4cc62e/reels/1777607890313-1784167498246.mp4","https://pub-554d78bf0f2346cfb850060ac23280a7.r2.dev/mkt/41560119-7751-46f0-9015-d24eaf4cc62e/reels/1777607890313-thumb-1784167499860.png"
"77","1773553518523","참나무","nature-other","참나무 도토리는 모자를 쓰고 있어요! 🐾 #Shorts","참나무 도토리는 모자를 쓰고 있어요!

가을이 되면 참나무는 모자를 쓴 것처럼 귀여운 도토리를 맺어요. 다람쥐가 땅속 창고에 숨겨두고 잊어버린 도토리에서 싹이 터서 다시 커다란 참나무가 된대요. 껍질인 코르크는 가볍고 물에 잘 떠서 병마개나 신발을 만드는 데도 쓰인답니다.

📖 방금 본 「참나무」, 그림책으로 바로 보기 👇
https://www.tangobook.co.kr/library/1773553518523/about
탱고북 — 7일 무료 체험 · 광고 없음  (tangobook.co.kr)

탱고북은 AI로 양산하지 않고 큐레이션한 명작·자연관찰 동화 플랫폼이에요.
같은 동화를 그림체 여러 종으로, 한국어·영어로 만나고, 어휘 게임으로 익혀요.

#참나무 #자연관찰 #동물 #과학동화 #호기심 #탱고북 #유아교육 #그림책 #육아 #Shorts","#참나무 #자연관찰 #동물 #과학동화 #호기심 #탱고북 #유아교육 #그림책 #육아 #Shorts","https://www.tangobook.co.kr/library/1773553518523/about","https://pub-554d78bf0f2346cfb850060ac23280a7.r2.dev/mkt/41560119-7751-46f0-9015-d24eaf4cc62e/reels/1773553518523-1784171833484.mp4","https://pub-554d78bf0f2346cfb850060ac23280a7.r2.dev/mkt/41560119-7751-46f0-9015-d24eaf4cc62e/reels/1773553518523-thumb-1784171835100.png"
"78","1777554575765","참새","nature-other","작지만 씩씩한 우리 이웃, 참새를 볼까요? 🐾 #Shorts","작지만 씩씩한 우리 이웃, 참새를 볼까요?

참새는 걷지 않고 두 발로 톡톡 뛰어다녀요. 작은 날개로도 화살처럼 빠르게 날고, 여름엔 벌레를 가을엔 곡식을 먹으며, 겨울이 오면 친구들과 옹기종기 모여 서로 몸을 맞대고 따뜻하게 지낸대요.

📖 방금 본 「참새」, 그림책으로 바로 보기 👇
https://www.tangobook.co.kr/library/1777554575765/about
탱고북 — 7일 무료 체험 · 광고 없음  (tangobook.co.kr)

탱고북은 AI로 양산하지 않고 큐레이션한 명작·자연관찰 동화 플랫폼이에요.
같은 동화를 그림체 여러 종으로, 한국어·영어로 만나고, 어휘 게임으로 익혀요.

#참새 #자연관찰 #동물 #과학동화 #호기심 #탱고북 #유아교육 #그림책 #육아 #Shorts","#참새 #자연관찰 #동물 #과학동화 #호기심 #탱고북 #유아교육 #그림책 #육아 #Shorts","https://www.tangobook.co.kr/library/1777554575765/about","https://pub-554d78bf0f2346cfb850060ac23280a7.r2.dev/mkt/41560119-7751-46f0-9015-d24eaf4cc62e/reels/1777554575765-1784175489691.mp4","https://pub-554d78bf0f2346cfb850060ac23280a7.r2.dev/mkt/41560119-7751-46f0-9015-d24eaf4cc62e/reels/1777554575765-thumb-1784175491068.png"
"79","1777447633547","치타","nature-other","세상에서 가장 빠른 치타는 얼마나 빠를까요? 🐾 #Shorts","세상에서 가장 빠른 치타는 얼마나 빠를까요?

치타는 땅 위에서 가장 빠른 동물이에요. 자동차처럼 쌩쌩 달리지만 힘들어서 아주 잠깐만 달릴 수 있대요. 눈 아래 까만 선은 쨍쨍한 햇빛을 막아 준답니다. '어흥' 대신 갸릉갸릉 귀여운 소리를 내요.

📖 방금 본 「치타」, 그림책으로 바로 보기 👇
https://www.tangobook.co.kr/library/1777447633547/about
탱고북 — 7일 무료 체험 · 광고 없음  (tangobook.co.kr)

탱고북은 AI로 양산하지 않고 큐레이션한 명작·자연관찰 동화 플랫폼이에요.
같은 동화를 그림체 여러 종으로, 한국어·영어로 만나고, 어휘 게임으로 익혀요.

#치타 #자연관찰 #동물 #과학동화 #호기심 #탱고북 #유아교육 #그림책 #육아 #Shorts","#치타 #자연관찰 #동물 #과학동화 #호기심 #탱고북 #유아교육 #그림책 #육아 #Shorts","https://www.tangobook.co.kr/library/1777447633547/about","https://pub-554d78bf0f2346cfb850060ac23280a7.r2.dev/mkt/41560119-7751-46f0-9015-d24eaf4cc62e/reels/1777447633547-1783801448337.mp4","https://pub-554d78bf0f2346cfb850060ac23280a7.r2.dev/mkt/41560119-7751-46f0-9015-d24eaf4cc62e/reels/1777447633547-thumb-1783831136271.png"
"80","1773363966902","카멜레온","nature-other","색깔이 마음대로 변하는 카멜레온! 🐾 #Shorts","색깔이 마음대로 변하는 카멜레온!

카멜레온은 기분에 따라 몸 색깔이 바뀌어요. 화가 나면 빨갛게, 나뭇잎 위에서는 초록색으로 쏙 변하죠. 두 눈이 따로따로 움직여서 앞과 뒤를 동시에 볼 수 있고, 길고 끈적끈적한 혀로 벌레를 잡는답니다.

📖 방금 본 「카멜레온」, 그림책으로 바로 보기 👇
https://www.tangobook.co.kr/library/1773363966902/about
탱고북 — 7일 무료 체험 · 광고 없음  (tangobook.co.kr)

탱고북은 AI로 양산하지 않고 큐레이션한 명작·자연관찰 동화 플랫폼이에요.
같은 동화를 그림체 여러 종으로, 한국어·영어로 만나고, 어휘 게임으로 익혀요.

#카멜레온 #자연관찰 #동물 #과학동화 #호기심 #탱고북 #유아교육 #그림책 #육아 #Shorts","#카멜레온 #자연관찰 #동물 #과학동화 #호기심 #탱고북 #유아교육 #그림책 #육아 #Shorts","https://www.tangobook.co.kr/library/1773363966902/about","https://pub-554d78bf0f2346cfb850060ac23280a7.r2.dev/mkt/41560119-7751-46f0-9015-d24eaf4cc62e/reels/1773363966902-1784174361350.mp4","https://pub-554d78bf0f2346cfb850060ac23280a7.r2.dev/mkt/41560119-7751-46f0-9015-d24eaf4cc62e/reels/1773363966902-thumb-1784174363319.png"
"81","1777615082301","캥거루","nature-other","폴짝폴짝! 캥거루는 어떻게 아기를 데리고 다닐까요? 🐾 #Shorts","폴짝폴짝! 캥거루는 어떻게 아기를 데리고 다닐까요?

엄마 캥거루는 배에 있는 주머니에 아기를 쏙 넣고 다녀요. 아기는 그 안에서 얼굴만 내밀고 폴짝폴짝 뛰는 걸 구경한답니다. 캥거루는 튼튼한 뒷다리로 아주 높이 뛸 수 있어요.

📖 방금 본 「캥거루」, 그림책으로 바로 보기 👇
https://www.tangobook.co.kr/library/1777615082301/about
탱고북 — 7일 무료 체험 · 광고 없음  (tangobook.co.kr)

탱고북은 AI로 양산하지 않고 큐레이션한 명작·자연관찰 동화 플랫폼이에요.
같은 동화를 그림체 여러 종으로, 한국어·영어로 만나고, 어휘 게임으로 익혀요.

#캥거루 #자연관찰 #동물 #과학동화 #호기심 #탱고북 #유아교육 #그림책 #육아 #Shorts","#캥거루 #자연관찰 #동물 #과학동화 #호기심 #탱고북 #유아교육 #그림책 #육아 #Shorts","https://www.tangobook.co.kr/library/1777615082301/about","https://pub-554d78bf0f2346cfb850060ac23280a7.r2.dev/mkt/41560119-7751-46f0-9015-d24eaf4cc62e/reels/1777615082301-1784174435686.mp4","https://pub-554d78bf0f2346cfb850060ac23280a7.r2.dev/mkt/41560119-7751-46f0-9015-d24eaf4cc62e/reels/1777615082301-thumb-1784174437588.png"
"82","1773899653860","케찰코아틀루스","nature-other","케찰코아틀루스, 작은 전투기만큼 큰 날개를 편 하늘의 거인을 아나요? 🐾 #Shorts","작은 전투기만큼 큰 날개를 편 하늘의 거인을 아나요?

케찰코아틀루스는 아즈텍 신화 속 '깃털 달린 뱀'에서 이름을 땄어요. 날개를 펴면 11미터가 넘어 작은 전투기와 맞먹었죠. 이빨 없는 부리와 기린보다 긴 목을 가졌고, 바다보다 내륙 평원을 황새처럼 걸으며 작은 공룡을 사냥했대요.

📖 방금 본 「케찰코아틀루스」, 그림책으로 바로 보기 👇
https://www.tangobook.co.kr/library/1773899653860/about
탱고북 — 7일 무료 체험 · 광고 없음  (tangobook.co.kr)

탱고북은 AI로 양산하지 않고 큐레이션한 명작·자연관찰 동화 플랫폼이에요.
같은 동화를 그림체 여러 종으로, 한국어·영어로 만나고, 어휘 게임으로 익혀요.

#케찰코아틀루스 #자연관찰 #동물 #과학동화 #호기심 #탱고북 #유아교육 #그림책 #육아 #Shorts","#케찰코아틀루스 #자연관찰 #동물 #과학동화 #호기심 #탱고북 #유아교육 #그림책 #육아 #Shorts","https://www.tangobook.co.kr/library/1773899653860/about","https://pub-554d78bf0f2346cfb850060ac23280a7.r2.dev/mkt/41560119-7751-46f0-9015-d24eaf4cc62e/reels/1773899653860-1784168972316.mp4","https://pub-554d78bf0f2346cfb850060ac23280a7.r2.dev/mkt/41560119-7751-46f0-9015-d24eaf4cc62e/reels/1773899653860-thumb-1784168973714.png"
"83","1777434565511","코끼리","nature-other","땅에서 제일 큰 동물, 코끼리를 만나요! 🐾 #Shorts","땅에서 제일 큰 동물, 코끼리를 만나요!

코끼리는 땅에서 사는 동물 중 가장 커요. 길쭉한 코는 손처럼 뭐든 잡아서 높은 나뭇잎도 따고 물도 쭈욱 빨아올려 마신답니다. 더울 땐 커다란 귀를 펄럭펄럭 부채질하고, 발바닥으로 멀리 있는 소리도 들어요.

📖 방금 본 「코끼리」, 그림책으로 바로 보기 👇
https://www.tangobook.co.kr/library/1777434565511/about
탱고북 — 7일 무료 체험 · 광고 없음  (tangobook.co.kr)

탱고북은 AI로 양산하지 않고 큐레이션한 명작·자연관찰 동화 플랫폼이에요.
같은 동화를 그림체 여러 종으로, 한국어·영어로 만나고, 어휘 게임으로 익혀요.

#코끼리 #자연관찰 #동물 #과학동화 #호기심 #탱고북 #유아교육 #그림책 #육아 #Shorts","#코끼리 #자연관찰 #동물 #과학동화 #호기심 #탱고북 #유아교육 #그림책 #육아 #Shorts","https://www.tangobook.co.kr/library/1777434565511/about","https://pub-554d78bf0f2346cfb850060ac23280a7.r2.dev/mkt/41560119-7751-46f0-9015-d24eaf4cc62e/reels/1777434565511-1784174518364.mp4","https://pub-554d78bf0f2346cfb850060ac23280a7.r2.dev/mkt/41560119-7751-46f0-9015-d24eaf4cc62e/reels/1777434565511-thumb-1784174520104.png"
"84","1777615068642","코뿔소","nature-other","코 위에 뿔이 달린 코뿔소, 정말 멋지죠? 🐾 #Shorts","코 위에 뿔이 달린 코뿔소, 정말 멋지죠?

코뿔소는 코 위에 뾰족한 뿔이 솟아 있어요. 몸은 아주 두껍고 단단한 피부로 덮여 있고 힘이 무척 세답니다. 커다란 몸으로 쿵쿵쿵 힘차게 달릴 수 있어요.

📖 방금 본 「코뿔소」, 그림책으로 바로 보기 👇
https://www.tangobook.co.kr/library/1777615068642/about
탱고북 — 7일 무료 체험 · 광고 없음  (tangobook.co.kr)

탱고북은 AI로 양산하지 않고 큐레이션한 명작·자연관찰 동화 플랫폼이에요.
같은 동화를 그림체 여러 종으로, 한국어·영어로 만나고, 어휘 게임으로 익혀요.

#코뿔소 #자연관찰 #동물 #과학동화 #호기심 #탱고북 #유아교육 #그림책 #육아 #Shorts","#코뿔소 #자연관찰 #동물 #과학동화 #호기심 #탱고북 #유아교육 #그림책 #육아 #Shorts","https://www.tangobook.co.kr/library/1777615068642/about","https://pub-554d78bf0f2346cfb850060ac23280a7.r2.dev/mkt/41560119-7751-46f0-9015-d24eaf4cc62e/reels/1777615068642-1784174598509.mp4","https://pub-554d78bf0f2346cfb850060ac23280a7.r2.dev/mkt/41560119-7751-46f0-9015-d24eaf4cc62e/reels/1777615068642-thumb-1784174600148.png"
"85","1777600332199","타조","nature-other","세상에서 가장 큰 새 타조, 날 수 있을까요? 🐾 #Shorts","세상에서 가장 큰 새 타조, 날 수 있을까요?

타조는 날지 못하지만 자동차만큼 빠르게 달릴 수 있어요. 이빨이 없어 작은 돌을 삼켜 뱃속에서 먹이를 부수고, 알은 세상에서 제일 커서 어른 두 손으로 감싸야 할 만큼 크대요.

📖 방금 본 「타조」, 그림책으로 바로 보기 👇
https://www.tangobook.co.kr/library/1777600332199/about
탱고북 — 7일 무료 체험 · 광고 없음  (tangobook.co.kr)

탱고북은 AI로 양산하지 않고 큐레이션한 명작·자연관찰 동화 플랫폼이에요.
같은 동화를 그림체 여러 종으로, 한국어·영어로 만나고, 어휘 게임으로 익혀요.

#타조 #자연관찰 #동물 #과학동화 #호기심 #탱고북 #유아교육 #그림책 #육아 #Shorts","#타조 #자연관찰 #동물 #과학동화 #호기심 #탱고북 #유아교육 #그림책 #육아 #Shorts","https://www.tangobook.co.kr/library/1777600332199/about","https://pub-554d78bf0f2346cfb850060ac23280a7.r2.dev/mkt/41560119-7751-46f0-9015-d24eaf4cc62e/reels/1777600332199-1784175571258.mp4","https://pub-554d78bf0f2346cfb850060ac23280a7.r2.dev/mkt/41560119-7751-46f0-9015-d24eaf4cc62e/reels/1777600332199-thumb-1784175572695.png"
"86","1773411238323","태양계 (수성~해왕성)","nature-other","태양계 (수성~해왕성), 태양을 중심으로 뱅글뱅글 도는 여덟 행성 가족을 아나요? 🐾 #Shorts","태양을 중심으로 뱅글뱅글 도는 여덟 행성 가족을 아나요?

태양과 가장 가까운 수성은 낮엔 뜨겁지만 밤엔 꽁꽁 얼어붙어요. 가장 큰 목성엔 커다란 소용돌이 눈 '대적반'이 있고, 토성은 수많은 얼음과 바위 조각이 모여 만든 예쁜 고리를 두르고 있답니다.

📖 방금 본 「태양계 (수성~해왕성)」, 그림책으로 바로 보기 👇
https://www.tangobook.co.kr/library/1773411238323/about
탱고북 — 7일 무료 체험 · 광고 없음  (tangobook.co.kr)

탱고북은 AI로 양산하지 않고 큐레이션한 명작·자연관찰 동화 플랫폼이에요.
같은 동화를 그림체 여러 종으로, 한국어·영어로 만나고, 어휘 게임으로 익혀요.

#태양계수성~해왕성 #자연관찰 #동물 #과학동화 #호기심 #탱고북 #유아교육 #그림책 #육아 #Shorts","#태양계수성~해왕성 #자연관찰 #동물 #과학동화 #호기심 #탱고북 #유아교육 #그림책 #육아 #Shorts","https://www.tangobook.co.kr/library/1773411238323/about","https://pub-554d78bf0f2346cfb850060ac23280a7.r2.dev/mkt/41560119-7751-46f0-9015-d24eaf4cc62e/reels/1773411238323-1784173019468.mp4","https://pub-554d78bf0f2346cfb850060ac23280a7.r2.dev/mkt/41560119-7751-46f0-9015-d24eaf4cc62e/reels/1773411238323-thumb-1784173020756.png"
"87","1773146946025","토끼","nature-other","깡충깡충 들판의 귀염둥이 토끼! 🐾 #Shorts","깡충깡충 들판의 귀염둥이 토끼!

토끼는 크고 긴 귀로 멀리서 나는 소리도 아주 잘 들어요. 튼튼한 뒷다리로 언덕도 깡충깡충 빠르게 올라가죠. 무서운 여우가 나타나면 뒷발로 땅을 쾅쾅 쳐서 가족에게 알리고, 땅 밑 미로 같은 굴로 쏙 숨는답니다.

📖 방금 본 「토끼」, 그림책으로 바로 보기 👇
https://www.tangobook.co.kr/library/1773146946025/about
탱고북 — 7일 무료 체험 · 광고 없음  (tangobook.co.kr)

탱고북은 AI로 양산하지 않고 큐레이션한 명작·자연관찰 동화 플랫폼이에요.
같은 동화를 그림체 여러 종으로, 한국어·영어로 만나고, 어휘 게임으로 익혀요.

#토끼 #자연관찰 #동물 #과학동화 #호기심 #탱고북 #유아교육 #그림책 #육아 #Shorts","#토끼 #자연관찰 #동물 #과학동화 #호기심 #탱고북 #유아교육 #그림책 #육아 #Shorts","https://www.tangobook.co.kr/library/1773146946025/about","https://pub-554d78bf0f2346cfb850060ac23280a7.r2.dev/mkt/41560119-7751-46f0-9015-d24eaf4cc62e/reels/1773146946025-1784174669972.mp4","https://pub-554d78bf0f2346cfb850060ac23280a7.r2.dev/mkt/41560119-7751-46f0-9015-d24eaf4cc62e/reels/1773146946025-thumb-1784174671293.png"
"88","1773365185498","튤립","nature-other","튤립은 씨앗 대신 알뿌리에서 자라요! 🐾 #Shorts","튤립은 씨앗 대신 알뿌리에서 자라요!

튤립은 씨앗이 아니라 양파를 닮은 '알뿌리'에서 자라나요. 추운 겨울 땅속에서 잠을 자던 알뿌리가 봄이 오면 싹을 틔운대요. 따뜻한 낮에는 꽃잎을 활짝 열고, 쌀쌀한 밤이 되면 꽃잎을 꼭 닫아 체온을 지킨답니다.

📖 방금 본 「튤립」, 그림책으로 바로 보기 👇
https://www.tangobook.co.kr/library/1773365185498/about
탱고북 — 7일 무료 체험 · 광고 없음  (tangobook.co.kr)

탱고북은 AI로 양산하지 않고 큐레이션한 명작·자연관찰 동화 플랫폼이에요.
같은 동화를 그림체 여러 종으로, 한국어·영어로 만나고, 어휘 게임으로 익혀요.

#튤립 #자연관찰 #동물 #과학동화 #호기심 #탱고북 #유아교육 #그림책 #육아 #Shorts","#튤립 #자연관찰 #동물 #과학동화 #호기심 #탱고북 #유아교육 #그림책 #육아 #Shorts","https://www.tangobook.co.kr/library/1773365185498/about","https://pub-554d78bf0f2346cfb850060ac23280a7.r2.dev/mkt/41560119-7751-46f0-9015-d24eaf4cc62e/reels/1773365185498-1784171916238.mp4","https://pub-554d78bf0f2346cfb850060ac23280a7.r2.dev/mkt/41560119-7751-46f0-9015-d24eaf4cc62e/reels/1773365185498-thumb-1784171917538.png"
"89","1773573591972","파리지옥","nature-other","파리지옥은 벌레를 잡아먹어요! 🐾 #Shorts","파리지옥은 벌레를 잡아먹어요!

덫 안쪽에는 아주 미세한 '감각모'가 세 개씩 나 있어요. 곤충이 이 털을 두 번 건드리면 덫이 0.1초 만에 '쾅!' 닫힌대요. 척박한 땅에 살기 때문에 곤충을 사냥해 부족한 영양분을 보충하는 거랍니다.

📖 방금 본 「파리지옥」, 그림책으로 바로 보기 👇
https://www.tangobook.co.kr/library/1773573591972/about
탱고북 — 7일 무료 체험 · 광고 없음  (tangobook.co.kr)

탱고북은 AI로 양산하지 않고 큐레이션한 명작·자연관찰 동화 플랫폼이에요.
같은 동화를 그림체 여러 종으로, 한국어·영어로 만나고, 어휘 게임으로 익혀요.

#파리지옥 #자연관찰 #동물 #과학동화 #호기심 #탱고북 #유아교육 #그림책 #육아 #Shorts","#파리지옥 #자연관찰 #동물 #과학동화 #호기심 #탱고북 #유아교육 #그림책 #육아 #Shorts","https://www.tangobook.co.kr/library/1773573591972/about","https://pub-554d78bf0f2346cfb850060ac23280a7.r2.dev/mkt/41560119-7751-46f0-9015-d24eaf4cc62e/reels/1773573591972-1784172000907.mp4","https://pub-554d78bf0f2346cfb850060ac23280a7.r2.dev/mkt/41560119-7751-46f0-9015-d24eaf4cc62e/reels/1773573591972-thumb-1784172002346.png"
"90","1777615071158","판다","nature-other","대나무를 좋아하는 아기 판다를 만나요! 🐾 #Shorts","대나무를 좋아하는 아기 판다를 만나요!

판다는 까맣고 하얀 털을 가진 동물이에요. 대나무 숲에 살면서 오독오독 대나무를 아주 좋아하며 먹는답니다. 배가 부르면 스르륵 잠이 들지요.

📖 방금 본 「판다」, 그림책으로 바로 보기 👇
https://www.tangobook.co.kr/library/1777615071158/about
탱고북 — 7일 무료 체험 · 광고 없음  (tangobook.co.kr)

탱고북은 AI로 양산하지 않고 큐레이션한 명작·자연관찰 동화 플랫폼이에요.
같은 동화를 그림체 여러 종으로, 한국어·영어로 만나고, 어휘 게임으로 익혀요.

#판다 #자연관찰 #동물 #과학동화 #호기심 #탱고북 #유아교육 #그림책 #육아 #Shorts","#판다 #자연관찰 #동물 #과학동화 #호기심 #탱고북 #유아교육 #그림책 #육아 #Shorts","https://www.tangobook.co.kr/library/1777615071158/about","https://pub-554d78bf0f2346cfb850060ac23280a7.r2.dev/mkt/41560119-7751-46f0-9015-d24eaf4cc62e/reels/1777615071158-1784174746919.mp4","https://pub-554d78bf0f2346cfb850060ac23280a7.r2.dev/mkt/41560119-7751-46f0-9015-d24eaf4cc62e/reels/1777615071158-thumb-1784174748256.png"
"91","1777612659016","펭귄","nature-other","펭귄, 날개가 있는데 하늘을 못 나는 새는? 🐾 #Shorts","날개가 있는데 하늘을 못 나는 새는?

펭귄은 날개로 하늘 대신 바닷속을 날듯이 헤엄쳐요. 두꺼운 깃털이 차가운 바닷물을 막아 주죠. 아빠 펭귄은 발 위에 알을 올려 꼭 품고, 추운 겨울엔 친구들과 몸을 붙여 서로 따뜻하게 지낸답니다.

📖 방금 본 「펭귄」, 그림책으로 바로 보기 👇
https://www.tangobook.co.kr/library/1777612659016/about
탱고북 — 7일 무료 체험 · 광고 없음  (tangobook.co.kr)

탱고북은 AI로 양산하지 않고 큐레이션한 명작·자연관찰 동화 플랫폼이에요.
같은 동화를 그림체 여러 종으로, 한국어·영어로 만나고, 어휘 게임으로 익혀요.

#펭귄 #자연관찰 #동물 #과학동화 #호기심 #탱고북 #유아교육 #그림책 #육아 #Shorts","#펭귄 #자연관찰 #동물 #과학동화 #호기심 #탱고북 #유아교육 #그림책 #육아 #Shorts","https://www.tangobook.co.kr/library/1777612659016/about","https://pub-554d78bf0f2346cfb850060ac23280a7.r2.dev/mkt/41560119-7751-46f0-9015-d24eaf4cc62e/reels/1777612659016-1784170390846.mp4","https://pub-554d78bf0f2346cfb850060ac23280a7.r2.dev/mkt/41560119-7751-46f0-9015-d24eaf4cc62e/reels/1777612659016-thumb-1784170392012.png"
"92","1773561705472","포도나무","nature-other","포도나무는 덩굴손으로 잡고 올라가요! 🐾 #Shorts","포도나무는 덩굴손으로 잡고 올라가요!

포도나무는 다른 나무나 지지대를 감고 올라가며 자라는데, 이를 위해 '덩굴손'을 뻗어 꽉 잡는대요. 봄에 피는 꽃은 꽃잎이 없지만 노란 수술이 가득해 벌과 나비를 불러 모아요. 여름이 오면 동글동글한 알갱이가 모여 무거운 송이를 이룬답니다.

📖 방금 본 「포도나무」, 그림책으로 바로 보기 👇
https://www.tangobook.co.kr/library/1773561705472/about
탱고북 — 7일 무료 체험 · 광고 없음  (tangobook.co.kr)

탱고북은 AI로 양산하지 않고 큐레이션한 명작·자연관찰 동화 플랫폼이에요.
같은 동화를 그림체 여러 종으로, 한국어·영어로 만나고, 어휘 게임으로 익혀요.

#포도나무 #자연관찰 #동물 #과학동화 #호기심 #탱고북 #유아교육 #그림책 #육아 #Shorts","#포도나무 #자연관찰 #동물 #과학동화 #호기심 #탱고북 #유아교육 #그림책 #육아 #Shorts","https://www.tangobook.co.kr/library/1773561705472/about","https://pub-554d78bf0f2346cfb850060ac23280a7.r2.dev/mkt/41560119-7751-46f0-9015-d24eaf4cc62e/reels/1773561705472-1784172086453.mp4","https://pub-554d78bf0f2346cfb850060ac23280a7.r2.dev/mkt/41560119-7751-46f0-9015-d24eaf4cc62e/reels/1773561705472-thumb-1784172087977.png"
"93","1777447602938","표범","nature-other","나무 위의 사냥꾼, 표범을 만나 볼까요? 🐾 #Shorts","나무 위의 사냥꾼, 표범을 만나 볼까요?

표범은 몸에 동글동글 예쁜 무늬가 가득해서 풀숲에 꼭꼭 숨을 수 있어요. 어두운 밤에도 두 눈이 번쩍번쩍 빛나 잘 보고, 발소리 없이 살금살금 걷는답니다. 먹이를 물고 높은 나무 위로 훌쩍 올라가는 걸 좋아해요.

📖 방금 본 「표범」, 그림책으로 바로 보기 👇
https://www.tangobook.co.kr/library/1777447602938/about
탱고북 — 7일 무료 체험 · 광고 없음  (tangobook.co.kr)

탱고북은 AI로 양산하지 않고 큐레이션한 명작·자연관찰 동화 플랫폼이에요.
같은 동화를 그림체 여러 종으로, 한국어·영어로 만나고, 어휘 게임으로 익혀요.

#표범 #자연관찰 #동물 #과학동화 #호기심 #탱고북 #유아교육 #그림책 #육아 #Shorts","#표범 #자연관찰 #동물 #과학동화 #호기심 #탱고북 #유아교육 #그림책 #육아 #Shorts","https://www.tangobook.co.kr/library/1777447602938/about","https://pub-554d78bf0f2346cfb850060ac23280a7.r2.dev/mkt/41560119-7751-46f0-9015-d24eaf4cc62e/reels/1777447602938-1784174832246.mp4","https://pub-554d78bf0f2346cfb850060ac23280a7.r2.dev/mkt/41560119-7751-46f0-9015-d24eaf4cc62e/reels/1777447602938-thumb-1784174833766.png"
"94","1777613665299","해마","nature-other","해마, 아빠가 아기를 배에 품는 신기한 물고기는? 🐾 #Shorts","아빠가 아기를 배에 품는 신기한 물고기는?

해마는 물고기지만 비늘 대신 딱딱한 껍질이 몸을 지켜요. 두 눈이 따로따로 움직여 먹이와 적을 동시에 살피죠. 엄마가 넣어 준 알을 아빠 배에서 돌보다가, 다 자란 아기들이 팡팡 튀어나온답니다.

📖 방금 본 「해마」, 그림책으로 바로 보기 👇
https://www.tangobook.co.kr/library/1777613665299/about
탱고북 — 7일 무료 체험 · 광고 없음  (tangobook.co.kr)

탱고북은 AI로 양산하지 않고 큐레이션한 명작·자연관찰 동화 플랫폼이에요.
같은 동화를 그림체 여러 종으로, 한국어·영어로 만나고, 어휘 게임으로 익혀요.

#해마 #자연관찰 #동물 #과학동화 #호기심 #탱고북 #유아교육 #그림책 #육아 #Shorts","#해마 #자연관찰 #동물 #과학동화 #호기심 #탱고북 #유아교육 #그림책 #육아 #Shorts","https://www.tangobook.co.kr/library/1777613665299/about","https://pub-554d78bf0f2346cfb850060ac23280a7.r2.dev/mkt/41560119-7751-46f0-9015-d24eaf4cc62e/reels/1777613665299-1784170487315.mp4","https://pub-554d78bf0f2346cfb850060ac23280a7.r2.dev/mkt/41560119-7751-46f0-9015-d24eaf4cc62e/reels/1777613665299-thumb-1784170488642.png"
"95","1773365203383","해바라기","nature-other","해바라기는 태양을 따라 고개를 돌려요! 🐾 #Shorts","해바라기는 태양을 따라 고개를 돌려요!

아기 해바라기는 해를 아주 좋아해서 아침부터 저녁까지 태양을 따라 고개를 돌리는데, 이걸 '굴광성'이라고 해요. 가운데의 작은 꽃들이 시들면 그 자리에 우리가 아는 씨앗이 꽉 차게 들어찬대요.

📖 방금 본 「해바라기」, 그림책으로 바로 보기 👇
https://www.tangobook.co.kr/library/1773365203383/about
탱고북 — 7일 무료 체험 · 광고 없음  (tangobook.co.kr)

탱고북은 AI로 양산하지 않고 큐레이션한 명작·자연관찰 동화 플랫폼이에요.
같은 동화를 그림체 여러 종으로, 한국어·영어로 만나고, 어휘 게임으로 익혀요.

#해바라기 #자연관찰 #동물 #과학동화 #호기심 #탱고북 #유아교육 #그림책 #육아 #Shorts","#해바라기 #자연관찰 #동물 #과학동화 #호기심 #탱고북 #유아교육 #그림책 #육아 #Shorts","https://www.tangobook.co.kr/library/1773365203383/about","https://pub-554d78bf0f2346cfb850060ac23280a7.r2.dev/mkt/41560119-7751-46f0-9015-d24eaf4cc62e/reels/1773365203383-1784172174857.mp4","https://pub-554d78bf0f2346cfb850060ac23280a7.r2.dev/mkt/41560119-7751-46f0-9015-d24eaf4cc62e/reels/1773365203383-thumb-1784172176753.png"
"96","1777603478247","호랑나비","nature-other","새똥처럼 생긴 애벌레가 예쁜 호랑나비가 된다고요? 🐾 #Shorts","새똥처럼 생긴 애벌레가 예쁜 호랑나비가 된다고요?

알에서 갓 깨어난 애벌레는 적이 못 알아보게 새똥처럼 생겼다가, 자라면서 초록색 옷에 커다란 가짜 눈 무늬가 생겨요. 건드리면 머리에서 주황색 뿔이 쑥 나와 고약한 냄새로 적을 쫓는답니다. 날개에 덮인 작은 가루가 예쁜 색깔을 만들어 줘요.

📖 방금 본 「호랑나비」, 그림책으로 바로 보기 👇
https://www.tangobook.co.kr/library/1777603478247/about
탱고북 — 7일 무료 체험 · 광고 없음  (tangobook.co.kr)

탱고북은 AI로 양산하지 않고 큐레이션한 명작·자연관찰 동화 플랫폼이에요.
같은 동화를 그림체 여러 종으로, 한국어·영어로 만나고, 어휘 게임으로 익혀요.

#호랑나비 #자연관찰 #동물 #과학동화 #호기심 #탱고북 #유아교육 #그림책 #육아 #Shorts","#호랑나비 #자연관찰 #동물 #과학동화 #호기심 #탱고북 #유아교육 #그림책 #육아 #Shorts","https://www.tangobook.co.kr/library/1777603478247/about","https://pub-554d78bf0f2346cfb850060ac23280a7.r2.dev/mkt/41560119-7751-46f0-9015-d24eaf4cc62e/reels/1777603478247-1784167597887.mp4","https://pub-554d78bf0f2346cfb850060ac23280a7.r2.dev/mkt/41560119-7751-46f0-9015-d24eaf4cc62e/reels/1777603478247-thumb-1784167599278.png"
"97","1777434565272","호랑이","nature-other","숲속의 왕 호랑이, 정말 멋지죠? 🐾 #Shorts","숲속의 왕 호랑이, 정말 멋지죠?

호랑이는 주황색 털에 까만 줄무늬가 있어서 숲속에 숨기 딱 좋아요. 어두운 밤에도 눈이 번쩍번쩍 빛나고, 푹신한 발바닥으로 소리 없이 걸어 다니죠. 고양이과인데도 물놀이와 수영을 아주 좋아한답니다.

📖 방금 본 「호랑이」, 그림책으로 바로 보기 👇
https://www.tangobook.co.kr/library/1777434565272/about
탱고북 — 7일 무료 체험 · 광고 없음  (tangobook.co.kr)

탱고북은 AI로 양산하지 않고 큐레이션한 명작·자연관찰 동화 플랫폼이에요.
같은 동화를 그림체 여러 종으로, 한국어·영어로 만나고, 어휘 게임으로 익혀요.

#호랑이 #자연관찰 #동물 #과학동화 #호기심 #탱고북 #유아교육 #그림책 #육아 #Shorts","#호랑이 #자연관찰 #동물 #과학동화 #호기심 #탱고북 #유아교육 #그림책 #육아 #Shorts","https://www.tangobook.co.kr/library/1777434565272/about","https://pub-554d78bf0f2346cfb850060ac23280a7.r2.dev/mkt/41560119-7751-46f0-9015-d24eaf4cc62e/reels/1777434565272-1784174915979.mp4","https://pub-554d78bf0f2346cfb850060ac23280a7.r2.dev/mkt/41560119-7751-46f0-9015-d24eaf4cc62e/reels/1777434565272-thumb-1784174917450.png"
"98","1773615711742","화산과 지진","nature-other","화산과 지진, 우리가 밟고 있는 땅속이 뜨겁게 살아 움직인다고요? 🐾 #Shorts","우리가 밟고 있는 땅속이 뜨겁게 살아 움직인다고요?

지구의 겉 부분은 여러 개의 거대한 판으로 나뉘어 있어서, 판들이 서로 밀거나 부딪히면 쌓인 힘이 한꺼번에 터지며 땅이 흔들리는 지진이 일어나요. 바다 밑에서 지진이 나면 거대한 파도인 쓰나미가 몰려오기도 한대요.

📖 방금 본 「화산과 지진」, 그림책으로 바로 보기 👇
https://www.tangobook.co.kr/library/1773615711742/about
탱고북 — 7일 무료 체험 · 광고 없음  (tangobook.co.kr)

탱고북은 AI로 양산하지 않고 큐레이션한 명작·자연관찰 동화 플랫폼이에요.
같은 동화를 그림체 여러 종으로, 한국어·영어로 만나고, 어휘 게임으로 익혀요.

#화산과지진 #자연관찰 #동물 #과학동화 #호기심 #탱고북 #유아교육 #그림책 #육아 #Shorts","#화산과지진 #자연관찰 #동물 #과학동화 #호기심 #탱고북 #유아교육 #그림책 #육아 #Shorts","https://www.tangobook.co.kr/library/1773615711742/about","https://pub-554d78bf0f2346cfb850060ac23280a7.r2.dev/mkt/41560119-7751-46f0-9015-d24eaf4cc62e/reels/1773615711742-1784172938438.mp4","https://pub-554d78bf0f2346cfb850060ac23280a7.r2.dev/mkt/41560119-7751-46f0-9015-d24eaf4cc62e/reels/1773615711742-thumb-1784172940367.png"
"99","1777613940158","흰동가리","nature-other","흰동가리, 독이 있는 말미잘 속에서 사는 물고기는? 🐾 #Shorts","독이 있는 말미잘 속에서 사는 물고기는?

흰동가리는 몸이 특별해서 말미잘 독에 쏘이지 않아요. 말미잘은 안전한 집을 주고, 흰동가리는 주변을 청소하며 서로 도와요. 가족 중 제일 큰 물고기가 엄마가 되고, 엄마가 사라지면 아빠가 엄마가 된답니다.

📖 방금 본 「흰동가리」, 그림책으로 바로 보기 👇
https://www.tangobook.co.kr/library/1777613940158/about
탱고북 — 7일 무료 체험 · 광고 없음  (tangobook.co.kr)

탱고북은 AI로 양산하지 않고 큐레이션한 명작·자연관찰 동화 플랫폼이에요.
같은 동화를 그림체 여러 종으로, 한국어·영어로 만나고, 어휘 게임으로 익혀요.

#흰동가리 #자연관찰 #동물 #과학동화 #호기심 #탱고북 #유아교육 #그림책 #육아 #Shorts","#흰동가리 #자연관찰 #동물 #과학동화 #호기심 #탱고북 #유아교육 #그림책 #육아 #Shorts","https://www.tangobook.co.kr/library/1777613940158/about","https://pub-554d78bf0f2346cfb850060ac23280a7.r2.dev/mkt/41560119-7751-46f0-9015-d24eaf4cc62e/reels/1777613940158-1784170584229.mp4","https://pub-554d78bf0f2346cfb850060ac23280a7.r2.dev/mkt/41560119-7751-46f0-9015-d24eaf4cc62e/reels/1777613940158-thumb-1784170585629.png"
"100","1772009873865","개구리 왕자","classic","개구리 왕자 🐸 | 연못에 빠진 황금 공, 누가 찾아 줬을까요? #Shorts","황금 공을 매개로 시작된 인연이 약속과 변신의 기적으로 이어지는 이야기

막내 공주가 아끼던 황금 공을 연못에 빠뜨리자, 개구리가 친구가 되어 주기로 약속하고 공을 찾아 줘요. 공주는 약속을 잊고 도망가지만, 임금님의 가르침에 따라 개구리를 받아들이지요. 그러자 개구리는 멋진 왕자님으로 변한답니다.

📖 방금 본 「개구리 왕자」, 그림책으로 바로 보기 👇
https://www.tangobook.co.kr/library/1772009873865/about
탱고북 — 7일 무료 체험 · 광고 없음  (tangobook.co.kr)

탱고북은 AI로 양산하지 않고 큐레이션한 명작·자연관찰 동화 플랫폼이에요.
같은 동화를 그림체 여러 종으로, 한국어·영어로 만나고, 어휘 게임으로 익혀요.

#개구리왕자 #세계명작 #전래동화 #동화 #잠자리동화 #명작동화 #탱고북 #유아교육 #그림책 #육아 #Shorts","#개구리왕자 #세계명작 #전래동화 #동화 #잠자리동화 #명작동화 #탱고북 #유아교육 #그림책 #육아 #Shorts","https://www.tangobook.co.kr/library/1772009873865/about","https://pub-554d78bf0f2346cfb850060ac23280a7.r2.dev/mkt/41560119-7751-46f0-9015-d24eaf4cc62e/reels/1772009873865-1784165762328.mp4","https://pub-554d78bf0f2346cfb850060ac23280a7.r2.dev/mkt/41560119-7751-46f0-9015-d24eaf4cc62e/reels/1772009873865-thumb-1784165770832.png"
"101","1772082243436","개미와 베짱이","classic","개미와 베짱이 🐜 | 겨울이 오자 놀기만 한 베짱이는 어떻게 됐을까요? #Shorts","여름내 노래한 베짱이, 부지런히 모은 개미

여름 동안 개미는 부지런히 식량을 모으지만, 베짱이는 노래하며 놀기만 해요. 겨울이 오자 먹을 것이 없어진 베짱이가 개미를 찾아가고, 개미는 따뜻하게 먹을 것을 나누어 줍니다.

📖 방금 본 「개미와 베짱이」, 그림책으로 바로 보기 👇
https://www.tangobook.co.kr/library/1772082243436/about
탱고북 — 7일 무료 체험 · 광고 없음  (tangobook.co.kr)

탱고북은 AI로 양산하지 않고 큐레이션한 명작·자연관찰 동화 플랫폼이에요.
같은 동화를 그림체 여러 종으로, 한국어·영어로 만나고, 어휘 게임으로 익혀요.

#개미와베짱이 #세계명작 #전래동화 #동화 #잠자리동화 #명작동화 #탱고북 #유아교육 #그림책 #육아 #Shorts","#개미와베짱이 #세계명작 #전래동화 #동화 #잠자리동화 #명작동화 #탱고북 #유아교육 #그림책 #육아 #Shorts","https://www.tangobook.co.kr/library/1772082243436/about","https://pub-554d78bf0f2346cfb850060ac23280a7.r2.dev/mkt/41560119-7751-46f0-9015-d24eaf4cc62e/reels/1772082243436-1784165854671.mp4","https://pub-554d78bf0f2346cfb850060ac23280a7.r2.dev/mkt/41560119-7751-46f0-9015-d24eaf4cc62e/reels/1772082243436-thumb-1784165863825.png"
"102","1772084667220","거인의 정원","classic","거인의 정원 ❄️ | 이 정원에만 봄이 오지 않는 이유는? #Shorts","정원에만 겨울이 계속된 이유는?

거인이 아이들을 쫓아내고 담을 쌓자, 정원에는 봄이 오지 않고 겨울만 계속돼요. 아이들이 담 구멍으로 몰래 들어오자 꽃이 피기 시작하고, 마음이 녹은 거인은 담을 허물고 아이들과 함께 지냅니다.

📖 방금 본 「거인의 정원」, 그림책으로 바로 보기 👇
https://www.tangobook.co.kr/library/1772084667220/about
탱고북 — 7일 무료 체험 · 광고 없음  (tangobook.co.kr)

탱고북은 AI로 양산하지 않고 큐레이션한 명작·자연관찰 동화 플랫폼이에요.
같은 동화를 그림체 여러 종으로, 한국어·영어로 만나고, 어휘 게임으로 익혀요.

#거인의정원 #세계명작 #전래동화 #동화 #잠자리동화 #명작동화 #탱고북 #유아교육 #그림책 #육아 #Shorts","#거인의정원 #세계명작 #전래동화 #동화 #잠자리동화 #명작동화 #탱고북 #유아교육 #그림책 #육아 #Shorts","https://www.tangobook.co.kr/library/1772084667220/about","https://pub-554d78bf0f2346cfb850060ac23280a7.r2.dev/mkt/41560119-7751-46f0-9015-d24eaf4cc62e/reels/1772084667220-1784165950456.mp4","https://pub-554d78bf0f2346cfb850060ac23280a7.r2.dev/mkt/41560119-7751-46f0-9015-d24eaf4cc62e/reels/1772084667220-thumb-1784165958795.png"
"103","1772085655331","걸리버 여행기","classic","걸리버 여행기 ⛵ | 걸리버가 도착한 손바닥만 한 나라는? #Shorts","소인국과 거인국을 오가는 대모험

항해 중 표류한 걸리버는 자기보다 아주 작은 사람들이 사는 소인국에 도착해 거인 취급을 받아요. 이번엔 반대로 자신이 작아지는 거인국도 여행하며, 크기가 달라도 서로 돕고 이해하는 법을 배웁니다.

📖 방금 본 「걸리버 여행기」, 그림책으로 바로 보기 👇
https://www.tangobook.co.kr/library/1772085655331/about
탱고북 — 7일 무료 체험 · 광고 없음  (tangobook.co.kr)

탱고북은 AI로 양산하지 않고 큐레이션한 명작·자연관찰 동화 플랫폼이에요.
같은 동화를 그림체 여러 종으로, 한국어·영어로 만나고, 어휘 게임으로 익혀요.

#걸리버여행기 #세계명작 #전래동화 #동화 #잠자리동화 #명작동화 #탱고북 #유아교육 #그림책 #육아 #Shorts","#걸리버여행기 #세계명작 #전래동화 #동화 #잠자리동화 #명작동화 #탱고북 #유아교육 #그림책 #육아 #Shorts","https://www.tangobook.co.kr/library/1772085655331/about","https://pub-554d78bf0f2346cfb850060ac23280a7.r2.dev/mkt/41560119-7751-46f0-9015-d24eaf4cc62e/reels/1772085655331-1784166040860.mp4","https://pub-554d78bf0f2346cfb850060ac23280a7.r2.dev/mkt/41560119-7751-46f0-9015-d24eaf4cc62e/reels/1772085655331-thumb-1784166048994.png"
"104","1772086769057","구둣방 할아버지와 꼬마 요정","classic","구둣방 할아버지와 꼬마 요정 🥿 | 밤마다 구두를 만들어 준 건 누구였을까요? #Shorts","밤마다 구두를 만들어 준 건 누구였을까요?

가죽 한 켤레치만 남은 가난한 구두장이가 잠든 밤, 작은 요정들이 나타나 멋진 구두를 만들어 줘요. 구두가 잘 팔려 형편이 나아지자, 노부부는 헐벗은 요정들에게 작은 옷과 신발을 지어 선물합니다.

📖 방금 본 「구둣방 할아버지와 꼬마 요정」, 그림책으로 바로 보기 👇
https://www.tangobook.co.kr/library/1772086769057/about
탱고북 — 7일 무료 체험 · 광고 없음  (tangobook.co.kr)

탱고북은 AI로 양산하지 않고 큐레이션한 명작·자연관찰 동화 플랫폼이에요.
같은 동화를 그림체 여러 종으로, 한국어·영어로 만나고, 어휘 게임으로 익혀요.

#구둣방할아버지와꼬마요정 #세계명작 #전래동화 #동화 #잠자리동화 #명작동화 #탱고북 #유아교육 #그림책 #육아 #Shorts","#구둣방할아버지와꼬마요정 #세계명작 #전래동화 #동화 #잠자리동화 #명작동화 #탱고북 #유아교육 #그림책 #육아 #Shorts","https://www.tangobook.co.kr/library/1772086769057/about","https://pub-554d78bf0f2346cfb850060ac23280a7.r2.dev/mkt/41560119-7751-46f0-9015-d24eaf4cc62e/reels/1772086769057-1784166134326.mp4","https://pub-554d78bf0f2346cfb850060ac23280a7.r2.dev/mkt/41560119-7751-46f0-9015-d24eaf4cc62e/reels/1772086769057-thumb-1784166142471.png"
"105","1772088321757","금발 머리 소녀와 곰 세 마리","classic","금발 머리 소녀와 곰 세 마리 🐻 | 빈 곰 세 마리 집에 몰래 들어간 소녀는? #Shorts","빈 집에 몰래 들어간 골디락스

숲속을 걷던 골디락스가 빈 곰 세 마리 집에 들어가 죽을 먹고 의자에 앉고 침대에 누워요. 매번 아빠 곰·엄마 곰 것은 너무 크거나 뜨겁고, 아기 곰 것이 딱 알맞았지요. 그러다 돌아온 곰들에게 들켜 깜짝 놀라 달아납니다.

📖 방금 본 「금발 머리 소녀와 곰 세 마리」, 그림책으로 바로 보기 👇
https://www.tangobook.co.kr/library/1772088321757/about
탱고북 — 7일 무료 체험 · 광고 없음  (tangobook.co.kr)

탱고북은 AI로 양산하지 않고 큐레이션한 명작·자연관찰 동화 플랫폼이에요.
같은 동화를 그림체 여러 종으로, 한국어·영어로 만나고, 어휘 게임으로 익혀요.

#금발머리소녀와곰세마리 #세계명작 #전래동화 #동화 #잠자리동화 #명작동화 #탱고북 #유아교육 #그림책 #육아 #Shorts","#금발머리소녀와곰세마리 #세계명작 #전래동화 #동화 #잠자리동화 #명작동화 #탱고북 #유아교육 #그림책 #육아 #Shorts","https://www.tangobook.co.kr/library/1772088321757/about","https://pub-554d78bf0f2346cfb850060ac23280a7.r2.dev/mkt/41560119-7751-46f0-9015-d24eaf4cc62e/reels/1772088321757-1784166228556.mp4","https://pub-554d78bf0f2346cfb850060ac23280a7.r2.dev/mkt/41560119-7751-46f0-9015-d24eaf4cc62e/reels/1772088321757-thumb-1784166237423.png"
"106","1777276113613","눈의 여왕","classic","눈의 여왕 ❄️ | 얼음 궁전에 끌려간 친구를 구할 수 있을까요? #Shorts","눈의 여왕에게 끌려간 친구를 구하러

마법 거울 조각이 눈과 마음에 박힌 카이가 차갑게 변해 눈의 여왕을 따라가요. 게르다는 친구를 찾아 봄·여름·가을·겨울을 지나 여러 도움을 받으며, 마침내 얼음 궁전에서 카이를 구해 냅니다.

📖 방금 본 「눈의 여왕」, 그림책으로 바로 보기 👇
https://www.tangobook.co.kr/library/1777276113613/about
탱고북 — 7일 무료 체험 · 광고 없음  (tangobook.co.kr)

탱고북은 AI로 양산하지 않고 큐레이션한 명작·자연관찰 동화 플랫폼이에요.
같은 동화를 그림체 여러 종으로, 한국어·영어로 만나고, 어휘 게임으로 익혀요.

#눈의여왕 #세계명작 #전래동화 #동화 #잠자리동화 #명작동화 #탱고북 #유아교육 #그림책 #육아 #Shorts","#눈의여왕 #세계명작 #전래동화 #동화 #잠자리동화 #명작동화 #탱고북 #유아교육 #그림책 #육아 #Shorts","https://www.tangobook.co.kr/library/1777276113613/about","https://pub-554d78bf0f2346cfb850060ac23280a7.r2.dev/mkt/41560119-7751-46f0-9015-d24eaf4cc62e/reels/1777276113613-1784166327197.mp4","https://pub-554d78bf0f2346cfb850060ac23280a7.r2.dev/mkt/41560119-7751-46f0-9015-d24eaf4cc62e/reels/1777276113613-thumb-1784166335768.png"
"107","1777276046428","늑대와 일곱 마리 아기 염소","classic","늑대와 일곱 마리 아기 염소 🐐 | 엄마가 없을 때 문을 두드린 건 누구일까요? #Shorts","엄마가 없는 사이 찾아온 늑대

엄마 염소가 나간 사이, 늑대가 목소리를 곱게 하고 발을 하얗게 칠해 아기 염소들을 속여요. 시계 속에 숨은 막내만 살아남고, 돌아온 엄마가 지혜를 내어 잠든 늑대에게서 아이들을 무사히 구해 냅니다.

📖 방금 본 「늑대와 일곱 마리 아기 염소」, 그림책으로 바로 보기 👇
https://www.tangobook.co.kr/library/1777276046428/about
탱고북 — 7일 무료 체험 · 광고 없음  (tangobook.co.kr)

탱고북은 AI로 양산하지 않고 큐레이션한 명작·자연관찰 동화 플랫폼이에요.
같은 동화를 그림체 여러 종으로, 한국어·영어로 만나고, 어휘 게임으로 익혀요.

#늑대와일곱마리아기염소 #세계명작 #전래동화 #동화 #잠자리동화 #명작동화 #탱고북 #유아교육 #그림책 #육아 #Shorts","#늑대와일곱마리아기염소 #세계명작 #전래동화 #동화 #잠자리동화 #명작동화 #탱고북 #유아교육 #그림책 #육아 #Shorts","https://www.tangobook.co.kr/library/1777276046428/about","https://pub-554d78bf0f2346cfb850060ac23280a7.r2.dev/mkt/41560119-7751-46f0-9015-d24eaf4cc62e/reels/1777276046428-1784166442185.mp4","https://pub-554d78bf0f2346cfb850060ac23280a7.r2.dev/mkt/41560119-7751-46f0-9015-d24eaf4cc62e/reels/1777276046428-thumb-1784166450830.png"
"108","1777272102062","라푼젤","classic","라푼젤 👸 | 높은 탑에 갇힌 소녀는 어떻게 나올까요? #Shorts","높은 탑에 갇힌 긴 머리 소녀

마녀에게 높은 탑에 갇힌 라푼젤은 긴 머리카락을 늘어뜨려 사람을 맞이해요. 외로운 나날에도 노래하며 희망을 잃지 않던 라푼젤은, 따뜻한 인연과 용기로 마침내 탑을 벗어나 자유를 되찾습니다.

📖 방금 본 「라푼젤」, 그림책으로 바로 보기 👇
https://www.tangobook.co.kr/library/1777272102062/about
탱고북 — 7일 무료 체험 · 광고 없음  (tangobook.co.kr)

탱고북은 AI로 양산하지 않고 큐레이션한 명작·자연관찰 동화 플랫폼이에요.
같은 동화를 그림체 여러 종으로, 한국어·영어로 만나고, 어휘 게임으로 익혀요.

#라푼젤 #세계명작 #전래동화 #동화 #잠자리동화 #명작동화 #탱고북 #유아교육 #그림책 #육아 #Shorts","#라푼젤 #세계명작 #전래동화 #동화 #잠자리동화 #명작동화 #탱고북 #유아교육 #그림책 #육아 #Shorts","https://www.tangobook.co.kr/library/1777272102062/about","https://pub-554d78bf0f2346cfb850060ac23280a7.r2.dev/mkt/41560119-7751-46f0-9015-d24eaf4cc62e/reels/1777272102062-1784166542553.mp4","https://pub-554d78bf0f2346cfb850060ac23280a7.r2.dev/mkt/41560119-7751-46f0-9015-d24eaf4cc62e/reels/1777272102062-thumb-1784166551324.png"
"109","1772093674655","미운 아기 오리","classic","미운 아기 오리 🦆 | 미움받던 회색 아기 새의 진짜 모습은? #Shorts","형제들과 달라 미움받던 아기 새

오리 가족 사이에서 태어난 회색 아기 새는 생김새가 달라 형제와 동물들에게 따돌림을 당해요. 외롭게 떠돌며 추운 겨울을 견딘 아기 새는, 봄이 오자 자신이 아름다운 백조였음을 깨닫습니다.

📖 방금 본 「미운 아기 오리」, 그림책으로 바로 보기 👇
https://www.tangobook.co.kr/library/1772093674655/about
탱고북 — 7일 무료 체험 · 광고 없음  (tangobook.co.kr)

탱고북은 AI로 양산하지 않고 큐레이션한 명작·자연관찰 동화 플랫폼이에요.
같은 동화를 그림체 여러 종으로, 한국어·영어로 만나고, 어휘 게임으로 익혀요.

#미운아기오리 #세계명작 #전래동화 #동화 #잠자리동화 #명작동화 #탱고북 #유아교육 #그림책 #육아 #Shorts","#미운아기오리 #세계명작 #전래동화 #동화 #잠자리동화 #명작동화 #탱고북 #유아교육 #그림책 #육아 #Shorts","https://www.tangobook.co.kr/library/1772093674655/about","https://pub-554d78bf0f2346cfb850060ac23280a7.r2.dev/mkt/41560119-7751-46f0-9015-d24eaf4cc62e/reels/1772093674655-1784166634458.mp4","https://pub-554d78bf0f2346cfb850060ac23280a7.r2.dev/mkt/41560119-7751-46f0-9015-d24eaf4cc62e/reels/1772093674655-thumb-1784166642588.png"
"110","1778555233699","백설공주","classic","백설공주 🍎 | 거울아 거울아, 누가 제일 예쁘니? #Shorts","'거울아, 거울아' 누가 가장 예쁘니?

마법 거울이 백설공주를 가장 아름답다고 하자, 질투한 새 왕비가 공주를 해치려 해요. 일곱 난쟁이 집으로 피한 공주는 왕비가 건넨 독사과를 먹고 깊은 잠에 빠지지만, 진실한 마음 덕분에 다시 깨어납니다.

📖 방금 본 「백설공주」, 그림책으로 바로 보기 👇
https://www.tangobook.co.kr/library/1778555233699/about
탱고북 — 7일 무료 체험 · 광고 없음  (tangobook.co.kr)

탱고북은 AI로 양산하지 않고 큐레이션한 명작·자연관찰 동화 플랫폼이에요.
같은 동화를 그림체 여러 종으로, 한국어·영어로 만나고, 어휘 게임으로 익혀요.

#백설공주 #세계명작 #전래동화 #동화 #잠자리동화 #명작동화 #탱고북 #유아교육 #그림책 #육아 #Shorts","#백설공주 #세계명작 #전래동화 #동화 #잠자리동화 #명작동화 #탱고북 #유아교육 #그림책 #육아 #Shorts","https://www.tangobook.co.kr/library/1778555233699/about","https://pub-554d78bf0f2346cfb850060ac23280a7.r2.dev/mkt/41560119-7751-46f0-9015-d24eaf4cc62e/reels/1778555233699-1784166750533.mp4","https://pub-554d78bf0f2346cfb850060ac23280a7.r2.dev/mkt/41560119-7751-46f0-9015-d24eaf4cc62e/reels/1778555233699-thumb-1784166759567.png"
"111","1772094228783","백조 왕자","classic","백조 왕자 🦢 | 백조가 된 오빠 열한 명을 구하려면? #Shorts","백조가 된 오빠 열한 명을 구하려면?

새 왕비의 저주로 오빠 열한 명이 백조가 되고 엘리자도 쫓겨나요. 엘리자는 말 한마디 없이 쐐기풀로 오빠들의 옷을 짜고, 그 한결같은 사랑으로 마침내 오빠들을 사람으로 되돌립니다.

📖 방금 본 「백조 왕자」, 그림책으로 바로 보기 👇
https://www.tangobook.co.kr/library/1772094228783/about
탱고북 — 7일 무료 체험 · 광고 없음  (tangobook.co.kr)

탱고북은 AI로 양산하지 않고 큐레이션한 명작·자연관찰 동화 플랫폼이에요.
같은 동화를 그림체 여러 종으로, 한국어·영어로 만나고, 어휘 게임으로 익혀요.

#백조왕자 #세계명작 #전래동화 #동화 #잠자리동화 #명작동화 #탱고북 #유아교육 #그림책 #육아 #Shorts","#백조왕자 #세계명작 #전래동화 #동화 #잠자리동화 #명작동화 #탱고북 #유아교육 #그림책 #육아 #Shorts","https://www.tangobook.co.kr/library/1772094228783/about","https://pub-554d78bf0f2346cfb850060ac23280a7.r2.dev/mkt/41560119-7751-46f0-9015-d24eaf4cc62e/reels/1772094228783-1784166867278.mp4","https://pub-554d78bf0f2346cfb850060ac23280a7.r2.dev/mkt/41560119-7751-46f0-9015-d24eaf4cc62e/reels/1772094228783-thumb-1784166876980.png"
"112","1772094591661","백조의 호수","classic","백조의 호수 🩰 | 낮엔 백조, 밤엔 사람인 공주가 있다고요? #Shorts","낮에는 백조, 밤에는 사람인 공주

지크프리트 왕자는 호숫가에서 백조가 아가씨로 변하는 오데트 공주와 사랑에 빠져요. 마법사의 계략으로 다른 여인을 오데트로 착각하지만, 실수를 깨닫고 진심을 되찾아 사랑을 지켜 냅니다.

📖 방금 본 「백조의 호수」, 그림책으로 바로 보기 👇
https://www.tangobook.co.kr/library/1772094591661/about
탱고북 — 7일 무료 체험 · 광고 없음  (tangobook.co.kr)

탱고북은 AI로 양산하지 않고 큐레이션한 명작·자연관찰 동화 플랫폼이에요.
같은 동화를 그림체 여러 종으로, 한국어·영어로 만나고, 어휘 게임으로 익혀요.

#백조의호수 #세계명작 #전래동화 #동화 #잠자리동화 #명작동화 #탱고북 #유아교육 #그림책 #육아 #Shorts","#백조의호수 #세계명작 #전래동화 #동화 #잠자리동화 #명작동화 #탱고북 #유아교육 #그림책 #육아 #Shorts","https://www.tangobook.co.kr/library/1772094591661/about","https://pub-554d78bf0f2346cfb850060ac23280a7.r2.dev/mkt/41560119-7751-46f0-9015-d24eaf4cc62e/reels/1772094591661-1784166989621.mp4","https://pub-554d78bf0f2346cfb850060ac23280a7.r2.dev/mkt/41560119-7751-46f0-9015-d24eaf4cc62e/reels/1772094591661-thumb-1784166998871.png"
"113","1777284655559","보물섬","classic","보물섬 🏴‍☠️ | 보물 지도를 손에 넣은 소년은 어디로 갈까요? #Shorts","보물 지도를 손에 넣은 소년의 항해

여관에서 우연히 보물 지도를 얻은 짐은 어른들과 함께 배를 타고 보물섬으로 떠나요. 선원 중 상당수가 보물을 노리는 해적이었지만, 짐은 용기와 지혜로 위기를 넘기고 무사히 돌아옵니다.

📖 방금 본 「보물섬」, 그림책으로 바로 보기 👇
https://www.tangobook.co.kr/library/1777284655559/about
탱고북 — 7일 무료 체험 · 광고 없음  (tangobook.co.kr)

탱고북은 AI로 양산하지 않고 큐레이션한 명작·자연관찰 동화 플랫폼이에요.
같은 동화를 그림체 여러 종으로, 한국어·영어로 만나고, 어휘 게임으로 익혀요.

#보물섬 #세계명작 #전래동화 #동화 #잠자리동화 #명작동화 #탱고북 #유아교육 #그림책 #육아 #Shorts","#보물섬 #세계명작 #전래동화 #동화 #잠자리동화 #명작동화 #탱고북 #유아교육 #그림책 #육아 #Shorts","https://www.tangobook.co.kr/library/1777284655559/about","https://pub-554d78bf0f2346cfb850060ac23280a7.r2.dev/mkt/41560119-7751-46f0-9015-d24eaf4cc62e/reels/1777284655559-1784167109750.mp4","https://pub-554d78bf0f2346cfb850060ac23280a7.r2.dev/mkt/41560119-7751-46f0-9015-d24eaf4cc62e/reels/1777284655559-thumb-1784167119156.png"
"114","1777274748674","북풍과 태양","classic","북풍과 태양 ☀️ | 나그네의 외투, 북풍과 태양 중 누가 벗길까요? #Shorts","누가 더 셀까? 북풍과 태양의 내기

북풍과 태양이 나그네의 외투를 먼저 벗기는 쪽이 이기기로 내기를 해요. 북풍이 찬 바람을 불수록 나그네는 외투를 꽉 여미지만, 태양이 따뜻한 햇살을 비추자 나그네 스스로 외투를 벗습니다.

📖 방금 본 「북풍과 태양」, 그림책으로 바로 보기 👇
https://www.tangobook.co.kr/library/1777274748674/about
탱고북 — 7일 무료 체험 · 광고 없음  (tangobook.co.kr)

탱고북은 AI로 양산하지 않고 큐레이션한 명작·자연관찰 동화 플랫폼이에요.
같은 동화를 그림체 여러 종으로, 한국어·영어로 만나고, 어휘 게임으로 익혀요.

#북풍과태양 #세계명작 #전래동화 #동화 #잠자리동화 #명작동화 #탱고북 #유아교육 #그림책 #육아 #Shorts","#북풍과태양 #세계명작 #전래동화 #동화 #잠자리동화 #명작동화 #탱고북 #유아교육 #그림책 #육아 #Shorts","https://www.tangobook.co.kr/library/1777274748674/about","https://pub-554d78bf0f2346cfb850060ac23280a7.r2.dev/mkt/41560119-7751-46f0-9015-d24eaf4cc62e/reels/1777274748674-1784167227127.mp4","https://pub-554d78bf0f2346cfb850060ac23280a7.r2.dev/mkt/41560119-7751-46f0-9015-d24eaf4cc62e/reels/1777274748674-thumb-1784167237365.png"
"115","1772097729467","브레멘 음악대","classic","브레멘 음악대 🎺 | 쫓겨난 네 마리 동물이 힘을 합치면? #Shorts","쫓겨난 네 동물이 힘을 합치면?

늙어 쓸모없다고 내쳐진 당나귀·개·고양이·수탉이 음악대를 꿈꾸며 길을 떠나요. 숲속 집에서 도둑들을 발견한 네 친구는 서로 등에 올라타 큰 소리를 내어 도둑을 쫓아내고 함께 새 보금자리를 얻습니다.

📖 방금 본 「브레멘 음악대」, 그림책으로 바로 보기 👇
https://www.tangobook.co.kr/library/1772097729467/about
탱고북 — 7일 무료 체험 · 광고 없음  (tangobook.co.kr)

탱고북은 AI로 양산하지 않고 큐레이션한 명작·자연관찰 동화 플랫폼이에요.
같은 동화를 그림체 여러 종으로, 한국어·영어로 만나고, 어휘 게임으로 익혀요.

#브레멘음악대 #세계명작 #전래동화 #동화 #잠자리동화 #명작동화 #탱고북 #유아교육 #그림책 #육아 #Shorts","#브레멘음악대 #세계명작 #전래동화 #동화 #잠자리동화 #명작동화 #탱고북 #유아교육 #그림책 #육아 #Shorts","https://www.tangobook.co.kr/library/1772097729467/about","https://pub-554d78bf0f2346cfb850060ac23280a7.r2.dev/mkt/41560119-7751-46f0-9015-d24eaf4cc62e/reels/1772097729467-1784167359968.mp4","https://pub-554d78bf0f2346cfb850060ac23280a7.r2.dev/mkt/41560119-7751-46f0-9015-d24eaf4cc62e/reels/1772097729467-thumb-1784167369560.png"
"116","1772098071249","빨간 구두","classic","빨간 구두 👠 | 벗겨지지 않는 빨간 구두, 무슨 일이 있었을까요? #Shorts","화려한 빨간 구두에 마음을 빼앗긴 소녀

빨간 구두를 너무 좋아한 카렌은 중요한 자리에서도 구두만 생각하다 점점 곤란에 빠져요. 집착이 부른 어려움을 겪으며 카렌은 뉘우치고, 겉모습보다 마음과 주변 사람이 더 소중함을 깨닫습니다.

📖 방금 본 「빨간 구두」, 그림책으로 바로 보기 👇
https://www.tangobook.co.kr/library/1772098071249/about
탱고북 — 7일 무료 체험 · 광고 없음  (tangobook.co.kr)

탱고북은 AI로 양산하지 않고 큐레이션한 명작·자연관찰 동화 플랫폼이에요.
같은 동화를 그림체 여러 종으로, 한국어·영어로 만나고, 어휘 게임으로 익혀요.

#빨간구두 #세계명작 #전래동화 #동화 #잠자리동화 #명작동화 #탱고북 #유아교육 #그림책 #육아 #Shorts","#빨간구두 #세계명작 #전래동화 #동화 #잠자리동화 #명작동화 #탱고북 #유아교육 #그림책 #육아 #Shorts","https://www.tangobook.co.kr/library/1772098071249/about","https://pub-554d78bf0f2346cfb850060ac23280a7.r2.dev/mkt/41560119-7751-46f0-9015-d24eaf4cc62e/reels/1772098071249-1784167472089.mp4","https://pub-554d78bf0f2346cfb850060ac23280a7.r2.dev/mkt/41560119-7751-46f0-9015-d24eaf4cc62e/reels/1772098071249-thumb-1784167481080.png"
"117","1777277632597","빨간머리 앤","classic","빨간머리 앤 🌸 | 초록지붕집에 온 상상 부자 소녀는 누구일까요? #Shorts","상상력이 넘치는 고아 소녀 앤

실수로 남자아이 대신 초록지붕집에 입양된 앤은, 풍부한 상상력과 솔직함으로 가족과 마을의 사랑을 받아요. 크고 작은 실수를 겪으면서도 늘 긍정적으로 다시 일어서며 멋지게 성장합니다.

📖 방금 본 「빨간머리 앤」, 그림책으로 바로 보기 👇
https://www.tangobook.co.kr/library/1777277632597/about
탱고북 — 7일 무료 체험 · 광고 없음  (tangobook.co.kr)

탱고북은 AI로 양산하지 않고 큐레이션한 명작·자연관찰 동화 플랫폼이에요.
같은 동화를 그림체 여러 종으로, 한국어·영어로 만나고, 어휘 게임으로 익혀요.

#빨간머리앤 #세계명작 #전래동화 #동화 #잠자리동화 #명작동화 #탱고북 #유아교육 #그림책 #육아 #Shorts","#빨간머리앤 #세계명작 #전래동화 #동화 #잠자리동화 #명작동화 #탱고북 #유아교육 #그림책 #육아 #Shorts","https://www.tangobook.co.kr/library/1777277632597/about","https://pub-554d78bf0f2346cfb850060ac23280a7.r2.dev/mkt/41560119-7751-46f0-9015-d24eaf4cc62e/reels/1777277632597-1784167698913.mp4","https://pub-554d78bf0f2346cfb850060ac23280a7.r2.dev/mkt/41560119-7751-46f0-9015-d24eaf4cc62e/reels/1777277632597-thumb-1784167709527.png"
"118","1778476961082","빨간모자","classic","빨간모자 🐺 | 할머니 집 가는 길, 빨간 모자가 만난 건? #Shorts","할머니 집으로 가던 길, 만난 늑대

빨간 모자를 쓴 소녀가 아픈 할머니께 음식을 가져다드리러 숲길을 가요. 길에서 만난 늑대가 먼저 할머니 집으로 가 변장하지만, 지나가던 사냥꾼이 소녀와 할머니를 무사히 구해 냅니다.

📖 방금 본 「빨간모자」, 그림책으로 바로 보기 👇
https://www.tangobook.co.kr/library/1778476961082/about
탱고북 — 7일 무료 체험 · 광고 없음  (tangobook.co.kr)

탱고북은 AI로 양산하지 않고 큐레이션한 명작·자연관찰 동화 플랫폼이에요.
같은 동화를 그림체 여러 종으로, 한국어·영어로 만나고, 어휘 게임으로 익혀요.

#빨간모자 #세계명작 #전래동화 #동화 #잠자리동화 #명작동화 #탱고북 #유아교육 #그림책 #육아 #Shorts","#빨간모자 #세계명작 #전래동화 #동화 #잠자리동화 #명작동화 #탱고북 #유아교육 #그림책 #육아 #Shorts","https://www.tangobook.co.kr/library/1778476961082/about","https://pub-554d78bf0f2346cfb850060ac23280a7.r2.dev/mkt/41560119-7751-46f0-9015-d24eaf4cc62e/reels/1778476961082-1784167581265.mp4","https://pub-554d78bf0f2346cfb850060ac23280a7.r2.dev/mkt/41560119-7751-46f0-9015-d24eaf4cc62e/reels/1778476961082-thumb-1784167590633.png"
"119","1772106564046","생강빵 아이","classic","생강빵 아이 🍪 | ""날 잡아 봐라!"" 도망친 빵의 최후는? #Shorts","'날 잡아 봐라!' 도망치는 생강빵

할머니가 구운 생강빵이 살아나 날 잡아 봐라 외치며 도망쳐요. 할머니·할아버지·여러 동물이 뒤쫓아도 아무도 못 잡지만, 자만하던 생강빵은 친절한 척하는 여우의 꾐에 그만 넘어가고 맙니다.

📖 방금 본 「생강빵 아이」, 그림책으로 바로 보기 👇
https://www.tangobook.co.kr/library/1772106564046/about
탱고북 — 7일 무료 체험 · 광고 없음  (tangobook.co.kr)

탱고북은 AI로 양산하지 않고 큐레이션한 명작·자연관찰 동화 플랫폼이에요.
같은 동화를 그림체 여러 종으로, 한국어·영어로 만나고, 어휘 게임으로 익혀요.

#생강빵아이 #세계명작 #전래동화 #동화 #잠자리동화 #명작동화 #탱고북 #유아교육 #그림책 #육아 #Shorts","#생강빵아이 #세계명작 #전래동화 #동화 #잠자리동화 #명작동화 #탱고북 #유아교육 #그림책 #육아 #Shorts","https://www.tangobook.co.kr/library/1772106564046/about","https://pub-554d78bf0f2346cfb850060ac23280a7.r2.dev/mkt/41560119-7751-46f0-9015-d24eaf4cc62e/reels/1772106564046-1784167810347.mp4","https://pub-554d78bf0f2346cfb850060ac23280a7.r2.dev/mkt/41560119-7751-46f0-9015-d24eaf4cc62e/reels/1772106564046-thumb-1784167819285.png"
"120","1777274769616","성냥갑 병정","classic","성냥갑 병정 🎖️ | 다리가 하나뿐인 작은 병정의 모험은? #Shorts","다리가 하나뿐인 작은 주석 병정

다리가 하나뿐인 병정은 예쁜 종이 발레리나에게 마음을 뺏겨요. 바람에 창밖으로 떨어져 종이배를 타고 하수구를 떠돌고 물고기에게 삼켜지는 시련을 겪지만, 끝까지 울지 않고 의연하게 마음을 지킵니다.

📖 방금 본 「성냥갑 병정」, 그림책으로 바로 보기 👇
https://www.tangobook.co.kr/library/1777274769616/about
탱고북 — 7일 무료 체험 · 광고 없음  (tangobook.co.kr)

탱고북은 AI로 양산하지 않고 큐레이션한 명작·자연관찰 동화 플랫폼이에요.
같은 동화를 그림체 여러 종으로, 한국어·영어로 만나고, 어휘 게임으로 익혀요.

#성냥갑병정 #세계명작 #전래동화 #동화 #잠자리동화 #명작동화 #탱고북 #유아교육 #그림책 #육아 #Shorts","#성냥갑병정 #세계명작 #전래동화 #동화 #잠자리동화 #명작동화 #탱고북 #유아교육 #그림책 #육아 #Shorts","https://www.tangobook.co.kr/library/1777274769616/about","https://pub-554d78bf0f2346cfb850060ac23280a7.r2.dev/mkt/41560119-7751-46f0-9015-d24eaf4cc62e/reels/1777274769616-1784167922635.mp4","https://pub-554d78bf0f2346cfb850060ac23280a7.r2.dev/mkt/41560119-7751-46f0-9015-d24eaf4cc62e/reels/1777274769616-thumb-1784167932128.png"
"121","1772106779761","성냥팔이 소녀","classic","성냥팔이 소녀 🔥 | 추운 밤, 성냥을 켜자 무엇이 보였을까요? #Shorts","추운 그믐날 밤, 성냥을 켜자

춥고 배고픈 소녀가 팔리지 않는 성냥을 들고 거리에 서 있어요. 너무 추워 성냥을 하나씩 켜자 불빛 속에 따뜻한 난로와 맛있는 음식, 그리고 사랑하는 할머니가 나타납니다.

📖 방금 본 「성냥팔이 소녀」, 그림책으로 바로 보기 👇
https://www.tangobook.co.kr/library/1772106779761/about
탱고북 — 7일 무료 체험 · 광고 없음  (tangobook.co.kr)

탱고북은 AI로 양산하지 않고 큐레이션한 명작·자연관찰 동화 플랫폼이에요.
같은 동화를 그림체 여러 종으로, 한국어·영어로 만나고, 어휘 게임으로 익혀요.

#성냥팔이소녀 #세계명작 #전래동화 #동화 #잠자리동화 #명작동화 #탱고북 #유아교육 #그림책 #육아 #Shorts","#성냥팔이소녀 #세계명작 #전래동화 #동화 #잠자리동화 #명작동화 #탱고북 #유아교육 #그림책 #육아 #Shorts","https://www.tangobook.co.kr/library/1772106779761/about","https://pub-554d78bf0f2346cfb850060ac23280a7.r2.dev/mkt/41560119-7751-46f0-9015-d24eaf4cc62e/reels/1772106779761-1784168034200.mp4","https://pub-554d78bf0f2346cfb850060ac23280a7.r2.dev/mkt/41560119-7751-46f0-9015-d24eaf4cc62e/reels/1772106779761-thumb-1784168043481.png"
"122","1777277635476","소공녀","classic","소공녀 👑 | 부잣집 소녀가 하루아침에 하녀가 된다면? #Shorts","부유했던 소녀가 하녀가 된다면?

부유한 기숙학교 학생이던 세라는 아버지의 불행으로 하루아침에 하녀 신세가 돼요. 힘든 처지에도 상상력으로 어려움을 견디고 더 어려운 이를 도우며 품위를 잃지 않다가, 마침내 행복을 되찾습니다.

📖 방금 본 「소공녀」, 그림책으로 바로 보기 👇
https://www.tangobook.co.kr/library/1777277635476/about
탱고북 — 7일 무료 체험 · 광고 없음  (tangobook.co.kr)

탱고북은 AI로 양산하지 않고 큐레이션한 명작·자연관찰 동화 플랫폼이에요.
같은 동화를 그림체 여러 종으로, 한국어·영어로 만나고, 어휘 게임으로 익혀요.

#소공녀 #세계명작 #전래동화 #동화 #잠자리동화 #명작동화 #탱고북 #유아교육 #그림책 #육아 #Shorts","#소공녀 #세계명작 #전래동화 #동화 #잠자리동화 #명작동화 #탱고북 #유아교육 #그림책 #육아 #Shorts","https://www.tangobook.co.kr/library/1777277635476/about","https://pub-554d78bf0f2346cfb850060ac23280a7.r2.dev/mkt/41560119-7751-46f0-9015-d24eaf4cc62e/reels/1777277635476-1784168154804.mp4","https://pub-554d78bf0f2346cfb850060ac23280a7.r2.dev/mkt/41560119-7751-46f0-9015-d24eaf4cc62e/reels/1777277635476-thumb-1784168164054.png"
"123","1772107608499","신데렐라","classic","신데렐라 👠 | 자정이 되기 전에 돌아와야 하는 이유는? #Shorts","착한 마음은 약한 걸까요?

무도회에 가지 못해 슬퍼하던 밤, 요정 대모가 나타나 호박을 마차로, 누더기를 드레스로 바꿔 줘요. 신데렐라는 자정이 되기 전에 돌아와야 한다는 약속과 함께 꿈에 그리던 무도회로 향합니다.

📖 방금 본 「신데렐라」, 그림책으로 바로 보기 👇
https://www.tangobook.co.kr/library/1772107608499/about
탱고북 — 7일 무료 체험 · 광고 없음  (tangobook.co.kr)

탱고북은 AI로 양산하지 않고 큐레이션한 명작·자연관찰 동화 플랫폼이에요.
같은 동화를 그림체 여러 종으로, 한국어·영어로 만나고, 어휘 게임으로 익혀요.

#신데렐라 #세계명작 #전래동화 #동화 #잠자리동화 #명작동화 #탱고북 #유아교육 #그림책 #육아 #Shorts","#신데렐라 #세계명작 #전래동화 #동화 #잠자리동화 #명작동화 #탱고북 #유아교육 #그림책 #육아 #Shorts","https://www.tangobook.co.kr/library/1772107608499/about","https://pub-554d78bf0f2346cfb850060ac23280a7.r2.dev/mkt/41560119-7751-46f0-9015-d24eaf4cc62e/reels/1772107608499-1784168267072.mp4","https://pub-554d78bf0f2346cfb850060ac23280a7.r2.dev/mkt/41560119-7751-46f0-9015-d24eaf4cc62e/reels/1772107608499-thumb-1784168278876.png"
"124","1777284662626","신밧드의 모험","classic","신밧드의 모험 ⚓ | 섬인 줄 알고 올랐는데 고래였다고요? #Shorts","바다를 사랑한 상인의 일곱 번의 항해

항해 중 신드바드는 섬인 줄 알고 오른 곳이 거대한 고래임을 알고 바다에 빠져요. 나무통에 매달려 낯선 섬에 닿은 그는, 거대한 새 로크의 도움으로 보석 계곡에 이르는 등 위기를 지혜로 넘깁니다.

📖 방금 본 「신밧드의 모험」, 그림책으로 바로 보기 👇
https://www.tangobook.co.kr/library/1777284662626/about
탱고북 — 7일 무료 체험 · 광고 없음  (tangobook.co.kr)

탱고북은 AI로 양산하지 않고 큐레이션한 명작·자연관찰 동화 플랫폼이에요.
같은 동화를 그림체 여러 종으로, 한국어·영어로 만나고, 어휘 게임으로 익혀요.

#신밧드의모험 #세계명작 #전래동화 #동화 #잠자리동화 #명작동화 #탱고북 #유아교육 #그림책 #육아 #Shorts","#신밧드의모험 #세계명작 #전래동화 #동화 #잠자리동화 #명작동화 #탱고북 #유아교육 #그림책 #육아 #Shorts","https://www.tangobook.co.kr/library/1777284662626/about","https://pub-554d78bf0f2346cfb850060ac23280a7.r2.dev/mkt/41560119-7751-46f0-9015-d24eaf4cc62e/reels/1777284662626-1784168381021.mp4","https://pub-554d78bf0f2346cfb850060ac23280a7.r2.dev/mkt/41560119-7751-46f0-9015-d24eaf4cc62e/reels/1777284662626-thumb-1784168390207.png"
"125","1772108045716","아기 돼지 삼형제","classic","아기 돼지 삼형제 🐷 | 짚·나무·벽돌, 누구 집이 무사할까요? #Shorts","짚·나무·벽돌, 누구 집이 튼튼할까요?

첫째와 둘째 돼지는 짚과 나무로 대충 집을 짓고 놀지만, 셋째는 시간을 들여 벽돌집을 단단히 지어요. 늑대가 짚집과 나무집을 후 불어 날려 버리자 두 형제는 셋째의 벽돌집으로 도망치고, 늑대는 끝내 실패합니다.

📖 방금 본 「아기 돼지 삼형제」, 그림책으로 바로 보기 👇
https://www.tangobook.co.kr/library/1772108045716/about
탱고북 — 7일 무료 체험 · 광고 없음  (tangobook.co.kr)

탱고북은 AI로 양산하지 않고 큐레이션한 명작·자연관찰 동화 플랫폼이에요.
같은 동화를 그림체 여러 종으로, 한국어·영어로 만나고, 어휘 게임으로 익혀요.

#아기돼지삼형제 #세계명작 #전래동화 #동화 #잠자리동화 #명작동화 #탱고북 #유아교육 #그림책 #육아 #Shorts","#아기돼지삼형제 #세계명작 #전래동화 #동화 #잠자리동화 #명작동화 #탱고북 #유아교육 #그림책 #육아 #Shorts","https://www.tangobook.co.kr/library/1772108045716/about","https://pub-554d78bf0f2346cfb850060ac23280a7.r2.dev/mkt/41560119-7751-46f0-9015-d24eaf4cc62e/reels/1772108045716-1784168489139.mp4","https://pub-554d78bf0f2346cfb850060ac23280a7.r2.dev/mkt/41560119-7751-46f0-9015-d24eaf4cc62e/reels/1772108045716-thumb-1784168498601.png"
"126","1772108468177","알라딘과 요술 램프","classic","알라딘과 요술 램프 🪔 | 요술 램프를 문지르면 무슨 일이 일어날까요? #Shorts","요술 램프 속 지니가 나타나면?

가난한 소년 알라딘은 사악한 마법사의 꾐으로 동굴에서 요술 램프를 얻고, 램프 속 지니의 도움으로 어려움을 헤쳐 나가요. 마법사에게 램프를 빼앗기는 위기도 기지와 용기로 이겨내고 행복을 되찾습니다.

📖 방금 본 「알라딘과 요술 램프」, 그림책으로 바로 보기 👇
https://www.tangobook.co.kr/library/1772108468177/about
탱고북 — 7일 무료 체험 · 광고 없음  (tangobook.co.kr)

탱고북은 AI로 양산하지 않고 큐레이션한 명작·자연관찰 동화 플랫폼이에요.
같은 동화를 그림체 여러 종으로, 한국어·영어로 만나고, 어휘 게임으로 익혀요.

#알라딘과요술램프 #세계명작 #전래동화 #동화 #잠자리동화 #명작동화 #탱고북 #유아교육 #그림책 #육아 #Shorts","#알라딘과요술램프 #세계명작 #전래동화 #동화 #잠자리동화 #명작동화 #탱고북 #유아교육 #그림책 #육아 #Shorts","https://www.tangobook.co.kr/library/1772108468177/about","https://pub-554d78bf0f2346cfb850060ac23280a7.r2.dev/mkt/41560119-7751-46f0-9015-d24eaf4cc62e/reels/1772108468177-1784168594606.mp4","https://pub-554d78bf0f2346cfb850060ac23280a7.r2.dev/mkt/41560119-7751-46f0-9015-d24eaf4cc62e/reels/1772108468177-thumb-1784168604117.png"
"127","1777277215628","어린 왕자","classic","어린 왕자 🌟 | 작은 별에서 온 왕자가 알려준 비밀은? #Shorts","작은 별에서 온 어린 왕자

사막에 불시착한 비행사가 작은 별에서 온 어린 왕자를 만나요. 어린 왕자는 자신의 별과 소중한 장미, 여러 별에서 만난 어른들, 그리고 여우와의 우정 이야기를 들려주며 소중함의 의미를 일깨웁니다.

📖 방금 본 「어린 왕자」, 그림책으로 바로 보기 👇
https://www.tangobook.co.kr/library/1777277215628/about
탱고북 — 7일 무료 체험 · 광고 없음  (tangobook.co.kr)

탱고북은 AI로 양산하지 않고 큐레이션한 명작·자연관찰 동화 플랫폼이에요.
같은 동화를 그림체 여러 종으로, 한국어·영어로 만나고, 어휘 게임으로 익혀요.

#어린왕자 #세계명작 #전래동화 #동화 #잠자리동화 #명작동화 #탱고북 #유아교육 #그림책 #육아 #Shorts","#어린왕자 #세계명작 #전래동화 #동화 #잠자리동화 #명작동화 #탱고북 #유아교육 #그림책 #육아 #Shorts","https://www.tangobook.co.kr/library/1777277215628/about","https://pub-554d78bf0f2346cfb850060ac23280a7.r2.dev/mkt/41560119-7751-46f0-9015-d24eaf4cc62e/reels/1777277215628-1784168711539.mp4","https://pub-554d78bf0f2346cfb850060ac23280a7.r2.dev/mkt/41560119-7751-46f0-9015-d24eaf4cc62e/reels/1777277215628-thumb-1784168721180.png"
"128","1772108847406","엄지 아가씨","classic","엄지 아가씨 🌷 | 엄지손가락만 한 작은 소녀의 여행은? #Shorts","엄지손가락만 한 작은 소녀

꽃에서 태어난 작은 엄지 아가씨는 두꺼비·들쥐·두더지에게 휘둘리며 여러 위기를 겪어요. 추위에 떨던 제비를 정성껏 돌본 인연으로, 제비가 그녀를 따뜻한 꽃의 나라로 데려가 행복을 찾아 줍니다.

📖 방금 본 「엄지 아가씨」, 그림책으로 바로 보기 👇
https://www.tangobook.co.kr/library/1772108847406/about
탱고북 — 7일 무료 체험 · 광고 없음  (tangobook.co.kr)

탱고북은 AI로 양산하지 않고 큐레이션한 명작·자연관찰 동화 플랫폼이에요.
같은 동화를 그림체 여러 종으로, 한국어·영어로 만나고, 어휘 게임으로 익혀요.

#엄지아가씨 #세계명작 #전래동화 #동화 #잠자리동화 #명작동화 #탱고북 #유아교육 #그림책 #육아 #Shorts","#엄지아가씨 #세계명작 #전래동화 #동화 #잠자리동화 #명작동화 #탱고북 #유아교육 #그림책 #육아 #Shorts","https://www.tangobook.co.kr/library/1772108847406/about","https://pub-554d78bf0f2346cfb850060ac23280a7.r2.dev/mkt/41560119-7751-46f0-9015-d24eaf4cc62e/reels/1772108847406-1784168823087.mp4","https://pub-554d78bf0f2346cfb850060ac23280a7.r2.dev/mkt/41560119-7751-46f0-9015-d24eaf4cc62e/reels/1772108847406-thumb-1784168832898.png"
"129","1772109314126","오즈의 마법사","classic","오즈의 마법사 🌪️ | 회오리에 휩쓸린 도로시, 집에 갈 수 있을까요? #Shorts","회오리에 휩쓸려 도착한 오즈 나라

회오리바람에 휩쓸려 오즈에 떨어진 도로시는 집으로 돌아가려 마법사를 찾아 떠나요. 지혜를 원하는 허수아비, 마음을 원하는 양철 나무꾼, 용기를 원하는 사자와 함께하며, 소중한 것이 이미 자신 안에 있음을 깨닫습니다.

📖 방금 본 「오즈의 마법사」, 그림책으로 바로 보기 👇
https://www.tangobook.co.kr/library/1772109314126/about
탱고북 — 7일 무료 체험 · 광고 없음  (tangobook.co.kr)

탱고북은 AI로 양산하지 않고 큐레이션한 명작·자연관찰 동화 플랫폼이에요.
같은 동화를 그림체 여러 종으로, 한국어·영어로 만나고, 어휘 게임으로 익혀요.

#오즈의마법사 #세계명작 #전래동화 #동화 #잠자리동화 #명작동화 #탱고북 #유아교육 #그림책 #육아 #Shorts","#오즈의마법사 #세계명작 #전래동화 #동화 #잠자리동화 #명작동화 #탱고북 #유아교육 #그림책 #육아 #Shorts","https://www.tangobook.co.kr/library/1772109314126/about","https://pub-554d78bf0f2346cfb850060ac23280a7.r2.dev/mkt/41560119-7751-46f0-9015-d24eaf4cc62e/reels/1772109314126-1784168930320.mp4","https://pub-554d78bf0f2346cfb850060ac23280a7.r2.dev/mkt/41560119-7751-46f0-9015-d24eaf4cc62e/reels/1772109314126-thumb-1784168939026.png"
"130","1772181211472","우당탕탕 염소 삼 형제","classic","우당탕탕 염소 삼 형제 🐐 | 다리 밑에 사는 트롤을 어떻게 넘을까요? #Shorts","다리 밑 괴물 트롤을 어떻게 넘을까요?

풀밭으로 가려면 트롤이 사는 다리를 건너야 해요. 작은 염소와 둘째 염소는 곧 더 큰 형이 올 거라며 지혜롭게 트롤을 넘기고, 마지막에 가장 크고 힘센 염소가 트롤을 물리쳐 모두 무사히 풀밭에 이릅니다.

📖 방금 본 「우당탕탕 염소 삼 형제」, 그림책으로 바로 보기 👇
https://www.tangobook.co.kr/library/1772181211472/about
탱고북 — 7일 무료 체험 · 광고 없음  (tangobook.co.kr)

탱고북은 AI로 양산하지 않고 큐레이션한 명작·자연관찰 동화 플랫폼이에요.
같은 동화를 그림체 여러 종으로, 한국어·영어로 만나고, 어휘 게임으로 익혀요.

#우당탕탕염소삼형제 #세계명작 #전래동화 #동화 #잠자리동화 #명작동화 #탱고북 #유아교육 #그림책 #육아 #Shorts","#우당탕탕염소삼형제 #세계명작 #전래동화 #동화 #잠자리동화 #명작동화 #탱고북 #유아교육 #그림책 #육아 #Shorts","https://www.tangobook.co.kr/library/1772181211472/about","https://pub-554d78bf0f2346cfb850060ac23280a7.r2.dev/mkt/41560119-7751-46f0-9015-d24eaf4cc62e/reels/1772181211472-1784169036934.mp4","https://pub-554d78bf0f2346cfb850060ac23280a7.r2.dev/mkt/41560119-7751-46f0-9015-d24eaf4cc62e/reels/1772181211472-thumb-1784169046375.png"
"131","1772182206245","이상한 나라의 앨리스","classic","이상한 나라의 앨리스 🐇 | 토끼 굴로 떨어지면 어떤 나라가 나올까요? #Shorts","토끼 굴로 떨어진 앨리스

회중시계를 든 토끼를 따라 굴에 들어간 앨리스는, 몸이 커졌다 작아지고 이상한 차 모임에 끼는 신기한 일들을 겪어요. 하트 여왕의 재판에까지 휘말리지만, 결국 모든 것이 꿈이었음을 알고 깨어납니다.

📖 방금 본 「이상한 나라의 앨리스」, 그림책으로 바로 보기 👇
https://www.tangobook.co.kr/library/1772182206245/about
탱고북 — 7일 무료 체험 · 광고 없음  (tangobook.co.kr)

탱고북은 AI로 양산하지 않고 큐레이션한 명작·자연관찰 동화 플랫폼이에요.
같은 동화를 그림체 여러 종으로, 한국어·영어로 만나고, 어휘 게임으로 익혀요.

#이상한나라의앨리스 #세계명작 #전래동화 #동화 #잠자리동화 #명작동화 #탱고북 #유아교육 #그림책 #육아 #Shorts","#이상한나라의앨리스 #세계명작 #전래동화 #동화 #잠자리동화 #명작동화 #탱고북 #유아교육 #그림책 #육아 #Shorts","https://www.tangobook.co.kr/library/1772182206245/about","https://pub-554d78bf0f2346cfb850060ac23280a7.r2.dev/mkt/41560119-7751-46f0-9015-d24eaf4cc62e/reels/1772182206245-1784169152232.mp4","https://pub-554d78bf0f2346cfb850060ac23280a7.r2.dev/mkt/41560119-7751-46f0-9015-d24eaf4cc62e/reels/1772182206245-thumb-1784169161776.png"
"132","1772181399388","인어 공주","classic","인어 공주 🧜‍♀️ | 목소리를 주고 다리를 얻은 인어 공주는? #Shorts","바닷속 공주가 인간을 사랑하면?

인어 공주는 폭풍 속에서 인간 왕자를 구한 뒤 그를 깊이 사랑하게 돼요. 사람이 되기 위해 바다 마녀와 거래해 목소리를 내어주고 다리를 얻어 뭍으로 오르며, 간절한 사랑의 대가를 치릅니다.

📖 방금 본 「인어 공주」, 그림책으로 바로 보기 👇
https://www.tangobook.co.kr/library/1772181399388/about
탱고북 — 7일 무료 체험 · 광고 없음  (tangobook.co.kr)

탱고북은 AI로 양산하지 않고 큐레이션한 명작·자연관찰 동화 플랫폼이에요.
같은 동화를 그림체 여러 종으로, 한국어·영어로 만나고, 어휘 게임으로 익혀요.

#인어공주 #세계명작 #전래동화 #동화 #잠자리동화 #명작동화 #탱고북 #유아교육 #그림책 #육아 #Shorts","#인어공주 #세계명작 #전래동화 #동화 #잠자리동화 #명작동화 #탱고북 #유아교육 #그림책 #육아 #Shorts","https://www.tangobook.co.kr/library/1772181399388/about","https://pub-554d78bf0f2346cfb850060ac23280a7.r2.dev/mkt/41560119-7751-46f0-9015-d24eaf4cc62e/reels/1772181399388-1784169261956.mp4","https://pub-554d78bf0f2346cfb850060ac23280a7.r2.dev/mkt/41560119-7751-46f0-9015-d24eaf4cc62e/reels/1772181399388-thumb-1784169286382.png"
"133","1772194909157","잠자는 숲속의 공주","classic","잠자는 숲속의 공주 🌹 | 백 년을 잠든 공주는 어떻게 깨어날까요? #Shorts","물레 바늘에 찔려 잠든 공주

요정의 저주로 공주는 물레 바늘에 찔려 깊은 잠에 빠지고, 온 성이 함께 잠들어요. 오랜 세월이 흘러 성을 찾은 이의 진심 어린 마음으로 공주가 깨어나고, 잠들었던 성과 사람들도 모두 함께 깨어납니다.

📖 방금 본 「잠자는 숲속의 공주」, 그림책으로 바로 보기 👇
https://www.tangobook.co.kr/library/1772194909157/about
탱고북 — 7일 무료 체험 · 광고 없음  (tangobook.co.kr)

탱고북은 AI로 양산하지 않고 큐레이션한 명작·자연관찰 동화 플랫폼이에요.
같은 동화를 그림체 여러 종으로, 한국어·영어로 만나고, 어휘 게임으로 익혀요.

#잠자는숲속의공주 #세계명작 #전래동화 #동화 #잠자리동화 #명작동화 #탱고북 #유아교육 #그림책 #육아 #Shorts","#잠자는숲속의공주 #세계명작 #전래동화 #동화 #잠자리동화 #명작동화 #탱고북 #유아교육 #그림책 #육아 #Shorts","https://www.tangobook.co.kr/library/1772194909157/about","https://pub-554d78bf0f2346cfb850060ac23280a7.r2.dev/mkt/41560119-7751-46f0-9015-d24eaf4cc62e/reels/1772194909157-1784169394786.mp4","https://pub-554d78bf0f2346cfb850060ac23280a7.r2.dev/mkt/41560119-7751-46f0-9015-d24eaf4cc62e/reels/1772194909157-thumb-1784169404094.png"
"134","1772197180029","정글북","classic","정글북 🐯 | 늑대 무리가 키운 소년 모글리를 아나요? #Shorts","늑대 무리에서 자란 소년 모글리

늑대 무리에서 자란 모글리는 곰 발루에게 정글의 지혜를, 흑표범 바기라에게 용기를 배우며 자라요. 무서운 호랑이 쉬어 칸의 위협을 친구들과 힘을 합쳐 이겨내며, 자연 속에서 더불어 사는 법을 익힙니다.

📖 방금 본 「정글북」, 그림책으로 바로 보기 👇
https://www.tangobook.co.kr/library/1772197180029/about
탱고북 — 7일 무료 체험 · 광고 없음  (tangobook.co.kr)

탱고북은 AI로 양산하지 않고 큐레이션한 명작·자연관찰 동화 플랫폼이에요.
같은 동화를 그림체 여러 종으로, 한국어·영어로 만나고, 어휘 게임으로 익혀요.

#정글북 #세계명작 #전래동화 #동화 #잠자리동화 #명작동화 #탱고북 #유아교육 #그림책 #육아 #Shorts","#정글북 #세계명작 #전래동화 #동화 #잠자리동화 #명작동화 #탱고북 #유아교육 #그림책 #육아 #Shorts","https://www.tangobook.co.kr/library/1772197180029/about","https://pub-554d78bf0f2346cfb850060ac23280a7.r2.dev/mkt/41560119-7751-46f0-9015-d24eaf4cc62e/reels/1772197180029-1784169500775.mp4","https://pub-554d78bf0f2346cfb850060ac23280a7.r2.dev/mkt/41560119-7751-46f0-9015-d24eaf4cc62e/reels/1772197180029-thumb-1784169509762.png"
"135","1772197611601","커다란 순무","classic","커다란 순무 🥕 | 어마어마하게 큰 순무, 뽑을 수 있을까요? #Shorts","어마어마하게 큰 순무, 뽑을 수 있을까요?

할아버지가 심은 순무가 어마어마하게 크게 자라요. 혼자서는 뽑을 수 없어 할머니, 손녀, 강아지, 고양이가 차례로 매달려도 꿈쩍 않다가, 마지막에 작은 생쥐까지 힘을 보태자 쑥 하고 뽑힙니다.

📖 방금 본 「커다란 순무」, 그림책으로 바로 보기 👇
https://www.tangobook.co.kr/library/1772197611601/about
탱고북 — 7일 무료 체험 · 광고 없음  (tangobook.co.kr)

탱고북은 AI로 양산하지 않고 큐레이션한 명작·자연관찰 동화 플랫폼이에요.
같은 동화를 그림체 여러 종으로, 한국어·영어로 만나고, 어휘 게임으로 익혀요.

#커다란순무 #세계명작 #전래동화 #동화 #잠자리동화 #명작동화 #탱고북 #유아교육 #그림책 #육아 #Shorts","#커다란순무 #세계명작 #전래동화 #동화 #잠자리동화 #명작동화 #탱고북 #유아교육 #그림책 #육아 #Shorts","https://www.tangobook.co.kr/library/1772197611601/about","https://pub-554d78bf0f2346cfb850060ac23280a7.r2.dev/mkt/41560119-7751-46f0-9015-d24eaf4cc62e/reels/1772197611601-1784169617562.mp4","https://pub-554d78bf0f2346cfb850060ac23280a7.r2.dev/mkt/41560119-7751-46f0-9015-d24eaf4cc62e/reels/1772197611601-thumb-1784169626757.png"
"136","1777284715922","키다리 아저씨","classic","키다리 아저씨 ✉️ | 얼굴도 모르는 후원자, 키다리 아저씨는 누구일까요? #Shorts","얼굴도 모르는 후원자에게 쓰는 편지

고아원에서 자란 주디는 글솜씨를 눈여겨본 익명의 후원자 덕분에 학교에 가게 돼요. 담장 너머로 본 긴 그림자 때문에 그를 키다리 아저씨라 부르며 편지를 쓰고, 따뜻한 관심 속에 꿈을 키워 갑니다.

📖 방금 본 「키다리 아저씨」, 그림책으로 바로 보기 👇
https://www.tangobook.co.kr/library/1777284715922/about
탱고북 — 7일 무료 체험 · 광고 없음  (tangobook.co.kr)

탱고북은 AI로 양산하지 않고 큐레이션한 명작·자연관찰 동화 플랫폼이에요.
같은 동화를 그림체 여러 종으로, 한국어·영어로 만나고, 어휘 게임으로 익혀요.

#키다리아저씨 #세계명작 #전래동화 #동화 #잠자리동화 #명작동화 #탱고북 #유아교육 #그림책 #육아 #Shorts","#키다리아저씨 #세계명작 #전래동화 #동화 #잠자리동화 #명작동화 #탱고북 #유아교육 #그림책 #육아 #Shorts","https://www.tangobook.co.kr/library/1777284715922/about","https://pub-554d78bf0f2346cfb850060ac23280a7.r2.dev/mkt/41560119-7751-46f0-9015-d24eaf4cc62e/reels/1777284715922-1784169738660.mp4","https://pub-554d78bf0f2346cfb850060ac23280a7.r2.dev/mkt/41560119-7751-46f0-9015-d24eaf4cc62e/reels/1777284715922-thumb-1784169748114.png"
"137","1777276044172","토끼와 거북이","classic","토끼와 거북이 🐢 | 빠른 토끼와 느린 거북이, 누가 이길까요? #Shorts","빠른 토끼와 느린 거북이, 누가 이길까요?

숲에서 가장 빠른 토끼가 느린 거북이를 놀리자, 거북이가 경주를 제안해요. 토끼는 순식간에 앞서가다 방심하고 낮잠을 자고, 그 사이 거북이는 쉬지 않고 걸어 결승선을 먼저 통과합니다.

📖 방금 본 「토끼와 거북이」, 그림책으로 바로 보기 👇
https://www.tangobook.co.kr/library/1777276044172/about
탱고북 — 7일 무료 체험 · 광고 없음  (tangobook.co.kr)

탱고북은 AI로 양산하지 않고 큐레이션한 명작·자연관찰 동화 플랫폼이에요.
같은 동화를 그림체 여러 종으로, 한국어·영어로 만나고, 어휘 게임으로 익혀요.

#토끼와거북이 #세계명작 #전래동화 #동화 #잠자리동화 #명작동화 #탱고북 #유아교육 #그림책 #육아 #Shorts","#토끼와거북이 #세계명작 #전래동화 #동화 #잠자리동화 #명작동화 #탱고북 #유아교육 #그림책 #육아 #Shorts","https://www.tangobook.co.kr/library/1777276044172/about","https://pub-554d78bf0f2346cfb850060ac23280a7.r2.dev/mkt/41560119-7751-46f0-9015-d24eaf4cc62e/reels/1777276044172-1784169858946.mp4","https://pub-554d78bf0f2346cfb850060ac23280a7.r2.dev/mkt/41560119-7751-46f0-9015-d24eaf4cc62e/reels/1777276044172-thumb-1784169868321.png"
"138","1777284718837","파랑새","classic","파랑새 🐦 | 행복을 주는 파랑새는 어디에 있을까요? #Shorts","행복을 주는 파랑새는 어디에 있을까요?

잠든 남매에게 요술 할머니가 찾아와 행복을 주는 파랑새를 찾아 달라 부탁해요. 남매는 환상의 나라들을 여행하며 새를 잡지만 번번이 놓치고, 집에 돌아와 보니 행복은 늘 곁에 있었음을 깨닫습니다.

📖 방금 본 「파랑새」, 그림책으로 바로 보기 👇
https://www.tangobook.co.kr/library/1777284718837/about
탱고북 — 7일 무료 체험 · 광고 없음  (tangobook.co.kr)

탱고북은 AI로 양산하지 않고 큐레이션한 명작·자연관찰 동화 플랫폼이에요.
같은 동화를 그림체 여러 종으로, 한국어·영어로 만나고, 어휘 게임으로 익혀요.

#파랑새 #세계명작 #전래동화 #동화 #잠자리동화 #명작동화 #탱고북 #유아교육 #그림책 #육아 #Shorts","#파랑새 #세계명작 #전래동화 #동화 #잠자리동화 #명작동화 #탱고북 #유아교육 #그림책 #육아 #Shorts","https://www.tangobook.co.kr/library/1777284718837/about","https://pub-554d78bf0f2346cfb850060ac23280a7.r2.dev/mkt/41560119-7751-46f0-9015-d24eaf4cc62e/reels/1777284718837-1784169977193.mp4","https://pub-554d78bf0f2346cfb850060ac23280a7.r2.dev/mkt/41560119-7751-46f0-9015-d24eaf4cc62e/reels/1777284718837-thumb-1784169987302.png"
"139","1777277618365","플란다스의 개","classic","플란다스의 개 🐕 | 화가를 꿈꾼 소년의 둘도 없는 단짝은? #Shorts","화가를 꿈꾸는 소년과 충직한 개

가난한 네로는 버려진 개 파트라슈를 정성껏 돌보며 둘도 없는 친구가 돼요. 화가를 꿈꾸며 그림을 그리던 네로는 어려움 속에서도 파트라슈와 서로 의지하며 끝까지 곁을 지킵니다.

📖 방금 본 「플란다스의 개」, 그림책으로 바로 보기 👇
https://www.tangobook.co.kr/library/1777277618365/about
탱고북 — 7일 무료 체험 · 광고 없음  (tangobook.co.kr)

탱고북은 AI로 양산하지 않고 큐레이션한 명작·자연관찰 동화 플랫폼이에요.
같은 동화를 그림체 여러 종으로, 한국어·영어로 만나고, 어휘 게임으로 익혀요.

#플란다스의개 #세계명작 #전래동화 #동화 #잠자리동화 #명작동화 #탱고북 #유아교육 #그림책 #육아 #Shorts","#플란다스의개 #세계명작 #전래동화 #동화 #잠자리동화 #명작동화 #탱고북 #유아교육 #그림책 #육아 #Shorts","https://www.tangobook.co.kr/library/1777277618365/about","https://pub-554d78bf0f2346cfb850060ac23280a7.r2.dev/mkt/41560119-7751-46f0-9015-d24eaf4cc62e/reels/1777277618365-1784170108175.mp4","https://pub-554d78bf0f2346cfb850060ac23280a7.r2.dev/mkt/41560119-7751-46f0-9015-d24eaf4cc62e/reels/1777277618365-thumb-1784170118351.png"
"140","1777266835789","피노키오","classic","피노키오 🤥 | 거짓말을 하면 코가 길어진다고요? #Shorts","거짓말하면 코가 길어지는 인형

목수 제페토가 만든 나무 인형 피노키오는 학교를 빼먹고 거짓말을 하다 코가 길어지는 등 여러 실수를 해요. 모험과 시련 속에서 정직·성실·용기를 배운 피노키오는, 마침내 진짜 소년이 됩니다.

📖 방금 본 「피노키오」, 그림책으로 바로 보기 👇
https://www.tangobook.co.kr/library/1777266835789/about
탱고북 — 7일 무료 체험 · 광고 없음  (tangobook.co.kr)

탱고북은 AI로 양산하지 않고 큐레이션한 명작·자연관찰 동화 플랫폼이에요.
같은 동화를 그림체 여러 종으로, 한국어·영어로 만나고, 어휘 게임으로 익혀요.

#피노키오 #세계명작 #전래동화 #동화 #잠자리동화 #명작동화 #탱고북 #유아교육 #그림책 #육아 #Shorts","#피노키오 #세계명작 #전래동화 #동화 #잠자리동화 #명작동화 #탱고북 #유아교육 #그림책 #육아 #Shorts","https://www.tangobook.co.kr/library/1777266835789/about","https://pub-554d78bf0f2346cfb850060ac23280a7.r2.dev/mkt/41560119-7751-46f0-9015-d24eaf4cc62e/reels/1777266835789-1784170224283.mp4","https://pub-554d78bf0f2346cfb850060ac23280a7.r2.dev/mkt/41560119-7751-46f0-9015-d24eaf4cc62e/reels/1777266835789-thumb-1784170234456.png"
"141","1772198278145","피리 부는 사나이","classic","피리 부는 사나이 🎶 | 피리 소리로 쥐 떼를 쫓았다고요? #Shorts","피리 소리로 쥐 떼를 쫓은 사나이

쥐 떼로 골치 아픈 마을이 피리 부는 사나이에게 보상을 약속하고 쥐를 쫓아 달라 부탁해요. 사나이가 피리 소리로 쥐를 모두 쫓아냈지만, 마을이 약속한 보상을 주지 않자 크게 실망하고 떠납니다.

📖 방금 본 「피리 부는 사나이」, 그림책으로 바로 보기 👇
https://www.tangobook.co.kr/library/1772198278145/about
탱고북 — 7일 무료 체험 · 광고 없음  (tangobook.co.kr)

탱고북은 AI로 양산하지 않고 큐레이션한 명작·자연관찰 동화 플랫폼이에요.
같은 동화를 그림체 여러 종으로, 한국어·영어로 만나고, 어휘 게임으로 익혀요.

#피리부는사나이 #세계명작 #전래동화 #동화 #잠자리동화 #명작동화 #탱고북 #유아교육 #그림책 #육아 #Shorts","#피리부는사나이 #세계명작 #전래동화 #동화 #잠자리동화 #명작동화 #탱고북 #유아교육 #그림책 #육아 #Shorts","https://www.tangobook.co.kr/library/1772198278145/about","https://pub-554d78bf0f2346cfb850060ac23280a7.r2.dev/mkt/41560119-7751-46f0-9015-d24eaf4cc62e/reels/1772198278145-1784170342898.mp4","https://pub-554d78bf0f2346cfb850060ac23280a7.r2.dev/mkt/41560119-7751-46f0-9015-d24eaf4cc62e/reels/1772198278145-thumb-1784170352318.png"
"142","1772198919301","피터와 늑대","classic","피터와 늑대 🐺 | 용감한 피터는 늑대를 어떻게 잡을까요? #Shorts","용감한 피터가 늑대를 잡는 법

할아버지의 경고에도 피터는 친구 새와 함께 들로 나가요. 늑대가 나타나 오리를 삼키자, 피터는 겁먹지 않고 새와 협력해 밧줄로 늑대를 붙잡아 사냥꾼에게 넘깁니다.

📖 방금 본 「피터와 늑대」, 그림책으로 바로 보기 👇
https://www.tangobook.co.kr/library/1772198919301/about
탱고북 — 7일 무료 체험 · 광고 없음  (tangobook.co.kr)

탱고북은 AI로 양산하지 않고 큐레이션한 명작·자연관찰 동화 플랫폼이에요.
같은 동화를 그림체 여러 종으로, 한국어·영어로 만나고, 어휘 게임으로 익혀요.

#피터와늑대 #세계명작 #전래동화 #동화 #잠자리동화 #명작동화 #탱고북 #유아교육 #그림책 #육아 #Shorts","#피터와늑대 #세계명작 #전래동화 #동화 #잠자리동화 #명작동화 #탱고북 #유아교육 #그림책 #육아 #Shorts","https://www.tangobook.co.kr/library/1772198919301/about","https://pub-554d78bf0f2346cfb850060ac23280a7.r2.dev/mkt/41560119-7751-46f0-9015-d24eaf4cc62e/reels/1772198919301-1784170452723.mp4","https://pub-554d78bf0f2346cfb850060ac23280a7.r2.dev/mkt/41560119-7751-46f0-9015-d24eaf4cc62e/reels/1772198919301-thumb-1784170461553.png"
"143","1777284736052","하이디","classic","하이디 🏔️ | 알프스에 온 소녀가 할아버지 마음을 열까요? #Shorts","알프스 산골로 온 밝은 소녀 하이디

부모를 잃고 알프스 할아버지에게 온 하이디는, 무뚝뚝한 할아버지가 만들어 준 건초 침대에 구름 같다며 행복해해요. 목동 페터·염소들과 어울리며, 밝고 다정한 마음으로 할아버지의 닫힌 마음까지 엽니다.

📖 방금 본 「하이디」, 그림책으로 바로 보기 👇
https://www.tangobook.co.kr/library/1777284736052/about
탱고북 — 7일 무료 체험 · 광고 없음  (tangobook.co.kr)

탱고북은 AI로 양산하지 않고 큐레이션한 명작·자연관찰 동화 플랫폼이에요.
같은 동화를 그림체 여러 종으로, 한국어·영어로 만나고, 어휘 게임으로 익혀요.

#하이디 #세계명작 #전래동화 #동화 #잠자리동화 #명작동화 #탱고북 #유아교육 #그림책 #육아 #Shorts","#하이디 #세계명작 #전래동화 #동화 #잠자리동화 #명작동화 #탱고북 #유아교육 #그림책 #육아 #Shorts","https://www.tangobook.co.kr/library/1777284736052/about","https://pub-554d78bf0f2346cfb850060ac23280a7.r2.dev/mkt/41560119-7751-46f0-9015-d24eaf4cc62e/reels/1777284736052-1784170562414.mp4","https://pub-554d78bf0f2346cfb850060ac23280a7.r2.dev/mkt/41560119-7751-46f0-9015-d24eaf4cc62e/reels/1777284736052-thumb-1784170572295.png"
"144","1772199288387","행복한 왕자","classic","행복한 왕자 💎 | 황금 동상이 보석을 모두 나눠 준 이유는? #Shorts","황금 동상과 제비가 이웃을 돕는다면?

높은 곳에서 도시의 슬픔을 본 행복한 왕자 동상은 제비에게 부탁해 자신의 루비와 사파이어, 몸을 덮은 금까지 가난한 이웃에게 나눠 줘요. 추운 겨울, 끝까지 곁을 지킨 제비와 왕자는 아름다운 사랑을 남깁니다.

📖 방금 본 「행복한 왕자」, 그림책으로 바로 보기 👇
https://www.tangobook.co.kr/library/1772199288387/about
탱고북 — 7일 무료 체험 · 광고 없음  (tangobook.co.kr)

탱고북은 AI로 양산하지 않고 큐레이션한 명작·자연관찰 동화 플랫폼이에요.
같은 동화를 그림체 여러 종으로, 한국어·영어로 만나고, 어휘 게임으로 익혀요.

#행복한왕자 #세계명작 #전래동화 #동화 #잠자리동화 #명작동화 #탱고북 #유아교육 #그림책 #육아 #Shorts","#행복한왕자 #세계명작 #전래동화 #동화 #잠자리동화 #명작동화 #탱고북 #유아교육 #그림책 #육아 #Shorts","https://www.tangobook.co.kr/library/1772199288387/about","https://pub-554d78bf0f2346cfb850060ac23280a7.r2.dev/mkt/41560119-7751-46f0-9015-d24eaf4cc62e/reels/1772199288387-1784170667245.mp4","https://pub-554d78bf0f2346cfb850060ac23280a7.r2.dev/mkt/41560119-7751-46f0-9015-d24eaf4cc62e/reels/1772199288387-thumb-1784170676983.png"
"145","1772201758726","호두까기 인형","classic","호두까기 인형 🎄 | 크리스마스 밤, 인형이 살아났다고요? #Shorts","크리스마스 밤, 살아난 호두까기 인형

크리스마스 밤, 클라라가 받은 호두까기 인형이 살아나 생쥐 왕과 싸워요. 클라라의 도움으로 승리한 인형은 멋진 왕자로 변해, 클라라를 과자 나라로 데려가 황홀한 환영을 받습니다.

📖 방금 본 「호두까기 인형」, 그림책으로 바로 보기 👇
https://www.tangobook.co.kr/library/1772201758726/about
탱고북 — 7일 무료 체험 · 광고 없음  (tangobook.co.kr)

탱고북은 AI로 양산하지 않고 큐레이션한 명작·자연관찰 동화 플랫폼이에요.
같은 동화를 그림체 여러 종으로, 한국어·영어로 만나고, 어휘 게임으로 익혀요.

#호두까기인형 #세계명작 #전래동화 #동화 #잠자리동화 #명작동화 #탱고북 #유아교육 #그림책 #육아 #Shorts","#호두까기인형 #세계명작 #전래동화 #동화 #잠자리동화 #명작동화 #탱고북 #유아교육 #그림책 #육아 #Shorts","https://www.tangobook.co.kr/library/1772201758726/about","https://pub-554d78bf0f2346cfb850060ac23280a7.r2.dev/mkt/41560119-7751-46f0-9015-d24eaf4cc62e/reels/1772201758726-1784170772032.mp4","https://pub-554d78bf0f2346cfb850060ac23280a7.r2.dev/mkt/41560119-7751-46f0-9015-d24eaf4cc62e/reels/1772201758726-thumb-1784170784211.png"