ISO-10303-21;
HEADER;
FILE_DESCRIPTION(('Open CASCADE Model'),'2;1');
FILE_NAME('Open CASCADE Shape Model','2026-10-07T22:46:02',('Author'),(
    'Open CASCADE'),'Open CASCADE STEP processor 7.9','Open CASCADE 7.9'
  ,'Unknown');
FILE_SCHEMA(('AUTOMOTIVE_DESIGN { 1 0 10303 214 1 1 1 1 }'));
ENDSEC;
DATA;
#1 = APPLICATION_PROTOCOL_DEFINITION('international standard',
  'automotive_design',2000,#2);
#2 = APPLICATION_CONTEXT(
  'core data for automotive mechanical design processes');
#3 = SHAPE_DEFINITION_REPRESENTATION(#4,#10);
#4 = PRODUCT_DEFINITION_SHAPE('','',#5);
#5 = PRODUCT_DEFINITION('design','',#6,#9);
#6 = PRODUCT_DEFINITION_FORMATION('','',#7);
#7 = PRODUCT('Open CASCADE STEP translator 7.9 1',
  'Open CASCADE STEP translator 7.9 1','',(#8));
#8 = PRODUCT_CONTEXT('',#2,'mechanical');
#9 = PRODUCT_DEFINITION_CONTEXT('part definition',#2,'design');
#10 = ADVANCED_BREP_SHAPE_REPRESENTATION('',(#11,#15),#4366);
#11 = AXIS2_PLACEMENT_3D('',#12,#13,#14);
#12 = CARTESIAN_POINT('',(0.,0.,0.));
#13 = DIRECTION('',(0.,0.,1.));
#14 = DIRECTION('',(1.,0.,-0.));
#15 = MANIFOLD_SOLID_BREP('',#16);
#16 = CLOSED_SHELL('',(#17,#238,#431,#510,#698,#878,#927,#932,#1102,
    #1160,#1241,#1330,#1379,#1384,#1437,#1835,#1861,#1942,#2016,#2065,
    #2070,#2123,#2190,#2429,#2436,#2480,#2506,#2576,#2759,#2785,#2811,
    #2860,#2887,#2964,#3013,#3067,#3116,#3166,#3215,#3269,#3296,#3366,
    #3521,#3697,#3823,#3935,#4019,#4158,#4164,#4238,#4266,#4271,#4277,
    #4288,#4294,#4322,#4327,#4333,#4361));
#17 = ADVANCED_FACE('',(#18),#32,.F.);
#18 = FACE_BOUND('',#19,.F.);
#19 = EDGE_LOOP('',(#20,#55,#83,#109,#135,#156,#184,#212));
#20 = ORIENTED_EDGE('',*,*,#21,.F.);
#21 = EDGE_CURVE('',#22,#24,#26,.T.);
#22 = VERTEX_POINT('',#23);
#23 = CARTESIAN_POINT('',(-7.3,-11.8,0.5));
#24 = VERTEX_POINT('',#25);
#25 = CARTESIAN_POINT('',(-7.3,-11.8,5.15));
#26 = SURFACE_CURVE('',#27,(#31,#43),.PCURVE_S1.);
#27 = LINE('',#28,#29);
#28 = CARTESIAN_POINT('',(-7.3,-11.8,0.));
#29 = VECTOR('',#30,1.);
#30 = DIRECTION('',(0.,0.,1.));
#31 = PCURVE('',#32,#37);
#32 = PLANE('',#33);
#33 = AXIS2_PLACEMENT_3D('',#34,#35,#36);
#34 = CARTESIAN_POINT('',(-7.3,-14.8,0.));
#35 = DIRECTION('',(1.,0.,0.));
#36 = DIRECTION('',(0.,0.,1.));
#37 = DEFINITIONAL_REPRESENTATION('',(#38),#42);
#38 = LINE('',#39,#40);
#39 = CARTESIAN_POINT('',(0.,-3.));
#40 = VECTOR('',#41,1.);
#41 = DIRECTION('',(1.,0.));
#42 = ( GEOMETRIC_REPRESENTATION_CONTEXT(2)
PARAMETRIC_REPRESENTATION_CONTEXT() REPRESENTATION_CONTEXT('2D SPACE',''
  ) );
#43 = PCURVE('',#44,#49);
#44 = CYLINDRICAL_SURFACE('',#45,3.);
#45 = AXIS2_PLACEMENT_3D('',#46,#47,#48);
#46 = CARTESIAN_POINT('',(-4.3,-11.8,0.));
#47 = DIRECTION('',(0.,0.,1.));
#48 = DIRECTION('',(-1.,-0.,0.));
#49 = DEFINITIONAL_REPRESENTATION('',(#50),#54);
#50 = LINE('',#51,#52);
#51 = CARTESIAN_POINT('',(0.,0.));
#52 = VECTOR('',#53,1.);
#53 = DIRECTION('',(0.,1.));
#54 = ( GEOMETRIC_REPRESENTATION_CONTEXT(2)
PARAMETRIC_REPRESENTATION_CONTEXT() REPRESENTATION_CONTEXT('2D SPACE',''
  ) );
#55 = ORIENTED_EDGE('',*,*,#56,.T.);
#56 = EDGE_CURVE('',#22,#57,#59,.T.);
#57 = VERTEX_POINT('',#58);
#58 = CARTESIAN_POINT('',(-7.3,-2.842973795166,0.5));
#59 = SURFACE_CURVE('',#60,(#64,#71),.PCURVE_S1.);
#60 = LINE('',#61,#62);
#61 = CARTESIAN_POINT('',(-7.3,-11.8,0.5));
#62 = VECTOR('',#63,1.);
#63 = DIRECTION('',(0.,1.,0.));
#64 = PCURVE('',#32,#65);
#65 = DEFINITIONAL_REPRESENTATION('',(#66),#70);
#66 = LINE('',#67,#68);
#67 = CARTESIAN_POINT('',(0.5,-3.));
#68 = VECTOR('',#69,1.);
#69 = DIRECTION('',(0.,-1.));
#70 = ( GEOMETRIC_REPRESENTATION_CONTEXT(2)
PARAMETRIC_REPRESENTATION_CONTEXT() REPRESENTATION_CONTEXT('2D SPACE',''
  ) );
#71 = PCURVE('',#72,#77);
#72 = CYLINDRICAL_SURFACE('',#73,0.5);
#73 = AXIS2_PLACEMENT_3D('',#74,#75,#76);
#74 = CARTESIAN_POINT('',(-6.8,-11.8,0.5));
#75 = DIRECTION('',(0.,1.,0.));
#76 = DIRECTION('',(-1.,0.,0.));
#77 = DEFINITIONAL_REPRESENTATION('',(#78),#82);
#78 = LINE('',#79,#80);
#79 = CARTESIAN_POINT('',(-0.,0.));
#80 = VECTOR('',#81,1.);
#81 = DIRECTION('',(-0.,1.));
#82 = ( GEOMETRIC_REPRESENTATION_CONTEXT(2)
PARAMETRIC_REPRESENTATION_CONTEXT() REPRESENTATION_CONTEXT('2D SPACE',''
  ) );
#83 = ORIENTED_EDGE('',*,*,#84,.T.);
#84 = EDGE_CURVE('',#57,#85,#87,.T.);
#85 = VERTEX_POINT('',#86);
#86 = CARTESIAN_POINT('',(-7.3,-2.842973795166,3.2));
#87 = SURFACE_CURVE('',#88,(#92,#98),.PCURVE_S1.);
#88 = LINE('',#89,#90);
#89 = CARTESIAN_POINT('',(-7.3,-2.842973795166,0.5));
#90 = VECTOR('',#91,1.);
#91 = DIRECTION('',(0.,0.,1.));
#92 = PCURVE('',#32,#93);
#93 = DEFINITIONAL_REPRESENTATION('',(#94),#97);
#94 = B_SPLINE_CURVE_WITH_KNOTS('',1,(#95,#96),.UNSPECIFIED.,.F.,.F.,(2,
    2),(-6.000000000173E-07,2.7000006),.PIECEWISE_BEZIER_KNOTS.);
#95 = CARTESIAN_POINT('',(0.4999994,-11.95702620483));
#96 = CARTESIAN_POINT('',(3.2000006,-11.95702620483));
#97 = ( GEOMETRIC_REPRESENTATION_CONTEXT(2)
PARAMETRIC_REPRESENTATION_CONTEXT() REPRESENTATION_CONTEXT('2D SPACE',''
  ) );
#98 = PCURVE('',#99,#104);
#99 = CYLINDRICAL_SURFACE('',#100,2.85);
#100 = AXIS2_PLACEMENT_3D('',#101,#102,#103);
#101 = CARTESIAN_POINT('',(-7.5,0.,0.5));
#102 = DIRECTION('',(0.,0.,1.));
#103 = DIRECTION('',(1.,0.,-0.));
#104 = DEFINITIONAL_REPRESENTATION('',(#105),#108);
#105 = B_SPLINE_CURVE_WITH_KNOTS('',1,(#106,#107),.UNSPECIFIED.,.F.,.F.,
  (2,2),(-5.551115123126E-17,2.7),.PIECEWISE_BEZIER_KNOTS.);
#106 = CARTESIAN_POINT('',(4.782622144566,-5.551115123126E-17));
#107 = CARTESIAN_POINT('',(4.782622144566,2.7));
#108 = ( GEOMETRIC_REPRESENTATION_CONTEXT(2)
PARAMETRIC_REPRESENTATION_CONTEXT() REPRESENTATION_CONTEXT('2D SPACE',''
  ) );
#109 = ORIENTED_EDGE('',*,*,#110,.F.);
#110 = EDGE_CURVE('',#111,#85,#113,.T.);
#111 = VERTEX_POINT('',#112);
#112 = CARTESIAN_POINT('',(-7.3,2.842973795166,3.2));
#113 = SURFACE_CURVE('',#114,(#118,#124),.PCURVE_S1.);
#114 = LINE('',#115,#116);
#115 = CARTESIAN_POINT('',(-7.3,-7.4,3.2));
#116 = VECTOR('',#117,1.);
#117 = DIRECTION('',(0.,-1.,0.));
#118 = PCURVE('',#32,#119);
#119 = DEFINITIONAL_REPRESENTATION('',(#120),#123);
#120 = B_SPLINE_CURVE_WITH_KNOTS('',1,(#121,#122),.UNSPECIFIED.,.F.,.F.,
  (2,2),(-10.25,-4.55),.PIECEWISE_BEZIER_KNOTS.);
#121 = CARTESIAN_POINT('',(3.2,-17.65));
#122 = CARTESIAN_POINT('',(3.2,-11.95));
#123 = ( GEOMETRIC_REPRESENTATION_CONTEXT(2)
PARAMETRIC_REPRESENTATION_CONTEXT() REPRESENTATION_CONTEXT('2D SPACE',''
  ) );
#124 = PCURVE('',#125,#130);
#125 = PLANE('',#126);
#126 = AXIS2_PLACEMENT_3D('',#127,#128,#129);
#127 = CARTESIAN_POINT('',(-7.5,0.,3.2));
#128 = DIRECTION('',(0.,0.,1.));
#129 = DIRECTION('',(1.,0.,-0.));
#130 = DEFINITIONAL_REPRESENTATION('',(#131),#134);
#131 = B_SPLINE_CURVE_WITH_KNOTS('',1,(#132,#133),.UNSPECIFIED.,.F.,.F.,
  (2,2),(-10.25,-4.55),.PIECEWISE_BEZIER_KNOTS.);
#132 = CARTESIAN_POINT('',(0.2,2.85));
#133 = CARTESIAN_POINT('',(0.2,-2.85));
#134 = ( GEOMETRIC_REPRESENTATION_CONTEXT(2)
PARAMETRIC_REPRESENTATION_CONTEXT() REPRESENTATION_CONTEXT('2D SPACE',''
  ) );
#135 = ORIENTED_EDGE('',*,*,#136,.F.);
#136 = EDGE_CURVE('',#137,#111,#139,.T.);
#137 = VERTEX_POINT('',#138);
#138 = CARTESIAN_POINT('',(-7.3,2.842973795166,0.5));
#139 = SURFACE_CURVE('',#140,(#144,#150),.PCURVE_S1.);
#140 = LINE('',#141,#142);
#141 = CARTESIAN_POINT('',(-7.3,2.842973795166,0.5));
#142 = VECTOR('',#143,1.);
#143 = DIRECTION('',(0.,0.,1.));
#144 = PCURVE('',#32,#145);
#145 = DEFINITIONAL_REPRESENTATION('',(#146),#149);
#146 = B_SPLINE_CURVE_WITH_KNOTS('',1,(#147,#148),.UNSPECIFIED.,.F.,.F.,
  (2,2),(-6.000000000173E-07,2.7000006),.PIECEWISE_BEZIER_KNOTS.);
#147 = CARTESIAN_POINT('',(0.4999994,-17.64297379516));
#148 = CARTESIAN_POINT('',(3.2000006,-17.64297379516));
#149 = ( GEOMETRIC_REPRESENTATION_CONTEXT(2)
PARAMETRIC_REPRESENTATION_CONTEXT() REPRESENTATION_CONTEXT('2D SPACE',''
  ) );
#150 = PCURVE('',#99,#151);
#151 = DEFINITIONAL_REPRESENTATION('',(#152),#155);
#152 = B_SPLINE_CURVE_WITH_KNOTS('',1,(#153,#154),.UNSPECIFIED.,.F.,.F.,
  (2,2),(-5.551115123126E-17,2.7),.PIECEWISE_BEZIER_KNOTS.);
#153 = CARTESIAN_POINT('',(7.783748469793,-5.551115123126E-17));
#154 = CARTESIAN_POINT('',(7.783748469793,2.7));
#155 = ( GEOMETRIC_REPRESENTATION_CONTEXT(2)
PARAMETRIC_REPRESENTATION_CONTEXT() REPRESENTATION_CONTEXT('2D SPACE',''
  ) );
#156 = ORIENTED_EDGE('',*,*,#157,.T.);
#157 = EDGE_CURVE('',#137,#158,#160,.T.);
#158 = VERTEX_POINT('',#159);
#159 = CARTESIAN_POINT('',(-7.3,11.8,0.5));
#160 = SURFACE_CURVE('',#161,(#165,#172),.PCURVE_S1.);
#161 = LINE('',#162,#163);
#162 = CARTESIAN_POINT('',(-7.3,-11.8,0.5));
#163 = VECTOR('',#164,1.);
#164 = DIRECTION('',(0.,1.,0.));
#165 = PCURVE('',#32,#166);
#166 = DEFINITIONAL_REPRESENTATION('',(#167),#171);
#167 = LINE('',#168,#169);
#168 = CARTESIAN_POINT('',(0.5,-3.));
#169 = VECTOR('',#170,1.);
#170 = DIRECTION('',(0.,-1.));
#171 = ( GEOMETRIC_REPRESENTATION_CONTEXT(2)
PARAMETRIC_REPRESENTATION_CONTEXT() REPRESENTATION_CONTEXT('2D SPACE',''
  ) );
#172 = PCURVE('',#173,#178);
#173 = CYLINDRICAL_SURFACE('',#174,0.5);
#174 = AXIS2_PLACEMENT_3D('',#175,#176,#177);
#175 = CARTESIAN_POINT('',(-6.8,-11.8,0.5));
#176 = DIRECTION('',(0.,1.,0.));
#177 = DIRECTION('',(-1.,0.,0.));
#178 = DEFINITIONAL_REPRESENTATION('',(#179),#183);
#179 = LINE('',#180,#181);
#180 = CARTESIAN_POINT('',(-0.,0.));
#181 = VECTOR('',#182,1.);
#182 = DIRECTION('',(-0.,1.));
#183 = ( GEOMETRIC_REPRESENTATION_CONTEXT(2)
PARAMETRIC_REPRESENTATION_CONTEXT() REPRESENTATION_CONTEXT('2D SPACE',''
  ) );
#184 = ORIENTED_EDGE('',*,*,#185,.T.);
#185 = EDGE_CURVE('',#158,#186,#188,.T.);
#186 = VERTEX_POINT('',#187);
#187 = CARTESIAN_POINT('',(-7.3,11.8,5.15));
#188 = SURFACE_CURVE('',#189,(#193,#200),.PCURVE_S1.);
#189 = LINE('',#190,#191);
#190 = CARTESIAN_POINT('',(-7.3,11.8,0.));
#191 = VECTOR('',#192,1.);
#192 = DIRECTION('',(0.,0.,1.));
#193 = PCURVE('',#32,#194);
#194 = DEFINITIONAL_REPRESENTATION('',(#195),#199);
#195 = LINE('',#196,#197);
#196 = CARTESIAN_POINT('',(0.,-26.6));
#197 = VECTOR('',#198,1.);
#198 = DIRECTION('',(1.,0.));
#199 = ( GEOMETRIC_REPRESENTATION_CONTEXT(2)
PARAMETRIC_REPRESENTATION_CONTEXT() REPRESENTATION_CONTEXT('2D SPACE',''
  ) );
#200 = PCURVE('',#201,#206);
#201 = CYLINDRICAL_SURFACE('',#202,3.);
#202 = AXIS2_PLACEMENT_3D('',#203,#204,#205);
#203 = CARTESIAN_POINT('',(-4.3,11.8,0.));
#204 = DIRECTION('',(0.,0.,1.));
#205 = DIRECTION('',(-1.,-0.,0.));
#206 = DEFINITIONAL_REPRESENTATION('',(#207),#211);
#207 = LINE('',#208,#209);
#208 = CARTESIAN_POINT('',(-0.,0.));
#209 = VECTOR('',#210,1.);
#210 = DIRECTION('',(-0.,1.));
#211 = ( GEOMETRIC_REPRESENTATION_CONTEXT(2)
PARAMETRIC_REPRESENTATION_CONTEXT() REPRESENTATION_CONTEXT('2D SPACE',''
  ) );
#212 = ORIENTED_EDGE('',*,*,#213,.F.);
#213 = EDGE_CURVE('',#24,#186,#214,.T.);
#214 = SURFACE_CURVE('',#215,(#219,#226),.PCURVE_S1.);
#215 = LINE('',#216,#217);
#216 = CARTESIAN_POINT('',(-7.3,-11.8,5.15));
#217 = VECTOR('',#218,1.);
#218 = DIRECTION('',(0.,1.,0.));
#219 = PCURVE('',#32,#220);
#220 = DEFINITIONAL_REPRESENTATION('',(#221),#225);
#221 = LINE('',#222,#223);
#222 = CARTESIAN_POINT('',(5.15,-3.));
#223 = VECTOR('',#224,1.);
#224 = DIRECTION('',(0.,-1.));
#225 = ( GEOMETRIC_REPRESENTATION_CONTEXT(2)
PARAMETRIC_REPRESENTATION_CONTEXT() REPRESENTATION_CONTEXT('2D SPACE',''
  ) );
#226 = PCURVE('',#227,#232);
#227 = CYLINDRICAL_SURFACE('',#228,0.35);
#228 = AXIS2_PLACEMENT_3D('',#229,#230,#231);
#229 = CARTESIAN_POINT('',(-6.95,-11.8,5.15));
#230 = DIRECTION('',(0.,1.,0.));
#231 = DIRECTION('',(-1.,0.,0.));
#232 = DEFINITIONAL_REPRESENTATION('',(#233),#237);
#233 = LINE('',#234,#235);
#234 = CARTESIAN_POINT('',(0.,0.));
#235 = VECTOR('',#236,1.);
#236 = DIRECTION('',(0.,1.));
#237 = ( GEOMETRIC_REPRESENTATION_CONTEXT(2)
PARAMETRIC_REPRESENTATION_CONTEXT() REPRESENTATION_CONTEXT('2D SPACE',''
  ) );
#238 = ADVANCED_FACE('',(#239),#44,.T.);
#239 = FACE_BOUND('',#240,.T.);
#240 = EDGE_LOOP('',(#241,#242,#271,#297,#326,#347,#376,#404));
#241 = ORIENTED_EDGE('',*,*,#21,.F.);
#242 = ORIENTED_EDGE('',*,*,#243,.F.);
#243 = EDGE_CURVE('',#244,#22,#246,.T.);
#244 = VERTEX_POINT('',#245);
#245 = CARTESIAN_POINT('',(-7.278487989169,-12.15862138583,0.5));
#246 = SURFACE_CURVE('',#247,(#252,#259),.PCURVE_S1.);
#247 = CIRCLE('',#248,3.);
#248 = AXIS2_PLACEMENT_3D('',#249,#250,#251);
#249 = CARTESIAN_POINT('',(-4.3,-11.8,0.5));
#250 = DIRECTION('',(-0.,0.,-1.));
#251 = DIRECTION('',(-2.960594732334E-16,-1.,0.));
#252 = PCURVE('',#44,#253);
#253 = DEFINITIONAL_REPRESENTATION('',(#254),#258);
#254 = LINE('',#255,#256);
#255 = CARTESIAN_POINT('',(1.570796326795,0.5));
#256 = VECTOR('',#257,1.);
#257 = DIRECTION('',(-1.,-0.));
#258 = ( GEOMETRIC_REPRESENTATION_CONTEXT(2)
PARAMETRIC_REPRESENTATION_CONTEXT() REPRESENTATION_CONTEXT('2D SPACE',''
  ) );
#259 = PCURVE('',#260,#265);
#260 = TOROIDAL_SURFACE('',#261,2.5,0.5);
#261 = AXIS2_PLACEMENT_3D('',#262,#263,#264);
#262 = CARTESIAN_POINT('',(-4.3,-11.8,0.5));
#263 = DIRECTION('',(-0.,-0.,-1.));
#264 = DIRECTION('',(-2.960594732334E-16,-1.,0.));
#265 = DEFINITIONAL_REPRESENTATION('',(#266),#270);
#266 = LINE('',#267,#268);
#267 = CARTESIAN_POINT('',(0.,0.));
#268 = VECTOR('',#269,1.);
#269 = DIRECTION('',(1.,0.));
#270 = ( GEOMETRIC_REPRESENTATION_CONTEXT(2)
PARAMETRIC_REPRESENTATION_CONTEXT() REPRESENTATION_CONTEXT('2D SPACE',''
  ) );
#271 = ORIENTED_EDGE('',*,*,#272,.T.);
#272 = EDGE_CURVE('',#244,#273,#275,.T.);
#273 = VERTEX_POINT('',#274);
#274 = CARTESIAN_POINT('',(-7.278487989169,-12.15862138583,3.2));
#275 = SURFACE_CURVE('',#276,(#280,#286),.PCURVE_S1.);
#276 = LINE('',#277,#278);
#277 = CARTESIAN_POINT('',(-7.278487989169,-12.15862138583,0.));
#278 = VECTOR('',#279,1.);
#279 = DIRECTION('',(0.,0.,1.));
#280 = PCURVE('',#44,#281);
#281 = DEFINITIONAL_REPRESENTATION('',(#282),#285);
#282 = B_SPLINE_CURVE_WITH_KNOTS('',1,(#283,#284),.UNSPECIFIED.,.F.,.F.,
  (2,2),(0.4999994,3.2000006),.PIECEWISE_BEZIER_KNOTS.);
#283 = CARTESIAN_POINT('',(0.119827012428,0.4999994));
#284 = CARTESIAN_POINT('',(0.119827012428,3.2000006));
#285 = ( GEOMETRIC_REPRESENTATION_CONTEXT(2)
PARAMETRIC_REPRESENTATION_CONTEXT() REPRESENTATION_CONTEXT('2D SPACE',''
  ) );
#286 = PCURVE('',#287,#292);
#287 = CYLINDRICAL_SURFACE('',#288,2.85);
#288 = AXIS2_PLACEMENT_3D('',#289,#290,#291);
#289 = CARTESIAN_POINT('',(-7.5,-15.,0.5));
#290 = DIRECTION('',(0.,0.,1.));
#291 = DIRECTION('',(1.,0.,-0.));
#292 = DEFINITIONAL_REPRESENTATION('',(#293),#296);
#293 = B_SPLINE_CURVE_WITH_KNOTS('',1,(#294,#295),.UNSPECIFIED.,.F.,.F.,
  (2,2),(0.4999994,3.2000006),.PIECEWISE_BEZIER_KNOTS.);
#294 = CARTESIAN_POINT('',(1.492994346824,-6.000000000728E-07));
#295 = CARTESIAN_POINT('',(1.492994346824,2.7000006));
#296 = ( GEOMETRIC_REPRESENTATION_CONTEXT(2)
PARAMETRIC_REPRESENTATION_CONTEXT() REPRESENTATION_CONTEXT('2D SPACE',''
  ) );
#297 = ORIENTED_EDGE('',*,*,#298,.T.);
#298 = EDGE_CURVE('',#273,#299,#301,.T.);
#299 = VERTEX_POINT('',#300);
#300 = CARTESIAN_POINT('',(-4.658621385831,-14.77848798916,3.2));
#301 = SURFACE_CURVE('',#302,(#307,#314),.PCURVE_S1.);
#302 = CIRCLE('',#303,3.);
#303 = AXIS2_PLACEMENT_3D('',#304,#305,#306);
#304 = CARTESIAN_POINT('',(-4.3,-11.8,3.2));
#305 = DIRECTION('',(0.,0.,1.));
#306 = DIRECTION('',(-1.,-0.,0.));
#307 = PCURVE('',#44,#308);
#308 = DEFINITIONAL_REPRESENTATION('',(#309),#313);
#309 = LINE('',#310,#311);
#310 = CARTESIAN_POINT('',(0.,3.2));
#311 = VECTOR('',#312,1.);
#312 = DIRECTION('',(1.,0.));
#313 = ( GEOMETRIC_REPRESENTATION_CONTEXT(2)
PARAMETRIC_REPRESENTATION_CONTEXT() REPRESENTATION_CONTEXT('2D SPACE',''
  ) );
#314 = PCURVE('',#315,#320);
#315 = PLANE('',#316);
#316 = AXIS2_PLACEMENT_3D('',#317,#318,#319);
#317 = CARTESIAN_POINT('',(-7.5,-15.,3.2));
#318 = DIRECTION('',(0.,0.,1.));
#319 = DIRECTION('',(1.,0.,-0.));
#320 = DEFINITIONAL_REPRESENTATION('',(#321),#325);
#321 = CIRCLE('',#322,3.);
#322 = AXIS2_PLACEMENT_2D('',#323,#324);
#323 = CARTESIAN_POINT('',(3.2,3.2));
#324 = DIRECTION('',(-1.,0.));
#325 = ( GEOMETRIC_REPRESENTATION_CONTEXT(2)
PARAMETRIC_REPRESENTATION_CONTEXT() REPRESENTATION_CONTEXT('2D SPACE',''
  ) );
#326 = ORIENTED_EDGE('',*,*,#327,.F.);
#327 = EDGE_CURVE('',#328,#299,#330,.T.);
#328 = VERTEX_POINT('',#329);
#329 = CARTESIAN_POINT('',(-4.658621385831,-14.77848798916,0.5));
#330 = SURFACE_CURVE('',#331,(#335,#341),.PCURVE_S1.);
#331 = LINE('',#332,#333);
#332 = CARTESIAN_POINT('',(-4.658621385831,-14.77848798916,0.));
#333 = VECTOR('',#334,1.);
#334 = DIRECTION('',(0.,0.,1.));
#335 = PCURVE('',#44,#336);
#336 = DEFINITIONAL_REPRESENTATION('',(#337),#340);
#337 = B_SPLINE_CURVE_WITH_KNOTS('',1,(#338,#339),.UNSPECIFIED.,.F.,.F.,
  (2,2),(0.4999994,3.2000006),.PIECEWISE_BEZIER_KNOTS.);
#338 = CARTESIAN_POINT('',(1.450969314366,0.4999994));
#339 = CARTESIAN_POINT('',(1.450969314366,3.2000006));
#340 = ( GEOMETRIC_REPRESENTATION_CONTEXT(2)
PARAMETRIC_REPRESENTATION_CONTEXT() REPRESENTATION_CONTEXT('2D SPACE',''
  ) );
#341 = PCURVE('',#287,#342);
#342 = DEFINITIONAL_REPRESENTATION('',(#343),#346);
#343 = B_SPLINE_CURVE_WITH_KNOTS('',1,(#344,#345),.UNSPECIFIED.,.F.,.F.,
  (2,2),(0.4999994,3.2000006),.PIECEWISE_BEZIER_KNOTS.);
#344 = CARTESIAN_POINT('',(7.780197997077E-02,-6.000000000728E-07));
#345 = CARTESIAN_POINT('',(7.780197997077E-02,2.7000006));
#346 = ( GEOMETRIC_REPRESENTATION_CONTEXT(2)
PARAMETRIC_REPRESENTATION_CONTEXT() REPRESENTATION_CONTEXT('2D SPACE',''
  ) );
#347 = ORIENTED_EDGE('',*,*,#348,.F.);
#348 = EDGE_CURVE('',#349,#328,#351,.T.);
#349 = VERTEX_POINT('',#350);
#350 = CARTESIAN_POINT('',(-4.3,-14.8,0.5));
#351 = SURFACE_CURVE('',#352,(#357,#364),.PCURVE_S1.);
#352 = CIRCLE('',#353,3.);
#353 = AXIS2_PLACEMENT_3D('',#354,#355,#356);
#354 = CARTESIAN_POINT('',(-4.3,-11.8,0.5));
#355 = DIRECTION('',(-0.,0.,-1.));
#356 = DIRECTION('',(-2.960594732334E-16,-1.,0.));
#357 = PCURVE('',#44,#358);
#358 = DEFINITIONAL_REPRESENTATION('',(#359),#363);
#359 = LINE('',#360,#361);
#360 = CARTESIAN_POINT('',(1.570796326795,0.5));
#361 = VECTOR('',#362,1.);
#362 = DIRECTION('',(-1.,-0.));
#363 = ( GEOMETRIC_REPRESENTATION_CONTEXT(2)
PARAMETRIC_REPRESENTATION_CONTEXT() REPRESENTATION_CONTEXT('2D SPACE',''
  ) );
#364 = PCURVE('',#365,#370);
#365 = TOROIDAL_SURFACE('',#366,2.5,0.5);
#366 = AXIS2_PLACEMENT_3D('',#367,#368,#369);
#367 = CARTESIAN_POINT('',(-4.3,-11.8,0.5));
#368 = DIRECTION('',(-0.,-0.,-1.));
#369 = DIRECTION('',(-2.960594732334E-16,-1.,0.));
#370 = DEFINITIONAL_REPRESENTATION('',(#371),#375);
#371 = LINE('',#372,#373);
#372 = CARTESIAN_POINT('',(0.,0.));
#373 = VECTOR('',#374,1.);
#374 = DIRECTION('',(1.,0.));
#375 = ( GEOMETRIC_REPRESENTATION_CONTEXT(2)
PARAMETRIC_REPRESENTATION_CONTEXT() REPRESENTATION_CONTEXT('2D SPACE',''
  ) );
#376 = ORIENTED_EDGE('',*,*,#377,.T.);
#377 = EDGE_CURVE('',#349,#378,#380,.T.);
#378 = VERTEX_POINT('',#379);
#379 = CARTESIAN_POINT('',(-4.3,-14.8,5.15));
#380 = SURFACE_CURVE('',#381,(#385,#392),.PCURVE_S1.);
#381 = LINE('',#382,#383);
#382 = CARTESIAN_POINT('',(-4.3,-14.8,0.));
#383 = VECTOR('',#384,1.);
#384 = DIRECTION('',(0.,0.,1.));
#385 = PCURVE('',#44,#386);
#386 = DEFINITIONAL_REPRESENTATION('',(#387),#391);
#387 = LINE('',#388,#389);
#388 = CARTESIAN_POINT('',(1.570796326795,0.));
#389 = VECTOR('',#390,1.);
#390 = DIRECTION('',(0.,1.));
#391 = ( GEOMETRIC_REPRESENTATION_CONTEXT(2)
PARAMETRIC_REPRESENTATION_CONTEXT() REPRESENTATION_CONTEXT('2D SPACE',''
  ) );
#392 = PCURVE('',#393,#398);
#393 = PLANE('',#394);
#394 = AXIS2_PLACEMENT_3D('',#395,#396,#397);
#395 = CARTESIAN_POINT('',(-7.3,-14.8,0.));
#396 = DIRECTION('',(0.,1.,0.));
#397 = DIRECTION('',(0.,0.,1.));
#398 = DEFINITIONAL_REPRESENTATION('',(#399),#403);
#399 = LINE('',#400,#401);
#400 = CARTESIAN_POINT('',(0.,3.));
#401 = VECTOR('',#402,1.);
#402 = DIRECTION('',(1.,0.));
#403 = ( GEOMETRIC_REPRESENTATION_CONTEXT(2)
PARAMETRIC_REPRESENTATION_CONTEXT() REPRESENTATION_CONTEXT('2D SPACE',''
  ) );
#404 = ORIENTED_EDGE('',*,*,#405,.T.);
#405 = EDGE_CURVE('',#378,#24,#406,.T.);
#406 = SURFACE_CURVE('',#407,(#412,#419),.PCURVE_S1.);
#407 = CIRCLE('',#408,3.);
#408 = AXIS2_PLACEMENT_3D('',#409,#410,#411);
#409 = CARTESIAN_POINT('',(-4.3,-11.8,5.15));
#410 = DIRECTION('',(-0.,0.,-1.));
#411 = DIRECTION('',(-2.960594732334E-16,-1.,0.));
#412 = PCURVE('',#44,#413);
#413 = DEFINITIONAL_REPRESENTATION('',(#414),#418);
#414 = LINE('',#415,#416);
#415 = CARTESIAN_POINT('',(1.570796326795,5.15));
#416 = VECTOR('',#417,1.);
#417 = DIRECTION('',(-1.,-0.));
#418 = ( GEOMETRIC_REPRESENTATION_CONTEXT(2)
PARAMETRIC_REPRESENTATION_CONTEXT() REPRESENTATION_CONTEXT('2D SPACE',''
  ) );
#419 = PCURVE('',#420,#425);
#420 = TOROIDAL_SURFACE('',#421,2.65,0.35);
#421 = AXIS2_PLACEMENT_3D('',#422,#423,#424);
#422 = CARTESIAN_POINT('',(-4.3,-11.8,5.15));
#423 = DIRECTION('',(0.,0.,1.));
#424 = DIRECTION('',(-2.960594732334E-16,-1.,0.));
#425 = DEFINITIONAL_REPRESENTATION('',(#426),#430);
#426 = LINE('',#427,#428);
#427 = CARTESIAN_POINT('',(-0.,0.));
#428 = VECTOR('',#429,1.);
#429 = DIRECTION('',(-1.,0.));
#430 = ( GEOMETRIC_REPRESENTATION_CONTEXT(2)
PARAMETRIC_REPRESENTATION_CONTEXT() REPRESENTATION_CONTEXT('2D SPACE',''
  ) );
#431 = ADVANCED_FACE('',(#432),#227,.T.);
#432 = FACE_BOUND('',#433,.T.);
#433 = EDGE_LOOP('',(#434,#456,#484,#509));
#434 = ORIENTED_EDGE('',*,*,#435,.T.);
#435 = EDGE_CURVE('',#24,#436,#438,.T.);
#436 = VERTEX_POINT('',#437);
#437 = CARTESIAN_POINT('',(-6.95,-11.8,5.5));
#438 = SURFACE_CURVE('',#439,(#444,#450),.PCURVE_S1.);
#439 = CIRCLE('',#440,0.35);
#440 = AXIS2_PLACEMENT_3D('',#441,#442,#443);
#441 = CARTESIAN_POINT('',(-6.95,-11.8,5.15));
#442 = DIRECTION('',(0.,1.,0.));
#443 = DIRECTION('',(-1.,0.,0.));
#444 = PCURVE('',#227,#445);
#445 = DEFINITIONAL_REPRESENTATION('',(#446),#449);
#446 = B_SPLINE_CURVE_WITH_KNOTS('',1,(#447,#448),.UNSPECIFIED.,.F.,.F.,
  (2,2),(0.,1.570796326795),.PIECEWISE_BEZIER_KNOTS.);
#447 = CARTESIAN_POINT('',(0.,0.));
#448 = CARTESIAN_POINT('',(1.570796326795,0.));
#449 = ( GEOMETRIC_REPRESENTATION_CONTEXT(2)
PARAMETRIC_REPRESENTATION_CONTEXT() REPRESENTATION_CONTEXT('2D SPACE',''
  ) );
#450 = PCURVE('',#420,#451);
#451 = DEFINITIONAL_REPRESENTATION('',(#452),#455);
#452 = B_SPLINE_CURVE_WITH_KNOTS('',1,(#453,#454),.UNSPECIFIED.,.F.,.F.,
  (2,2),(0.,1.570796326795),.PIECEWISE_BEZIER_KNOTS.);
#453 = CARTESIAN_POINT('',(-1.570796326795,0.));
#454 = CARTESIAN_POINT('',(-1.570796326795,1.570796326795));
#455 = ( GEOMETRIC_REPRESENTATION_CONTEXT(2)
PARAMETRIC_REPRESENTATION_CONTEXT() REPRESENTATION_CONTEXT('2D SPACE',''
  ) );
#456 = ORIENTED_EDGE('',*,*,#457,.T.);
#457 = EDGE_CURVE('',#436,#458,#460,.T.);
#458 = VERTEX_POINT('',#459);
#459 = CARTESIAN_POINT('',(-6.95,11.8,5.5));
#460 = SURFACE_CURVE('',#461,(#465,#472),.PCURVE_S1.);
#461 = LINE('',#462,#463);
#462 = CARTESIAN_POINT('',(-6.95,-11.8,5.5));
#463 = VECTOR('',#464,1.);
#464 = DIRECTION('',(0.,1.,0.));
#465 = PCURVE('',#227,#466);
#466 = DEFINITIONAL_REPRESENTATION('',(#467),#471);
#467 = LINE('',#468,#469);
#468 = CARTESIAN_POINT('',(1.570796326795,0.));
#469 = VECTOR('',#470,1.);
#470 = DIRECTION('',(0.,1.));
#471 = ( GEOMETRIC_REPRESENTATION_CONTEXT(2)
PARAMETRIC_REPRESENTATION_CONTEXT() REPRESENTATION_CONTEXT('2D SPACE',''
  ) );
#472 = PCURVE('',#473,#478);
#473 = PLANE('',#474);
#474 = AXIS2_PLACEMENT_3D('',#475,#476,#477);
#475 = CARTESIAN_POINT('',(-7.3,-14.8,5.5));
#476 = DIRECTION('',(0.,0.,1.));
#477 = DIRECTION('',(1.,0.,0.));
#478 = DEFINITIONAL_REPRESENTATION('',(#479),#483);
#479 = LINE('',#480,#481);
#480 = CARTESIAN_POINT('',(0.35,3.));
#481 = VECTOR('',#482,1.);
#482 = DIRECTION('',(0.,1.));
#483 = ( GEOMETRIC_REPRESENTATION_CONTEXT(2)
PARAMETRIC_REPRESENTATION_CONTEXT() REPRESENTATION_CONTEXT('2D SPACE',''
  ) );
#484 = ORIENTED_EDGE('',*,*,#485,.F.);
#485 = EDGE_CURVE('',#186,#458,#486,.T.);
#486 = SURFACE_CURVE('',#487,(#492,#498),.PCURVE_S1.);
#487 = CIRCLE('',#488,0.35);
#488 = AXIS2_PLACEMENT_3D('',#489,#490,#491);
#489 = CARTESIAN_POINT('',(-6.95,11.8,5.15));
#490 = DIRECTION('',(0.,1.,0.));
#491 = DIRECTION('',(-1.,0.,0.));
#492 = PCURVE('',#227,#493);
#493 = DEFINITIONAL_REPRESENTATION('',(#494),#497);
#494 = B_SPLINE_CURVE_WITH_KNOTS('',1,(#495,#496),.UNSPECIFIED.,.F.,.F.,
  (2,2),(0.,1.570796326795),.PIECEWISE_BEZIER_KNOTS.);
#495 = CARTESIAN_POINT('',(0.,23.6));
#496 = CARTESIAN_POINT('',(1.570796326795,23.6));
#497 = ( GEOMETRIC_REPRESENTATION_CONTEXT(2)
PARAMETRIC_REPRESENTATION_CONTEXT() REPRESENTATION_CONTEXT('2D SPACE',''
  ) );
#498 = PCURVE('',#499,#504);
#499 = TOROIDAL_SURFACE('',#500,2.65,0.35);
#500 = AXIS2_PLACEMENT_3D('',#501,#502,#503);
#501 = CARTESIAN_POINT('',(-4.3,11.8,5.15));
#502 = DIRECTION('',(0.,0.,1.));
#503 = DIRECTION('',(-1.,0.,0.));
#504 = DEFINITIONAL_REPRESENTATION('',(#505),#508);
#505 = B_SPLINE_CURVE_WITH_KNOTS('',1,(#506,#507),.UNSPECIFIED.,.F.,.F.,
  (2,2),(0.,1.570796326795),.PIECEWISE_BEZIER_KNOTS.);
#506 = CARTESIAN_POINT('',(0.,0.));
#507 = CARTESIAN_POINT('',(0.,1.570796326795));
#508 = ( GEOMETRIC_REPRESENTATION_CONTEXT(2)
PARAMETRIC_REPRESENTATION_CONTEXT() REPRESENTATION_CONTEXT('2D SPACE',''
  ) );
#509 = ORIENTED_EDGE('',*,*,#213,.F.);
#510 = ADVANCED_FACE('',(#511),#201,.T.);
#511 = FACE_BOUND('',#512,.F.);
#512 = EDGE_LOOP('',(#513,#514,#543,#569,#598,#619,#648,#676));
#513 = ORIENTED_EDGE('',*,*,#185,.F.);
#514 = ORIENTED_EDGE('',*,*,#515,.T.);
#515 = EDGE_CURVE('',#158,#516,#518,.T.);
#516 = VERTEX_POINT('',#517);
#517 = CARTESIAN_POINT('',(-7.278487989169,12.158621385831,0.5));
#518 = SURFACE_CURVE('',#519,(#524,#531),.PCURVE_S1.);
#519 = CIRCLE('',#520,3.);
#520 = AXIS2_PLACEMENT_3D('',#521,#522,#523);
#521 = CARTESIAN_POINT('',(-4.3,11.8,0.5));
#522 = DIRECTION('',(-0.,0.,-1.));
#523 = DIRECTION('',(-1.,0.,0.));
#524 = PCURVE('',#201,#525);
#525 = DEFINITIONAL_REPRESENTATION('',(#526),#530);
#526 = LINE('',#527,#528);
#527 = CARTESIAN_POINT('',(-0.,0.5));
#528 = VECTOR('',#529,1.);
#529 = DIRECTION('',(-1.,0.));
#530 = ( GEOMETRIC_REPRESENTATION_CONTEXT(2)
PARAMETRIC_REPRESENTATION_CONTEXT() REPRESENTATION_CONTEXT('2D SPACE',''
  ) );
#531 = PCURVE('',#532,#537);
#532 = TOROIDAL_SURFACE('',#533,2.5,0.5);
#533 = AXIS2_PLACEMENT_3D('',#534,#535,#536);
#534 = CARTESIAN_POINT('',(-4.3,11.8,0.5));
#535 = DIRECTION('',(-0.,-0.,-1.));
#536 = DIRECTION('',(-1.,0.,0.));
#537 = DEFINITIONAL_REPRESENTATION('',(#538),#542);
#538 = LINE('',#539,#540);
#539 = CARTESIAN_POINT('',(0.,0.));
#540 = VECTOR('',#541,1.);
#541 = DIRECTION('',(1.,0.));
#542 = ( GEOMETRIC_REPRESENTATION_CONTEXT(2)
PARAMETRIC_REPRESENTATION_CONTEXT() REPRESENTATION_CONTEXT('2D SPACE',''
  ) );
#543 = ORIENTED_EDGE('',*,*,#544,.T.);
#544 = EDGE_CURVE('',#516,#545,#547,.T.);
#545 = VERTEX_POINT('',#546);
#546 = CARTESIAN_POINT('',(-7.278487989169,12.158621385831,3.2));
#547 = SURFACE_CURVE('',#548,(#552,#558),.PCURVE_S1.);
#548 = LINE('',#549,#550);
#549 = CARTESIAN_POINT('',(-7.278487989169,12.158621385831,0.));
#550 = VECTOR('',#551,1.);
#551 = DIRECTION('',(0.,0.,1.));
#552 = PCURVE('',#201,#553);
#553 = DEFINITIONAL_REPRESENTATION('',(#554),#557);
#554 = B_SPLINE_CURVE_WITH_KNOTS('',1,(#555,#556),.UNSPECIFIED.,.F.,.F.,
  (2,2),(0.4999994,3.2000006),.PIECEWISE_BEZIER_KNOTS.);
#555 = CARTESIAN_POINT('',(-0.119827012428,0.4999994));
#556 = CARTESIAN_POINT('',(-0.119827012428,3.2000006));
#557 = ( GEOMETRIC_REPRESENTATION_CONTEXT(2)
PARAMETRIC_REPRESENTATION_CONTEXT() REPRESENTATION_CONTEXT('2D SPACE',''
  ) );
#558 = PCURVE('',#559,#564);
#559 = CYLINDRICAL_SURFACE('',#560,2.85);
#560 = AXIS2_PLACEMENT_3D('',#561,#562,#563);
#561 = CARTESIAN_POINT('',(-7.5,15.,0.5));
#562 = DIRECTION('',(0.,0.,1.));
#563 = DIRECTION('',(1.,0.,-0.));
#564 = DEFINITIONAL_REPRESENTATION('',(#565),#568);
#565 = B_SPLINE_CURVE_WITH_KNOTS('',1,(#566,#567),.UNSPECIFIED.,.F.,.F.,
  (2,2),(0.4999994,3.2000006),.PIECEWISE_BEZIER_KNOTS.);
#566 = CARTESIAN_POINT('',(4.790190960355,-6.000000000728E-07));
#567 = CARTESIAN_POINT('',(4.790190960355,2.7000006));
#568 = ( GEOMETRIC_REPRESENTATION_CONTEXT(2)
PARAMETRIC_REPRESENTATION_CONTEXT() REPRESENTATION_CONTEXT('2D SPACE',''
  ) );
#569 = ORIENTED_EDGE('',*,*,#570,.F.);
#570 = EDGE_CURVE('',#571,#545,#573,.T.);
#571 = VERTEX_POINT('',#572);
#572 = CARTESIAN_POINT('',(-4.658621385831,14.778487989169,3.2));
#573 = SURFACE_CURVE('',#574,(#579,#586),.PCURVE_S1.);
#574 = CIRCLE('',#575,3.);
#575 = AXIS2_PLACEMENT_3D('',#576,#577,#578);
#576 = CARTESIAN_POINT('',(-4.3,11.8,3.2));
#577 = DIRECTION('',(0.,0.,1.));
#578 = DIRECTION('',(-1.,-0.,0.));
#579 = PCURVE('',#201,#580);
#580 = DEFINITIONAL_REPRESENTATION('',(#581),#585);
#581 = LINE('',#582,#583);
#582 = CARTESIAN_POINT('',(-6.28318530718,3.2));
#583 = VECTOR('',#584,1.);
#584 = DIRECTION('',(1.,-0.));
#585 = ( GEOMETRIC_REPRESENTATION_CONTEXT(2)
PARAMETRIC_REPRESENTATION_CONTEXT() REPRESENTATION_CONTEXT('2D SPACE',''
  ) );
#586 = PCURVE('',#587,#592);
#587 = PLANE('',#588);
#588 = AXIS2_PLACEMENT_3D('',#589,#590,#591);
#589 = CARTESIAN_POINT('',(-7.5,15.,3.2));
#590 = DIRECTION('',(0.,0.,1.));
#591 = DIRECTION('',(1.,0.,-0.));
#592 = DEFINITIONAL_REPRESENTATION('',(#593),#597);
#593 = CIRCLE('',#594,3.);
#594 = AXIS2_PLACEMENT_2D('',#595,#596);
#595 = CARTESIAN_POINT('',(3.2,-3.2));
#596 = DIRECTION('',(-1.,0.));
#597 = ( GEOMETRIC_REPRESENTATION_CONTEXT(2)
PARAMETRIC_REPRESENTATION_CONTEXT() REPRESENTATION_CONTEXT('2D SPACE',''
  ) );
#598 = ORIENTED_EDGE('',*,*,#599,.F.);
#599 = EDGE_CURVE('',#600,#571,#602,.T.);
#600 = VERTEX_POINT('',#601);
#601 = CARTESIAN_POINT('',(-4.658621385831,14.778487989169,0.5));
#602 = SURFACE_CURVE('',#603,(#607,#613),.PCURVE_S1.);
#603 = LINE('',#604,#605);
#604 = CARTESIAN_POINT('',(-4.658621385831,14.778487989169,0.));
#605 = VECTOR('',#606,1.);
#606 = DIRECTION('',(0.,0.,1.));
#607 = PCURVE('',#201,#608);
#608 = DEFINITIONAL_REPRESENTATION('',(#609),#612);
#609 = B_SPLINE_CURVE_WITH_KNOTS('',1,(#610,#611),.UNSPECIFIED.,.F.,.F.,
  (2,2),(0.4999994,3.2000006),.PIECEWISE_BEZIER_KNOTS.);
#610 = CARTESIAN_POINT('',(-1.450969314366,0.4999994));
#611 = CARTESIAN_POINT('',(-1.450969314366,3.2000006));
#612 = ( GEOMETRIC_REPRESENTATION_CONTEXT(2)
PARAMETRIC_REPRESENTATION_CONTEXT() REPRESENTATION_CONTEXT('2D SPACE',''
  ) );
#613 = PCURVE('',#559,#614);
#614 = DEFINITIONAL_REPRESENTATION('',(#615),#618);
#615 = B_SPLINE_CURVE_WITH_KNOTS('',1,(#616,#617),.UNSPECIFIED.,.F.,.F.,
  (2,2),(0.4999994,3.2000006),.PIECEWISE_BEZIER_KNOTS.);
#616 = CARTESIAN_POINT('',(6.205383327209,-6.000000000728E-07));
#617 = CARTESIAN_POINT('',(6.205383327209,2.7000006));
#618 = ( GEOMETRIC_REPRESENTATION_CONTEXT(2)
PARAMETRIC_REPRESENTATION_CONTEXT() REPRESENTATION_CONTEXT('2D SPACE',''
  ) );
#619 = ORIENTED_EDGE('',*,*,#620,.T.);
#620 = EDGE_CURVE('',#600,#621,#623,.T.);
#621 = VERTEX_POINT('',#622);
#622 = CARTESIAN_POINT('',(-4.3,14.8,0.5));
#623 = SURFACE_CURVE('',#624,(#629,#636),.PCURVE_S1.);
#624 = CIRCLE('',#625,3.);
#625 = AXIS2_PLACEMENT_3D('',#626,#627,#628);
#626 = CARTESIAN_POINT('',(-4.3,11.8,0.5));
#627 = DIRECTION('',(-0.,0.,-1.));
#628 = DIRECTION('',(-1.,0.,0.));
#629 = PCURVE('',#201,#630);
#630 = DEFINITIONAL_REPRESENTATION('',(#631),#635);
#631 = LINE('',#632,#633);
#632 = CARTESIAN_POINT('',(-0.,0.5));
#633 = VECTOR('',#634,1.);
#634 = DIRECTION('',(-1.,0.));
#635 = ( GEOMETRIC_REPRESENTATION_CONTEXT(2)
PARAMETRIC_REPRESENTATION_CONTEXT() REPRESENTATION_CONTEXT('2D SPACE',''
  ) );
#636 = PCURVE('',#637,#642);
#637 = TOROIDAL_SURFACE('',#638,2.5,0.5);
#638 = AXIS2_PLACEMENT_3D('',#639,#640,#641);
#639 = CARTESIAN_POINT('',(-4.3,11.8,0.5));
#640 = DIRECTION('',(-0.,-0.,-1.));
#641 = DIRECTION('',(-1.,0.,0.));
#642 = DEFINITIONAL_REPRESENTATION('',(#643),#647);
#643 = LINE('',#644,#645);
#644 = CARTESIAN_POINT('',(0.,0.));
#645 = VECTOR('',#646,1.);
#646 = DIRECTION('',(1.,0.));
#647 = ( GEOMETRIC_REPRESENTATION_CONTEXT(2)
PARAMETRIC_REPRESENTATION_CONTEXT() REPRESENTATION_CONTEXT('2D SPACE',''
  ) );
#648 = ORIENTED_EDGE('',*,*,#649,.T.);
#649 = EDGE_CURVE('',#621,#650,#652,.T.);
#650 = VERTEX_POINT('',#651);
#651 = CARTESIAN_POINT('',(-4.3,14.8,5.15));
#652 = SURFACE_CURVE('',#653,(#657,#664),.PCURVE_S1.);
#653 = LINE('',#654,#655);
#654 = CARTESIAN_POINT('',(-4.3,14.8,0.));
#655 = VECTOR('',#656,1.);
#656 = DIRECTION('',(0.,0.,1.));
#657 = PCURVE('',#201,#658);
#658 = DEFINITIONAL_REPRESENTATION('',(#659),#663);
#659 = LINE('',#660,#661);
#660 = CARTESIAN_POINT('',(-1.570796326795,0.));
#661 = VECTOR('',#662,1.);
#662 = DIRECTION('',(-0.,1.));
#663 = ( GEOMETRIC_REPRESENTATION_CONTEXT(2)
PARAMETRIC_REPRESENTATION_CONTEXT() REPRESENTATION_CONTEXT('2D SPACE',''
  ) );
#664 = PCURVE('',#665,#670);
#665 = PLANE('',#666);
#666 = AXIS2_PLACEMENT_3D('',#667,#668,#669);
#667 = CARTESIAN_POINT('',(-7.3,14.8,0.));
#668 = DIRECTION('',(0.,1.,0.));
#669 = DIRECTION('',(0.,0.,1.));
#670 = DEFINITIONAL_REPRESENTATION('',(#671),#675);
#671 = LINE('',#672,#673);
#672 = CARTESIAN_POINT('',(0.,3.));
#673 = VECTOR('',#674,1.);
#674 = DIRECTION('',(1.,0.));
#675 = ( GEOMETRIC_REPRESENTATION_CONTEXT(2)
PARAMETRIC_REPRESENTATION_CONTEXT() REPRESENTATION_CONTEXT('2D SPACE',''
  ) );
#676 = ORIENTED_EDGE('',*,*,#677,.F.);
#677 = EDGE_CURVE('',#186,#650,#678,.T.);
#678 = SURFACE_CURVE('',#679,(#684,#691),.PCURVE_S1.);
#679 = CIRCLE('',#680,3.);
#680 = AXIS2_PLACEMENT_3D('',#681,#682,#683);
#681 = CARTESIAN_POINT('',(-4.3,11.8,5.15));
#682 = DIRECTION('',(-0.,0.,-1.));
#683 = DIRECTION('',(-1.,0.,0.));
#684 = PCURVE('',#201,#685);
#685 = DEFINITIONAL_REPRESENTATION('',(#686),#690);
#686 = LINE('',#687,#688);
#687 = CARTESIAN_POINT('',(-0.,5.15));
#688 = VECTOR('',#689,1.);
#689 = DIRECTION('',(-1.,0.));
#690 = ( GEOMETRIC_REPRESENTATION_CONTEXT(2)
PARAMETRIC_REPRESENTATION_CONTEXT() REPRESENTATION_CONTEXT('2D SPACE',''
  ) );
#691 = PCURVE('',#499,#692);
#692 = DEFINITIONAL_REPRESENTATION('',(#693),#697);
#693 = LINE('',#694,#695);
#694 = CARTESIAN_POINT('',(-0.,0.));
#695 = VECTOR('',#696,1.);
#696 = DIRECTION('',(-1.,0.));
#697 = ( GEOMETRIC_REPRESENTATION_CONTEXT(2)
PARAMETRIC_REPRESENTATION_CONTEXT() REPRESENTATION_CONTEXT('2D SPACE',''
  ) );
#698 = ADVANCED_FACE('',(#699),#173,.T.);
#699 = FACE_BOUND('',#700,.F.);
#700 = EDGE_LOOP('',(#701,#702,#787,#815,#858));
#701 = ORIENTED_EDGE('',*,*,#157,.F.);
#702 = ORIENTED_EDGE('',*,*,#703,.T.);
#703 = EDGE_CURVE('',#137,#704,#706,.T.);
#704 = VERTEX_POINT('',#705);
#705 = CARTESIAN_POINT('',(-6.8,3.276049450176,-5.551115123126E-17));
#706 = SURFACE_CURVE('',#707,(#730,#756),.PCURVE_S1.);
#707 = B_SPLINE_CURVE_WITH_KNOTS('',6,(#708,#709,#710,#711,#712,#713,
    #714,#715,#716,#717,#718,#719,#720,#721,#722,#723,#724,#725,#726,
    #727,#728,#729),.UNSPECIFIED.,.F.,.F.,(7,5,5,5,7),(0.,0.404000583635
    ,0.655999140216,0.912998794458,1.),.UNSPECIFIED.);
#708 = CARTESIAN_POINT('',(-7.3,2.842973795166,0.5));
#709 = CARTESIAN_POINT('',(-7.3,2.842973795166,0.444905256815));
#710 = CARTESIAN_POINT('',(-7.2927152166,2.849763576741,0.389791656945)
  );
#711 = CARTESIAN_POINT('',(-7.278134622698,2.863357094539,0.336177753001
    ));
#712 = CARTESIAN_POINT('',(-7.256796800404,2.883117768921,0.285430364177
    ));
#713 = CARTESIAN_POINT('',(-7.229510843429,2.908082501102,0.238552858742
    ));
#714 = CARTESIAN_POINT('',(-7.17699867908,2.955459054162,0.169886839858)
  );
#715 = CARTESIAN_POINT('',(-7.154853007693,2.975303697176,0.145285446432
    ));
#716 = CARTESIAN_POINT('',(-7.130940586701,2.996560723079,0.122625193633
    ));
#717 = CARTESIAN_POINT('',(-7.10547334238,3.018998647781,0.102030788099)
  );
#718 = CARTESIAN_POINT('',(-7.078661159934,3.042397000748,
    8.359632948764E-02));
#719 = CARTESIAN_POINT('',(-7.022193163314,3.091194475985,
    5.087183511304E-02));
#720 = CARTESIAN_POINT('',(-6.99249333441,3.116622414481,
    3.667235260828E-02));
#721 = CARTESIAN_POINT('',(-6.96181900088,3.142626239632,
    2.487323680777E-02));
#722 = CARTESIAN_POINT('',(-6.930382429416,3.169006561712,
    1.55329042865E-02));
#723 = CARTESIAN_POINT('',(-6.898395365597,3.195576839107,
    8.693740700923E-03));
#724 = CARTESIAN_POINT('',(-6.855127223079,3.231161821071,
    2.925694404584E-03));
#725 = CARTESIAN_POINT('',(-6.844145640736,3.240163229136,
    1.75683566364E-03));
#726 = CARTESIAN_POINT('',(-6.833133722651,3.24915940289,
    8.790260853775E-04));
#727 = CARTESIAN_POINT('',(-6.822099840942,3.2581435878,
    2.931769097343E-04));
#728 = CARTESIAN_POINT('',(-6.811052432646,3.267109124766,
    -1.568563079482E-09));
#729 = CARTESIAN_POINT('',(-6.799999999712,3.276049450115,0.));
#730 = PCURVE('',#173,#731);
#731 = DEFINITIONAL_REPRESENTATION('',(#732),#755);
#732 = B_SPLINE_CURVE_WITH_KNOTS('',6,(#733,#734,#735,#736,#737,#738,
    #739,#740,#741,#742,#743,#744,#745,#746,#747,#748,#749,#750,#751,
    #752,#753,#754),.UNSPECIFIED.,.F.,.F.,(7,5,5,5,7),(0.,0.404000583635
    ,0.655999140216,0.912998794458,1.),.UNSPECIFIED.);
#733 = CARTESIAN_POINT('',(8.881784197001E-16,14.642973795166));
#734 = CARTESIAN_POINT('',(-0.11018948637,14.642973795166));
#735 = CARTESIAN_POINT('',(-0.220416082365,14.649763576741));
#736 = CARTESIAN_POINT('',(-0.33005501898,14.663357094539));
#737 = CARTESIAN_POINT('',(-0.438774863926,14.683117768921));
#738 = CARTESIAN_POINT('',(-0.546398984112,14.708082501102));
#739 = CARTESIAN_POINT('',(-0.719286803857,14.755459054162));
#740 = CARTESIAN_POINT('',(-0.785276034345,14.775303697176));
#741 = CARTESIAN_POINT('',(-0.850856404318,14.796560723079));
#742 = CARTESIAN_POINT('',(-0.91606273081,14.818998647781));
#743 = CARTESIAN_POINT('',(-0.98094584826,14.842397000748));
#744 = CARTESIAN_POINT('',(-1.111475954738,14.891194475985));
#745 = CARTESIAN_POINT('',(-1.177108637831,14.916622414481));
#746 = CARTESIAN_POINT('',(-1.242535838964,14.942626239632));
#747 = CARTESIAN_POINT('',(-1.307825415839,14.969006561712));
#748 = CARTESIAN_POINT('',(-1.37304605699,14.995576839107));
#749 = CARTESIAN_POINT('',(-1.460347890077,15.031161821071));
#750 = CARTESIAN_POINT('',(-1.482427368936,15.040163229136));
#751 = CARTESIAN_POINT('',(-1.504509438283,15.04915940289));
#752 = CARTESIAN_POINT('',(-1.526596642307,15.0581435878));
#753 = CARTESIAN_POINT('',(-1.548691464327,15.067109124766));
#754 = CARTESIAN_POINT('',(-1.570796326795,15.076049450115));
#755 = ( GEOMETRIC_REPRESENTATION_CONTEXT(2)
PARAMETRIC_REPRESENTATION_CONTEXT() REPRESENTATION_CONTEXT('2D SPACE',''
  ) );
#756 = PCURVE('',#757,#762);
#757 = TOROIDAL_SURFACE('',#758,3.35,0.5);
#758 = AXIS2_PLACEMENT_3D('',#759,#760,#761);
#759 = CARTESIAN_POINT('',(-7.5,0.,0.5));
#760 = DIRECTION('',(-0.,-0.,-1.));
#761 = DIRECTION('',(1.,0.,-0.));
#762 = DEFINITIONAL_REPRESENTATION('',(#763),#786);
#763 = B_SPLINE_CURVE_WITH_KNOTS('',6,(#764,#765,#766,#767,#768,#769,
    #770,#771,#772,#773,#774,#775,#776,#777,#778,#779,#780,#781,#782,
    #783,#784,#785),.UNSPECIFIED.,.F.,.F.,(7,5,5,5,7),(0.,0.404000583635
    ,0.655999140216,0.912998794458,1.),.UNSPECIFIED.);
#764 = CARTESIAN_POINT('',(-7.783748469793,3.14159265359));
#765 = CARTESIAN_POINT('',(-7.783748469793,3.03140316722));
#766 = CARTESIAN_POINT('',(-7.781366313801,2.921176571225));
#767 = CARTESIAN_POINT('',(-7.776595554168,2.81153763461));
#768 = CARTESIAN_POINT('',(-7.769710668418,2.702817789663));
#769 = CARTESIAN_POINT('',(-7.761126505925,2.595193669478));
#770 = CARTESIAN_POINT('',(-7.745082044092,2.422305849732));
#771 = CARTESIAN_POINT('',(-7.738411973577,2.356316619245));
#772 = CARTESIAN_POINT('',(-7.73133084508,2.290736249272));
#773 = CARTESIAN_POINT('',(-7.723930960944,2.225529922779));
#774 = CARTESIAN_POINT('',(-7.716297057774,2.16064680533));
#775 = CARTESIAN_POINT('',(-7.700552358259,2.030116698852));
#776 = CARTESIAN_POINT('',(-7.692435676611,1.964484015759));
#777 = CARTESIAN_POINT('',(-7.684230178359,1.899056814626));
#778 = CARTESIAN_POINT('',(-7.676004298447,1.833767237751));
#779 = CARTESIAN_POINT('',(-7.667817684932,1.768546596599));
#780 = CARTESIAN_POINT('',(-7.656981588022,1.681244763513));
#781 = CARTESIAN_POINT('',(-7.654251499535,1.659165284654));
#782 = CARTESIAN_POINT('',(-7.651533906403,1.637083215307));
#783 = CARTESIAN_POINT('',(-7.648830755171,1.614996011283));
#784 = CARTESIAN_POINT('',(-7.646143910715,1.592901189262));
#785 = CARTESIAN_POINT('',(-7.643475156243,1.570796326795));
#786 = ( GEOMETRIC_REPRESENTATION_CONTEXT(2)
PARAMETRIC_REPRESENTATION_CONTEXT() REPRESENTATION_CONTEXT('2D SPACE',''
  ) );
#787 = ORIENTED_EDGE('',*,*,#788,.T.);
#788 = EDGE_CURVE('',#704,#789,#791,.T.);
#789 = VERTEX_POINT('',#790);
#790 = CARTESIAN_POINT('',(-6.8,11.723950549824,-5.551115123126E-17));
#791 = SURFACE_CURVE('',#792,(#796,#803),.PCURVE_S1.);
#792 = LINE('',#793,#794);
#793 = CARTESIAN_POINT('',(-6.8,-11.8,-1.110223024625E-16));
#794 = VECTOR('',#795,1.);
#795 = DIRECTION('',(0.,1.,0.));
#796 = PCURVE('',#173,#797);
#797 = DEFINITIONAL_REPRESENTATION('',(#798),#802);
#798 = LINE('',#799,#800);
#799 = CARTESIAN_POINT('',(-1.570796326795,0.));
#800 = VECTOR('',#801,1.);
#801 = DIRECTION('',(-0.,1.));
#802 = ( GEOMETRIC_REPRESENTATION_CONTEXT(2)
PARAMETRIC_REPRESENTATION_CONTEXT() REPRESENTATION_CONTEXT('2D SPACE',''
  ) );
#803 = PCURVE('',#804,#809);
#804 = PLANE('',#805);
#805 = AXIS2_PLACEMENT_3D('',#806,#807,#808);
#806 = CARTESIAN_POINT('',(-7.3,-14.8,0.));
#807 = DIRECTION('',(0.,0.,1.));
#808 = DIRECTION('',(1.,0.,0.));
#809 = DEFINITIONAL_REPRESENTATION('',(#810),#814);
#810 = LINE('',#811,#812);
#811 = CARTESIAN_POINT('',(0.5,3.));
#812 = VECTOR('',#813,1.);
#813 = DIRECTION('',(0.,1.));
#814 = ( GEOMETRIC_REPRESENTATION_CONTEXT(2)
PARAMETRIC_REPRESENTATION_CONTEXT() REPRESENTATION_CONTEXT('2D SPACE',''
  ) );
#815 = ORIENTED_EDGE('',*,*,#816,.F.);
#816 = EDGE_CURVE('',#817,#789,#819,.T.);
#817 = VERTEX_POINT('',#818);
#818 = CARTESIAN_POINT('',(-6.892924528302,11.8,8.710846812316E-03));
#819 = SURFACE_CURVE('',#820,(#829,#841),.PCURVE_S1.);
#820 = B_SPLINE_CURVE_WITH_KNOTS('',4,(#821,#822,#823,#824,#825,#826,
    #827,#828),.UNSPECIFIED.,.F.,.F.,(5,3,5),(0.,0.291122695788,1.),
  .UNSPECIFIED.);
#821 = CARTESIAN_POINT('',(-6.89292525283,11.8000006,8.710983853233E-03)
  );
#822 = CARTESIAN_POINT('',(-6.886241668451,11.794465755575,
    7.446811824787E-03));
#823 = CARTESIAN_POINT('',(-6.879536054839,11.788925432784,
    6.304043418791E-03));
#824 = CARTESIAN_POINT('',(-6.872811254228,11.783382041755,
    5.283140424633E-03));
#825 = CARTESIAN_POINT('',(-6.849655753637,11.76433828293,
    2.196296579501E-03));
#826 = CARTESIAN_POINT('',(-6.833144738642,11.750834554261,
    7.329454563005E-04));
#827 = CARTESIAN_POINT('',(-6.816578647692,11.737361040571,
    -2.318598082409E-09));
#828 = CARTESIAN_POINT('',(-6.800000002207,11.723950549352,0.));
#829 = PCURVE('',#173,#830);
#830 = DEFINITIONAL_REPRESENTATION('',(#831),#840);
#831 = B_SPLINE_CURVE_WITH_KNOTS('',4,(#832,#833,#834,#835,#836,#837,
    #838,#839),.UNSPECIFIED.,.F.,.F.,(5,3,5),(0.,0.291122695788,1.),
  .UNSPECIFIED.);
#832 = CARTESIAN_POINT('',(-1.383858949333,23.6000006));
#833 = CARTESIAN_POINT('',(-1.39746312973,23.594465755575));
#834 = CARTESIAN_POINT('',(-1.411065475273,23.588925432784));
#835 = CARTESIAN_POINT('',(-1.424666942251,23.583382041755));
#836 = CARTESIAN_POINT('',(-1.471387636276,23.56433828293));
#837 = CARTESIAN_POINT('',(-1.504506837539,23.550834554261));
#838 = CARTESIAN_POINT('',(-1.537639035075,23.537361040571));
#839 = CARTESIAN_POINT('',(-1.570796322381,23.523950549352));
#840 = ( GEOMETRIC_REPRESENTATION_CONTEXT(2)
PARAMETRIC_REPRESENTATION_CONTEXT() REPRESENTATION_CONTEXT('2D SPACE',''
  ) );
#841 = PCURVE('',#842,#847);
#842 = TOROIDAL_SURFACE('',#843,3.35,0.5);
#843 = AXIS2_PLACEMENT_3D('',#844,#845,#846);
#844 = CARTESIAN_POINT('',(-7.5,15.,0.5));
#845 = DIRECTION('',(-0.,-0.,-1.));
#846 = DIRECTION('',(1.,0.,-0.));
#847 = DEFINITIONAL_REPRESENTATION('',(#848),#857);
#848 = B_SPLINE_CURVE_WITH_KNOTS('',4,(#849,#850,#851,#852,#853,#854,
    #855,#856),.UNSPECIFIED.,.F.,.F.,(5,3,5),(0.,0.291122695788,1.),
  .UNSPECIFIED.);
#849 = CARTESIAN_POINT('',(-4.899871873891,1.75773372188));
#850 = CARTESIAN_POINT('',(-4.901571203755,1.7441295414));
#851 = CARTESIAN_POINT('',(-4.903267578292,1.730527156356));
#852 = CARTESIAN_POINT('',(-4.904960228054,1.716925711338));
#853 = CARTESIAN_POINT('',(-4.91075930409,1.670205017313));
#854 = CARTESIAN_POINT('',(-4.914843969188,1.637085812399));
#855 = CARTESIAN_POINT('',(-4.918892326987,1.603953625104));
#856 = CARTESIAN_POINT('',(-4.922895457354,1.570796326795));
#857 = ( GEOMETRIC_REPRESENTATION_CONTEXT(2)
PARAMETRIC_REPRESENTATION_CONTEXT() REPRESENTATION_CONTEXT('2D SPACE',''
  ) );
#858 = ORIENTED_EDGE('',*,*,#859,.F.);
#859 = EDGE_CURVE('',#158,#817,#860,.T.);
#860 = SURFACE_CURVE('',#861,(#866,#872),.PCURVE_S1.);
#861 = CIRCLE('',#862,0.5);
#862 = AXIS2_PLACEMENT_3D('',#863,#864,#865);
#863 = CARTESIAN_POINT('',(-6.8,11.8,0.5));
#864 = DIRECTION('',(-0.,-1.,-0.));
#865 = DIRECTION('',(-1.,0.,0.));
#866 = PCURVE('',#173,#867);
#867 = DEFINITIONAL_REPRESENTATION('',(#868),#871);
#868 = B_SPLINE_CURVE_WITH_KNOTS('',1,(#869,#870),.UNSPECIFIED.,.F.,.F.,
  (2,2),(0.,1.570796326795),.PIECEWISE_BEZIER_KNOTS.);
#869 = CARTESIAN_POINT('',(0.,23.6));
#870 = CARTESIAN_POINT('',(-1.570796326795,23.6));
#871 = ( GEOMETRIC_REPRESENTATION_CONTEXT(2)
PARAMETRIC_REPRESENTATION_CONTEXT() REPRESENTATION_CONTEXT('2D SPACE',''
  ) );
#872 = PCURVE('',#532,#873);
#873 = DEFINITIONAL_REPRESENTATION('',(#874),#877);
#874 = B_SPLINE_CURVE_WITH_KNOTS('',1,(#875,#876),.UNSPECIFIED.,.F.,.F.,
  (2,2),(0.,1.570796326795),.PIECEWISE_BEZIER_KNOTS.);
#875 = CARTESIAN_POINT('',(0.,0.));
#876 = CARTESIAN_POINT('',(0.,1.570796326795));
#877 = ( GEOMETRIC_REPRESENTATION_CONTEXT(2)
PARAMETRIC_REPRESENTATION_CONTEXT() REPRESENTATION_CONTEXT('2D SPACE',''
  ) );
#878 = ADVANCED_FACE('',(#879),#99,.F.);
#879 = FACE_BOUND('',#880,.F.);
#880 = EDGE_LOOP('',(#881,#903,#904,#926));
#881 = ORIENTED_EDGE('',*,*,#882,.F.);
#882 = EDGE_CURVE('',#85,#111,#883,.T.);
#883 = SURFACE_CURVE('',#884,(#889,#896),.PCURVE_S1.);
#884 = CIRCLE('',#885,2.85);
#885 = AXIS2_PLACEMENT_3D('',#886,#887,#888);
#886 = CARTESIAN_POINT('',(-7.5,0.,3.2));
#887 = DIRECTION('',(0.,0.,1.));
#888 = DIRECTION('',(7.017543859649E-02,-0.99753466497,0.));
#889 = PCURVE('',#99,#890);
#890 = DEFINITIONAL_REPRESENTATION('',(#891),#895);
#891 = LINE('',#892,#893);
#892 = CARTESIAN_POINT('',(4.782622144566,2.7));
#893 = VECTOR('',#894,1.);
#894 = DIRECTION('',(1.,0.));
#895 = ( GEOMETRIC_REPRESENTATION_CONTEXT(2)
PARAMETRIC_REPRESENTATION_CONTEXT() REPRESENTATION_CONTEXT('2D SPACE',''
  ) );
#896 = PCURVE('',#125,#897);
#897 = DEFINITIONAL_REPRESENTATION('',(#898),#902);
#898 = CIRCLE('',#899,2.85);
#899 = AXIS2_PLACEMENT_2D('',#900,#901);
#900 = CARTESIAN_POINT('',(0.,0.));
#901 = DIRECTION('',(7.017543859649E-02,-0.99753466497));
#902 = ( GEOMETRIC_REPRESENTATION_CONTEXT(2)
PARAMETRIC_REPRESENTATION_CONTEXT() REPRESENTATION_CONTEXT('2D SPACE',''
  ) );
#903 = ORIENTED_EDGE('',*,*,#84,.F.);
#904 = ORIENTED_EDGE('',*,*,#905,.F.);
#905 = EDGE_CURVE('',#137,#57,#906,.T.);
#906 = SURFACE_CURVE('',#907,(#912,#919),.PCURVE_S1.);
#907 = CIRCLE('',#908,2.85);
#908 = AXIS2_PLACEMENT_3D('',#909,#910,#911);
#909 = CARTESIAN_POINT('',(-7.5,0.,0.5));
#910 = DIRECTION('',(0.,-1.952573440024E-17,-1.));
#911 = DIRECTION('',(7.017543859649E-02,0.99753466497,
    -1.947759692325E-17));
#912 = PCURVE('',#99,#913);
#913 = DEFINITIONAL_REPRESENTATION('',(#914),#918);
#914 = LINE('',#915,#916);
#915 = CARTESIAN_POINT('',(7.783748469793,0.));
#916 = VECTOR('',#917,1.);
#917 = DIRECTION('',(-1.,-0.));
#918 = ( GEOMETRIC_REPRESENTATION_CONTEXT(2)
PARAMETRIC_REPRESENTATION_CONTEXT() REPRESENTATION_CONTEXT('2D SPACE',''
  ) );
#919 = PCURVE('',#757,#920);
#920 = DEFINITIONAL_REPRESENTATION('',(#921),#925);
#921 = LINE('',#922,#923);
#922 = CARTESIAN_POINT('',(-7.783748469793,3.14159265359));
#923 = VECTOR('',#924,1.);
#924 = DIRECTION('',(1.,-0.));
#925 = ( GEOMETRIC_REPRESENTATION_CONTEXT(2)
PARAMETRIC_REPRESENTATION_CONTEXT() REPRESENTATION_CONTEXT('2D SPACE',''
  ) );
#926 = ORIENTED_EDGE('',*,*,#136,.T.);
#927 = ADVANCED_FACE('',(#928),#125,.F.);
#928 = FACE_BOUND('',#929,.F.);
#929 = EDGE_LOOP('',(#930,#931));
#930 = ORIENTED_EDGE('',*,*,#882,.T.);
#931 = ORIENTED_EDGE('',*,*,#110,.T.);
#932 = ADVANCED_FACE('',(#933),#72,.T.);
#933 = FACE_BOUND('',#934,.F.);
#934 = EDGE_LOOP('',(#935,#936,#958,#1001,#1024));
#935 = ORIENTED_EDGE('',*,*,#56,.F.);
#936 = ORIENTED_EDGE('',*,*,#937,.T.);
#937 = EDGE_CURVE('',#22,#938,#940,.T.);
#938 = VERTEX_POINT('',#939);
#939 = CARTESIAN_POINT('',(-6.892924528302,-11.8,8.710846812316E-03));
#940 = SURFACE_CURVE('',#941,(#946,#952),.PCURVE_S1.);
#941 = CIRCLE('',#942,0.5);
#942 = AXIS2_PLACEMENT_3D('',#943,#944,#945);
#943 = CARTESIAN_POINT('',(-6.8,-11.8,0.5));
#944 = DIRECTION('',(-0.,-1.,-0.));
#945 = DIRECTION('',(-1.,0.,0.));
#946 = PCURVE('',#72,#947);
#947 = DEFINITIONAL_REPRESENTATION('',(#948),#951);
#948 = B_SPLINE_CURVE_WITH_KNOTS('',1,(#949,#950),.UNSPECIFIED.,.F.,.F.,
  (2,2),(0.,1.570796326795),.PIECEWISE_BEZIER_KNOTS.);
#949 = CARTESIAN_POINT('',(0.,0.));
#950 = CARTESIAN_POINT('',(-1.570796326795,0.));
#951 = ( GEOMETRIC_REPRESENTATION_CONTEXT(2)
PARAMETRIC_REPRESENTATION_CONTEXT() REPRESENTATION_CONTEXT('2D SPACE',''
  ) );
#952 = PCURVE('',#260,#953);
#953 = DEFINITIONAL_REPRESENTATION('',(#954),#957);
#954 = B_SPLINE_CURVE_WITH_KNOTS('',1,(#955,#956),.UNSPECIFIED.,.F.,.F.,
  (2,2),(0.,1.570796326795),.PIECEWISE_BEZIER_KNOTS.);
#955 = CARTESIAN_POINT('',(1.570796326795,0.));
#956 = CARTESIAN_POINT('',(1.570796326795,1.570796326795));
#957 = ( GEOMETRIC_REPRESENTATION_CONTEXT(2)
PARAMETRIC_REPRESENTATION_CONTEXT() REPRESENTATION_CONTEXT('2D SPACE',''
  ) );
#958 = ORIENTED_EDGE('',*,*,#959,.T.);
#959 = EDGE_CURVE('',#938,#960,#962,.T.);
#960 = VERTEX_POINT('',#961);
#961 = CARTESIAN_POINT('',(-6.8,-11.72395054982,-5.551115123126E-17));
#962 = SURFACE_CURVE('',#963,(#972,#984),.PCURVE_S1.);
#963 = B_SPLINE_CURVE_WITH_KNOTS('',4,(#964,#965,#966,#967,#968,#969,
    #970,#971),.UNSPECIFIED.,.F.,.F.,(5,3,5),(0.,0.291122692555,1.),
  .UNSPECIFIED.);
#964 = CARTESIAN_POINT('',(-6.89292525283,-11.8000006,8.710983853233E-03
    ));
#965 = CARTESIAN_POINT('',(-6.886241668451,-11.79446575557,
    7.446811824821E-03));
#966 = CARTESIAN_POINT('',(-6.879536054839,-11.78892543278,
    6.304043418853E-03));
#967 = CARTESIAN_POINT('',(-6.872811254229,-11.78338204175,
    5.283140424716E-03));
#968 = CARTESIAN_POINT('',(-6.849655753381,-11.76433828272,
    2.196296545347E-03));
#969 = CARTESIAN_POINT('',(-6.83314473692,-11.75083455497,
    7.32945411461E-04));
#970 = CARTESIAN_POINT('',(-6.816578649112,-11.7373610379,
    -2.352844236933E-09));
#971 = CARTESIAN_POINT('',(-6.799999999712,-11.72395054988,0.));
#972 = PCURVE('',#72,#973);
#973 = DEFINITIONAL_REPRESENTATION('',(#974),#983);
#974 = B_SPLINE_CURVE_WITH_KNOTS('',4,(#975,#976,#977,#978,#979,#980,
    #981,#982),.UNSPECIFIED.,.F.,.F.,(5,3,5),(0.,0.291122692555,1.),
  .UNSPECIFIED.);
#975 = CARTESIAN_POINT('',(-1.383858949333,-6.E-07));
#976 = CARTESIAN_POINT('',(-1.39746312973,5.534244424691E-03));
#977 = CARTESIAN_POINT('',(-1.411065475272,1.10745672153E-02));
#978 = CARTESIAN_POINT('',(-1.42466694225,1.661795824497E-02));
#979 = CARTESIAN_POINT('',(-1.471387636793,3.566171728024E-02));
#980 = CARTESIAN_POINT('',(-1.504506840509,4.916544502562E-02));
#981 = CARTESIAN_POINT('',(-1.537639033094,6.263896209133E-02));
#982 = CARTESIAN_POINT('',(-1.570796326795,7.604945011467E-02));
#983 = ( GEOMETRIC_REPRESENTATION_CONTEXT(2)
PARAMETRIC_REPRESENTATION_CONTEXT() REPRESENTATION_CONTEXT('2D SPACE',''
  ) );
#984 = PCURVE('',#985,#990);
#985 = TOROIDAL_SURFACE('',#986,3.35,0.5);
#986 = AXIS2_PLACEMENT_3D('',#987,#988,#989);
#987 = CARTESIAN_POINT('',(-7.5,-15.,0.5));
#988 = DIRECTION('',(-0.,-0.,-1.));
#989 = DIRECTION('',(1.,0.,-0.));
#990 = DEFINITIONAL_REPRESENTATION('',(#991),#1000);
#991 = B_SPLINE_CURVE_WITH_KNOTS('',4,(#992,#993,#994,#995,#996,#997,
    #998,#999),.UNSPECIFIED.,.F.,.F.,(5,3,5),(0.,0.291122692555,1.),
  .UNSPECIFIED.);
#992 = CARTESIAN_POINT('',(-1.383313433289,1.75773372188));
#993 = CARTESIAN_POINT('',(-1.381614103424,1.744129541401));
#994 = CARTESIAN_POINT('',(-1.379917728887,1.730527156356));
#995 = CARTESIAN_POINT('',(-1.378225079125,1.71692571134));
#996 = CARTESIAN_POINT('',(-1.372426003025,1.670205016797));
#997 = CARTESIAN_POINT('',(-1.368341337441,1.637085813081));
#998 = CARTESIAN_POINT('',(-1.364292980771,1.603953620496));
#999 = CARTESIAN_POINT('',(-1.360289849064,1.570796326795));
#1000 = ( GEOMETRIC_REPRESENTATION_CONTEXT(2)
PARAMETRIC_REPRESENTATION_CONTEXT() REPRESENTATION_CONTEXT('2D SPACE',''
  ) );
#1001 = ORIENTED_EDGE('',*,*,#1002,.T.);
#1002 = EDGE_CURVE('',#960,#1003,#1005,.T.);
#1003 = VERTEX_POINT('',#1004);
#1004 = CARTESIAN_POINT('',(-6.8,-3.276049450176,-5.551115123126E-17));
#1005 = SURFACE_CURVE('',#1006,(#1010,#1017),.PCURVE_S1.);
#1006 = LINE('',#1007,#1008);
#1007 = CARTESIAN_POINT('',(-6.8,-11.8,-1.110223024625E-16));
#1008 = VECTOR('',#1009,1.);
#1009 = DIRECTION('',(0.,1.,0.));
#1010 = PCURVE('',#72,#1011);
#1011 = DEFINITIONAL_REPRESENTATION('',(#1012),#1016);
#1012 = LINE('',#1013,#1014);
#1013 = CARTESIAN_POINT('',(-1.570796326795,0.));
#1014 = VECTOR('',#1015,1.);
#1015 = DIRECTION('',(-0.,1.));
#1016 = ( GEOMETRIC_REPRESENTATION_CONTEXT(2)
PARAMETRIC_REPRESENTATION_CONTEXT() REPRESENTATION_CONTEXT('2D SPACE',''
  ) );
#1017 = PCURVE('',#804,#1018);
#1018 = DEFINITIONAL_REPRESENTATION('',(#1019),#1023);
#1019 = LINE('',#1020,#1021);
#1020 = CARTESIAN_POINT('',(0.5,3.));
#1021 = VECTOR('',#1022,1.);
#1022 = DIRECTION('',(0.,1.));
#1023 = ( GEOMETRIC_REPRESENTATION_CONTEXT(2)
PARAMETRIC_REPRESENTATION_CONTEXT() REPRESENTATION_CONTEXT('2D SPACE',''
  ) );
#1024 = ORIENTED_EDGE('',*,*,#1025,.F.);
#1025 = EDGE_CURVE('',#57,#1003,#1026,.T.);
#1026 = SURFACE_CURVE('',#1027,(#1050,#1076),.PCURVE_S1.);
#1027 = B_SPLINE_CURVE_WITH_KNOTS('',6,(#1028,#1029,#1030,#1031,#1032,
    #1033,#1034,#1035,#1036,#1037,#1038,#1039,#1040,#1041,#1042,#1043,
    #1044,#1045,#1046,#1047,#1048,#1049),.UNSPECIFIED.,.F.,.F.,(7,5,5,5,
    7),(0.,0.404000584186,0.655999141109,0.9129987957,1.),
  .UNSPECIFIED.);
#1028 = CARTESIAN_POINT('',(-7.3,-2.842973795166,0.5));
#1029 = CARTESIAN_POINT('',(-7.3,-2.842973795166,0.444905256815));
#1030 = CARTESIAN_POINT('',(-7.2927152166,-2.849763576742,0.389791656945
    ));
#1031 = CARTESIAN_POINT('',(-7.278134622698,-2.86335709454,0.336177753)
  );
#1032 = CARTESIAN_POINT('',(-7.256796800404,-2.883117768922,
    0.285430364176));
#1033 = CARTESIAN_POINT('',(-7.229510843429,-2.908082501103,
    0.238552858741));
#1034 = CARTESIAN_POINT('',(-7.176998679079,-2.955459054162,
    0.169886839857));
#1035 = CARTESIAN_POINT('',(-7.154853007693,-2.975303697176,
    0.145285446431));
#1036 = CARTESIAN_POINT('',(-7.1309405867,-2.996560723079,0.122625193633
    ));
#1037 = CARTESIAN_POINT('',(-7.105473342379,-3.018998647782,
    0.102030788098));
#1038 = CARTESIAN_POINT('',(-7.078661159933,-3.042397000748,
    8.359632948723E-02));
#1039 = CARTESIAN_POINT('',(-7.022193163314,-3.091194475985,
    5.087183511272E-02));
#1040 = CARTESIAN_POINT('',(-6.992493334409,-3.116622414482,
    3.6672352608E-02));
#1041 = CARTESIAN_POINT('',(-6.961819000879,-3.142626239633,
    2.487323680753E-02));
#1042 = CARTESIAN_POINT('',(-6.930382429415,-3.169006561713,
    1.553290428631E-02));
#1043 = CARTESIAN_POINT('',(-6.898395365596,-3.195576839108,
    8.693740700776E-03));
#1044 = CARTESIAN_POINT('',(-6.855127223249,-3.231161820931,
    2.925694427321E-03));
#1045 = CARTESIAN_POINT('',(-6.844145641562,-3.24016322931,
    1.756835699785E-03));
#1046 = CARTESIAN_POINT('',(-6.833133723451,-3.249159402743,
    8.790261259607E-04));
#1047 = CARTESIAN_POINT('',(-6.822099841039,-3.258143586701,
    2.931769459345E-04));
#1048 = CARTESIAN_POINT('',(-6.81105243253,-3.267109123168,
    -1.54573189549E-09));
#1049 = CARTESIAN_POINT('',(-6.800000002207,-3.276049450648,0.));
#1050 = PCURVE('',#72,#1051);
#1051 = DEFINITIONAL_REPRESENTATION('',(#1052),#1075);
#1052 = B_SPLINE_CURVE_WITH_KNOTS('',6,(#1053,#1054,#1055,#1056,#1057,
    #1058,#1059,#1060,#1061,#1062,#1063,#1064,#1065,#1066,#1067,#1068,
    #1069,#1070,#1071,#1072,#1073,#1074),.UNSPECIFIED.,.F.,.F.,(7,5,5,5,
    7),(0.,0.404000584186,0.655999141109,0.9129987957,1.),
  .UNSPECIFIED.);
#1053 = CARTESIAN_POINT('',(8.881784197001E-16,8.957026204834));
#1054 = CARTESIAN_POINT('',(-0.11018948637,8.957026204834));
#1055 = CARTESIAN_POINT('',(-0.220416082366,8.950236423258));
#1056 = CARTESIAN_POINT('',(-0.33005501898,8.93664290546));
#1057 = CARTESIAN_POINT('',(-0.438774863928,8.916882231078));
#1058 = CARTESIAN_POINT('',(-0.546398984113,8.891917498897));
#1059 = CARTESIAN_POINT('',(-0.719286803859,8.844540945838));
#1060 = CARTESIAN_POINT('',(-0.785276034346,8.824696302824));
#1061 = CARTESIAN_POINT('',(-0.85085640432,8.803439276921));
#1062 = CARTESIAN_POINT('',(-0.916062730812,8.781001352218));
#1063 = CARTESIAN_POINT('',(-0.980945848261,8.757602999252));
#1064 = CARTESIAN_POINT('',(-1.111475954739,8.708805524015));
#1065 = CARTESIAN_POINT('',(-1.177108637832,8.683377585518));
#1066 = CARTESIAN_POINT('',(-1.242535838965,8.657373760367));
#1067 = CARTESIAN_POINT('',(-1.30782541584,8.630993438287));
#1068 = CARTESIAN_POINT('',(-1.373046056992,8.604423160892));
#1069 = CARTESIAN_POINT('',(-1.460347889733,8.568838179069));
#1070 = CARTESIAN_POINT('',(-1.482427367473,8.55983677069));
#1071 = CARTESIAN_POINT('',(-1.504509436794,8.550840597257));
#1072 = CARTESIAN_POINT('',(-1.526596641881,8.541856413299));
#1073 = CARTESIAN_POINT('',(-1.548691464177,8.532890876832));
#1074 = CARTESIAN_POINT('',(-1.570796322381,8.523950549352));
#1075 = ( GEOMETRIC_REPRESENTATION_CONTEXT(2)
PARAMETRIC_REPRESENTATION_CONTEXT() REPRESENTATION_CONTEXT('2D SPACE',''
  ) );
#1076 = PCURVE('',#757,#1077);
#1077 = DEFINITIONAL_REPRESENTATION('',(#1078),#1101);
#1078 = B_SPLINE_CURVE_WITH_KNOTS('',6,(#1079,#1080,#1081,#1082,#1083,
    #1084,#1085,#1086,#1087,#1088,#1089,#1090,#1091,#1092,#1093,#1094,
    #1095,#1096,#1097,#1098,#1099,#1100),.UNSPECIFIED.,.F.,.F.,(7,5,5,5,
    7),(0.,0.404000584186,0.655999141109,0.9129987957,1.),
  .UNSPECIFIED.);
#1079 = CARTESIAN_POINT('',(-4.782622144566,3.14159265359));
#1080 = CARTESIAN_POINT('',(-4.782622144566,3.03140316722));
#1081 = CARTESIAN_POINT('',(-4.785004300558,2.921176571224));
#1082 = CARTESIAN_POINT('',(-4.789775060191,2.81153763461));
#1083 = CARTESIAN_POINT('',(-4.796659945941,2.702817789662));
#1084 = CARTESIAN_POINT('',(-4.805244108434,2.595193669476));
#1085 = CARTESIAN_POINT('',(-4.821288570267,2.422305849731));
#1086 = CARTESIAN_POINT('',(-4.827958640782,2.356316619244));
#1087 = CARTESIAN_POINT('',(-4.835039769279,2.29073624927));
#1088 = CARTESIAN_POINT('',(-4.842439653415,2.225529922778));
#1089 = CARTESIAN_POINT('',(-4.850073556585,2.160646805329));
#1090 = CARTESIAN_POINT('',(-4.865818256101,2.030116698851));
#1091 = CARTESIAN_POINT('',(-4.873934937748,1.964484015757));
#1092 = CARTESIAN_POINT('',(-4.882140436,1.899056814624));
#1093 = CARTESIAN_POINT('',(-4.890366315912,1.83376723775));
#1094 = CARTESIAN_POINT('',(-4.898552929428,1.768546596598));
#1095 = CARTESIAN_POINT('',(-4.909389026294,1.681244763857));
#1096 = CARTESIAN_POINT('',(-4.91211911457,1.659165284656));
#1097 = CARTESIAN_POINT('',(-4.914836707728,1.637083215923));
#1098 = CARTESIAN_POINT('',(-4.917539859225,1.614996013468));
#1099 = CARTESIAN_POINT('',(-4.920226703776,1.592901192334));
#1100 = CARTESIAN_POINT('',(-4.922895457354,1.570796326795));
#1101 = ( GEOMETRIC_REPRESENTATION_CONTEXT(2)
PARAMETRIC_REPRESENTATION_CONTEXT() REPRESENTATION_CONTEXT('2D SPACE',''
  ) );
#1102 = ADVANCED_FACE('',(#1103),#420,.T.);
#1103 = FACE_BOUND('',#1104,.F.);
#1104 = EDGE_LOOP('',(#1105,#1132,#1133,#1134));
#1105 = ORIENTED_EDGE('',*,*,#1106,.F.);
#1106 = EDGE_CURVE('',#378,#1107,#1109,.T.);
#1107 = VERTEX_POINT('',#1108);
#1108 = CARTESIAN_POINT('',(-4.3,-14.45,5.5));
#1109 = SURFACE_CURVE('',#1110,(#1115,#1121),.PCURVE_S1.);
#1110 = CIRCLE('',#1111,0.35);
#1111 = AXIS2_PLACEMENT_3D('',#1112,#1113,#1114);
#1112 = CARTESIAN_POINT('',(-4.3,-14.45,5.15));
#1113 = DIRECTION('',(-1.,-0.,0.));
#1114 = DIRECTION('',(0.,-1.,0.));
#1115 = PCURVE('',#420,#1116);
#1116 = DEFINITIONAL_REPRESENTATION('',(#1117),#1120);
#1117 = B_SPLINE_CURVE_WITH_KNOTS('',1,(#1118,#1119),.UNSPECIFIED.,.F.,
  .F.,(2,2),(0.,1.570796326795),.PIECEWISE_BEZIER_KNOTS.);
#1118 = CARTESIAN_POINT('',(2.22044604925E-16,0.));
#1119 = CARTESIAN_POINT('',(2.22044604925E-16,1.570796326795));
#1120 = ( GEOMETRIC_REPRESENTATION_CONTEXT(2)
PARAMETRIC_REPRESENTATION_CONTEXT() REPRESENTATION_CONTEXT('2D SPACE',''
  ) );
#1121 = PCURVE('',#1122,#1127);
#1122 = CYLINDRICAL_SURFACE('',#1123,0.35);
#1123 = AXIS2_PLACEMENT_3D('',#1124,#1125,#1126);
#1124 = CARTESIAN_POINT('',(4.3,-14.45,5.15));
#1125 = DIRECTION('',(-1.,-0.,-0.));
#1126 = DIRECTION('',(0.,-1.,0.));
#1127 = DEFINITIONAL_REPRESENTATION('',(#1128),#1131);
#1128 = B_SPLINE_CURVE_WITH_KNOTS('',1,(#1129,#1130),.UNSPECIFIED.,.F.,
  .F.,(2,2),(0.,1.570796326795),.PIECEWISE_BEZIER_KNOTS.);
#1129 = CARTESIAN_POINT('',(0.,8.6));
#1130 = CARTESIAN_POINT('',(1.570796326795,8.6));
#1131 = ( GEOMETRIC_REPRESENTATION_CONTEXT(2)
PARAMETRIC_REPRESENTATION_CONTEXT() REPRESENTATION_CONTEXT('2D SPACE',''
  ) );
#1132 = ORIENTED_EDGE('',*,*,#405,.T.);
#1133 = ORIENTED_EDGE('',*,*,#435,.T.);
#1134 = ORIENTED_EDGE('',*,*,#1135,.F.);
#1135 = EDGE_CURVE('',#1107,#436,#1136,.T.);
#1136 = SURFACE_CURVE('',#1137,(#1142,#1149),.PCURVE_S1.);
#1137 = CIRCLE('',#1138,2.65);
#1138 = AXIS2_PLACEMENT_3D('',#1139,#1140,#1141);
#1139 = CARTESIAN_POINT('',(-4.3,-11.8,5.5));
#1140 = DIRECTION('',(-0.,0.,-1.));
#1141 = DIRECTION('',(-2.960594732334E-16,-1.,0.));
#1142 = PCURVE('',#420,#1143);
#1143 = DEFINITIONAL_REPRESENTATION('',(#1144),#1148);
#1144 = LINE('',#1145,#1146);
#1145 = CARTESIAN_POINT('',(-0.,1.570796326795));
#1146 = VECTOR('',#1147,1.);
#1147 = DIRECTION('',(-1.,0.));
#1148 = ( GEOMETRIC_REPRESENTATION_CONTEXT(2)
PARAMETRIC_REPRESENTATION_CONTEXT() REPRESENTATION_CONTEXT('2D SPACE',''
  ) );
#1149 = PCURVE('',#473,#1150);
#1150 = DEFINITIONAL_REPRESENTATION('',(#1151),#1159);
#1151 = ( BOUNDED_CURVE() B_SPLINE_CURVE(2,(#1152,#1153,#1154,#1155,
#1156,#1157,#1158),.UNSPECIFIED.,.T.,.F.) B_SPLINE_CURVE_WITH_KNOTS((1,2
    ,2,2,2,1),(-2.094395102393,0.,2.094395102393,4.188790204786,
6.28318530718,8.377580409573),.UNSPECIFIED.) CURVE()
GEOMETRIC_REPRESENTATION_ITEM() RATIONAL_B_SPLINE_CURVE((1.,0.5,1.,0.5,
1.,0.5,1.)) REPRESENTATION_ITEM('') );
#1152 = CARTESIAN_POINT('',(3.,0.35));
#1153 = CARTESIAN_POINT('',(-1.589934640058,0.35));
#1154 = CARTESIAN_POINT('',(0.705032679971,4.325));
#1155 = CARTESIAN_POINT('',(3.,8.3));
#1156 = CARTESIAN_POINT('',(5.294967320029,4.325));
#1157 = CARTESIAN_POINT('',(7.589934640058,0.35));
#1158 = CARTESIAN_POINT('',(3.,0.35));
#1159 = ( GEOMETRIC_REPRESENTATION_CONTEXT(2)
PARAMETRIC_REPRESENTATION_CONTEXT() REPRESENTATION_CONTEXT('2D SPACE',''
  ) );
#1160 = ADVANCED_FACE('',(#1161),#393,.F.);
#1161 = FACE_BOUND('',#1162,.F.);
#1162 = EDGE_LOOP('',(#1163,#1164,#1187,#1215));
#1163 = ORIENTED_EDGE('',*,*,#377,.T.);
#1164 = ORIENTED_EDGE('',*,*,#1165,.F.);
#1165 = EDGE_CURVE('',#1166,#378,#1168,.T.);
#1166 = VERTEX_POINT('',#1167);
#1167 = CARTESIAN_POINT('',(4.3,-14.8,5.15));
#1168 = SURFACE_CURVE('',#1169,(#1173,#1180),.PCURVE_S1.);
#1169 = LINE('',#1170,#1171);
#1170 = CARTESIAN_POINT('',(4.3,-14.8,5.15));
#1171 = VECTOR('',#1172,1.);
#1172 = DIRECTION('',(-1.,-0.,-0.));
#1173 = PCURVE('',#393,#1174);
#1174 = DEFINITIONAL_REPRESENTATION('',(#1175),#1179);
#1175 = LINE('',#1176,#1177);
#1176 = CARTESIAN_POINT('',(5.15,11.6));
#1177 = VECTOR('',#1178,1.);
#1178 = DIRECTION('',(-0.,-1.));
#1179 = ( GEOMETRIC_REPRESENTATION_CONTEXT(2)
PARAMETRIC_REPRESENTATION_CONTEXT() REPRESENTATION_CONTEXT('2D SPACE',''
  ) );
#1180 = PCURVE('',#1122,#1181);
#1181 = DEFINITIONAL_REPRESENTATION('',(#1182),#1186);
#1182 = LINE('',#1183,#1184);
#1183 = CARTESIAN_POINT('',(0.,0.));
#1184 = VECTOR('',#1185,1.);
#1185 = DIRECTION('',(0.,1.));
#1186 = ( GEOMETRIC_REPRESENTATION_CONTEXT(2)
PARAMETRIC_REPRESENTATION_CONTEXT() REPRESENTATION_CONTEXT('2D SPACE',''
  ) );
#1187 = ORIENTED_EDGE('',*,*,#1188,.F.);
#1188 = EDGE_CURVE('',#1189,#1166,#1191,.T.);
#1189 = VERTEX_POINT('',#1190);
#1190 = CARTESIAN_POINT('',(4.3,-14.8,0.5));
#1191 = SURFACE_CURVE('',#1192,(#1196,#1203),.PCURVE_S1.);
#1192 = LINE('',#1193,#1194);
#1193 = CARTESIAN_POINT('',(4.3,-14.8,0.));
#1194 = VECTOR('',#1195,1.);
#1195 = DIRECTION('',(0.,0.,1.));
#1196 = PCURVE('',#393,#1197);
#1197 = DEFINITIONAL_REPRESENTATION('',(#1198),#1202);
#1198 = LINE('',#1199,#1200);
#1199 = CARTESIAN_POINT('',(0.,11.6));
#1200 = VECTOR('',#1201,1.);
#1201 = DIRECTION('',(1.,0.));
#1202 = ( GEOMETRIC_REPRESENTATION_CONTEXT(2)
PARAMETRIC_REPRESENTATION_CONTEXT() REPRESENTATION_CONTEXT('2D SPACE',''
  ) );
#1203 = PCURVE('',#1204,#1209);
#1204 = CYLINDRICAL_SURFACE('',#1205,3.);
#1205 = AXIS2_PLACEMENT_3D('',#1206,#1207,#1208);
#1206 = CARTESIAN_POINT('',(4.3,-11.8,0.));
#1207 = DIRECTION('',(0.,0.,1.));
#1208 = DIRECTION('',(1.,0.,-0.));
#1209 = DEFINITIONAL_REPRESENTATION('',(#1210),#1214);
#1210 = LINE('',#1211,#1212);
#1211 = CARTESIAN_POINT('',(-1.570796326795,0.));
#1212 = VECTOR('',#1213,1.);
#1213 = DIRECTION('',(-0.,1.));
#1214 = ( GEOMETRIC_REPRESENTATION_CONTEXT(2)
PARAMETRIC_REPRESENTATION_CONTEXT() REPRESENTATION_CONTEXT('2D SPACE',''
  ) );
#1215 = ORIENTED_EDGE('',*,*,#1216,.T.);
#1216 = EDGE_CURVE('',#1189,#349,#1217,.T.);
#1217 = SURFACE_CURVE('',#1218,(#1222,#1229),.PCURVE_S1.);
#1218 = LINE('',#1219,#1220);
#1219 = CARTESIAN_POINT('',(4.3,-14.8,0.5));
#1220 = VECTOR('',#1221,1.);
#1221 = DIRECTION('',(-1.,-0.,-0.));
#1222 = PCURVE('',#393,#1223);
#1223 = DEFINITIONAL_REPRESENTATION('',(#1224),#1228);
#1224 = LINE('',#1225,#1226);
#1225 = CARTESIAN_POINT('',(0.5,11.6));
#1226 = VECTOR('',#1227,1.);
#1227 = DIRECTION('',(-0.,-1.));
#1228 = ( GEOMETRIC_REPRESENTATION_CONTEXT(2)
PARAMETRIC_REPRESENTATION_CONTEXT() REPRESENTATION_CONTEXT('2D SPACE',''
  ) );
#1229 = PCURVE('',#1230,#1235);
#1230 = CYLINDRICAL_SURFACE('',#1231,0.5);
#1231 = AXIS2_PLACEMENT_3D('',#1232,#1233,#1234);
#1232 = CARTESIAN_POINT('',(4.3,-14.3,0.5));
#1233 = DIRECTION('',(-1.,-0.,-0.));
#1234 = DIRECTION('',(0.,-1.,0.));
#1235 = DEFINITIONAL_REPRESENTATION('',(#1236),#1240);
#1236 = LINE('',#1237,#1238);
#1237 = CARTESIAN_POINT('',(-0.,0.));
#1238 = VECTOR('',#1239,1.);
#1239 = DIRECTION('',(-0.,1.));
#1240 = ( GEOMETRIC_REPRESENTATION_CONTEXT(2)
PARAMETRIC_REPRESENTATION_CONTEXT() REPRESENTATION_CONTEXT('2D SPACE',''
  ) );
#1241 = ADVANCED_FACE('',(#1242),#365,.T.);
#1242 = FACE_BOUND('',#1243,.T.);
#1243 = EDGE_LOOP('',(#1244,#1266,#1267));
#1244 = ORIENTED_EDGE('',*,*,#1245,.F.);
#1245 = EDGE_CURVE('',#349,#1246,#1248,.T.);
#1246 = VERTEX_POINT('',#1247);
#1247 = CARTESIAN_POINT('',(-4.3,-14.3929245283,8.710846812316E-03));
#1248 = SURFACE_CURVE('',#1249,(#1254,#1260),.PCURVE_S1.);
#1249 = CIRCLE('',#1250,0.5);
#1250 = AXIS2_PLACEMENT_3D('',#1251,#1252,#1253);
#1251 = CARTESIAN_POINT('',(-4.3,-14.3,0.5));
#1252 = DIRECTION('',(1.,0.,0.));
#1253 = DIRECTION('',(0.,-1.,0.));
#1254 = PCURVE('',#365,#1255);
#1255 = DEFINITIONAL_REPRESENTATION('',(#1256),#1259);
#1256 = B_SPLINE_CURVE_WITH_KNOTS('',1,(#1257,#1258),.UNSPECIFIED.,.F.,
  .F.,(2,2),(0.,1.570796326795),.PIECEWISE_BEZIER_KNOTS.);
#1257 = CARTESIAN_POINT('',(-2.22044604925E-16,0.));
#1258 = CARTESIAN_POINT('',(-2.22044604925E-16,1.570796326795));
#1259 = ( GEOMETRIC_REPRESENTATION_CONTEXT(2)
PARAMETRIC_REPRESENTATION_CONTEXT() REPRESENTATION_CONTEXT('2D SPACE',''
  ) );
#1260 = PCURVE('',#1230,#1261);
#1261 = DEFINITIONAL_REPRESENTATION('',(#1262),#1265);
#1262 = B_SPLINE_CURVE_WITH_KNOTS('',1,(#1263,#1264),.UNSPECIFIED.,.F.,
  .F.,(2,2),(0.,1.570796326795),.PIECEWISE_BEZIER_KNOTS.);
#1263 = CARTESIAN_POINT('',(0.,8.6));
#1264 = CARTESIAN_POINT('',(-1.570796326795,8.6));
#1265 = ( GEOMETRIC_REPRESENTATION_CONTEXT(2)
PARAMETRIC_REPRESENTATION_CONTEXT() REPRESENTATION_CONTEXT('2D SPACE',''
  ) );
#1266 = ORIENTED_EDGE('',*,*,#348,.T.);
#1267 = ORIENTED_EDGE('',*,*,#1268,.T.);
#1268 = EDGE_CURVE('',#328,#1246,#1269,.T.);
#1269 = SURFACE_CURVE('',#1270,(#1288,#1309),.PCURVE_S1.);
#1270 = B_SPLINE_CURVE_WITH_KNOTS('',6,(#1271,#1272,#1273,#1274,#1275,
    #1276,#1277,#1278,#1279,#1280,#1281,#1282,#1283,#1284,#1285,#1286,
    #1287),.UNSPECIFIED.,.F.,.F.,(7,5,5,7),(0.,0.463587783225,
    0.951032999278,1.),.UNSPECIFIED.);
#1271 = CARTESIAN_POINT('',(-4.658621385831,-14.77848798916,0.5));
#1272 = CARTESIAN_POINT('',(-4.658621385831,-14.77848798916,
    0.445475856006));
#1273 = CARTESIAN_POINT('',(-4.651962831735,-14.77210319687,
    0.390941111896));
#1274 = CARTESIAN_POINT('',(-4.638639058968,-14.75932958429,
    0.337698773331));
#1275 = CARTESIAN_POINT('',(-4.619097474078,-14.74039627412,
    0.287000075007));
#1276 = CARTESIAN_POINT('',(-4.594128914035,-14.7156983982,
    0.239899174351));
#1277 = CARTESIAN_POINT('',(-4.533699607296,-14.65434486251,
    0.152353155604));
#1278 = CARTESIAN_POINT('',(-4.497758826468,-14.61713251927,
    0.112365779296));
#1279 = CARTESIAN_POINT('',(-4.457922197252,-14.57477691071,
    7.820357288981E-02));
#1280 = CARTESIAN_POINT('',(-4.415414790227,-14.52804957508,
    5.051669833728E-02));
#1281 = CARTESIAN_POINT('',(-4.371389368226,-14.47782680169,
    2.969490597644E-02));
#1282 = CARTESIAN_POINT('',(-4.322408711649,-14.41978075986,
    1.455075755326E-02));
#1283 = CARTESIAN_POINT('',(-4.317932573488,-14.41445648678,
    1.323955307464E-02));
#1284 = CARTESIAN_POINT('',(-4.313452600685,-14.40910772424,
    1.199979190917E-02));
#1285 = CARTESIAN_POINT('',(-4.308969831095,-14.40373546897,
    1.083165160441E-02));
#1286 = CARTESIAN_POINT('',(-4.304485291977,-14.39834072993,
    9.73529031693E-03));
#1287 = CARTESIAN_POINT('',(-4.3,-14.3929245283,8.710846812316E-03));
#1288 = PCURVE('',#365,#1289);
#1289 = DEFINITIONAL_REPRESENTATION('',(#1290),#1308);
#1290 = B_SPLINE_CURVE_WITH_KNOTS('',6,(#1291,#1292,#1293,#1294,#1295,
    #1296,#1297,#1298,#1299,#1300,#1301,#1302,#1303,#1304,#1305,#1306,
    #1307),.UNSPECIFIED.,.F.,.F.,(7,5,5,7),(0.,0.463587783225,
    0.951032999278,1.),.UNSPECIFIED.);
#1291 = CARTESIAN_POINT('',(0.119827012428,0.));
#1292 = CARTESIAN_POINT('',(0.119827012428,0.109048287989));
#1293 = CARTESIAN_POINT('',(0.117877747369,0.21811762002));
#1294 = CARTESIAN_POINT('',(0.113977698289,0.326937202026));
#1295 = CARTESIAN_POINT('',(0.108194423248,0.435339604007));
#1296 = CARTESIAN_POINT('',(0.100639548788,0.543209141559));
#1297 = CARTESIAN_POINT('',(8.180759391228E-02,0.763227603695));
#1298 = CARTESIAN_POINT('',(7.035695389692E-02,0.875334456595));
#1299 = CARTESIAN_POINT('',(5.727180410597E-02,0.98674128551));
#1300 = CARTESIAN_POINT('',(4.274614051927E-02,1.097512626239));
#1301 = CARTESIAN_POINT('',(2.698725991463E-02,1.207764813469));
#1302 = CARTESIAN_POINT('',(8.556880966477E-03,1.328707872987));
#1303 = CARTESIAN_POINT('',(6.864462210685E-03,1.339744765694));
#1304 = CARTESIAN_POINT('',(5.16231018555E-03,1.350778296802));
#1305 = CARTESIAN_POINT('',(3.450677035935E-03,1.361808636801));
#1306 = CARTESIAN_POINT('',(1.72981971816E-03,1.372835955911));
#1307 = CARTESIAN_POINT('',(-2.22044604925E-16,1.383860424082));
#1308 = ( GEOMETRIC_REPRESENTATION_CONTEXT(2)
PARAMETRIC_REPRESENTATION_CONTEXT() REPRESENTATION_CONTEXT('2D SPACE',''
  ) );
#1309 = PCURVE('',#985,#1310);
#1310 = DEFINITIONAL_REPRESENTATION('',(#1311),#1329);
#1311 = B_SPLINE_CURVE_WITH_KNOTS('',6,(#1312,#1313,#1314,#1315,#1316,
    #1317,#1318,#1319,#1320,#1321,#1322,#1323,#1324,#1325,#1326,#1327,
    #1328),.UNSPECIFIED.,.F.,.F.,(7,5,5,7),(0.,0.463587783225,
    0.951032999278,1.),.UNSPECIFIED.);
#1312 = CARTESIAN_POINT('',(-7.780198153833E-02,3.14159265359));
#1313 = CARTESIAN_POINT('',(-7.780198153833E-02,3.032544365601));
#1314 = CARTESIAN_POINT('',(-7.985368756045E-02,2.92347503357));
#1315 = CARTESIAN_POINT('',(-8.395971514586E-02,2.814655451564));
#1316 = CARTESIAN_POINT('',(-8.997038967831E-02,2.706253049583));
#1317 = CARTESIAN_POINT('',(-9.762654873185E-02,2.598383512031));
#1318 = CARTESIAN_POINT('',(-0.116112791111,2.378365049895));
#1319 = CARTESIAN_POINT('',(-0.12708777738,2.266258196995));
#1320 = CARTESIAN_POINT('',(-0.139230176598,2.15485136808));
#1321 = CARTESIAN_POINT('',(-0.15217559126,2.044080027351));
#1322 = CARTESIAN_POINT('',(-0.165606020362,1.93382784012));
#1323 = CARTESIAN_POINT('',(-0.180609743103,1.812884780603));
#1324 = CARTESIAN_POINT('',(-0.181981430989,1.80184788175));
#1325 = CARTESIAN_POINT('',(-0.183354888743,1.790814350028));
#1326 = CARTESIAN_POINT('',(-0.184729834378,1.779784018019));
#1327 = CARTESIAN_POINT('',(-0.186105990001,1.768756709973));
#1328 = CARTESIAN_POINT('',(-0.187483081817,1.757732241801));
#1329 = ( GEOMETRIC_REPRESENTATION_CONTEXT(2)
PARAMETRIC_REPRESENTATION_CONTEXT() REPRESENTATION_CONTEXT('2D SPACE',''
  ) );
#1330 = ADVANCED_FACE('',(#1331),#287,.F.);
#1331 = FACE_BOUND('',#1332,.F.);
#1332 = EDGE_LOOP('',(#1333,#1334,#1356,#1357));
#1333 = ORIENTED_EDGE('',*,*,#327,.F.);
#1334 = ORIENTED_EDGE('',*,*,#1335,.T.);
#1335 = EDGE_CURVE('',#328,#244,#1336,.T.);
#1336 = SURFACE_CURVE('',#1337,(#1342,#1349),.PCURVE_S1.);
#1337 = CIRCLE('',#1338,2.85);
#1338 = AXIS2_PLACEMENT_3D('',#1339,#1340,#1341);
#1339 = CARTESIAN_POINT('',(-7.5,-15.,0.5));
#1340 = DIRECTION('',(0.,0.,1.));
#1341 = DIRECTION('',(1.,0.,-0.));
#1342 = PCURVE('',#287,#1343);
#1343 = DEFINITIONAL_REPRESENTATION('',(#1344),#1348);
#1344 = LINE('',#1345,#1346);
#1345 = CARTESIAN_POINT('',(0.,0.));
#1346 = VECTOR('',#1347,1.);
#1347 = DIRECTION('',(1.,0.));
#1348 = ( GEOMETRIC_REPRESENTATION_CONTEXT(2)
PARAMETRIC_REPRESENTATION_CONTEXT() REPRESENTATION_CONTEXT('2D SPACE',''
  ) );
#1349 = PCURVE('',#985,#1350);
#1350 = DEFINITIONAL_REPRESENTATION('',(#1351),#1355);
#1351 = LINE('',#1352,#1353);
#1352 = CARTESIAN_POINT('',(-0.,3.14159265359));
#1353 = VECTOR('',#1354,1.);
#1354 = DIRECTION('',(-1.,0.));
#1355 = ( GEOMETRIC_REPRESENTATION_CONTEXT(2)
PARAMETRIC_REPRESENTATION_CONTEXT() REPRESENTATION_CONTEXT('2D SPACE',''
  ) );
#1356 = ORIENTED_EDGE('',*,*,#272,.T.);
#1357 = ORIENTED_EDGE('',*,*,#1358,.F.);
#1358 = EDGE_CURVE('',#299,#273,#1359,.T.);
#1359 = SURFACE_CURVE('',#1360,(#1365,#1372),.PCURVE_S1.);
#1360 = CIRCLE('',#1361,2.85);
#1361 = AXIS2_PLACEMENT_3D('',#1362,#1363,#1364);
#1362 = CARTESIAN_POINT('',(-7.5,-15.,3.2));
#1363 = DIRECTION('',(0.,0.,1.));
#1364 = DIRECTION('',(1.,0.,-0.));
#1365 = PCURVE('',#287,#1366);
#1366 = DEFINITIONAL_REPRESENTATION('',(#1367),#1371);
#1367 = LINE('',#1368,#1369);
#1368 = CARTESIAN_POINT('',(0.,2.7));
#1369 = VECTOR('',#1370,1.);
#1370 = DIRECTION('',(1.,0.));
#1371 = ( GEOMETRIC_REPRESENTATION_CONTEXT(2)
PARAMETRIC_REPRESENTATION_CONTEXT() REPRESENTATION_CONTEXT('2D SPACE',''
  ) );
#1372 = PCURVE('',#315,#1373);
#1373 = DEFINITIONAL_REPRESENTATION('',(#1374),#1378);
#1374 = CIRCLE('',#1375,2.85);
#1375 = AXIS2_PLACEMENT_2D('',#1376,#1377);
#1376 = CARTESIAN_POINT('',(0.,0.));
#1377 = DIRECTION('',(1.,0.));
#1378 = ( GEOMETRIC_REPRESENTATION_CONTEXT(2)
PARAMETRIC_REPRESENTATION_CONTEXT() REPRESENTATION_CONTEXT('2D SPACE',''
  ) );
#1379 = ADVANCED_FACE('',(#1380),#315,.F.);
#1380 = FACE_BOUND('',#1381,.F.);
#1381 = EDGE_LOOP('',(#1382,#1383));
#1382 = ORIENTED_EDGE('',*,*,#298,.T.);
#1383 = ORIENTED_EDGE('',*,*,#1358,.T.);
#1384 = ADVANCED_FACE('',(#1385),#260,.T.);
#1385 = FACE_BOUND('',#1386,.T.);
#1386 = EDGE_LOOP('',(#1387,#1435,#1436));
#1387 = ORIENTED_EDGE('',*,*,#1388,.T.);
#1388 = EDGE_CURVE('',#938,#244,#1389,.T.);
#1389 = SURFACE_CURVE('',#1390,(#1403,#1419),.PCURVE_S1.);
#1390 = B_SPLINE_CURVE_WITH_KNOTS('',6,(#1391,#1392,#1393,#1394,#1395,
    #1396,#1397,#1398,#1399,#1400,#1401,#1402),.UNSPECIFIED.,.F.,.F.,(7,
    5,7),(0.,0.50690932786,1.),.UNSPECIFIED.);
#1391 = CARTESIAN_POINT('',(-6.892924528302,-11.8,8.710846812316E-03));
#1392 = CARTESIAN_POINT('',(-6.948992585386,-11.84643135977,
    1.931579854712E-02));
#1393 = CARTESIAN_POINT('',(-7.002759779276,-11.89278136733,
    3.762755755399E-02));
#1394 = CARTESIAN_POINT('',(-7.053100565827,-11.9379279332,
    6.349224359569E-02));
#1395 = CARTESIAN_POINT('',(-7.098999626833,-11.98060090835,
    9.653917208722E-02));
#1396 = CARTESIAN_POINT('',(-7.139560894647,-12.0194207866,
    0.136107011348));
#1397 = CARTESIAN_POINT('',(-7.20760695445,-12.08596575081,
    0.225058663623));
#1398 = CARTESIAN_POINT('',(-7.235426285367,-12.11397194177,
    0.27415616544));
#1399 = CARTESIAN_POINT('',(-7.256812389925,-12.13601301229,
    0.327547482356));
#1400 = CARTESIAN_POINT('',(-7.271264558315,-12.15108838794,
    0.383997699521));
#1401 = CARTESIAN_POINT('',(-7.278487989169,-12.15862138583,
    0.442005615371));
#1402 = CARTESIAN_POINT('',(-7.278487989169,-12.15862138583,0.5));
#1403 = PCURVE('',#260,#1404);
#1404 = DEFINITIONAL_REPRESENTATION('',(#1405),#1418);
#1405 = B_SPLINE_CURVE_WITH_KNOTS('',6,(#1406,#1407,#1408,#1409,#1410,
    #1411,#1412,#1413,#1414,#1415,#1416,#1417),.UNSPECIFIED.,.F.,.F.,(7,
    5,7),(0.,0.50690932786,1.),.UNSPECIFIED.);
#1406 = CARTESIAN_POINT('',(1.570796326795,1.383860424082));
#1407 = CARTESIAN_POINT('',(1.552889380694,1.269736070388));
#1408 = CARTESIAN_POINT('',(1.535943123531,1.155308145758));
#1409 = CARTESIAN_POINT('',(1.520245921454,1.040372714924));
#1410 = CARTESIAN_POINT('',(1.50603681705,0.924783481418));
#1411 = CARTESIAN_POINT('',(1.493538328527,0.808448240257));
#1412 = CARTESIAN_POINT('',(1.472632268412,0.577513962291));
#1413 = CARTESIAN_POINT('',(1.464120002452,0.462927049491));
#1414 = CARTESIAN_POINT('',(1.457587230978,0.347714835523));
#1415 = CARTESIAN_POINT('',(1.453174595856,0.232004339468));
#1416 = CARTESIAN_POINT('',(1.450969314366,0.115988769259));
#1417 = CARTESIAN_POINT('',(1.450969314366,0.));
#1418 = ( GEOMETRIC_REPRESENTATION_CONTEXT(2)
PARAMETRIC_REPRESENTATION_CONTEXT() REPRESENTATION_CONTEXT('2D SPACE',''
  ) );
#1419 = PCURVE('',#985,#1420);
#1420 = DEFINITIONAL_REPRESENTATION('',(#1421),#1434);
#1421 = B_SPLINE_CURVE_WITH_KNOTS('',6,(#1422,#1423,#1424,#1425,#1426,
    #1427,#1428,#1429,#1430,#1431,#1432,#1433),.UNSPECIFIED.,.F.,.F.,(7,
    5,7),(0.,0.50690932786,1.),.UNSPECIFIED.);
#1422 = CARTESIAN_POINT('',(-1.383313245392,1.757732245811));
#1423 = CARTESIAN_POINT('',(-1.397568782354,1.871856599505));
#1424 = CARTESIAN_POINT('',(-1.411723962571,1.986284443322));
#1425 = CARTESIAN_POINT('',(-1.425474702671,2.1012200057));
#1426 = CARTESIAN_POINT('',(-1.438475957479,2.216809145714));
#1427 = CARTESIAN_POINT('',(-1.450322925266,2.333144413333));
#1428 = CARTESIAN_POINT('',(-1.470667437131,2.564078691299));
#1429 = CARTESIAN_POINT('',(-1.479249709802,2.678665604099));
#1430 = CARTESIAN_POINT('',(-1.486027238374,2.793877818066));
#1431 = CARTESIAN_POINT('',(-1.490673235261,2.909588314122));
#1432 = CARTESIAN_POINT('',(-1.492994343336,3.025603884331));
#1433 = CARTESIAN_POINT('',(-1.492994343336,3.14159265359));
#1434 = ( GEOMETRIC_REPRESENTATION_CONTEXT(2)
PARAMETRIC_REPRESENTATION_CONTEXT() REPRESENTATION_CONTEXT('2D SPACE',''
  ) );
#1435 = ORIENTED_EDGE('',*,*,#243,.T.);
#1436 = ORIENTED_EDGE('',*,*,#937,.T.);
#1437 = ADVANCED_FACE('',(#1438,#1613),#473,.T.);
#1438 = FACE_BOUND('',#1439,.T.);
#1439 = EDGE_LOOP('',(#1440,#1441,#1442,#1465,#1498,#1526,#1559,#1587));
#1440 = ORIENTED_EDGE('',*,*,#457,.F.);
#1441 = ORIENTED_EDGE('',*,*,#1135,.F.);
#1442 = ORIENTED_EDGE('',*,*,#1443,.F.);
#1443 = EDGE_CURVE('',#1444,#1107,#1446,.T.);
#1444 = VERTEX_POINT('',#1445);
#1445 = CARTESIAN_POINT('',(4.3,-14.45,5.5));
#1446 = SURFACE_CURVE('',#1447,(#1451,#1458),.PCURVE_S1.);
#1447 = LINE('',#1448,#1449);
#1448 = CARTESIAN_POINT('',(4.3,-14.45,5.5));
#1449 = VECTOR('',#1450,1.);
#1450 = DIRECTION('',(-1.,-0.,-0.));
#1451 = PCURVE('',#473,#1452);
#1452 = DEFINITIONAL_REPRESENTATION('',(#1453),#1457);
#1453 = LINE('',#1454,#1455);
#1454 = CARTESIAN_POINT('',(11.6,0.35));
#1455 = VECTOR('',#1456,1.);
#1456 = DIRECTION('',(-1.,-0.));
#1457 = ( GEOMETRIC_REPRESENTATION_CONTEXT(2)
PARAMETRIC_REPRESENTATION_CONTEXT() REPRESENTATION_CONTEXT('2D SPACE',''
  ) );
#1458 = PCURVE('',#1122,#1459);
#1459 = DEFINITIONAL_REPRESENTATION('',(#1460),#1464);
#1460 = LINE('',#1461,#1462);
#1461 = CARTESIAN_POINT('',(1.570796326795,0.));
#1462 = VECTOR('',#1463,1.);
#1463 = DIRECTION('',(0.,1.));
#1464 = ( GEOMETRIC_REPRESENTATION_CONTEXT(2)
PARAMETRIC_REPRESENTATION_CONTEXT() REPRESENTATION_CONTEXT('2D SPACE',''
  ) );
#1465 = ORIENTED_EDGE('',*,*,#1466,.F.);
#1466 = EDGE_CURVE('',#1467,#1444,#1469,.T.);
#1467 = VERTEX_POINT('',#1468);
#1468 = CARTESIAN_POINT('',(6.95,-11.8,5.5));
#1469 = SURFACE_CURVE('',#1470,(#1475,#1486),.PCURVE_S1.);
#1470 = CIRCLE('',#1471,2.65);
#1471 = AXIS2_PLACEMENT_3D('',#1472,#1473,#1474);
#1472 = CARTESIAN_POINT('',(4.3,-11.8,5.5));
#1473 = DIRECTION('',(0.,-0.,-1.));
#1474 = DIRECTION('',(1.,0.,-0.));
#1475 = PCURVE('',#473,#1476);
#1476 = DEFINITIONAL_REPRESENTATION('',(#1477),#1485);
#1477 = ( BOUNDED_CURVE() B_SPLINE_CURVE(2,(#1478,#1479,#1480,#1481,
#1482,#1483,#1484),.UNSPECIFIED.,.T.,.F.) B_SPLINE_CURVE_WITH_KNOTS((1,2
    ,2,2,2,1),(-2.094395102393,0.,2.094395102393,4.188790204786,
6.28318530718,8.377580409573),.UNSPECIFIED.) CURVE()
GEOMETRIC_REPRESENTATION_ITEM() RATIONAL_B_SPLINE_CURVE((1.,0.5,1.,0.5,
1.,0.5,1.)) REPRESENTATION_ITEM('') );
#1478 = CARTESIAN_POINT('',(14.25,3.));
#1479 = CARTESIAN_POINT('',(14.25,-1.589934640058));
#1480 = CARTESIAN_POINT('',(10.275,0.705032679971));
#1481 = CARTESIAN_POINT('',(6.3,3.));
#1482 = CARTESIAN_POINT('',(10.275,5.294967320029));
#1483 = CARTESIAN_POINT('',(14.25,7.589934640058));
#1484 = CARTESIAN_POINT('',(14.25,3.));
#1485 = ( GEOMETRIC_REPRESENTATION_CONTEXT(2)
PARAMETRIC_REPRESENTATION_CONTEXT() REPRESENTATION_CONTEXT('2D SPACE',''
  ) );
#1486 = PCURVE('',#1487,#1492);
#1487 = TOROIDAL_SURFACE('',#1488,2.65,0.35);
#1488 = AXIS2_PLACEMENT_3D('',#1489,#1490,#1491);
#1489 = CARTESIAN_POINT('',(4.3,-11.8,5.15));
#1490 = DIRECTION('',(0.,0.,1.));
#1491 = DIRECTION('',(1.,0.,-0.));
#1492 = DEFINITIONAL_REPRESENTATION('',(#1493),#1497);
#1493 = LINE('',#1494,#1495);
#1494 = CARTESIAN_POINT('',(-0.,1.570796326795));
#1495 = VECTOR('',#1496,1.);
#1496 = DIRECTION('',(-1.,0.));
#1497 = ( GEOMETRIC_REPRESENTATION_CONTEXT(2)
PARAMETRIC_REPRESENTATION_CONTEXT() REPRESENTATION_CONTEXT('2D SPACE',''
  ) );
#1498 = ORIENTED_EDGE('',*,*,#1499,.F.);
#1499 = EDGE_CURVE('',#1500,#1467,#1502,.T.);
#1500 = VERTEX_POINT('',#1501);
#1501 = CARTESIAN_POINT('',(6.95,11.8,5.5));
#1502 = SURFACE_CURVE('',#1503,(#1507,#1514),.PCURVE_S1.);
#1503 = LINE('',#1504,#1505);
#1504 = CARTESIAN_POINT('',(6.95,11.8,5.5));
#1505 = VECTOR('',#1506,1.);
#1506 = DIRECTION('',(-0.,-1.,-0.));
#1507 = PCURVE('',#473,#1508);
#1508 = DEFINITIONAL_REPRESENTATION('',(#1509),#1513);
#1509 = LINE('',#1510,#1511);
#1510 = CARTESIAN_POINT('',(14.25,26.6));
#1511 = VECTOR('',#1512,1.);
#1512 = DIRECTION('',(-0.,-1.));
#1513 = ( GEOMETRIC_REPRESENTATION_CONTEXT(2)
PARAMETRIC_REPRESENTATION_CONTEXT() REPRESENTATION_CONTEXT('2D SPACE',''
  ) );
#1514 = PCURVE('',#1515,#1520);
#1515 = CYLINDRICAL_SURFACE('',#1516,0.35);
#1516 = AXIS2_PLACEMENT_3D('',#1517,#1518,#1519);
#1517 = CARTESIAN_POINT('',(6.95,11.8,5.15));
#1518 = DIRECTION('',(-0.,-1.,-0.));
#1519 = DIRECTION('',(1.,0.,-0.));
#1520 = DEFINITIONAL_REPRESENTATION('',(#1521),#1525);
#1521 = LINE('',#1522,#1523);
#1522 = CARTESIAN_POINT('',(1.570796326795,0.));
#1523 = VECTOR('',#1524,1.);
#1524 = DIRECTION('',(0.,1.));
#1525 = ( GEOMETRIC_REPRESENTATION_CONTEXT(2)
PARAMETRIC_REPRESENTATION_CONTEXT() REPRESENTATION_CONTEXT('2D SPACE',''
  ) );
#1526 = ORIENTED_EDGE('',*,*,#1527,.F.);
#1527 = EDGE_CURVE('',#1528,#1500,#1530,.T.);
#1528 = VERTEX_POINT('',#1529);
#1529 = CARTESIAN_POINT('',(4.3,14.45,5.5));
#1530 = SURFACE_CURVE('',#1531,(#1536,#1547),.PCURVE_S1.);
#1531 = CIRCLE('',#1532,2.65);
#1532 = AXIS2_PLACEMENT_3D('',#1533,#1534,#1535);
#1533 = CARTESIAN_POINT('',(4.3,11.8,5.5));
#1534 = DIRECTION('',(-0.,0.,-1.));
#1535 = DIRECTION('',(-2.960594732334E-16,1.,0.));
#1536 = PCURVE('',#473,#1537);
#1537 = DEFINITIONAL_REPRESENTATION('',(#1538),#1546);
#1538 = ( BOUNDED_CURVE() B_SPLINE_CURVE(2,(#1539,#1540,#1541,#1542,
#1543,#1544,#1545),.UNSPECIFIED.,.T.,.F.) B_SPLINE_CURVE_WITH_KNOTS((1,2
    ,2,2,2,1),(-2.094395102393,0.,2.094395102393,4.188790204786,
6.28318530718,8.377580409573),.UNSPECIFIED.) CURVE()
GEOMETRIC_REPRESENTATION_ITEM() RATIONAL_B_SPLINE_CURVE((1.,0.5,1.,0.5,
1.,0.5,1.)) REPRESENTATION_ITEM('') );
#1539 = CARTESIAN_POINT('',(11.6,29.25));
#1540 = CARTESIAN_POINT('',(16.189934640058,29.25));
#1541 = CARTESIAN_POINT('',(13.894967320029,25.275));
#1542 = CARTESIAN_POINT('',(11.6,21.3));
#1543 = CARTESIAN_POINT('',(9.305032679971,25.275));
#1544 = CARTESIAN_POINT('',(7.010065359942,29.25));
#1545 = CARTESIAN_POINT('',(11.6,29.25));
#1546 = ( GEOMETRIC_REPRESENTATION_CONTEXT(2)
PARAMETRIC_REPRESENTATION_CONTEXT() REPRESENTATION_CONTEXT('2D SPACE',''
  ) );
#1547 = PCURVE('',#1548,#1553);
#1548 = TOROIDAL_SURFACE('',#1549,2.65,0.35);
#1549 = AXIS2_PLACEMENT_3D('',#1550,#1551,#1552);
#1550 = CARTESIAN_POINT('',(4.3,11.8,5.15));
#1551 = DIRECTION('',(0.,0.,1.));
#1552 = DIRECTION('',(-2.960594732334E-16,1.,0.));
#1553 = DEFINITIONAL_REPRESENTATION('',(#1554),#1558);
#1554 = LINE('',#1555,#1556);
#1555 = CARTESIAN_POINT('',(-0.,1.570796326795));
#1556 = VECTOR('',#1557,1.);
#1557 = DIRECTION('',(-1.,0.));
#1558 = ( GEOMETRIC_REPRESENTATION_CONTEXT(2)
PARAMETRIC_REPRESENTATION_CONTEXT() REPRESENTATION_CONTEXT('2D SPACE',''
  ) );
#1559 = ORIENTED_EDGE('',*,*,#1560,.F.);
#1560 = EDGE_CURVE('',#1561,#1528,#1563,.T.);
#1561 = VERTEX_POINT('',#1562);
#1562 = CARTESIAN_POINT('',(-4.3,14.45,5.5));
#1563 = SURFACE_CURVE('',#1564,(#1568,#1575),.PCURVE_S1.);
#1564 = LINE('',#1565,#1566);
#1565 = CARTESIAN_POINT('',(-4.3,14.45,5.5));
#1566 = VECTOR('',#1567,1.);
#1567 = DIRECTION('',(1.,0.,0.));
#1568 = PCURVE('',#473,#1569);
#1569 = DEFINITIONAL_REPRESENTATION('',(#1570),#1574);
#1570 = LINE('',#1571,#1572);
#1571 = CARTESIAN_POINT('',(3.,29.25));
#1572 = VECTOR('',#1573,1.);
#1573 = DIRECTION('',(1.,0.));
#1574 = ( GEOMETRIC_REPRESENTATION_CONTEXT(2)
PARAMETRIC_REPRESENTATION_CONTEXT() REPRESENTATION_CONTEXT('2D SPACE',''
  ) );
#1575 = PCURVE('',#1576,#1581);
#1576 = CYLINDRICAL_SURFACE('',#1577,0.35);
#1577 = AXIS2_PLACEMENT_3D('',#1578,#1579,#1580);
#1578 = CARTESIAN_POINT('',(-4.3,14.45,5.15));
#1579 = DIRECTION('',(1.,0.,0.));
#1580 = DIRECTION('',(-0.,1.,0.));
#1581 = DEFINITIONAL_REPRESENTATION('',(#1582),#1586);
#1582 = LINE('',#1583,#1584);
#1583 = CARTESIAN_POINT('',(1.570796326795,0.));
#1584 = VECTOR('',#1585,1.);
#1585 = DIRECTION('',(0.,1.));
#1586 = ( GEOMETRIC_REPRESENTATION_CONTEXT(2)
PARAMETRIC_REPRESENTATION_CONTEXT() REPRESENTATION_CONTEXT('2D SPACE',''
  ) );
#1587 = ORIENTED_EDGE('',*,*,#1588,.F.);
#1588 = EDGE_CURVE('',#458,#1561,#1589,.T.);
#1589 = SURFACE_CURVE('',#1590,(#1595,#1606),.PCURVE_S1.);
#1590 = CIRCLE('',#1591,2.65);
#1591 = AXIS2_PLACEMENT_3D('',#1592,#1593,#1594);
#1592 = CARTESIAN_POINT('',(-4.3,11.8,5.5));
#1593 = DIRECTION('',(-0.,0.,-1.));
#1594 = DIRECTION('',(-1.,0.,0.));
#1595 = PCURVE('',#473,#1596);
#1596 = DEFINITIONAL_REPRESENTATION('',(#1597),#1605);
#1597 = ( BOUNDED_CURVE() B_SPLINE_CURVE(2,(#1598,#1599,#1600,#1601,
#1602,#1603,#1604),.UNSPECIFIED.,.T.,.F.) B_SPLINE_CURVE_WITH_KNOTS((1,2
    ,2,2,2,1),(-2.094395102393,0.,2.094395102393,4.188790204786,
6.28318530718,8.377580409573),.UNSPECIFIED.) CURVE()
GEOMETRIC_REPRESENTATION_ITEM() RATIONAL_B_SPLINE_CURVE((1.,0.5,1.,0.5,
1.,0.5,1.)) REPRESENTATION_ITEM('') );
#1598 = CARTESIAN_POINT('',(0.35,26.6));
#1599 = CARTESIAN_POINT('',(0.35,31.189934640058));
#1600 = CARTESIAN_POINT('',(4.325,28.894967320029));
#1601 = CARTESIAN_POINT('',(8.3,26.6));
#1602 = CARTESIAN_POINT('',(4.325,24.305032679971));
#1603 = CARTESIAN_POINT('',(0.35,22.010065359942));
#1604 = CARTESIAN_POINT('',(0.35,26.6));
#1605 = ( GEOMETRIC_REPRESENTATION_CONTEXT(2)
PARAMETRIC_REPRESENTATION_CONTEXT() REPRESENTATION_CONTEXT('2D SPACE',''
  ) );
#1606 = PCURVE('',#499,#1607);
#1607 = DEFINITIONAL_REPRESENTATION('',(#1608),#1612);
#1608 = LINE('',#1609,#1610);
#1609 = CARTESIAN_POINT('',(-0.,1.570796326795));
#1610 = VECTOR('',#1611,1.);
#1611 = DIRECTION('',(-1.,0.));
#1612 = ( GEOMETRIC_REPRESENTATION_CONTEXT(2)
PARAMETRIC_REPRESENTATION_CONTEXT() REPRESENTATION_CONTEXT('2D SPACE',''
  ) );
#1613 = FACE_BOUND('',#1614,.T.);
#1614 = EDGE_LOOP('',(#1615,#1646,#1672,#1701,#1727,#1756,#1782,#1811));
#1615 = ORIENTED_EDGE('',*,*,#1616,.F.);
#1616 = EDGE_CURVE('',#1617,#1619,#1621,.T.);
#1617 = VERTEX_POINT('',#1618);
#1618 = CARTESIAN_POINT('',(-6.3,-11.8,5.5));
#1619 = VERTEX_POINT('',#1620);
#1620 = CARTESIAN_POINT('',(-4.3,-13.8,5.5));
#1621 = SURFACE_CURVE('',#1622,(#1627,#1634),.PCURVE_S1.);
#1622 = CIRCLE('',#1623,2.);
#1623 = AXIS2_PLACEMENT_3D('',#1624,#1625,#1626);
#1624 = CARTESIAN_POINT('',(-4.3,-11.8,5.5));
#1625 = DIRECTION('',(0.,0.,1.));
#1626 = DIRECTION('',(-1.,-0.,0.));
#1627 = PCURVE('',#473,#1628);
#1628 = DEFINITIONAL_REPRESENTATION('',(#1629),#1633);
#1629 = CIRCLE('',#1630,2.);
#1630 = AXIS2_PLACEMENT_2D('',#1631,#1632);
#1631 = CARTESIAN_POINT('',(3.,3.));
#1632 = DIRECTION('',(-1.,0.));
#1633 = ( GEOMETRIC_REPRESENTATION_CONTEXT(2)
PARAMETRIC_REPRESENTATION_CONTEXT() REPRESENTATION_CONTEXT('2D SPACE',''
  ) );
#1634 = PCURVE('',#1635,#1640);
#1635 = CYLINDRICAL_SURFACE('',#1636,2.);
#1636 = AXIS2_PLACEMENT_3D('',#1637,#1638,#1639);
#1637 = CARTESIAN_POINT('',(-4.3,-11.8,4.7));
#1638 = DIRECTION('',(0.,0.,1.));
#1639 = DIRECTION('',(-1.,-0.,0.));
#1640 = DEFINITIONAL_REPRESENTATION('',(#1641),#1645);
#1641 = LINE('',#1642,#1643);
#1642 = CARTESIAN_POINT('',(0.,0.8));
#1643 = VECTOR('',#1644,1.);
#1644 = DIRECTION('',(1.,0.));
#1645 = ( GEOMETRIC_REPRESENTATION_CONTEXT(2)
PARAMETRIC_REPRESENTATION_CONTEXT() REPRESENTATION_CONTEXT('2D SPACE',''
  ) );
#1646 = ORIENTED_EDGE('',*,*,#1647,.T.);
#1647 = EDGE_CURVE('',#1617,#1648,#1650,.T.);
#1648 = VERTEX_POINT('',#1649);
#1649 = CARTESIAN_POINT('',(-6.3,11.8,5.5));
#1650 = SURFACE_CURVE('',#1651,(#1655,#1661),.PCURVE_S1.);
#1651 = LINE('',#1652,#1653);
#1652 = CARTESIAN_POINT('',(-6.3,-14.3,5.5));
#1653 = VECTOR('',#1654,1.);
#1654 = DIRECTION('',(0.,1.,0.));
#1655 = PCURVE('',#473,#1656);
#1656 = DEFINITIONAL_REPRESENTATION('',(#1657),#1660);
#1657 = B_SPLINE_CURVE_WITH_KNOTS('',1,(#1658,#1659),.UNSPECIFIED.,.F.,
  .F.,(2,2),(2.5,26.1),.PIECEWISE_BEZIER_KNOTS.);
#1658 = CARTESIAN_POINT('',(1.,3.));
#1659 = CARTESIAN_POINT('',(1.,26.6));
#1660 = ( GEOMETRIC_REPRESENTATION_CONTEXT(2)
PARAMETRIC_REPRESENTATION_CONTEXT() REPRESENTATION_CONTEXT('2D SPACE',''
  ) );
#1661 = PCURVE('',#1662,#1667);
#1662 = PLANE('',#1663);
#1663 = AXIS2_PLACEMENT_3D('',#1664,#1665,#1666);
#1664 = CARTESIAN_POINT('',(-6.3,-13.8,4.7));
#1665 = DIRECTION('',(1.,0.,0.));
#1666 = DIRECTION('',(0.,0.,1.));
#1667 = DEFINITIONAL_REPRESENTATION('',(#1668),#1671);
#1668 = B_SPLINE_CURVE_WITH_KNOTS('',1,(#1669,#1670),.UNSPECIFIED.,.F.,
  .F.,(2,2),(2.5,26.1),.PIECEWISE_BEZIER_KNOTS.);
#1669 = CARTESIAN_POINT('',(0.8,-2.));
#1670 = CARTESIAN_POINT('',(0.8,-25.6));
#1671 = ( GEOMETRIC_REPRESENTATION_CONTEXT(2)
PARAMETRIC_REPRESENTATION_CONTEXT() REPRESENTATION_CONTEXT('2D SPACE',''
  ) );
#1672 = ORIENTED_EDGE('',*,*,#1673,.F.);
#1673 = EDGE_CURVE('',#1674,#1648,#1676,.T.);
#1674 = VERTEX_POINT('',#1675);
#1675 = CARTESIAN_POINT('',(-4.3,13.8,5.5));
#1676 = SURFACE_CURVE('',#1677,(#1682,#1689),.PCURVE_S1.);
#1677 = CIRCLE('',#1678,2.);
#1678 = AXIS2_PLACEMENT_3D('',#1679,#1680,#1681);
#1679 = CARTESIAN_POINT('',(-4.3,11.8,5.5));
#1680 = DIRECTION('',(0.,0.,1.));
#1681 = DIRECTION('',(-1.,-0.,0.));
#1682 = PCURVE('',#473,#1683);
#1683 = DEFINITIONAL_REPRESENTATION('',(#1684),#1688);
#1684 = CIRCLE('',#1685,2.);
#1685 = AXIS2_PLACEMENT_2D('',#1686,#1687);
#1686 = CARTESIAN_POINT('',(3.,26.6));
#1687 = DIRECTION('',(-1.,0.));
#1688 = ( GEOMETRIC_REPRESENTATION_CONTEXT(2)
PARAMETRIC_REPRESENTATION_CONTEXT() REPRESENTATION_CONTEXT('2D SPACE',''
  ) );
#1689 = PCURVE('',#1690,#1695);
#1690 = CYLINDRICAL_SURFACE('',#1691,2.);
#1691 = AXIS2_PLACEMENT_3D('',#1692,#1693,#1694);
#1692 = CARTESIAN_POINT('',(-4.3,11.8,4.7));
#1693 = DIRECTION('',(0.,0.,1.));
#1694 = DIRECTION('',(-1.,-0.,0.));
#1695 = DEFINITIONAL_REPRESENTATION('',(#1696),#1700);
#1696 = LINE('',#1697,#1698);
#1697 = CARTESIAN_POINT('',(-6.28318530718,0.8));
#1698 = VECTOR('',#1699,1.);
#1699 = DIRECTION('',(1.,-0.));
#1700 = ( GEOMETRIC_REPRESENTATION_CONTEXT(2)
PARAMETRIC_REPRESENTATION_CONTEXT() REPRESENTATION_CONTEXT('2D SPACE',''
  ) );
#1701 = ORIENTED_EDGE('',*,*,#1702,.F.);
#1702 = EDGE_CURVE('',#1703,#1674,#1705,.T.);
#1703 = VERTEX_POINT('',#1704);
#1704 = CARTESIAN_POINT('',(4.3,13.8,5.5));
#1705 = SURFACE_CURVE('',#1706,(#1710,#1716),.PCURVE_S1.);
#1706 = LINE('',#1707,#1708);
#1707 = CARTESIAN_POINT('',(-6.8,13.8,5.5));
#1708 = VECTOR('',#1709,1.);
#1709 = DIRECTION('',(-1.,0.,0.));
#1710 = PCURVE('',#473,#1711);
#1711 = DEFINITIONAL_REPRESENTATION('',(#1712),#1715);
#1712 = B_SPLINE_CURVE_WITH_KNOTS('',1,(#1713,#1714),.UNSPECIFIED.,.F.,
  .F.,(2,2),(-11.1,-2.5),.PIECEWISE_BEZIER_KNOTS.);
#1713 = CARTESIAN_POINT('',(11.6,28.6));
#1714 = CARTESIAN_POINT('',(3.,28.6));
#1715 = ( GEOMETRIC_REPRESENTATION_CONTEXT(2)
PARAMETRIC_REPRESENTATION_CONTEXT() REPRESENTATION_CONTEXT('2D SPACE',''
  ) );
#1716 = PCURVE('',#1717,#1722);
#1717 = PLANE('',#1718);
#1718 = AXIS2_PLACEMENT_3D('',#1719,#1720,#1721);
#1719 = CARTESIAN_POINT('',(-6.3,13.8,4.7));
#1720 = DIRECTION('',(0.,1.,0.));
#1721 = DIRECTION('',(0.,0.,1.));
#1722 = DEFINITIONAL_REPRESENTATION('',(#1723),#1726);
#1723 = B_SPLINE_CURVE_WITH_KNOTS('',1,(#1724,#1725),.UNSPECIFIED.,.F.,
  .F.,(2,2),(-11.1,-2.5),.PIECEWISE_BEZIER_KNOTS.);
#1724 = CARTESIAN_POINT('',(0.8,10.6));
#1725 = CARTESIAN_POINT('',(0.8,2.));
#1726 = ( GEOMETRIC_REPRESENTATION_CONTEXT(2)
PARAMETRIC_REPRESENTATION_CONTEXT() REPRESENTATION_CONTEXT('2D SPACE',''
  ) );
#1727 = ORIENTED_EDGE('',*,*,#1728,.F.);
#1728 = EDGE_CURVE('',#1729,#1703,#1731,.T.);
#1729 = VERTEX_POINT('',#1730);
#1730 = CARTESIAN_POINT('',(6.3,11.8,5.5));
#1731 = SURFACE_CURVE('',#1732,(#1737,#1744),.PCURVE_S1.);
#1732 = CIRCLE('',#1733,2.);
#1733 = AXIS2_PLACEMENT_3D('',#1734,#1735,#1736);
#1734 = CARTESIAN_POINT('',(4.3,11.8,5.5));
#1735 = DIRECTION('',(0.,0.,1.));
#1736 = DIRECTION('',(1.,0.,-0.));
#1737 = PCURVE('',#473,#1738);
#1738 = DEFINITIONAL_REPRESENTATION('',(#1739),#1743);
#1739 = CIRCLE('',#1740,2.);
#1740 = AXIS2_PLACEMENT_2D('',#1741,#1742);
#1741 = CARTESIAN_POINT('',(11.6,26.6));
#1742 = DIRECTION('',(1.,0.));
#1743 = ( GEOMETRIC_REPRESENTATION_CONTEXT(2)
PARAMETRIC_REPRESENTATION_CONTEXT() REPRESENTATION_CONTEXT('2D SPACE',''
  ) );
#1744 = PCURVE('',#1745,#1750);
#1745 = CYLINDRICAL_SURFACE('',#1746,2.);
#1746 = AXIS2_PLACEMENT_3D('',#1747,#1748,#1749);
#1747 = CARTESIAN_POINT('',(4.3,11.8,4.7));
#1748 = DIRECTION('',(0.,0.,1.));
#1749 = DIRECTION('',(1.,0.,-0.));
#1750 = DEFINITIONAL_REPRESENTATION('',(#1751),#1755);
#1751 = LINE('',#1752,#1753);
#1752 = CARTESIAN_POINT('',(0.,0.8));
#1753 = VECTOR('',#1754,1.);
#1754 = DIRECTION('',(1.,0.));
#1755 = ( GEOMETRIC_REPRESENTATION_CONTEXT(2)
PARAMETRIC_REPRESENTATION_CONTEXT() REPRESENTATION_CONTEXT('2D SPACE',''
  ) );
#1756 = ORIENTED_EDGE('',*,*,#1757,.F.);
#1757 = EDGE_CURVE('',#1758,#1729,#1760,.T.);
#1758 = VERTEX_POINT('',#1759);
#1759 = CARTESIAN_POINT('',(6.3,-11.8,5.5));
#1760 = SURFACE_CURVE('',#1761,(#1765,#1771),.PCURVE_S1.);
#1761 = LINE('',#1762,#1763);
#1762 = CARTESIAN_POINT('',(6.3,-14.3,5.5));
#1763 = VECTOR('',#1764,1.);
#1764 = DIRECTION('',(0.,1.,0.));
#1765 = PCURVE('',#473,#1766);
#1766 = DEFINITIONAL_REPRESENTATION('',(#1767),#1770);
#1767 = B_SPLINE_CURVE_WITH_KNOTS('',1,(#1768,#1769),.UNSPECIFIED.,.F.,
  .F.,(2,2),(2.5,26.1),.PIECEWISE_BEZIER_KNOTS.);
#1768 = CARTESIAN_POINT('',(13.6,3.));
#1769 = CARTESIAN_POINT('',(13.6,26.6));
#1770 = ( GEOMETRIC_REPRESENTATION_CONTEXT(2)
PARAMETRIC_REPRESENTATION_CONTEXT() REPRESENTATION_CONTEXT('2D SPACE',''
  ) );
#1771 = PCURVE('',#1772,#1777);
#1772 = PLANE('',#1773);
#1773 = AXIS2_PLACEMENT_3D('',#1774,#1775,#1776);
#1774 = CARTESIAN_POINT('',(6.3,-13.8,4.7));
#1775 = DIRECTION('',(1.,0.,0.));
#1776 = DIRECTION('',(0.,0.,1.));
#1777 = DEFINITIONAL_REPRESENTATION('',(#1778),#1781);
#1778 = B_SPLINE_CURVE_WITH_KNOTS('',1,(#1779,#1780),.UNSPECIFIED.,.F.,
  .F.,(2,2),(2.5,26.1),.PIECEWISE_BEZIER_KNOTS.);
#1779 = CARTESIAN_POINT('',(0.8,-2.));
#1780 = CARTESIAN_POINT('',(0.8,-25.6));
#1781 = ( GEOMETRIC_REPRESENTATION_CONTEXT(2)
PARAMETRIC_REPRESENTATION_CONTEXT() REPRESENTATION_CONTEXT('2D SPACE',''
  ) );
#1782 = ORIENTED_EDGE('',*,*,#1783,.F.);
#1783 = EDGE_CURVE('',#1784,#1758,#1786,.T.);
#1784 = VERTEX_POINT('',#1785);
#1785 = CARTESIAN_POINT('',(4.3,-13.8,5.5));
#1786 = SURFACE_CURVE('',#1787,(#1792,#1799),.PCURVE_S1.);
#1787 = CIRCLE('',#1788,2.);
#1788 = AXIS2_PLACEMENT_3D('',#1789,#1790,#1791);
#1789 = CARTESIAN_POINT('',(4.3,-11.8,5.5));
#1790 = DIRECTION('',(0.,0.,1.));
#1791 = DIRECTION('',(1.,0.,-0.));
#1792 = PCURVE('',#473,#1793);
#1793 = DEFINITIONAL_REPRESENTATION('',(#1794),#1798);
#1794 = CIRCLE('',#1795,2.);
#1795 = AXIS2_PLACEMENT_2D('',#1796,#1797);
#1796 = CARTESIAN_POINT('',(11.6,3.));
#1797 = DIRECTION('',(1.,0.));
#1798 = ( GEOMETRIC_REPRESENTATION_CONTEXT(2)
PARAMETRIC_REPRESENTATION_CONTEXT() REPRESENTATION_CONTEXT('2D SPACE',''
  ) );
#1799 = PCURVE('',#1800,#1805);
#1800 = CYLINDRICAL_SURFACE('',#1801,2.);
#1801 = AXIS2_PLACEMENT_3D('',#1802,#1803,#1804);
#1802 = CARTESIAN_POINT('',(4.3,-11.8,4.7));
#1803 = DIRECTION('',(0.,0.,1.));
#1804 = DIRECTION('',(1.,0.,-0.));
#1805 = DEFINITIONAL_REPRESENTATION('',(#1806),#1810);
#1806 = LINE('',#1807,#1808);
#1807 = CARTESIAN_POINT('',(-6.28318530718,0.8));
#1808 = VECTOR('',#1809,1.);
#1809 = DIRECTION('',(1.,-0.));
#1810 = ( GEOMETRIC_REPRESENTATION_CONTEXT(2)
PARAMETRIC_REPRESENTATION_CONTEXT() REPRESENTATION_CONTEXT('2D SPACE',''
  ) );
#1811 = ORIENTED_EDGE('',*,*,#1812,.T.);
#1812 = EDGE_CURVE('',#1784,#1619,#1813,.T.);
#1813 = SURFACE_CURVE('',#1814,(#1818,#1824),.PCURVE_S1.);
#1814 = LINE('',#1815,#1816);
#1815 = CARTESIAN_POINT('',(-6.8,-13.8,5.5));
#1816 = VECTOR('',#1817,1.);
#1817 = DIRECTION('',(-1.,0.,0.));
#1818 = PCURVE('',#473,#1819);
#1819 = DEFINITIONAL_REPRESENTATION('',(#1820),#1823);
#1820 = B_SPLINE_CURVE_WITH_KNOTS('',1,(#1821,#1822),.UNSPECIFIED.,.F.,
  .F.,(2,2),(-11.1,-2.5),.PIECEWISE_BEZIER_KNOTS.);
#1821 = CARTESIAN_POINT('',(11.6,1.));
#1822 = CARTESIAN_POINT('',(3.,1.));
#1823 = ( GEOMETRIC_REPRESENTATION_CONTEXT(2)
PARAMETRIC_REPRESENTATION_CONTEXT() REPRESENTATION_CONTEXT('2D SPACE',''
  ) );
#1824 = PCURVE('',#1825,#1830);
#1825 = PLANE('',#1826);
#1826 = AXIS2_PLACEMENT_3D('',#1827,#1828,#1829);
#1827 = CARTESIAN_POINT('',(-6.3,-13.8,4.7));
#1828 = DIRECTION('',(0.,1.,0.));
#1829 = DIRECTION('',(0.,0.,1.));
#1830 = DEFINITIONAL_REPRESENTATION('',(#1831),#1834);
#1831 = B_SPLINE_CURVE_WITH_KNOTS('',1,(#1832,#1833),.UNSPECIFIED.,.F.,
  .F.,(2,2),(-11.1,-2.5),.PIECEWISE_BEZIER_KNOTS.);
#1832 = CARTESIAN_POINT('',(0.8,10.6));
#1833 = CARTESIAN_POINT('',(0.8,2.));
#1834 = ( GEOMETRIC_REPRESENTATION_CONTEXT(2)
PARAMETRIC_REPRESENTATION_CONTEXT() REPRESENTATION_CONTEXT('2D SPACE',''
  ) );
#1835 = ADVANCED_FACE('',(#1836),#499,.T.);
#1836 = FACE_BOUND('',#1837,.F.);
#1837 = EDGE_LOOP('',(#1838,#1839,#1840,#1860));
#1838 = ORIENTED_EDGE('',*,*,#485,.F.);
#1839 = ORIENTED_EDGE('',*,*,#677,.T.);
#1840 = ORIENTED_EDGE('',*,*,#1841,.T.);
#1841 = EDGE_CURVE('',#650,#1561,#1842,.T.);
#1842 = SURFACE_CURVE('',#1843,(#1848,#1854),.PCURVE_S1.);
#1843 = CIRCLE('',#1844,0.35);
#1844 = AXIS2_PLACEMENT_3D('',#1845,#1846,#1847);
#1845 = CARTESIAN_POINT('',(-4.3,14.45,5.15));
#1846 = DIRECTION('',(1.,6.123233995737E-17,-0.));
#1847 = DIRECTION('',(-6.123233995737E-17,1.,0.));
#1848 = PCURVE('',#499,#1849);
#1849 = DEFINITIONAL_REPRESENTATION('',(#1850),#1853);
#1850 = B_SPLINE_CURVE_WITH_KNOTS('',1,(#1851,#1852),.UNSPECIFIED.,.F.,
  .F.,(2,2),(0.,1.570796326795),.PIECEWISE_BEZIER_KNOTS.);
#1851 = CARTESIAN_POINT('',(-1.570796326795,0.));
#1852 = CARTESIAN_POINT('',(-1.570796326795,1.570796326795));
#1853 = ( GEOMETRIC_REPRESENTATION_CONTEXT(2)
PARAMETRIC_REPRESENTATION_CONTEXT() REPRESENTATION_CONTEXT('2D SPACE',''
  ) );
#1854 = PCURVE('',#1576,#1855);
#1855 = DEFINITIONAL_REPRESENTATION('',(#1856),#1859);
#1856 = B_SPLINE_CURVE_WITH_KNOTS('',1,(#1857,#1858),.UNSPECIFIED.,.F.,
  .F.,(2,2),(0.,1.570796326795),.PIECEWISE_BEZIER_KNOTS.);
#1857 = CARTESIAN_POINT('',(0.,0.));
#1858 = CARTESIAN_POINT('',(1.570796326795,0.));
#1859 = ( GEOMETRIC_REPRESENTATION_CONTEXT(2)
PARAMETRIC_REPRESENTATION_CONTEXT() REPRESENTATION_CONTEXT('2D SPACE',''
  ) );
#1860 = ORIENTED_EDGE('',*,*,#1588,.F.);
#1861 = ADVANCED_FACE('',(#1862),#665,.T.);
#1862 = FACE_BOUND('',#1863,.T.);
#1863 = EDGE_LOOP('',(#1864,#1865,#1888,#1916));
#1864 = ORIENTED_EDGE('',*,*,#649,.T.);
#1865 = ORIENTED_EDGE('',*,*,#1866,.T.);
#1866 = EDGE_CURVE('',#650,#1867,#1869,.T.);
#1867 = VERTEX_POINT('',#1868);
#1868 = CARTESIAN_POINT('',(4.3,14.8,5.15));
#1869 = SURFACE_CURVE('',#1870,(#1874,#1881),.PCURVE_S1.);
#1870 = LINE('',#1871,#1872);
#1871 = CARTESIAN_POINT('',(-4.3,14.8,5.15));
#1872 = VECTOR('',#1873,1.);
#1873 = DIRECTION('',(1.,0.,0.));
#1874 = PCURVE('',#665,#1875);
#1875 = DEFINITIONAL_REPRESENTATION('',(#1876),#1880);
#1876 = LINE('',#1877,#1878);
#1877 = CARTESIAN_POINT('',(5.15,3.));
#1878 = VECTOR('',#1879,1.);
#1879 = DIRECTION('',(0.,1.));
#1880 = ( GEOMETRIC_REPRESENTATION_CONTEXT(2)
PARAMETRIC_REPRESENTATION_CONTEXT() REPRESENTATION_CONTEXT('2D SPACE',''
  ) );
#1881 = PCURVE('',#1576,#1882);
#1882 = DEFINITIONAL_REPRESENTATION('',(#1883),#1887);
#1883 = LINE('',#1884,#1885);
#1884 = CARTESIAN_POINT('',(0.,0.));
#1885 = VECTOR('',#1886,1.);
#1886 = DIRECTION('',(0.,1.));
#1887 = ( GEOMETRIC_REPRESENTATION_CONTEXT(2)
PARAMETRIC_REPRESENTATION_CONTEXT() REPRESENTATION_CONTEXT('2D SPACE',''
  ) );
#1888 = ORIENTED_EDGE('',*,*,#1889,.F.);
#1889 = EDGE_CURVE('',#1890,#1867,#1892,.T.);
#1890 = VERTEX_POINT('',#1891);
#1891 = CARTESIAN_POINT('',(4.3,14.8,0.5));
#1892 = SURFACE_CURVE('',#1893,(#1897,#1904),.PCURVE_S1.);
#1893 = LINE('',#1894,#1895);
#1894 = CARTESIAN_POINT('',(4.3,14.8,0.));
#1895 = VECTOR('',#1896,1.);
#1896 = DIRECTION('',(0.,0.,1.));
#1897 = PCURVE('',#665,#1898);
#1898 = DEFINITIONAL_REPRESENTATION('',(#1899),#1903);
#1899 = LINE('',#1900,#1901);
#1900 = CARTESIAN_POINT('',(0.,11.6));
#1901 = VECTOR('',#1902,1.);
#1902 = DIRECTION('',(1.,0.));
#1903 = ( GEOMETRIC_REPRESENTATION_CONTEXT(2)
PARAMETRIC_REPRESENTATION_CONTEXT() REPRESENTATION_CONTEXT('2D SPACE',''
  ) );
#1904 = PCURVE('',#1905,#1910);
#1905 = CYLINDRICAL_SURFACE('',#1906,3.);
#1906 = AXIS2_PLACEMENT_3D('',#1907,#1908,#1909);
#1907 = CARTESIAN_POINT('',(4.3,11.8,0.));
#1908 = DIRECTION('',(0.,0.,1.));
#1909 = DIRECTION('',(1.,0.,-0.));
#1910 = DEFINITIONAL_REPRESENTATION('',(#1911),#1915);
#1911 = LINE('',#1912,#1913);
#1912 = CARTESIAN_POINT('',(1.570796326795,0.));
#1913 = VECTOR('',#1914,1.);
#1914 = DIRECTION('',(0.,1.));
#1915 = ( GEOMETRIC_REPRESENTATION_CONTEXT(2)
PARAMETRIC_REPRESENTATION_CONTEXT() REPRESENTATION_CONTEXT('2D SPACE',''
  ) );
#1916 = ORIENTED_EDGE('',*,*,#1917,.F.);
#1917 = EDGE_CURVE('',#621,#1890,#1918,.T.);
#1918 = SURFACE_CURVE('',#1919,(#1923,#1930),.PCURVE_S1.);
#1919 = LINE('',#1920,#1921);
#1920 = CARTESIAN_POINT('',(-4.3,14.8,0.5));
#1921 = VECTOR('',#1922,1.);
#1922 = DIRECTION('',(1.,0.,0.));
#1923 = PCURVE('',#665,#1924);
#1924 = DEFINITIONAL_REPRESENTATION('',(#1925),#1929);
#1925 = LINE('',#1926,#1927);
#1926 = CARTESIAN_POINT('',(0.5,3.));
#1927 = VECTOR('',#1928,1.);
#1928 = DIRECTION('',(0.,1.));
#1929 = ( GEOMETRIC_REPRESENTATION_CONTEXT(2)
PARAMETRIC_REPRESENTATION_CONTEXT() REPRESENTATION_CONTEXT('2D SPACE',''
  ) );
#1930 = PCURVE('',#1931,#1936);
#1931 = CYLINDRICAL_SURFACE('',#1932,0.5);
#1932 = AXIS2_PLACEMENT_3D('',#1933,#1934,#1935);
#1933 = CARTESIAN_POINT('',(-4.3,14.3,0.5));
#1934 = DIRECTION('',(1.,0.,0.));
#1935 = DIRECTION('',(-0.,1.,0.));
#1936 = DEFINITIONAL_REPRESENTATION('',(#1937),#1941);
#1937 = LINE('',#1938,#1939);
#1938 = CARTESIAN_POINT('',(-0.,0.));
#1939 = VECTOR('',#1940,1.);
#1940 = DIRECTION('',(-0.,1.));
#1941 = ( GEOMETRIC_REPRESENTATION_CONTEXT(2)
PARAMETRIC_REPRESENTATION_CONTEXT() REPRESENTATION_CONTEXT('2D SPACE',''
  ) );
#1942 = ADVANCED_FACE('',(#1943),#637,.T.);
#1943 = FACE_BOUND('',#1944,.T.);
#1944 = EDGE_LOOP('',(#1945,#1995,#1996));
#1945 = ORIENTED_EDGE('',*,*,#1946,.T.);
#1946 = EDGE_CURVE('',#1947,#600,#1949,.T.);
#1947 = VERTEX_POINT('',#1948);
#1948 = CARTESIAN_POINT('',(-4.3,14.392924528302,8.710846812316E-03));
#1949 = SURFACE_CURVE('',#1950,(#1963,#1979),.PCURVE_S1.);
#1950 = B_SPLINE_CURVE_WITH_KNOTS('',6,(#1951,#1952,#1953,#1954,#1955,
    #1956,#1957,#1958,#1959,#1960,#1961,#1962),.UNSPECIFIED.,.F.,.F.,(7,
    5,7),(0.,0.507839137214,1.),.UNSPECIFIED.);
#1951 = CARTESIAN_POINT('',(-4.3,14.392924528302,8.710846812316E-03));
#1952 = CARTESIAN_POINT('',(-4.346516539296,14.449095443679,
    1.933525360374E-02));
#1953 = CARTESIAN_POINT('',(-4.392951437978,14.502957058149,
    3.769477402937E-02));
#1954 = CARTESIAN_POINT('',(-4.438176404758,14.553377604808,
    6.363467338584E-02));
#1955 = CARTESIAN_POINT('',(-4.480914029706,14.599336383264,
    9.678184620432E-02));
#1956 = CARTESIAN_POINT('',(-4.519776761512,14.639932793768,
    0.136470200572));
#1957 = CARTESIAN_POINT('',(-4.586229575179,14.707868993574,
    0.225521716915));
#1958 = CARTESIAN_POINT('',(-4.614138037203,14.735587456082,
    0.274558937899));
#1959 = CARTESIAN_POINT('',(-4.636098244172,14.756894085042,
    0.327866874074));
#1960 = CARTESIAN_POINT('',(-4.651116767094,14.771291776416,
    0.384216512308));
#1961 = CARTESIAN_POINT('',(-4.658621385831,14.778487989169,
    0.442114974195));
#1962 = CARTESIAN_POINT('',(-4.658621385831,14.778487989169,0.5));
#1963 = PCURVE('',#637,#1964);
#1964 = DEFINITIONAL_REPRESENTATION('',(#1965),#1978);
#1965 = B_SPLINE_CURVE_WITH_KNOTS('',6,(#1966,#1967,#1968,#1969,#1970,
    #1971,#1972,#1973,#1974,#1975,#1976,#1977),.UNSPECIFIED.,.F.,.F.,(7,
    5,7),(0.,0.507839137214,1.),.UNSPECIFIED.);
#1966 = CARTESIAN_POINT('',(1.570796326795,1.383860424082));
#1967 = CARTESIAN_POINT('',(1.552856529941,1.269526706327));
#1968 = CARTESIAN_POINT('',(1.535880946138,1.154888279713));
#1969 = CARTESIAN_POINT('',(1.520159537579,1.039740108052));
#1970 = CARTESIAN_POINT('',(1.505932568423,0.923935181592));
#1971 = CARTESIAN_POINT('',(1.493423734414,0.807381032749));
#1972 = CARTESIAN_POINT('',(1.472552088494,0.576433612432));
#1973 = CARTESIAN_POINT('',(1.464070771573,0.462058033665));
#1974 = CARTESIAN_POINT('',(1.457562285643,0.347060176923));
#1975 = CARTESIAN_POINT('',(1.45316628694,0.231566717924));
#1976 = CARTESIAN_POINT('',(1.450969314366,0.11577005161));
#1977 = CARTESIAN_POINT('',(1.450969314366,0.));
#1978 = ( GEOMETRIC_REPRESENTATION_CONTEXT(2)
PARAMETRIC_REPRESENTATION_CONTEXT() REPRESENTATION_CONTEXT('2D SPACE',''
  ) );
#1979 = PCURVE('',#842,#1980);
#1980 = DEFINITIONAL_REPRESENTATION('',(#1981),#1994);
#1981 = B_SPLINE_CURVE_WITH_KNOTS('',6,(#1982,#1983,#1984,#1985,#1986,
    #1987,#1988,#1989,#1990,#1991,#1992,#1993),.UNSPECIFIED.,.F.,.F.,(7,
    5,7),(0.,0.507839137214,1.),.UNSPECIFIED.);
#1982 = CARTESIAN_POINT('',(-6.095702226177,1.757732249692));
#1983 = CARTESIAN_POINT('',(-6.109983915288,1.872065967448));
#1984 = CARTESIAN_POINT('',(-6.124164880784,1.986704294011));
#1985 = CARTESIAN_POINT('',(-6.137939362545,2.10185262853));
#1986 = CARTESIAN_POINT('',(-6.150960337785,2.217657439241));
#1987 = CARTESIAN_POINT('',(-6.162820541572,2.334211620841));
#1988 = CARTESIAN_POINT('',(-6.183137266323,2.565159041158));
#1989 = CARTESIAN_POINT('',(-6.191689767539,2.679534619925));
#1990 = CARTESIAN_POINT('',(-6.198442472668,2.794532476667));
#1991 = CARTESIAN_POINT('',(-6.203070974204,2.910025935666));
#1992 = CARTESIAN_POINT('',(-6.20538331987,3.02582260198));
#1993 = CARTESIAN_POINT('',(-6.20538331987,3.14159265359));
#1994 = ( GEOMETRIC_REPRESENTATION_CONTEXT(2)
PARAMETRIC_REPRESENTATION_CONTEXT() REPRESENTATION_CONTEXT('2D SPACE',''
  ) );
#1995 = ORIENTED_EDGE('',*,*,#620,.T.);
#1996 = ORIENTED_EDGE('',*,*,#1997,.T.);
#1997 = EDGE_CURVE('',#621,#1947,#1998,.T.);
#1998 = SURFACE_CURVE('',#1999,(#2004,#2010),.PCURVE_S1.);
#1999 = CIRCLE('',#2000,0.5);
#2000 = AXIS2_PLACEMENT_3D('',#2001,#2002,#2003);
#2001 = CARTESIAN_POINT('',(-4.3,14.3,0.5));
#2002 = DIRECTION('',(-1.,-6.123233995737E-17,0.));
#2003 = DIRECTION('',(-6.123233995737E-17,1.,0.));
#2004 = PCURVE('',#637,#2005);
#2005 = DEFINITIONAL_REPRESENTATION('',(#2006),#2009);
#2006 = B_SPLINE_CURVE_WITH_KNOTS('',1,(#2007,#2008),.UNSPECIFIED.,.F.,
  .F.,(2,2),(0.,1.570796326795),.PIECEWISE_BEZIER_KNOTS.);
#2007 = CARTESIAN_POINT('',(1.570796326795,0.));
#2008 = CARTESIAN_POINT('',(1.570796326795,1.570796326795));
#2009 = ( GEOMETRIC_REPRESENTATION_CONTEXT(2)
PARAMETRIC_REPRESENTATION_CONTEXT() REPRESENTATION_CONTEXT('2D SPACE',''
  ) );
#2010 = PCURVE('',#1931,#2011);
#2011 = DEFINITIONAL_REPRESENTATION('',(#2012),#2015);
#2012 = B_SPLINE_CURVE_WITH_KNOTS('',1,(#2013,#2014),.UNSPECIFIED.,.F.,
  .F.,(2,2),(0.,1.570796326795),.PIECEWISE_BEZIER_KNOTS.);
#2013 = CARTESIAN_POINT('',(0.,0.));
#2014 = CARTESIAN_POINT('',(-1.570796326795,0.));
#2015 = ( GEOMETRIC_REPRESENTATION_CONTEXT(2)
PARAMETRIC_REPRESENTATION_CONTEXT() REPRESENTATION_CONTEXT('2D SPACE',''
  ) );
#2016 = ADVANCED_FACE('',(#2017),#559,.F.);
#2017 = FACE_BOUND('',#2018,.F.);
#2018 = EDGE_LOOP('',(#2019,#2020,#2042,#2043));
#2019 = ORIENTED_EDGE('',*,*,#544,.F.);
#2020 = ORIENTED_EDGE('',*,*,#2021,.T.);
#2021 = EDGE_CURVE('',#516,#600,#2022,.T.);
#2022 = SURFACE_CURVE('',#2023,(#2028,#2035),.PCURVE_S1.);
#2023 = CIRCLE('',#2024,2.85);
#2024 = AXIS2_PLACEMENT_3D('',#2025,#2026,#2027);
#2025 = CARTESIAN_POINT('',(-7.5,15.,0.5));
#2026 = DIRECTION('',(0.,0.,1.));
#2027 = DIRECTION('',(1.,0.,-0.));
#2028 = PCURVE('',#559,#2029);
#2029 = DEFINITIONAL_REPRESENTATION('',(#2030),#2034);
#2030 = LINE('',#2031,#2032);
#2031 = CARTESIAN_POINT('',(0.,0.));
#2032 = VECTOR('',#2033,1.);
#2033 = DIRECTION('',(1.,0.));
#2034 = ( GEOMETRIC_REPRESENTATION_CONTEXT(2)
PARAMETRIC_REPRESENTATION_CONTEXT() REPRESENTATION_CONTEXT('2D SPACE',''
  ) );
#2035 = PCURVE('',#842,#2036);
#2036 = DEFINITIONAL_REPRESENTATION('',(#2037),#2041);
#2037 = LINE('',#2038,#2039);
#2038 = CARTESIAN_POINT('',(-0.,3.14159265359));
#2039 = VECTOR('',#2040,1.);
#2040 = DIRECTION('',(-1.,0.));
#2041 = ( GEOMETRIC_REPRESENTATION_CONTEXT(2)
PARAMETRIC_REPRESENTATION_CONTEXT() REPRESENTATION_CONTEXT('2D SPACE',''
  ) );
#2042 = ORIENTED_EDGE('',*,*,#599,.T.);
#2043 = ORIENTED_EDGE('',*,*,#2044,.F.);
#2044 = EDGE_CURVE('',#545,#571,#2045,.T.);
#2045 = SURFACE_CURVE('',#2046,(#2051,#2058),.PCURVE_S1.);
#2046 = CIRCLE('',#2047,2.85);
#2047 = AXIS2_PLACEMENT_3D('',#2048,#2049,#2050);
#2048 = CARTESIAN_POINT('',(-7.5,15.,3.2));
#2049 = DIRECTION('',(0.,0.,1.));
#2050 = DIRECTION('',(1.,0.,-0.));
#2051 = PCURVE('',#559,#2052);
#2052 = DEFINITIONAL_REPRESENTATION('',(#2053),#2057);
#2053 = LINE('',#2054,#2055);
#2054 = CARTESIAN_POINT('',(0.,2.7));
#2055 = VECTOR('',#2056,1.);
#2056 = DIRECTION('',(1.,0.));
#2057 = ( GEOMETRIC_REPRESENTATION_CONTEXT(2)
PARAMETRIC_REPRESENTATION_CONTEXT() REPRESENTATION_CONTEXT('2D SPACE',''
  ) );
#2058 = PCURVE('',#587,#2059);
#2059 = DEFINITIONAL_REPRESENTATION('',(#2060),#2064);
#2060 = CIRCLE('',#2061,2.85);
#2061 = AXIS2_PLACEMENT_2D('',#2062,#2063);
#2062 = CARTESIAN_POINT('',(0.,0.));
#2063 = DIRECTION('',(1.,0.));
#2064 = ( GEOMETRIC_REPRESENTATION_CONTEXT(2)
PARAMETRIC_REPRESENTATION_CONTEXT() REPRESENTATION_CONTEXT('2D SPACE',''
  ) );
#2065 = ADVANCED_FACE('',(#2066),#587,.F.);
#2066 = FACE_BOUND('',#2067,.F.);
#2067 = EDGE_LOOP('',(#2068,#2069));
#2068 = ORIENTED_EDGE('',*,*,#570,.T.);
#2069 = ORIENTED_EDGE('',*,*,#2044,.T.);
#2070 = ADVANCED_FACE('',(#2071),#532,.T.);
#2071 = FACE_BOUND('',#2072,.T.);
#2072 = EDGE_LOOP('',(#2073,#2074,#2075));
#2073 = ORIENTED_EDGE('',*,*,#859,.F.);
#2074 = ORIENTED_EDGE('',*,*,#515,.T.);
#2075 = ORIENTED_EDGE('',*,*,#2076,.T.);
#2076 = EDGE_CURVE('',#516,#817,#2077,.T.);
#2077 = SURFACE_CURVE('',#2078,(#2091,#2107),.PCURVE_S1.);
#2078 = B_SPLINE_CURVE_WITH_KNOTS('',6,(#2079,#2080,#2081,#2082,#2083,
    #2084,#2085,#2086,#2087,#2088,#2089,#2090),.UNSPECIFIED.,.F.,.F.,(7,
    5,7),(0.,0.493947131529,1.),.UNSPECIFIED.);
#2079 = CARTESIAN_POINT('',(-7.278487989169,12.158621385831,0.5));
#2080 = CARTESIAN_POINT('',(-7.278487989169,12.158621385831,
    0.441904883092));
#2081 = CARTESIAN_POINT('',(-7.271239441922,12.151062200463,
    0.383796149752));
#2082 = CARTESIAN_POINT('',(-7.256737003316,12.135934361197,
    0.327253317957));
#2083 = CARTESIAN_POINT('',(-7.235277569059,12.11381868898,
    0.273785288024));
#2084 = CARTESIAN_POINT('',(-7.207365186247,12.085722367376,
    0.224632415416));
#2085 = CARTESIAN_POINT('',(-7.139218018347,12.019092666612,
    0.135772864072));
#2086 = CARTESIAN_POINT('',(-7.098689278012,11.98031240059,
    9.631590002529E-02));
#2087 = CARTESIAN_POINT('',(-7.052845327182,11.937699047094,
    6.336118646228E-02));
#2088 = CARTESIAN_POINT('',(-7.002578045406,11.892624709156,
    3.756568839054E-02));
#2089 = CARTESIAN_POINT('',(-6.948897842014,11.846352900418,
    1.929787838116E-02));
#2090 = CARTESIAN_POINT('',(-6.892924528302,11.8,8.710846812316E-03));
#2091 = PCURVE('',#532,#2092);
#2092 = DEFINITIONAL_REPRESENTATION('',(#2093),#2106);
#2093 = B_SPLINE_CURVE_WITH_KNOTS('',6,(#2094,#2095,#2096,#2097,#2098,
    #2099,#2100,#2101,#2102,#2103,#2104,#2105),.UNSPECIFIED.,.F.,.F.,(7,
    5,7),(0.,0.493947131529,1.),.UNSPECIFIED.);
#2094 = CARTESIAN_POINT('',(0.119827012428,0.));
#2095 = CARTESIAN_POINT('',(0.119827012428,0.116190233815));
#2096 = CARTESIAN_POINT('',(0.117614063652,0.232407435073));
#2097 = CARTESIAN_POINT('',(0.113186076661,0.348317840756));
#2098 = CARTESIAN_POINT('',(0.106630897778,0.463727479568));
#2099 = CARTESIAN_POINT('',(9.809008033849E-02,0.578509032195));
#2100 = CARTESIAN_POINT('',(7.715234309637E-02,0.809431206556));
#2101 = CARTESIAN_POINT('',(6.466343198407E-02,0.925564835549));
#2102 = CARTESIAN_POINT('',(5.047081585675E-02,1.040955394095));
#2103 = CARTESIAN_POINT('',(3.479592385988E-02,1.155694896473));
#2104 = CARTESIAN_POINT('',(1.787668708141E-02,1.269928916844));
#2105 = CARTESIAN_POINT('',(0.,1.383860424082));
#2106 = ( GEOMETRIC_REPRESENTATION_CONTEXT(2)
PARAMETRIC_REPRESENTATION_CONTEXT() REPRESENTATION_CONTEXT('2D SPACE',''
  ) );
#2107 = PCURVE('',#842,#2108);
#2108 = DEFINITIONAL_REPRESENTATION('',(#2109),#2122);
#2109 = B_SPLINE_CURVE_WITH_KNOTS('',6,(#2110,#2111,#2112,#2113,#2114,
    #2115,#2116,#2117,#2118,#2119,#2120,#2121),.UNSPECIFIED.,.F.,.F.,(7,
    5,7),(0.,0.493947131529,1.),.UNSPECIFIED.);
#2110 = CARTESIAN_POINT('',(-4.790190968519,3.14159265359));
#2111 = CARTESIAN_POINT('',(-4.790190968519,3.025402419775));
#2112 = CARTESIAN_POINT('',(-4.792520121327,2.909185218517));
#2113 = CARTESIAN_POINT('',(-4.797182329875,2.793274812834));
#2114 = CARTESIAN_POINT('',(-4.803982711353,2.677865174022));
#2115 = CARTESIAN_POINT('',(-4.812592453328,2.563083621395));
#2116 = CARTESIAN_POINT('',(-4.832962515843,2.332161447034));
#2117 = CARTESIAN_POINT('',(-4.844797249242,2.216027807904));
#2118 = CARTESIAN_POINT('',(-4.857780322108,2.100637285177));
#2119 = CARTESIAN_POINT('',(-4.871509184201,1.985897732402));
#2120 = CARTESIAN_POINT('',(-4.885640614762,1.871663742992));
#2121 = CARTESIAN_POINT('',(-4.899872062827,1.757732235754));
#2122 = ( GEOMETRIC_REPRESENTATION_CONTEXT(2)
PARAMETRIC_REPRESENTATION_CONTEXT() REPRESENTATION_CONTEXT('2D SPACE',''
  ) );
#2123 = ADVANCED_FACE('',(#2124),#842,.T.);
#2124 = FACE_BOUND('',#2125,.F.);
#2125 = EDGE_LOOP('',(#2126,#2127,#2151,#2187,#2188,#2189));
#2126 = ORIENTED_EDGE('',*,*,#816,.T.);
#2127 = ORIENTED_EDGE('',*,*,#2128,.T.);
#2128 = EDGE_CURVE('',#789,#2129,#2131,.T.);
#2129 = VERTEX_POINT('',#2130);
#2130 = CARTESIAN_POINT('',(-4.223950549824,14.3,-5.551115123126E-17));
#2131 = SURFACE_CURVE('',#2132,(#2137,#2144),.PCURVE_S1.);
#2132 = CIRCLE('',#2133,3.35);
#2133 = AXIS2_PLACEMENT_3D('',#2134,#2135,#2136);
#2134 = CARTESIAN_POINT('',(-7.5,15.,0.));
#2135 = DIRECTION('',(0.,0.,1.));
#2136 = DIRECTION('',(1.,0.,-0.));
#2137 = PCURVE('',#842,#2138);
#2138 = DEFINITIONAL_REPRESENTATION('',(#2139),#2143);
#2139 = LINE('',#2140,#2141);
#2140 = CARTESIAN_POINT('',(-0.,1.570796326795));
#2141 = VECTOR('',#2142,1.);
#2142 = DIRECTION('',(-1.,0.));
#2143 = ( GEOMETRIC_REPRESENTATION_CONTEXT(2)
PARAMETRIC_REPRESENTATION_CONTEXT() REPRESENTATION_CONTEXT('2D SPACE',''
  ) );
#2144 = PCURVE('',#804,#2145);
#2145 = DEFINITIONAL_REPRESENTATION('',(#2146),#2150);
#2146 = CIRCLE('',#2147,3.35);
#2147 = AXIS2_PLACEMENT_2D('',#2148,#2149);
#2148 = CARTESIAN_POINT('',(-0.2,29.8));
#2149 = DIRECTION('',(1.,0.));
#2150 = ( GEOMETRIC_REPRESENTATION_CONTEXT(2)
PARAMETRIC_REPRESENTATION_CONTEXT() REPRESENTATION_CONTEXT('2D SPACE',''
  ) );
#2151 = ORIENTED_EDGE('',*,*,#2152,.F.);
#2152 = EDGE_CURVE('',#1947,#2129,#2153,.T.);
#2153 = SURFACE_CURVE('',#2154,(#2163,#2175),.PCURVE_S1.);
#2154 = B_SPLINE_CURVE_WITH_KNOTS('',4,(#2155,#2156,#2157,#2158,#2159,
    #2160,#2161,#2162),.UNSPECIFIED.,.F.,.F.,(5,3,5),(0.,0.291122679423,
    1.),.UNSPECIFIED.);
#2155 = CARTESIAN_POINT('',(-4.3000006,14.39292525283,8.710983853233E-03
    ));
#2156 = CARTESIAN_POINT('',(-4.294465755582,14.38624166846,
    7.446811826444E-03));
#2157 = CARTESIAN_POINT('',(-4.288925432799,14.379536054857,
    6.304043421787E-03));
#2158 = CARTESIAN_POINT('',(-4.283382041776,14.372811254255,
    5.283140428647E-03));
#2159 = CARTESIAN_POINT('',(-4.264338281907,14.349655752393,
    2.196296412388E-03));
#2160 = CARTESIAN_POINT('',(-4.250834557597,14.333144731116,
    7.329452344338E-04));
#2161 = CARTESIAN_POINT('',(-4.237361027759,14.316578652942,
    -2.488346859293E-09));
#2162 = CARTESIAN_POINT('',(-4.223950551738,14.299999991043,0.));
#2163 = PCURVE('',#842,#2164);
#2164 = DEFINITIONAL_REPRESENTATION('',(#2165),#2174);
#2165 = B_SPLINE_CURVE_WITH_KNOTS('',4,(#2166,#2167,#2168,#2169,#2170,
    #2171,#2172,#2173),.UNSPECIFIED.,.F.,.F.,(5,3,5),(0.,0.291122679423,
    1.),.UNSPECIFIED.);
#2166 = CARTESIAN_POINT('',(-6.095702413673,1.75773372188));
#2167 = CARTESIAN_POINT('',(-6.094003083811,1.744129541418));
#2168 = CARTESIAN_POINT('',(-6.092306709276,1.730527156391));
#2169 = CARTESIAN_POINT('',(-6.090614059517,1.716925711392));
#2170 = CARTESIAN_POINT('',(-6.084814983162,1.670205014802));
#2171 = CARTESIAN_POINT('',(-6.080730315955,1.637085815809));
#2172 = CARTESIAN_POINT('',(-6.076681962897,1.603953602271));
#2173 = CARTESIAN_POINT('',(-6.072678826802,1.570796326795));
#2174 = ( GEOMETRIC_REPRESENTATION_CONTEXT(2)
PARAMETRIC_REPRESENTATION_CONTEXT() REPRESENTATION_CONTEXT('2D SPACE',''
  ) );
#2175 = PCURVE('',#1931,#2176);
#2176 = DEFINITIONAL_REPRESENTATION('',(#2177),#2186);
#2177 = B_SPLINE_CURVE_WITH_KNOTS('',4,(#2178,#2179,#2180,#2181,#2182,
    #2183,#2184,#2185),.UNSPECIFIED.,.F.,.F.,(5,3,5),(0.,0.291122679423,
    1.),.UNSPECIFIED.);
#2178 = CARTESIAN_POINT('',(-1.383858949333,-6.E-07));
#2179 = CARTESIAN_POINT('',(-1.397463129713,5.534244417587E-03));
#2180 = CARTESIAN_POINT('',(-1.411065475237,1.107456720108E-02));
#2181 = CARTESIAN_POINT('',(-1.424666942198,1.661795822362E-02));
#2182 = CARTESIAN_POINT('',(-1.471387638788,3.566171809343E-02));
#2183 = CARTESIAN_POINT('',(-1.504506852605,4.916544240271E-02));
#2184 = CARTESIAN_POINT('',(-1.537639024575,6.263897224108E-02));
#2185 = CARTESIAN_POINT('',(-1.570796344709,7.604944826234E-02));
#2186 = ( GEOMETRIC_REPRESENTATION_CONTEXT(2)
PARAMETRIC_REPRESENTATION_CONTEXT() REPRESENTATION_CONTEXT('2D SPACE',''
  ) );
#2187 = ORIENTED_EDGE('',*,*,#1946,.T.);
#2188 = ORIENTED_EDGE('',*,*,#2021,.F.);
#2189 = ORIENTED_EDGE('',*,*,#2076,.T.);
#2190 = ADVANCED_FACE('',(#2191),#804,.F.);
#2191 = FACE_BOUND('',#2192,.F.);
#2192 = EDGE_LOOP('',(#2193,#2194,#2218,#2241,#2270,#2298,#2327,#2355,
    #2384,#2405,#2406,#2407));
#2193 = ORIENTED_EDGE('',*,*,#1002,.F.);
#2194 = ORIENTED_EDGE('',*,*,#2195,.F.);
#2195 = EDGE_CURVE('',#2196,#960,#2198,.T.);
#2196 = VERTEX_POINT('',#2197);
#2197 = CARTESIAN_POINT('',(-4.223950549824,-14.3,-5.551115123126E-17));
#2198 = SURFACE_CURVE('',#2199,(#2204,#2211),.PCURVE_S1.);
#2199 = CIRCLE('',#2200,3.35);
#2200 = AXIS2_PLACEMENT_3D('',#2201,#2202,#2203);
#2201 = CARTESIAN_POINT('',(-7.5,-15.,0.));
#2202 = DIRECTION('',(0.,0.,1.));
#2203 = DIRECTION('',(1.,0.,-0.));
#2204 = PCURVE('',#804,#2205);
#2205 = DEFINITIONAL_REPRESENTATION('',(#2206),#2210);
#2206 = CIRCLE('',#2207,3.35);
#2207 = AXIS2_PLACEMENT_2D('',#2208,#2209);
#2208 = CARTESIAN_POINT('',(-0.2,-0.2));
#2209 = DIRECTION('',(1.,0.));
#2210 = ( GEOMETRIC_REPRESENTATION_CONTEXT(2)
PARAMETRIC_REPRESENTATION_CONTEXT() REPRESENTATION_CONTEXT('2D SPACE',''
  ) );
#2211 = PCURVE('',#985,#2212);
#2212 = DEFINITIONAL_REPRESENTATION('',(#2213),#2217);
#2213 = LINE('',#2214,#2215);
#2214 = CARTESIAN_POINT('',(-0.,1.570796326795));
#2215 = VECTOR('',#2216,1.);
#2216 = DIRECTION('',(-1.,0.));
#2217 = ( GEOMETRIC_REPRESENTATION_CONTEXT(2)
PARAMETRIC_REPRESENTATION_CONTEXT() REPRESENTATION_CONTEXT('2D SPACE',''
  ) );
#2218 = ORIENTED_EDGE('',*,*,#2219,.F.);
#2219 = EDGE_CURVE('',#2220,#2196,#2222,.T.);
#2220 = VERTEX_POINT('',#2221);
#2221 = CARTESIAN_POINT('',(4.223950549824,-14.3,-5.551115123126E-17));
#2222 = SURFACE_CURVE('',#2223,(#2227,#2234),.PCURVE_S1.);
#2223 = LINE('',#2224,#2225);
#2224 = CARTESIAN_POINT('',(4.3,-14.3,-1.110223024625E-16));
#2225 = VECTOR('',#2226,1.);
#2226 = DIRECTION('',(-1.,-0.,-0.));
#2227 = PCURVE('',#804,#2228);
#2228 = DEFINITIONAL_REPRESENTATION('',(#2229),#2233);
#2229 = LINE('',#2230,#2231);
#2230 = CARTESIAN_POINT('',(11.6,0.5));
#2231 = VECTOR('',#2232,1.);
#2232 = DIRECTION('',(-1.,-0.));
#2233 = ( GEOMETRIC_REPRESENTATION_CONTEXT(2)
PARAMETRIC_REPRESENTATION_CONTEXT() REPRESENTATION_CONTEXT('2D SPACE',''
  ) );
#2234 = PCURVE('',#1230,#2235);
#2235 = DEFINITIONAL_REPRESENTATION('',(#2236),#2240);
#2236 = LINE('',#2237,#2238);
#2237 = CARTESIAN_POINT('',(-1.570796326795,0.));
#2238 = VECTOR('',#2239,1.);
#2239 = DIRECTION('',(-0.,1.));
#2240 = ( GEOMETRIC_REPRESENTATION_CONTEXT(2)
PARAMETRIC_REPRESENTATION_CONTEXT() REPRESENTATION_CONTEXT('2D SPACE',''
  ) );
#2241 = ORIENTED_EDGE('',*,*,#2242,.F.);
#2242 = EDGE_CURVE('',#2243,#2220,#2245,.T.);
#2243 = VERTEX_POINT('',#2244);
#2244 = CARTESIAN_POINT('',(6.8,-11.72395054982,-5.551115123126E-17));
#2245 = SURFACE_CURVE('',#2246,(#2251,#2258),.PCURVE_S1.);
#2246 = CIRCLE('',#2247,3.35);
#2247 = AXIS2_PLACEMENT_3D('',#2248,#2249,#2250);
#2248 = CARTESIAN_POINT('',(7.5,-15.,0.));
#2249 = DIRECTION('',(0.,0.,1.));
#2250 = DIRECTION('',(1.,0.,-0.));
#2251 = PCURVE('',#804,#2252);
#2252 = DEFINITIONAL_REPRESENTATION('',(#2253),#2257);
#2253 = CIRCLE('',#2254,3.35);
#2254 = AXIS2_PLACEMENT_2D('',#2255,#2256);
#2255 = CARTESIAN_POINT('',(14.8,-0.2));
#2256 = DIRECTION('',(1.,0.));
#2257 = ( GEOMETRIC_REPRESENTATION_CONTEXT(2)
PARAMETRIC_REPRESENTATION_CONTEXT() REPRESENTATION_CONTEXT('2D SPACE',''
  ) );
#2258 = PCURVE('',#2259,#2264);
#2259 = TOROIDAL_SURFACE('',#2260,3.35,0.5);
#2260 = AXIS2_PLACEMENT_3D('',#2261,#2262,#2263);
#2261 = CARTESIAN_POINT('',(7.5,-15.,0.5));
#2262 = DIRECTION('',(-0.,-0.,-1.));
#2263 = DIRECTION('',(1.,0.,-0.));
#2264 = DEFINITIONAL_REPRESENTATION('',(#2265),#2269);
#2265 = LINE('',#2266,#2267);
#2266 = CARTESIAN_POINT('',(-0.,1.570796326795));
#2267 = VECTOR('',#2268,1.);
#2268 = DIRECTION('',(-1.,0.));
#2269 = ( GEOMETRIC_REPRESENTATION_CONTEXT(2)
PARAMETRIC_REPRESENTATION_CONTEXT() REPRESENTATION_CONTEXT('2D SPACE',''
  ) );
#2270 = ORIENTED_EDGE('',*,*,#2271,.F.);
#2271 = EDGE_CURVE('',#2272,#2243,#2274,.T.);
#2272 = VERTEX_POINT('',#2273);
#2273 = CARTESIAN_POINT('',(6.8,-3.276049450176,-5.551115123126E-17));
#2274 = SURFACE_CURVE('',#2275,(#2279,#2286),.PCURVE_S1.);
#2275 = LINE('',#2276,#2277);
#2276 = CARTESIAN_POINT('',(6.8,11.8,-1.110223024625E-16));
#2277 = VECTOR('',#2278,1.);
#2278 = DIRECTION('',(-0.,-1.,-0.));
#2279 = PCURVE('',#804,#2280);
#2280 = DEFINITIONAL_REPRESENTATION('',(#2281),#2285);
#2281 = LINE('',#2282,#2283);
#2282 = CARTESIAN_POINT('',(14.1,26.6));
#2283 = VECTOR('',#2284,1.);
#2284 = DIRECTION('',(-0.,-1.));
#2285 = ( GEOMETRIC_REPRESENTATION_CONTEXT(2)
PARAMETRIC_REPRESENTATION_CONTEXT() REPRESENTATION_CONTEXT('2D SPACE',''
  ) );
#2286 = PCURVE('',#2287,#2292);
#2287 = CYLINDRICAL_SURFACE('',#2288,0.5);
#2288 = AXIS2_PLACEMENT_3D('',#2289,#2290,#2291);
#2289 = CARTESIAN_POINT('',(6.8,11.8,0.5));
#2290 = DIRECTION('',(-0.,-1.,-0.));
#2291 = DIRECTION('',(1.,0.,-0.));
#2292 = DEFINITIONAL_REPRESENTATION('',(#2293),#2297);
#2293 = LINE('',#2294,#2295);
#2294 = CARTESIAN_POINT('',(-1.570796326795,0.));
#2295 = VECTOR('',#2296,1.);
#2296 = DIRECTION('',(-0.,1.));
#2297 = ( GEOMETRIC_REPRESENTATION_CONTEXT(2)
PARAMETRIC_REPRESENTATION_CONTEXT() REPRESENTATION_CONTEXT('2D SPACE',''
  ) );
#2298 = ORIENTED_EDGE('',*,*,#2299,.F.);
#2299 = EDGE_CURVE('',#2300,#2272,#2302,.T.);
#2300 = VERTEX_POINT('',#2301);
#2301 = CARTESIAN_POINT('',(6.8,3.276049450176,-5.551115123126E-17));
#2302 = SURFACE_CURVE('',#2303,(#2308,#2315),.PCURVE_S1.);
#2303 = CIRCLE('',#2304,3.35);
#2304 = AXIS2_PLACEMENT_3D('',#2305,#2306,#2307);
#2305 = CARTESIAN_POINT('',(7.5,0.,0.));
#2306 = DIRECTION('',(0.,0.,1.));
#2307 = DIRECTION('',(1.,0.,-0.));
#2308 = PCURVE('',#804,#2309);
#2309 = DEFINITIONAL_REPRESENTATION('',(#2310),#2314);
#2310 = CIRCLE('',#2311,3.35);
#2311 = AXIS2_PLACEMENT_2D('',#2312,#2313);
#2312 = CARTESIAN_POINT('',(14.8,14.8));
#2313 = DIRECTION('',(1.,0.));
#2314 = ( GEOMETRIC_REPRESENTATION_CONTEXT(2)
PARAMETRIC_REPRESENTATION_CONTEXT() REPRESENTATION_CONTEXT('2D SPACE',''
  ) );
#2315 = PCURVE('',#2316,#2321);
#2316 = TOROIDAL_SURFACE('',#2317,3.35,0.5);
#2317 = AXIS2_PLACEMENT_3D('',#2318,#2319,#2320);
#2318 = CARTESIAN_POINT('',(7.5,0.,0.5));
#2319 = DIRECTION('',(-0.,-0.,-1.));
#2320 = DIRECTION('',(1.,0.,-0.));
#2321 = DEFINITIONAL_REPRESENTATION('',(#2322),#2326);
#2322 = LINE('',#2323,#2324);
#2323 = CARTESIAN_POINT('',(-0.,1.570796326795));
#2324 = VECTOR('',#2325,1.);
#2325 = DIRECTION('',(-1.,0.));
#2326 = ( GEOMETRIC_REPRESENTATION_CONTEXT(2)
PARAMETRIC_REPRESENTATION_CONTEXT() REPRESENTATION_CONTEXT('2D SPACE',''
  ) );
#2327 = ORIENTED_EDGE('',*,*,#2328,.F.);
#2328 = EDGE_CURVE('',#2329,#2300,#2331,.T.);
#2329 = VERTEX_POINT('',#2330);
#2330 = CARTESIAN_POINT('',(6.8,11.723950549824,-5.551115123126E-17));
#2331 = SURFACE_CURVE('',#2332,(#2336,#2343),.PCURVE_S1.);
#2332 = LINE('',#2333,#2334);
#2333 = CARTESIAN_POINT('',(6.8,11.8,-1.110223024625E-16));
#2334 = VECTOR('',#2335,1.);
#2335 = DIRECTION('',(-0.,-1.,-0.));
#2336 = PCURVE('',#804,#2337);
#2337 = DEFINITIONAL_REPRESENTATION('',(#2338),#2342);
#2338 = LINE('',#2339,#2340);
#2339 = CARTESIAN_POINT('',(14.1,26.6));
#2340 = VECTOR('',#2341,1.);
#2341 = DIRECTION('',(-0.,-1.));
#2342 = ( GEOMETRIC_REPRESENTATION_CONTEXT(2)
PARAMETRIC_REPRESENTATION_CONTEXT() REPRESENTATION_CONTEXT('2D SPACE',''
  ) );
#2343 = PCURVE('',#2344,#2349);
#2344 = CYLINDRICAL_SURFACE('',#2345,0.5);
#2345 = AXIS2_PLACEMENT_3D('',#2346,#2347,#2348);
#2346 = CARTESIAN_POINT('',(6.8,11.8,0.5));
#2347 = DIRECTION('',(-0.,-1.,-0.));
#2348 = DIRECTION('',(1.,0.,-0.));
#2349 = DEFINITIONAL_REPRESENTATION('',(#2350),#2354);
#2350 = LINE('',#2351,#2352);
#2351 = CARTESIAN_POINT('',(-1.570796326795,0.));
#2352 = VECTOR('',#2353,1.);
#2353 = DIRECTION('',(-0.,1.));
#2354 = ( GEOMETRIC_REPRESENTATION_CONTEXT(2)
PARAMETRIC_REPRESENTATION_CONTEXT() REPRESENTATION_CONTEXT('2D SPACE',''
  ) );
#2355 = ORIENTED_EDGE('',*,*,#2356,.F.);
#2356 = EDGE_CURVE('',#2357,#2329,#2359,.T.);
#2357 = VERTEX_POINT('',#2358);
#2358 = CARTESIAN_POINT('',(4.223950549824,14.3,-5.551115123126E-17));
#2359 = SURFACE_CURVE('',#2360,(#2365,#2372),.PCURVE_S1.);
#2360 = CIRCLE('',#2361,3.35);
#2361 = AXIS2_PLACEMENT_3D('',#2362,#2363,#2364);
#2362 = CARTESIAN_POINT('',(7.5,15.,0.));
#2363 = DIRECTION('',(0.,0.,1.));
#2364 = DIRECTION('',(1.,0.,-0.));
#2365 = PCURVE('',#804,#2366);
#2366 = DEFINITIONAL_REPRESENTATION('',(#2367),#2371);
#2367 = CIRCLE('',#2368,3.35);
#2368 = AXIS2_PLACEMENT_2D('',#2369,#2370);
#2369 = CARTESIAN_POINT('',(14.8,29.8));
#2370 = DIRECTION('',(1.,0.));
#2371 = ( GEOMETRIC_REPRESENTATION_CONTEXT(2)
PARAMETRIC_REPRESENTATION_CONTEXT() REPRESENTATION_CONTEXT('2D SPACE',''
  ) );
#2372 = PCURVE('',#2373,#2378);
#2373 = TOROIDAL_SURFACE('',#2374,3.35,0.5);
#2374 = AXIS2_PLACEMENT_3D('',#2375,#2376,#2377);
#2375 = CARTESIAN_POINT('',(7.5,15.,0.5));
#2376 = DIRECTION('',(-0.,-0.,-1.));
#2377 = DIRECTION('',(1.,0.,-0.));
#2378 = DEFINITIONAL_REPRESENTATION('',(#2379),#2383);
#2379 = LINE('',#2380,#2381);
#2380 = CARTESIAN_POINT('',(-0.,1.570796326795));
#2381 = VECTOR('',#2382,1.);
#2382 = DIRECTION('',(-1.,0.));
#2383 = ( GEOMETRIC_REPRESENTATION_CONTEXT(2)
PARAMETRIC_REPRESENTATION_CONTEXT() REPRESENTATION_CONTEXT('2D SPACE',''
  ) );
#2384 = ORIENTED_EDGE('',*,*,#2385,.F.);
#2385 = EDGE_CURVE('',#2129,#2357,#2386,.T.);
#2386 = SURFACE_CURVE('',#2387,(#2391,#2398),.PCURVE_S1.);
#2387 = LINE('',#2388,#2389);
#2388 = CARTESIAN_POINT('',(-4.3,14.3,-1.110223024625E-16));
#2389 = VECTOR('',#2390,1.);
#2390 = DIRECTION('',(1.,0.,0.));
#2391 = PCURVE('',#804,#2392);
#2392 = DEFINITIONAL_REPRESENTATION('',(#2393),#2397);
#2393 = LINE('',#2394,#2395);
#2394 = CARTESIAN_POINT('',(3.,29.1));
#2395 = VECTOR('',#2396,1.);
#2396 = DIRECTION('',(1.,0.));
#2397 = ( GEOMETRIC_REPRESENTATION_CONTEXT(2)
PARAMETRIC_REPRESENTATION_CONTEXT() REPRESENTATION_CONTEXT('2D SPACE',''
  ) );
#2398 = PCURVE('',#1931,#2399);
#2399 = DEFINITIONAL_REPRESENTATION('',(#2400),#2404);
#2400 = LINE('',#2401,#2402);
#2401 = CARTESIAN_POINT('',(-1.570796326795,0.));
#2402 = VECTOR('',#2403,1.);
#2403 = DIRECTION('',(-0.,1.));
#2404 = ( GEOMETRIC_REPRESENTATION_CONTEXT(2)
PARAMETRIC_REPRESENTATION_CONTEXT() REPRESENTATION_CONTEXT('2D SPACE',''
  ) );
#2405 = ORIENTED_EDGE('',*,*,#2128,.F.);
#2406 = ORIENTED_EDGE('',*,*,#788,.F.);
#2407 = ORIENTED_EDGE('',*,*,#2408,.F.);
#2408 = EDGE_CURVE('',#1003,#704,#2409,.T.);
#2409 = SURFACE_CURVE('',#2410,(#2415,#2422),.PCURVE_S1.);
#2410 = CIRCLE('',#2411,3.35);
#2411 = AXIS2_PLACEMENT_3D('',#2412,#2413,#2414);
#2412 = CARTESIAN_POINT('',(-7.5,0.,0.));
#2413 = DIRECTION('',(-4.237045877652E-33,-1.69445400857E-17,1.));
#2414 = DIRECTION('',(0.208955223881,-0.977925209008,-1.657049290485E-17
    ));
#2415 = PCURVE('',#804,#2416);
#2416 = DEFINITIONAL_REPRESENTATION('',(#2417),#2421);
#2417 = CIRCLE('',#2418,3.35);
#2418 = AXIS2_PLACEMENT_2D('',#2419,#2420);
#2419 = CARTESIAN_POINT('',(-0.2,14.8));
#2420 = DIRECTION('',(0.208955223881,-0.977925209008));
#2421 = ( GEOMETRIC_REPRESENTATION_CONTEXT(2)
PARAMETRIC_REPRESENTATION_CONTEXT() REPRESENTATION_CONTEXT('2D SPACE',''
  ) );
#2422 = PCURVE('',#757,#2423);
#2423 = DEFINITIONAL_REPRESENTATION('',(#2424),#2428);
#2424 = LINE('',#2425,#2426);
#2425 = CARTESIAN_POINT('',(-4.922895458028,1.570796326795));
#2426 = VECTOR('',#2427,1.);
#2427 = DIRECTION('',(-1.,0.));
#2428 = ( GEOMETRIC_REPRESENTATION_CONTEXT(2)
PARAMETRIC_REPRESENTATION_CONTEXT() REPRESENTATION_CONTEXT('2D SPACE',''
  ) );
#2429 = ADVANCED_FACE('',(#2430),#757,.T.);
#2430 = FACE_BOUND('',#2431,.F.);
#2431 = EDGE_LOOP('',(#2432,#2433,#2434,#2435));
#2432 = ORIENTED_EDGE('',*,*,#905,.T.);
#2433 = ORIENTED_EDGE('',*,*,#1025,.T.);
#2434 = ORIENTED_EDGE('',*,*,#2408,.T.);
#2435 = ORIENTED_EDGE('',*,*,#703,.F.);
#2436 = ADVANCED_FACE('',(#2437),#985,.T.);
#2437 = FACE_BOUND('',#2438,.F.);
#2438 = EDGE_LOOP('',(#2439,#2475,#2476,#2477,#2478,#2479));
#2439 = ORIENTED_EDGE('',*,*,#2440,.T.);
#2440 = EDGE_CURVE('',#1246,#2196,#2441,.T.);
#2441 = SURFACE_CURVE('',#2442,(#2451,#2463),.PCURVE_S1.);
#2442 = B_SPLINE_CURVE_WITH_KNOTS('',4,(#2443,#2444,#2445,#2446,#2447,
    #2448,#2449,#2450),.UNSPECIFIED.,.F.,.F.,(5,3,5),(0.,0.291122702268,
    1.),.UNSPECIFIED.);
#2443 = CARTESIAN_POINT('',(-4.3000006,-14.39292525283,
    8.710983853233E-03));
#2444 = CARTESIAN_POINT('',(-4.294465755582,-14.38624166845,
    7.44681182641E-03));
#2445 = CARTESIAN_POINT('',(-4.288925432799,-14.37953605485,
    6.304043421725E-03));
#2446 = CARTESIAN_POINT('',(-4.283382041776,-14.37281125425,
    5.283140428565E-03));
#2447 = CARTESIAN_POINT('',(-4.2643382834,-14.3496557542,
    2.196296654486E-03));
#2448 = CARTESIAN_POINT('',(-4.250834552851,-14.33314474189,
    7.329455525503E-04));
#2449 = CARTESIAN_POINT('',(-4.237361046076,-14.31657864545,
    -2.245810569413E-09));
#2450 = CARTESIAN_POINT('',(-4.223950548329,-14.30000000699,0.));
#2451 = PCURVE('',#985,#2452);
#2452 = DEFINITIONAL_REPRESENTATION('',(#2453),#2462);
#2453 = B_SPLINE_CURVE_WITH_KNOTS('',4,(#2454,#2455,#2456,#2457,#2458,
    #2459,#2460,#2461),.UNSPECIFIED.,.F.,.F.,(5,3,5),(0.,0.291122702268,
    1.),.UNSPECIFIED.);
#2454 = CARTESIAN_POINT('',(-0.187482893506,1.75773372188));
#2455 = CARTESIAN_POINT('',(-0.189182223369,1.744129541418));
#2456 = CARTESIAN_POINT('',(-0.190878597903,1.730527156391));
#2457 = CARTESIAN_POINT('',(-0.192571247663,1.716925711391));
#2458 = CARTESIAN_POINT('',(-0.198370323563,1.670205018466));
#2459 = CARTESIAN_POINT('',(-0.202454987759,1.637085810987));
#2460 = CARTESIAN_POINT('',(-0.206503347594,1.603953634919));
#2461 = CARTESIAN_POINT('',(-0.210506475508,1.570796326795));
#2462 = ( GEOMETRIC_REPRESENTATION_CONTEXT(2)
PARAMETRIC_REPRESENTATION_CONTEXT() REPRESENTATION_CONTEXT('2D SPACE',''
  ) );
#2463 = PCURVE('',#1230,#2464);
#2464 = DEFINITIONAL_REPRESENTATION('',(#2465),#2474);
#2465 = B_SPLINE_CURVE_WITH_KNOTS('',4,(#2466,#2467,#2468,#2469,#2470,
    #2471,#2472,#2473),.UNSPECIFIED.,.F.,.F.,(5,3,5),(0.,0.291122702268,
    1.),.UNSPECIFIED.);
#2466 = CARTESIAN_POINT('',(-1.383858949333,8.6000006));
#2467 = CARTESIAN_POINT('',(-1.397463129713,8.594465755582));
#2468 = CARTESIAN_POINT('',(-1.411065475238,8.588925432799));
#2469 = CARTESIAN_POINT('',(-1.424666942199,8.583382041776));
#2470 = CARTESIAN_POINT('',(-1.471387635124,8.5643382834));
#2471 = CARTESIAN_POINT('',(-1.504506831029,8.550834552851));
#2472 = CARTESIAN_POINT('',(-1.537639039552,8.537361046076));
#2473 = CARTESIAN_POINT('',(-1.570796312807,8.523950548329));
#2474 = ( GEOMETRIC_REPRESENTATION_CONTEXT(2)
PARAMETRIC_REPRESENTATION_CONTEXT() REPRESENTATION_CONTEXT('2D SPACE',''
  ) );
#2475 = ORIENTED_EDGE('',*,*,#2195,.T.);
#2476 = ORIENTED_EDGE('',*,*,#959,.F.);
#2477 = ORIENTED_EDGE('',*,*,#1388,.T.);
#2478 = ORIENTED_EDGE('',*,*,#1335,.F.);
#2479 = ORIENTED_EDGE('',*,*,#1268,.T.);
#2480 = ADVANCED_FACE('',(#2481),#1122,.T.);
#2481 = FACE_BOUND('',#2482,.T.);
#2482 = EDGE_LOOP('',(#2483,#2503,#2504,#2505));
#2483 = ORIENTED_EDGE('',*,*,#2484,.T.);
#2484 = EDGE_CURVE('',#1166,#1444,#2485,.T.);
#2485 = SURFACE_CURVE('',#2486,(#2491,#2497),.PCURVE_S1.);
#2486 = CIRCLE('',#2487,0.35);
#2487 = AXIS2_PLACEMENT_3D('',#2488,#2489,#2490);
#2488 = CARTESIAN_POINT('',(4.3,-14.45,5.15));
#2489 = DIRECTION('',(-1.,-6.123233995737E-17,0.));
#2490 = DIRECTION('',(6.123233995737E-17,-1.,-0.));
#2491 = PCURVE('',#1122,#2492);
#2492 = DEFINITIONAL_REPRESENTATION('',(#2493),#2496);
#2493 = B_SPLINE_CURVE_WITH_KNOTS('',1,(#2494,#2495),.UNSPECIFIED.,.F.,
  .F.,(2,2),(0.,1.570796326795),.PIECEWISE_BEZIER_KNOTS.);
#2494 = CARTESIAN_POINT('',(0.,0.));
#2495 = CARTESIAN_POINT('',(1.570796326795,0.));
#2496 = ( GEOMETRIC_REPRESENTATION_CONTEXT(2)
PARAMETRIC_REPRESENTATION_CONTEXT() REPRESENTATION_CONTEXT('2D SPACE',''
  ) );
#2497 = PCURVE('',#1487,#2498);
#2498 = DEFINITIONAL_REPRESENTATION('',(#2499),#2502);
#2499 = B_SPLINE_CURVE_WITH_KNOTS('',1,(#2500,#2501),.UNSPECIFIED.,.F.,
  .F.,(2,2),(0.,1.570796326795),.PIECEWISE_BEZIER_KNOTS.);
#2500 = CARTESIAN_POINT('',(-1.570796326795,0.));
#2501 = CARTESIAN_POINT('',(-1.570796326795,1.570796326795));
#2502 = ( GEOMETRIC_REPRESENTATION_CONTEXT(2)
PARAMETRIC_REPRESENTATION_CONTEXT() REPRESENTATION_CONTEXT('2D SPACE',''
  ) );
#2503 = ORIENTED_EDGE('',*,*,#1443,.T.);
#2504 = ORIENTED_EDGE('',*,*,#1106,.F.);
#2505 = ORIENTED_EDGE('',*,*,#1165,.F.);
#2506 = ADVANCED_FACE('',(#2507),#1230,.T.);
#2507 = FACE_BOUND('',#2508,.F.);
#2508 = EDGE_LOOP('',(#2509,#2510,#2537,#2573,#2574,#2575));
#2509 = ORIENTED_EDGE('',*,*,#1216,.F.);
#2510 = ORIENTED_EDGE('',*,*,#2511,.T.);
#2511 = EDGE_CURVE('',#1189,#2512,#2514,.T.);
#2512 = VERTEX_POINT('',#2513);
#2513 = CARTESIAN_POINT('',(4.3,-14.3929245283,8.710846812316E-03));
#2514 = SURFACE_CURVE('',#2515,(#2520,#2526),.PCURVE_S1.);
#2515 = CIRCLE('',#2516,0.5);
#2516 = AXIS2_PLACEMENT_3D('',#2517,#2518,#2519);
#2517 = CARTESIAN_POINT('',(4.3,-14.3,0.5));
#2518 = DIRECTION('',(1.,6.123233995737E-17,0.));
#2519 = DIRECTION('',(6.123233995737E-17,-1.,0.));
#2520 = PCURVE('',#1230,#2521);
#2521 = DEFINITIONAL_REPRESENTATION('',(#2522),#2525);
#2522 = B_SPLINE_CURVE_WITH_KNOTS('',1,(#2523,#2524),.UNSPECIFIED.,.F.,
  .F.,(2,2),(0.,1.570796326795),.PIECEWISE_BEZIER_KNOTS.);
#2523 = CARTESIAN_POINT('',(0.,0.));
#2524 = CARTESIAN_POINT('',(-1.570796326795,0.));
#2525 = ( GEOMETRIC_REPRESENTATION_CONTEXT(2)
PARAMETRIC_REPRESENTATION_CONTEXT() REPRESENTATION_CONTEXT('2D SPACE',''
  ) );
#2526 = PCURVE('',#2527,#2532);
#2527 = TOROIDAL_SURFACE('',#2528,2.5,0.5);
#2528 = AXIS2_PLACEMENT_3D('',#2529,#2530,#2531);
#2529 = CARTESIAN_POINT('',(4.3,-11.8,0.5));
#2530 = DIRECTION('',(-0.,-0.,-1.));
#2531 = DIRECTION('',(1.,0.,-0.));
#2532 = DEFINITIONAL_REPRESENTATION('',(#2533),#2536);
#2533 = B_SPLINE_CURVE_WITH_KNOTS('',1,(#2534,#2535),.UNSPECIFIED.,.F.,
  .F.,(2,2),(0.,1.570796326795),.PIECEWISE_BEZIER_KNOTS.);
#2534 = CARTESIAN_POINT('',(1.570796326795,0.));
#2535 = CARTESIAN_POINT('',(1.570796326795,1.570796326795));
#2536 = ( GEOMETRIC_REPRESENTATION_CONTEXT(2)
PARAMETRIC_REPRESENTATION_CONTEXT() REPRESENTATION_CONTEXT('2D SPACE',''
  ) );
#2537 = ORIENTED_EDGE('',*,*,#2538,.T.);
#2538 = EDGE_CURVE('',#2512,#2220,#2539,.T.);
#2539 = SURFACE_CURVE('',#2540,(#2549,#2561),.PCURVE_S1.);
#2540 = B_SPLINE_CURVE_WITH_KNOTS('',4,(#2541,#2542,#2543,#2544,#2545,
    #2546,#2547,#2548),.UNSPECIFIED.,.F.,.F.,(5,3,5),(0.,0.291122685765,
    1.),.UNSPECIFIED.);
#2541 = CARTESIAN_POINT('',(4.3000006,-14.39292525283,8.710983853234E-03
    ));
#2542 = CARTESIAN_POINT('',(4.294465755582,-14.38624166845,
    7.446811826346E-03));
#2543 = CARTESIAN_POINT('',(4.288925432798,-14.37953605485,
    6.304043421608E-03));
#2544 = CARTESIAN_POINT('',(4.283382041775,-14.37281125425,
    5.283140428409E-03));
#2545 = CARTESIAN_POINT('',(4.264338282319,-14.34965575289,
    2.196296479254E-03));
#2546 = CARTESIAN_POINT('',(4.250834556283,-14.33314473409,
    7.329453224175E-04));
#2547 = CARTESIAN_POINT('',(4.237361032827,-14.31657865086,
    -2.421233035463E-09));
#2548 = CARTESIAN_POINT('',(4.223950550795,-14.29999999545,0.));
#2549 = PCURVE('',#1230,#2550);
#2550 = DEFINITIONAL_REPRESENTATION('',(#2551),#2560);
#2551 = B_SPLINE_CURVE_WITH_KNOTS('',4,(#2552,#2553,#2554,#2555,#2556,
    #2557,#2558,#2559),.UNSPECIFIED.,.F.,.F.,(5,3,5),(0.,0.291122685765,
    1.),.UNSPECIFIED.);
#2552 = CARTESIAN_POINT('',(-1.383858949333,-6.E-07));
#2553 = CARTESIAN_POINT('',(-1.397463129714,5.534244418019E-03));
#2554 = CARTESIAN_POINT('',(-1.411065475239,1.107456720194E-02));
#2555 = CARTESIAN_POINT('',(-1.424666942201,1.661795822492E-02));
#2556 = CARTESIAN_POINT('',(-1.471387637777,3.566171768135E-02));
#2557 = CARTESIAN_POINT('',(-1.504506846636,4.916544371696E-02));
#2558 = CARTESIAN_POINT('',(-1.53763902872,6.263896717301E-02));
#2559 = CARTESIAN_POINT('',(-1.570796335882,7.604944920546E-02));
#2560 = ( GEOMETRIC_REPRESENTATION_CONTEXT(2)
PARAMETRIC_REPRESENTATION_CONTEXT() REPRESENTATION_CONTEXT('2D SPACE',''
  ) );
#2561 = PCURVE('',#2259,#2562);
#2562 = DEFINITIONAL_REPRESENTATION('',(#2563),#2572);
#2563 = B_SPLINE_CURVE_WITH_KNOTS('',4,(#2564,#2565,#2566,#2567,#2568,
    #2569,#2570,#2571),.UNSPECIFIED.,.F.,.F.,(5,3,5),(0.,0.291122685765,
    1.),.UNSPECIFIED.);
#2564 = CARTESIAN_POINT('',(-2.954109760084,1.75773372188));
#2565 = CARTESIAN_POINT('',(-2.952410430221,1.744129541417));
#2566 = CARTESIAN_POINT('',(-2.950714055686,1.730527156389));
#2567 = CARTESIAN_POINT('',(-2.949021405926,1.716925711389));
#2568 = CARTESIAN_POINT('',(-2.943222329698,1.670205015813));
#2569 = CARTESIAN_POINT('',(-2.939137663324,1.637085814472));
#2570 = CARTESIAN_POINT('',(-2.935089308391,1.603953611305));
#2571 = CARTESIAN_POINT('',(-2.93108617456,1.570796326795));
#2572 = ( GEOMETRIC_REPRESENTATION_CONTEXT(2)
PARAMETRIC_REPRESENTATION_CONTEXT() REPRESENTATION_CONTEXT('2D SPACE',''
  ) );
#2573 = ORIENTED_EDGE('',*,*,#2219,.T.);
#2574 = ORIENTED_EDGE('',*,*,#2440,.F.);
#2575 = ORIENTED_EDGE('',*,*,#1245,.F.);
#2576 = ADVANCED_FACE('',(#2577),#1204,.T.);
#2577 = FACE_BOUND('',#2578,.F.);
#2578 = EDGE_LOOP('',(#2579,#2609,#2638,#2664,#2693,#2714,#2736,#2737));
#2579 = ORIENTED_EDGE('',*,*,#2580,.F.);
#2580 = EDGE_CURVE('',#2581,#2583,#2585,.T.);
#2581 = VERTEX_POINT('',#2582);
#2582 = CARTESIAN_POINT('',(7.3,-11.8,0.5));
#2583 = VERTEX_POINT('',#2584);
#2584 = CARTESIAN_POINT('',(7.3,-11.8,5.15));
#2585 = SURFACE_CURVE('',#2586,(#2590,#2597),.PCURVE_S1.);
#2586 = LINE('',#2587,#2588);
#2587 = CARTESIAN_POINT('',(7.3,-11.8,0.));
#2588 = VECTOR('',#2589,1.);
#2589 = DIRECTION('',(0.,0.,1.));
#2590 = PCURVE('',#1204,#2591);
#2591 = DEFINITIONAL_REPRESENTATION('',(#2592),#2596);
#2592 = LINE('',#2593,#2594);
#2593 = CARTESIAN_POINT('',(-0.,0.));
#2594 = VECTOR('',#2595,1.);
#2595 = DIRECTION('',(-0.,1.));
#2596 = ( GEOMETRIC_REPRESENTATION_CONTEXT(2)
PARAMETRIC_REPRESENTATION_CONTEXT() REPRESENTATION_CONTEXT('2D SPACE',''
  ) );
#2597 = PCURVE('',#2598,#2603);
#2598 = PLANE('',#2599);
#2599 = AXIS2_PLACEMENT_3D('',#2600,#2601,#2602);
#2600 = CARTESIAN_POINT('',(7.3,-14.8,0.));
#2601 = DIRECTION('',(1.,0.,0.));
#2602 = DIRECTION('',(0.,0.,1.));
#2603 = DEFINITIONAL_REPRESENTATION('',(#2604),#2608);
#2604 = LINE('',#2605,#2606);
#2605 = CARTESIAN_POINT('',(0.,-3.));
#2606 = VECTOR('',#2607,1.);
#2607 = DIRECTION('',(1.,0.));
#2608 = ( GEOMETRIC_REPRESENTATION_CONTEXT(2)
PARAMETRIC_REPRESENTATION_CONTEXT() REPRESENTATION_CONTEXT('2D SPACE',''
  ) );
#2609 = ORIENTED_EDGE('',*,*,#2610,.T.);
#2610 = EDGE_CURVE('',#2581,#2611,#2613,.T.);
#2611 = VERTEX_POINT('',#2612);
#2612 = CARTESIAN_POINT('',(7.278487989169,-12.15862138583,0.5));
#2613 = SURFACE_CURVE('',#2614,(#2619,#2626),.PCURVE_S1.);
#2614 = CIRCLE('',#2615,3.);
#2615 = AXIS2_PLACEMENT_3D('',#2616,#2617,#2618);
#2616 = CARTESIAN_POINT('',(4.3,-11.8,0.5));
#2617 = DIRECTION('',(0.,-0.,-1.));
#2618 = DIRECTION('',(1.,0.,-0.));
#2619 = PCURVE('',#1204,#2620);
#2620 = DEFINITIONAL_REPRESENTATION('',(#2621),#2625);
#2621 = LINE('',#2622,#2623);
#2622 = CARTESIAN_POINT('',(-0.,0.5));
#2623 = VECTOR('',#2624,1.);
#2624 = DIRECTION('',(-1.,0.));
#2625 = ( GEOMETRIC_REPRESENTATION_CONTEXT(2)
PARAMETRIC_REPRESENTATION_CONTEXT() REPRESENTATION_CONTEXT('2D SPACE',''
  ) );
#2626 = PCURVE('',#2627,#2632);
#2627 = TOROIDAL_SURFACE('',#2628,2.5,0.5);
#2628 = AXIS2_PLACEMENT_3D('',#2629,#2630,#2631);
#2629 = CARTESIAN_POINT('',(4.3,-11.8,0.5));
#2630 = DIRECTION('',(-0.,-0.,-1.));
#2631 = DIRECTION('',(1.,0.,-0.));
#2632 = DEFINITIONAL_REPRESENTATION('',(#2633),#2637);
#2633 = LINE('',#2634,#2635);
#2634 = CARTESIAN_POINT('',(0.,0.));
#2635 = VECTOR('',#2636,1.);
#2636 = DIRECTION('',(1.,0.));
#2637 = ( GEOMETRIC_REPRESENTATION_CONTEXT(2)
PARAMETRIC_REPRESENTATION_CONTEXT() REPRESENTATION_CONTEXT('2D SPACE',''
  ) );
#2638 = ORIENTED_EDGE('',*,*,#2639,.T.);
#2639 = EDGE_CURVE('',#2611,#2640,#2642,.T.);
#2640 = VERTEX_POINT('',#2641);
#2641 = CARTESIAN_POINT('',(7.278487989169,-12.15862138583,3.2));
#2642 = SURFACE_CURVE('',#2643,(#2647,#2653),.PCURVE_S1.);
#2643 = LINE('',#2644,#2645);
#2644 = CARTESIAN_POINT('',(7.278487989169,-12.15862138583,0.));
#2645 = VECTOR('',#2646,1.);
#2646 = DIRECTION('',(0.,0.,1.));
#2647 = PCURVE('',#1204,#2648);
#2648 = DEFINITIONAL_REPRESENTATION('',(#2649),#2652);
#2649 = B_SPLINE_CURVE_WITH_KNOTS('',1,(#2650,#2651),.UNSPECIFIED.,.F.,
  .F.,(2,2),(0.4999994,3.2000006),.PIECEWISE_BEZIER_KNOTS.);
#2650 = CARTESIAN_POINT('',(-0.119827012428,0.4999994));
#2651 = CARTESIAN_POINT('',(-0.119827012428,3.2000006));
#2652 = ( GEOMETRIC_REPRESENTATION_CONTEXT(2)
PARAMETRIC_REPRESENTATION_CONTEXT() REPRESENTATION_CONTEXT('2D SPACE',''
  ) );
#2653 = PCURVE('',#2654,#2659);
#2654 = CYLINDRICAL_SURFACE('',#2655,2.85);
#2655 = AXIS2_PLACEMENT_3D('',#2656,#2657,#2658);
#2656 = CARTESIAN_POINT('',(7.5,-15.,0.5));
#2657 = DIRECTION('',(0.,0.,1.));
#2658 = DIRECTION('',(1.,0.,-0.));
#2659 = DEFINITIONAL_REPRESENTATION('',(#2660),#2663);
#2660 = B_SPLINE_CURVE_WITH_KNOTS('',1,(#2661,#2662),.UNSPECIFIED.,.F.,
  .F.,(2,2),(0.4999994,3.2000006),.PIECEWISE_BEZIER_KNOTS.);
#2661 = CARTESIAN_POINT('',(1.648598306766,-6.000000000728E-07));
#2662 = CARTESIAN_POINT('',(1.648598306766,2.7000006));
#2663 = ( GEOMETRIC_REPRESENTATION_CONTEXT(2)
PARAMETRIC_REPRESENTATION_CONTEXT() REPRESENTATION_CONTEXT('2D SPACE',''
  ) );
#2664 = ORIENTED_EDGE('',*,*,#2665,.F.);
#2665 = EDGE_CURVE('',#2666,#2640,#2668,.T.);
#2666 = VERTEX_POINT('',#2667);
#2667 = CARTESIAN_POINT('',(4.658621385831,-14.77848798916,3.2));
#2668 = SURFACE_CURVE('',#2669,(#2674,#2681),.PCURVE_S1.);
#2669 = CIRCLE('',#2670,3.);
#2670 = AXIS2_PLACEMENT_3D('',#2671,#2672,#2673);
#2671 = CARTESIAN_POINT('',(4.3,-11.8,3.2));
#2672 = DIRECTION('',(0.,0.,1.));
#2673 = DIRECTION('',(1.,0.,-0.));
#2674 = PCURVE('',#1204,#2675);
#2675 = DEFINITIONAL_REPRESENTATION('',(#2676),#2680);
#2676 = LINE('',#2677,#2678);
#2677 = CARTESIAN_POINT('',(-6.28318530718,3.2));
#2678 = VECTOR('',#2679,1.);
#2679 = DIRECTION('',(1.,-0.));
#2680 = ( GEOMETRIC_REPRESENTATION_CONTEXT(2)
PARAMETRIC_REPRESENTATION_CONTEXT() REPRESENTATION_CONTEXT('2D SPACE',''
  ) );
#2681 = PCURVE('',#2682,#2687);
#2682 = PLANE('',#2683);
#2683 = AXIS2_PLACEMENT_3D('',#2684,#2685,#2686);
#2684 = CARTESIAN_POINT('',(7.5,-15.,3.2));
#2685 = DIRECTION('',(0.,0.,1.));
#2686 = DIRECTION('',(1.,0.,-0.));
#2687 = DEFINITIONAL_REPRESENTATION('',(#2688),#2692);
#2688 = CIRCLE('',#2689,3.);
#2689 = AXIS2_PLACEMENT_2D('',#2690,#2691);
#2690 = CARTESIAN_POINT('',(-3.2,3.2));
#2691 = DIRECTION('',(1.,0.));
#2692 = ( GEOMETRIC_REPRESENTATION_CONTEXT(2)
PARAMETRIC_REPRESENTATION_CONTEXT() REPRESENTATION_CONTEXT('2D SPACE',''
  ) );
#2693 = ORIENTED_EDGE('',*,*,#2694,.F.);
#2694 = EDGE_CURVE('',#2695,#2666,#2697,.T.);
#2695 = VERTEX_POINT('',#2696);
#2696 = CARTESIAN_POINT('',(4.658621385831,-14.77848798916,0.5));
#2697 = SURFACE_CURVE('',#2698,(#2702,#2708),.PCURVE_S1.);
#2698 = LINE('',#2699,#2700);
#2699 = CARTESIAN_POINT('',(4.658621385831,-14.77848798916,0.));
#2700 = VECTOR('',#2701,1.);
#2701 = DIRECTION('',(0.,0.,1.));
#2702 = PCURVE('',#1204,#2703);
#2703 = DEFINITIONAL_REPRESENTATION('',(#2704),#2707);
#2704 = B_SPLINE_CURVE_WITH_KNOTS('',1,(#2705,#2706),.UNSPECIFIED.,.F.,
  .F.,(2,2),(0.4999994,3.2000006),.PIECEWISE_BEZIER_KNOTS.);
#2705 = CARTESIAN_POINT('',(-1.450969314366,0.4999994));
#2706 = CARTESIAN_POINT('',(-1.450969314366,3.2000006));
#2707 = ( GEOMETRIC_REPRESENTATION_CONTEXT(2)
PARAMETRIC_REPRESENTATION_CONTEXT() REPRESENTATION_CONTEXT('2D SPACE',''
  ) );
#2708 = PCURVE('',#2654,#2709);
#2709 = DEFINITIONAL_REPRESENTATION('',(#2710),#2713);
#2710 = B_SPLINE_CURVE_WITH_KNOTS('',1,(#2711,#2712),.UNSPECIFIED.,.F.,
  .F.,(2,2),(0.4999994,3.2000006),.PIECEWISE_BEZIER_KNOTS.);
#2711 = CARTESIAN_POINT('',(3.063790673619,-6.000000000728E-07));
#2712 = CARTESIAN_POINT('',(3.063790673619,2.7000006));
#2713 = ( GEOMETRIC_REPRESENTATION_CONTEXT(2)
PARAMETRIC_REPRESENTATION_CONTEXT() REPRESENTATION_CONTEXT('2D SPACE',''
  ) );
#2714 = ORIENTED_EDGE('',*,*,#2715,.T.);
#2715 = EDGE_CURVE('',#2695,#1189,#2716,.T.);
#2716 = SURFACE_CURVE('',#2717,(#2722,#2729),.PCURVE_S1.);
#2717 = CIRCLE('',#2718,3.);
#2718 = AXIS2_PLACEMENT_3D('',#2719,#2720,#2721);
#2719 = CARTESIAN_POINT('',(4.3,-11.8,0.5));
#2720 = DIRECTION('',(0.,-0.,-1.));
#2721 = DIRECTION('',(1.,0.,-0.));
#2722 = PCURVE('',#1204,#2723);
#2723 = DEFINITIONAL_REPRESENTATION('',(#2724),#2728);
#2724 = LINE('',#2725,#2726);
#2725 = CARTESIAN_POINT('',(-0.,0.5));
#2726 = VECTOR('',#2727,1.);
#2727 = DIRECTION('',(-1.,0.));
#2728 = ( GEOMETRIC_REPRESENTATION_CONTEXT(2)
PARAMETRIC_REPRESENTATION_CONTEXT() REPRESENTATION_CONTEXT('2D SPACE',''
  ) );
#2729 = PCURVE('',#2527,#2730);
#2730 = DEFINITIONAL_REPRESENTATION('',(#2731),#2735);
#2731 = LINE('',#2732,#2733);
#2732 = CARTESIAN_POINT('',(0.,0.));
#2733 = VECTOR('',#2734,1.);
#2734 = DIRECTION('',(1.,0.));
#2735 = ( GEOMETRIC_REPRESENTATION_CONTEXT(2)
PARAMETRIC_REPRESENTATION_CONTEXT() REPRESENTATION_CONTEXT('2D SPACE',''
  ) );
#2736 = ORIENTED_EDGE('',*,*,#1188,.T.);
#2737 = ORIENTED_EDGE('',*,*,#2738,.F.);
#2738 = EDGE_CURVE('',#2583,#1166,#2739,.T.);
#2739 = SURFACE_CURVE('',#2740,(#2745,#2752),.PCURVE_S1.);
#2740 = CIRCLE('',#2741,3.);
#2741 = AXIS2_PLACEMENT_3D('',#2742,#2743,#2744);
#2742 = CARTESIAN_POINT('',(4.3,-11.8,5.15));
#2743 = DIRECTION('',(0.,-0.,-1.));
#2744 = DIRECTION('',(1.,0.,-0.));
#2745 = PCURVE('',#1204,#2746);
#2746 = DEFINITIONAL_REPRESENTATION('',(#2747),#2751);
#2747 = LINE('',#2748,#2749);
#2748 = CARTESIAN_POINT('',(-0.,5.15));
#2749 = VECTOR('',#2750,1.);
#2750 = DIRECTION('',(-1.,0.));
#2751 = ( GEOMETRIC_REPRESENTATION_CONTEXT(2)
PARAMETRIC_REPRESENTATION_CONTEXT() REPRESENTATION_CONTEXT('2D SPACE',''
  ) );
#2752 = PCURVE('',#1487,#2753);
#2753 = DEFINITIONAL_REPRESENTATION('',(#2754),#2758);
#2754 = LINE('',#2755,#2756);
#2755 = CARTESIAN_POINT('',(-0.,0.));
#2756 = VECTOR('',#2757,1.);
#2757 = DIRECTION('',(-1.,0.));
#2758 = ( GEOMETRIC_REPRESENTATION_CONTEXT(2)
PARAMETRIC_REPRESENTATION_CONTEXT() REPRESENTATION_CONTEXT('2D SPACE',''
  ) );
#2759 = ADVANCED_FACE('',(#2760),#1576,.T.);
#2760 = FACE_BOUND('',#2761,.T.);
#2761 = EDGE_LOOP('',(#2762,#2763,#2764,#2784));
#2762 = ORIENTED_EDGE('',*,*,#1841,.T.);
#2763 = ORIENTED_EDGE('',*,*,#1560,.T.);
#2764 = ORIENTED_EDGE('',*,*,#2765,.F.);
#2765 = EDGE_CURVE('',#1867,#1528,#2766,.T.);
#2766 = SURFACE_CURVE('',#2767,(#2772,#2778),.PCURVE_S1.);
#2767 = CIRCLE('',#2768,0.35);
#2768 = AXIS2_PLACEMENT_3D('',#2769,#2770,#2771);
#2769 = CARTESIAN_POINT('',(4.3,14.45,5.15));
#2770 = DIRECTION('',(1.,0.,0.));
#2771 = DIRECTION('',(-0.,1.,0.));
#2772 = PCURVE('',#1576,#2773);
#2773 = DEFINITIONAL_REPRESENTATION('',(#2774),#2777);
#2774 = B_SPLINE_CURVE_WITH_KNOTS('',1,(#2775,#2776),.UNSPECIFIED.,.F.,
  .F.,(2,2),(0.,1.570796326795),.PIECEWISE_BEZIER_KNOTS.);
#2775 = CARTESIAN_POINT('',(0.,8.6));
#2776 = CARTESIAN_POINT('',(1.570796326795,8.6));
#2777 = ( GEOMETRIC_REPRESENTATION_CONTEXT(2)
PARAMETRIC_REPRESENTATION_CONTEXT() REPRESENTATION_CONTEXT('2D SPACE',''
  ) );
#2778 = PCURVE('',#1548,#2779);
#2779 = DEFINITIONAL_REPRESENTATION('',(#2780),#2783);
#2780 = B_SPLINE_CURVE_WITH_KNOTS('',1,(#2781,#2782),.UNSPECIFIED.,.F.,
  .F.,(2,2),(0.,1.570796326795),.PIECEWISE_BEZIER_KNOTS.);
#2781 = CARTESIAN_POINT('',(0.,0.));
#2782 = CARTESIAN_POINT('',(0.,1.570796326795));
#2783 = ( GEOMETRIC_REPRESENTATION_CONTEXT(2)
PARAMETRIC_REPRESENTATION_CONTEXT() REPRESENTATION_CONTEXT('2D SPACE',''
  ) );
#2784 = ORIENTED_EDGE('',*,*,#1866,.F.);
#2785 = ADVANCED_FACE('',(#2786),#1487,.T.);
#2786 = FACE_BOUND('',#2787,.F.);
#2787 = EDGE_LOOP('',(#2788,#2808,#2809,#2810));
#2788 = ORIENTED_EDGE('',*,*,#2789,.F.);
#2789 = EDGE_CURVE('',#2583,#1467,#2790,.T.);
#2790 = SURFACE_CURVE('',#2791,(#2796,#2802),.PCURVE_S1.);
#2791 = CIRCLE('',#2792,0.35);
#2792 = AXIS2_PLACEMENT_3D('',#2793,#2794,#2795);
#2793 = CARTESIAN_POINT('',(6.95,-11.8,5.15));
#2794 = DIRECTION('',(0.,-1.,-0.));
#2795 = DIRECTION('',(1.,0.,-0.));
#2796 = PCURVE('',#1487,#2797);
#2797 = DEFINITIONAL_REPRESENTATION('',(#2798),#2801);
#2798 = B_SPLINE_CURVE_WITH_KNOTS('',1,(#2799,#2800),.UNSPECIFIED.,.F.,
  .F.,(2,2),(0.,1.570796326795),.PIECEWISE_BEZIER_KNOTS.);
#2799 = CARTESIAN_POINT('',(0.,0.));
#2800 = CARTESIAN_POINT('',(0.,1.570796326795));
#2801 = ( GEOMETRIC_REPRESENTATION_CONTEXT(2)
PARAMETRIC_REPRESENTATION_CONTEXT() REPRESENTATION_CONTEXT('2D SPACE',''
  ) );
#2802 = PCURVE('',#1515,#2803);
#2803 = DEFINITIONAL_REPRESENTATION('',(#2804),#2807);
#2804 = B_SPLINE_CURVE_WITH_KNOTS('',1,(#2805,#2806),.UNSPECIFIED.,.F.,
  .F.,(2,2),(0.,1.570796326795),.PIECEWISE_BEZIER_KNOTS.);
#2805 = CARTESIAN_POINT('',(0.,23.6));
#2806 = CARTESIAN_POINT('',(1.570796326795,23.6));
#2807 = ( GEOMETRIC_REPRESENTATION_CONTEXT(2)
PARAMETRIC_REPRESENTATION_CONTEXT() REPRESENTATION_CONTEXT('2D SPACE',''
  ) );
#2808 = ORIENTED_EDGE('',*,*,#2738,.T.);
#2809 = ORIENTED_EDGE('',*,*,#2484,.T.);
#2810 = ORIENTED_EDGE('',*,*,#1466,.F.);
#2811 = ADVANCED_FACE('',(#2812),#1548,.T.);
#2812 = FACE_BOUND('',#2813,.F.);
#2813 = EDGE_LOOP('',(#2814,#2815,#2839,#2859));
#2814 = ORIENTED_EDGE('',*,*,#2765,.F.);
#2815 = ORIENTED_EDGE('',*,*,#2816,.T.);
#2816 = EDGE_CURVE('',#1867,#2817,#2819,.T.);
#2817 = VERTEX_POINT('',#2818);
#2818 = CARTESIAN_POINT('',(7.3,11.8,5.15));
#2819 = SURFACE_CURVE('',#2820,(#2825,#2832),.PCURVE_S1.);
#2820 = CIRCLE('',#2821,3.);
#2821 = AXIS2_PLACEMENT_3D('',#2822,#2823,#2824);
#2822 = CARTESIAN_POINT('',(4.3,11.8,5.15));
#2823 = DIRECTION('',(-0.,0.,-1.));
#2824 = DIRECTION('',(-2.960594732334E-16,1.,0.));
#2825 = PCURVE('',#1548,#2826);
#2826 = DEFINITIONAL_REPRESENTATION('',(#2827),#2831);
#2827 = LINE('',#2828,#2829);
#2828 = CARTESIAN_POINT('',(-0.,0.));
#2829 = VECTOR('',#2830,1.);
#2830 = DIRECTION('',(-1.,0.));
#2831 = ( GEOMETRIC_REPRESENTATION_CONTEXT(2)
PARAMETRIC_REPRESENTATION_CONTEXT() REPRESENTATION_CONTEXT('2D SPACE',''
  ) );
#2832 = PCURVE('',#1905,#2833);
#2833 = DEFINITIONAL_REPRESENTATION('',(#2834),#2838);
#2834 = LINE('',#2835,#2836);
#2835 = CARTESIAN_POINT('',(1.570796326795,5.15));
#2836 = VECTOR('',#2837,1.);
#2837 = DIRECTION('',(-1.,-0.));
#2838 = ( GEOMETRIC_REPRESENTATION_CONTEXT(2)
PARAMETRIC_REPRESENTATION_CONTEXT() REPRESENTATION_CONTEXT('2D SPACE',''
  ) );
#2839 = ORIENTED_EDGE('',*,*,#2840,.T.);
#2840 = EDGE_CURVE('',#2817,#1500,#2841,.T.);
#2841 = SURFACE_CURVE('',#2842,(#2847,#2853),.PCURVE_S1.);
#2842 = CIRCLE('',#2843,0.35);
#2843 = AXIS2_PLACEMENT_3D('',#2844,#2845,#2846);
#2844 = CARTESIAN_POINT('',(6.95,11.8,5.15));
#2845 = DIRECTION('',(3.572918131907E-16,-1.,0.));
#2846 = DIRECTION('',(1.,3.572918131907E-16,0.));
#2847 = PCURVE('',#1548,#2848);
#2848 = DEFINITIONAL_REPRESENTATION('',(#2849),#2852);
#2849 = B_SPLINE_CURVE_WITH_KNOTS('',1,(#2850,#2851),.UNSPECIFIED.,.F.,
  .F.,(2,2),(0.,1.570796326795),.PIECEWISE_BEZIER_KNOTS.);
#2850 = CARTESIAN_POINT('',(-1.570796326795,0.));
#2851 = CARTESIAN_POINT('',(-1.570796326795,1.570796326795));
#2852 = ( GEOMETRIC_REPRESENTATION_CONTEXT(2)
PARAMETRIC_REPRESENTATION_CONTEXT() REPRESENTATION_CONTEXT('2D SPACE',''
  ) );
#2853 = PCURVE('',#1515,#2854);
#2854 = DEFINITIONAL_REPRESENTATION('',(#2855),#2858);
#2855 = B_SPLINE_CURVE_WITH_KNOTS('',1,(#2856,#2857),.UNSPECIFIED.,.F.,
  .F.,(2,2),(0.,1.570796326795),.PIECEWISE_BEZIER_KNOTS.);
#2856 = CARTESIAN_POINT('',(0.,0.));
#2857 = CARTESIAN_POINT('',(1.570796326795,0.));
#2858 = ( GEOMETRIC_REPRESENTATION_CONTEXT(2)
PARAMETRIC_REPRESENTATION_CONTEXT() REPRESENTATION_CONTEXT('2D SPACE',''
  ) );
#2859 = ORIENTED_EDGE('',*,*,#1527,.F.);
#2860 = ADVANCED_FACE('',(#2861),#1515,.T.);
#2861 = FACE_BOUND('',#2862,.T.);
#2862 = EDGE_LOOP('',(#2863,#2864,#2865,#2866));
#2863 = ORIENTED_EDGE('',*,*,#2840,.T.);
#2864 = ORIENTED_EDGE('',*,*,#1499,.T.);
#2865 = ORIENTED_EDGE('',*,*,#2789,.F.);
#2866 = ORIENTED_EDGE('',*,*,#2867,.F.);
#2867 = EDGE_CURVE('',#2817,#2583,#2868,.T.);
#2868 = SURFACE_CURVE('',#2869,(#2873,#2880),.PCURVE_S1.);
#2869 = LINE('',#2870,#2871);
#2870 = CARTESIAN_POINT('',(7.3,11.8,5.15));
#2871 = VECTOR('',#2872,1.);
#2872 = DIRECTION('',(-0.,-1.,-0.));
#2873 = PCURVE('',#1515,#2874);
#2874 = DEFINITIONAL_REPRESENTATION('',(#2875),#2879);
#2875 = LINE('',#2876,#2877);
#2876 = CARTESIAN_POINT('',(0.,0.));
#2877 = VECTOR('',#2878,1.);
#2878 = DIRECTION('',(0.,1.));
#2879 = ( GEOMETRIC_REPRESENTATION_CONTEXT(2)
PARAMETRIC_REPRESENTATION_CONTEXT() REPRESENTATION_CONTEXT('2D SPACE',''
  ) );
#2880 = PCURVE('',#2598,#2881);
#2881 = DEFINITIONAL_REPRESENTATION('',(#2882),#2886);
#2882 = LINE('',#2883,#2884);
#2883 = CARTESIAN_POINT('',(5.15,-26.6));
#2884 = VECTOR('',#2885,1.);
#2885 = DIRECTION('',(-0.,1.));
#2886 = ( GEOMETRIC_REPRESENTATION_CONTEXT(2)
PARAMETRIC_REPRESENTATION_CONTEXT() REPRESENTATION_CONTEXT('2D SPACE',''
  ) );
#2887 = ADVANCED_FACE('',(#2888),#1635,.F.);
#2888 = FACE_BOUND('',#2889,.F.);
#2889 = EDGE_LOOP('',(#2890,#2913,#2942,#2963));
#2890 = ORIENTED_EDGE('',*,*,#2891,.F.);
#2891 = EDGE_CURVE('',#2892,#1617,#2894,.T.);
#2892 = VERTEX_POINT('',#2893);
#2893 = CARTESIAN_POINT('',(-6.3,-11.8,4.7));
#2894 = SURFACE_CURVE('',#2895,(#2899,#2906),.PCURVE_S1.);
#2895 = LINE('',#2896,#2897);
#2896 = CARTESIAN_POINT('',(-6.3,-11.8,4.7));
#2897 = VECTOR('',#2898,1.);
#2898 = DIRECTION('',(0.,0.,1.));
#2899 = PCURVE('',#1635,#2900);
#2900 = DEFINITIONAL_REPRESENTATION('',(#2901),#2905);
#2901 = LINE('',#2902,#2903);
#2902 = CARTESIAN_POINT('',(0.,0.));
#2903 = VECTOR('',#2904,1.);
#2904 = DIRECTION('',(0.,1.));
#2905 = ( GEOMETRIC_REPRESENTATION_CONTEXT(2)
PARAMETRIC_REPRESENTATION_CONTEXT() REPRESENTATION_CONTEXT('2D SPACE',''
  ) );
#2906 = PCURVE('',#1662,#2907);
#2907 = DEFINITIONAL_REPRESENTATION('',(#2908),#2912);
#2908 = LINE('',#2909,#2910);
#2909 = CARTESIAN_POINT('',(0.,-2.));
#2910 = VECTOR('',#2911,1.);
#2911 = DIRECTION('',(1.,0.));
#2912 = ( GEOMETRIC_REPRESENTATION_CONTEXT(2)
PARAMETRIC_REPRESENTATION_CONTEXT() REPRESENTATION_CONTEXT('2D SPACE',''
  ) );
#2913 = ORIENTED_EDGE('',*,*,#2914,.T.);
#2914 = EDGE_CURVE('',#2892,#2915,#2917,.T.);
#2915 = VERTEX_POINT('',#2916);
#2916 = CARTESIAN_POINT('',(-4.3,-13.8,4.7));
#2917 = SURFACE_CURVE('',#2918,(#2923,#2930),.PCURVE_S1.);
#2918 = CIRCLE('',#2919,2.);
#2919 = AXIS2_PLACEMENT_3D('',#2920,#2921,#2922);
#2920 = CARTESIAN_POINT('',(-4.3,-11.8,4.7));
#2921 = DIRECTION('',(0.,0.,1.));
#2922 = DIRECTION('',(0.,-1.,0.));
#2923 = PCURVE('',#1635,#2924);
#2924 = DEFINITIONAL_REPRESENTATION('',(#2925),#2929);
#2925 = LINE('',#2926,#2927);
#2926 = CARTESIAN_POINT('',(-4.712388980385,0.));
#2927 = VECTOR('',#2928,1.);
#2928 = DIRECTION('',(1.,0.));
#2929 = ( GEOMETRIC_REPRESENTATION_CONTEXT(2)
PARAMETRIC_REPRESENTATION_CONTEXT() REPRESENTATION_CONTEXT('2D SPACE',''
  ) );
#2930 = PCURVE('',#2931,#2936);
#2931 = PLANE('',#2932);
#2932 = AXIS2_PLACEMENT_3D('',#2933,#2934,#2935);
#2933 = CARTESIAN_POINT('',(-6.3,-13.8,4.7));
#2934 = DIRECTION('',(0.,0.,1.));
#2935 = DIRECTION('',(1.,0.,0.));
#2936 = DEFINITIONAL_REPRESENTATION('',(#2937),#2941);
#2937 = CIRCLE('',#2938,2.);
#2938 = AXIS2_PLACEMENT_2D('',#2939,#2940);
#2939 = CARTESIAN_POINT('',(2.,2.));
#2940 = DIRECTION('',(0.,-1.));
#2941 = ( GEOMETRIC_REPRESENTATION_CONTEXT(2)
PARAMETRIC_REPRESENTATION_CONTEXT() REPRESENTATION_CONTEXT('2D SPACE',''
  ) );
#2942 = ORIENTED_EDGE('',*,*,#2943,.T.);
#2943 = EDGE_CURVE('',#2915,#1619,#2944,.T.);
#2944 = SURFACE_CURVE('',#2945,(#2949,#2956),.PCURVE_S1.);
#2945 = LINE('',#2946,#2947);
#2946 = CARTESIAN_POINT('',(-4.3,-13.8,4.7));
#2947 = VECTOR('',#2948,1.);
#2948 = DIRECTION('',(0.,0.,1.));
#2949 = PCURVE('',#1635,#2950);
#2950 = DEFINITIONAL_REPRESENTATION('',(#2951),#2955);
#2951 = LINE('',#2952,#2953);
#2952 = CARTESIAN_POINT('',(1.570796326795,0.));
#2953 = VECTOR('',#2954,1.);
#2954 = DIRECTION('',(0.,1.));
#2955 = ( GEOMETRIC_REPRESENTATION_CONTEXT(2)
PARAMETRIC_REPRESENTATION_CONTEXT() REPRESENTATION_CONTEXT('2D SPACE',''
  ) );
#2956 = PCURVE('',#1825,#2957);
#2957 = DEFINITIONAL_REPRESENTATION('',(#2958),#2962);
#2958 = LINE('',#2959,#2960);
#2959 = CARTESIAN_POINT('',(0.,2.));
#2960 = VECTOR('',#2961,1.);
#2961 = DIRECTION('',(1.,0.));
#2962 = ( GEOMETRIC_REPRESENTATION_CONTEXT(2)
PARAMETRIC_REPRESENTATION_CONTEXT() REPRESENTATION_CONTEXT('2D SPACE',''
  ) );
#2963 = ORIENTED_EDGE('',*,*,#1616,.F.);
#2964 = ADVANCED_FACE('',(#2965),#1825,.T.);
#2965 = FACE_BOUND('',#2966,.T.);
#2966 = EDGE_LOOP('',(#2967,#2990,#2991,#2992));
#2967 = ORIENTED_EDGE('',*,*,#2968,.F.);
#2968 = EDGE_CURVE('',#2915,#2969,#2971,.T.);
#2969 = VERTEX_POINT('',#2970);
#2970 = CARTESIAN_POINT('',(4.3,-13.8,4.7));
#2971 = SURFACE_CURVE('',#2972,(#2976,#2983),.PCURVE_S1.);
#2972 = LINE('',#2973,#2974);
#2973 = CARTESIAN_POINT('',(-6.3,-13.8,4.7));
#2974 = VECTOR('',#2975,1.);
#2975 = DIRECTION('',(1.,0.,0.));
#2976 = PCURVE('',#1825,#2977);
#2977 = DEFINITIONAL_REPRESENTATION('',(#2978),#2982);
#2978 = LINE('',#2979,#2980);
#2979 = CARTESIAN_POINT('',(0.,0.));
#2980 = VECTOR('',#2981,1.);
#2981 = DIRECTION('',(0.,1.));
#2982 = ( GEOMETRIC_REPRESENTATION_CONTEXT(2)
PARAMETRIC_REPRESENTATION_CONTEXT() REPRESENTATION_CONTEXT('2D SPACE',''
  ) );
#2983 = PCURVE('',#2931,#2984);
#2984 = DEFINITIONAL_REPRESENTATION('',(#2985),#2989);
#2985 = LINE('',#2986,#2987);
#2986 = CARTESIAN_POINT('',(0.,0.));
#2987 = VECTOR('',#2988,1.);
#2988 = DIRECTION('',(1.,0.));
#2989 = ( GEOMETRIC_REPRESENTATION_CONTEXT(2)
PARAMETRIC_REPRESENTATION_CONTEXT() REPRESENTATION_CONTEXT('2D SPACE',''
  ) );
#2990 = ORIENTED_EDGE('',*,*,#2943,.T.);
#2991 = ORIENTED_EDGE('',*,*,#1812,.F.);
#2992 = ORIENTED_EDGE('',*,*,#2993,.F.);
#2993 = EDGE_CURVE('',#2969,#1784,#2994,.T.);
#2994 = SURFACE_CURVE('',#2995,(#2999,#3006),.PCURVE_S1.);
#2995 = LINE('',#2996,#2997);
#2996 = CARTESIAN_POINT('',(4.3,-13.8,4.7));
#2997 = VECTOR('',#2998,1.);
#2998 = DIRECTION('',(0.,0.,1.));
#2999 = PCURVE('',#1825,#3000);
#3000 = DEFINITIONAL_REPRESENTATION('',(#3001),#3005);
#3001 = LINE('',#3002,#3003);
#3002 = CARTESIAN_POINT('',(0.,10.6));
#3003 = VECTOR('',#3004,1.);
#3004 = DIRECTION('',(1.,0.));
#3005 = ( GEOMETRIC_REPRESENTATION_CONTEXT(2)
PARAMETRIC_REPRESENTATION_CONTEXT() REPRESENTATION_CONTEXT('2D SPACE',''
  ) );
#3006 = PCURVE('',#1800,#3007);
#3007 = DEFINITIONAL_REPRESENTATION('',(#3008),#3012);
#3008 = LINE('',#3009,#3010);
#3009 = CARTESIAN_POINT('',(-1.570796326795,0.));
#3010 = VECTOR('',#3011,1.);
#3011 = DIRECTION('',(-0.,1.));
#3012 = ( GEOMETRIC_REPRESENTATION_CONTEXT(2)
PARAMETRIC_REPRESENTATION_CONTEXT() REPRESENTATION_CONTEXT('2D SPACE',''
  ) );
#3013 = ADVANCED_FACE('',(#3014),#1800,.F.);
#3014 = FACE_BOUND('',#3015,.T.);
#3015 = EDGE_LOOP('',(#3016,#3039,#3065,#3066));
#3016 = ORIENTED_EDGE('',*,*,#3017,.F.);
#3017 = EDGE_CURVE('',#3018,#1758,#3020,.T.);
#3018 = VERTEX_POINT('',#3019);
#3019 = CARTESIAN_POINT('',(6.3,-11.8,4.7));
#3020 = SURFACE_CURVE('',#3021,(#3025,#3032),.PCURVE_S1.);
#3021 = LINE('',#3022,#3023);
#3022 = CARTESIAN_POINT('',(6.3,-11.8,4.7));
#3023 = VECTOR('',#3024,1.);
#3024 = DIRECTION('',(0.,0.,1.));
#3025 = PCURVE('',#1800,#3026);
#3026 = DEFINITIONAL_REPRESENTATION('',(#3027),#3031);
#3027 = LINE('',#3028,#3029);
#3028 = CARTESIAN_POINT('',(-0.,0.));
#3029 = VECTOR('',#3030,1.);
#3030 = DIRECTION('',(-0.,1.));
#3031 = ( GEOMETRIC_REPRESENTATION_CONTEXT(2)
PARAMETRIC_REPRESENTATION_CONTEXT() REPRESENTATION_CONTEXT('2D SPACE',''
  ) );
#3032 = PCURVE('',#1772,#3033);
#3033 = DEFINITIONAL_REPRESENTATION('',(#3034),#3038);
#3034 = LINE('',#3035,#3036);
#3035 = CARTESIAN_POINT('',(0.,-2.));
#3036 = VECTOR('',#3037,1.);
#3037 = DIRECTION('',(1.,0.));
#3038 = ( GEOMETRIC_REPRESENTATION_CONTEXT(2)
PARAMETRIC_REPRESENTATION_CONTEXT() REPRESENTATION_CONTEXT('2D SPACE',''
  ) );
#3039 = ORIENTED_EDGE('',*,*,#3040,.T.);
#3040 = EDGE_CURVE('',#3018,#2969,#3041,.T.);
#3041 = SURFACE_CURVE('',#3042,(#3047,#3054),.PCURVE_S1.);
#3042 = CIRCLE('',#3043,2.);
#3043 = AXIS2_PLACEMENT_3D('',#3044,#3045,#3046);
#3044 = CARTESIAN_POINT('',(4.3,-11.8,4.7));
#3045 = DIRECTION('',(-0.,-0.,-1.));
#3046 = DIRECTION('',(0.,-1.,0.));
#3047 = PCURVE('',#1800,#3048);
#3048 = DEFINITIONAL_REPRESENTATION('',(#3049),#3053);
#3049 = LINE('',#3050,#3051);
#3050 = CARTESIAN_POINT('',(4.712388980385,-0.));
#3051 = VECTOR('',#3052,1.);
#3052 = DIRECTION('',(-1.,0.));
#3053 = ( GEOMETRIC_REPRESENTATION_CONTEXT(2)
PARAMETRIC_REPRESENTATION_CONTEXT() REPRESENTATION_CONTEXT('2D SPACE',''
  ) );
#3054 = PCURVE('',#2931,#3055);
#3055 = DEFINITIONAL_REPRESENTATION('',(#3056),#3064);
#3056 = ( BOUNDED_CURVE() B_SPLINE_CURVE(2,(#3057,#3058,#3059,#3060,
#3061,#3062,#3063),.UNSPECIFIED.,.T.,.F.) B_SPLINE_CURVE_WITH_KNOTS((1,2
    ,2,2,2,1),(-2.094395102393,0.,2.094395102393,4.188790204786,
6.28318530718,8.377580409573),.UNSPECIFIED.) CURVE()
GEOMETRIC_REPRESENTATION_ITEM() RATIONAL_B_SPLINE_CURVE((1.,0.5,1.,0.5,
1.,0.5,1.)) REPRESENTATION_ITEM('') );
#3057 = CARTESIAN_POINT('',(10.6,0.));
#3058 = CARTESIAN_POINT('',(7.135898384862,0.));
#3059 = CARTESIAN_POINT('',(8.867949192431,3.));
#3060 = CARTESIAN_POINT('',(10.6,6.));
#3061 = CARTESIAN_POINT('',(12.332050807569,3.));
#3062 = CARTESIAN_POINT('',(14.064101615138,3.10862446895E-15));
#3063 = CARTESIAN_POINT('',(10.6,0.));
#3064 = ( GEOMETRIC_REPRESENTATION_CONTEXT(2)
PARAMETRIC_REPRESENTATION_CONTEXT() REPRESENTATION_CONTEXT('2D SPACE',''
  ) );
#3065 = ORIENTED_EDGE('',*,*,#2993,.T.);
#3066 = ORIENTED_EDGE('',*,*,#1783,.T.);
#3067 = ADVANCED_FACE('',(#3068),#1772,.F.);
#3068 = FACE_BOUND('',#3069,.F.);
#3069 = EDGE_LOOP('',(#3070,#3071,#3072,#3095));
#3070 = ORIENTED_EDGE('',*,*,#1757,.F.);
#3071 = ORIENTED_EDGE('',*,*,#3017,.F.);
#3072 = ORIENTED_EDGE('',*,*,#3073,.T.);
#3073 = EDGE_CURVE('',#3018,#3074,#3076,.T.);
#3074 = VERTEX_POINT('',#3075);
#3075 = CARTESIAN_POINT('',(6.3,11.8,4.7));
#3076 = SURFACE_CURVE('',#3077,(#3081,#3088),.PCURVE_S1.);
#3077 = LINE('',#3078,#3079);
#3078 = CARTESIAN_POINT('',(6.3,-13.8,4.7));
#3079 = VECTOR('',#3080,1.);
#3080 = DIRECTION('',(0.,1.,0.));
#3081 = PCURVE('',#1772,#3082);
#3082 = DEFINITIONAL_REPRESENTATION('',(#3083),#3087);
#3083 = LINE('',#3084,#3085);
#3084 = CARTESIAN_POINT('',(0.,0.));
#3085 = VECTOR('',#3086,1.);
#3086 = DIRECTION('',(0.,-1.));
#3087 = ( GEOMETRIC_REPRESENTATION_CONTEXT(2)
PARAMETRIC_REPRESENTATION_CONTEXT() REPRESENTATION_CONTEXT('2D SPACE',''
  ) );
#3088 = PCURVE('',#2931,#3089);
#3089 = DEFINITIONAL_REPRESENTATION('',(#3090),#3094);
#3090 = LINE('',#3091,#3092);
#3091 = CARTESIAN_POINT('',(12.6,0.));
#3092 = VECTOR('',#3093,1.);
#3093 = DIRECTION('',(0.,1.));
#3094 = ( GEOMETRIC_REPRESENTATION_CONTEXT(2)
PARAMETRIC_REPRESENTATION_CONTEXT() REPRESENTATION_CONTEXT('2D SPACE',''
  ) );
#3095 = ORIENTED_EDGE('',*,*,#3096,.T.);
#3096 = EDGE_CURVE('',#3074,#1729,#3097,.T.);
#3097 = SURFACE_CURVE('',#3098,(#3102,#3109),.PCURVE_S1.);
#3098 = LINE('',#3099,#3100);
#3099 = CARTESIAN_POINT('',(6.3,11.8,4.7));
#3100 = VECTOR('',#3101,1.);
#3101 = DIRECTION('',(0.,0.,1.));
#3102 = PCURVE('',#1772,#3103);
#3103 = DEFINITIONAL_REPRESENTATION('',(#3104),#3108);
#3104 = LINE('',#3105,#3106);
#3105 = CARTESIAN_POINT('',(0.,-25.6));
#3106 = VECTOR('',#3107,1.);
#3107 = DIRECTION('',(1.,0.));
#3108 = ( GEOMETRIC_REPRESENTATION_CONTEXT(2)
PARAMETRIC_REPRESENTATION_CONTEXT() REPRESENTATION_CONTEXT('2D SPACE',''
  ) );
#3109 = PCURVE('',#1745,#3110);
#3110 = DEFINITIONAL_REPRESENTATION('',(#3111),#3115);
#3111 = LINE('',#3112,#3113);
#3112 = CARTESIAN_POINT('',(0.,0.));
#3113 = VECTOR('',#3114,1.);
#3114 = DIRECTION('',(0.,1.));
#3115 = ( GEOMETRIC_REPRESENTATION_CONTEXT(2)
PARAMETRIC_REPRESENTATION_CONTEXT() REPRESENTATION_CONTEXT('2D SPACE',''
  ) );
#3116 = ADVANCED_FACE('',(#3117),#1745,.F.);
#3117 = FACE_BOUND('',#3118,.F.);
#3118 = EDGE_LOOP('',(#3119,#3120,#3144,#3165));
#3119 = ORIENTED_EDGE('',*,*,#3096,.F.);
#3120 = ORIENTED_EDGE('',*,*,#3121,.T.);
#3121 = EDGE_CURVE('',#3074,#3122,#3124,.T.);
#3122 = VERTEX_POINT('',#3123);
#3123 = CARTESIAN_POINT('',(4.3,13.8,4.7));
#3124 = SURFACE_CURVE('',#3125,(#3130,#3137),.PCURVE_S1.);
#3125 = CIRCLE('',#3126,2.);
#3126 = AXIS2_PLACEMENT_3D('',#3127,#3128,#3129);
#3127 = CARTESIAN_POINT('',(4.3,11.8,4.7));
#3128 = DIRECTION('',(0.,0.,1.));
#3129 = DIRECTION('',(0.,-1.,0.));
#3130 = PCURVE('',#1745,#3131);
#3131 = DEFINITIONAL_REPRESENTATION('',(#3132),#3136);
#3132 = LINE('',#3133,#3134);
#3133 = CARTESIAN_POINT('',(-1.570796326795,0.));
#3134 = VECTOR('',#3135,1.);
#3135 = DIRECTION('',(1.,0.));
#3136 = ( GEOMETRIC_REPRESENTATION_CONTEXT(2)
PARAMETRIC_REPRESENTATION_CONTEXT() REPRESENTATION_CONTEXT('2D SPACE',''
  ) );
#3137 = PCURVE('',#2931,#3138);
#3138 = DEFINITIONAL_REPRESENTATION('',(#3139),#3143);
#3139 = CIRCLE('',#3140,2.);
#3140 = AXIS2_PLACEMENT_2D('',#3141,#3142);
#3141 = CARTESIAN_POINT('',(10.6,25.6));
#3142 = DIRECTION('',(0.,-1.));
#3143 = ( GEOMETRIC_REPRESENTATION_CONTEXT(2)
PARAMETRIC_REPRESENTATION_CONTEXT() REPRESENTATION_CONTEXT('2D SPACE',''
  ) );
#3144 = ORIENTED_EDGE('',*,*,#3145,.T.);
#3145 = EDGE_CURVE('',#3122,#1703,#3146,.T.);
#3146 = SURFACE_CURVE('',#3147,(#3151,#3158),.PCURVE_S1.);
#3147 = LINE('',#3148,#3149);
#3148 = CARTESIAN_POINT('',(4.3,13.8,4.7));
#3149 = VECTOR('',#3150,1.);
#3150 = DIRECTION('',(0.,0.,1.));
#3151 = PCURVE('',#1745,#3152);
#3152 = DEFINITIONAL_REPRESENTATION('',(#3153),#3157);
#3153 = LINE('',#3154,#3155);
#3154 = CARTESIAN_POINT('',(1.570796326795,0.));
#3155 = VECTOR('',#3156,1.);
#3156 = DIRECTION('',(0.,1.));
#3157 = ( GEOMETRIC_REPRESENTATION_CONTEXT(2)
PARAMETRIC_REPRESENTATION_CONTEXT() REPRESENTATION_CONTEXT('2D SPACE',''
  ) );
#3158 = PCURVE('',#1717,#3159);
#3159 = DEFINITIONAL_REPRESENTATION('',(#3160),#3164);
#3160 = LINE('',#3161,#3162);
#3161 = CARTESIAN_POINT('',(0.,10.6));
#3162 = VECTOR('',#3163,1.);
#3163 = DIRECTION('',(1.,0.));
#3164 = ( GEOMETRIC_REPRESENTATION_CONTEXT(2)
PARAMETRIC_REPRESENTATION_CONTEXT() REPRESENTATION_CONTEXT('2D SPACE',''
  ) );
#3165 = ORIENTED_EDGE('',*,*,#1728,.F.);
#3166 = ADVANCED_FACE('',(#3167),#1717,.F.);
#3167 = FACE_BOUND('',#3168,.F.);
#3168 = EDGE_LOOP('',(#3169,#3192,#3213,#3214));
#3169 = ORIENTED_EDGE('',*,*,#3170,.F.);
#3170 = EDGE_CURVE('',#3171,#3122,#3173,.T.);
#3171 = VERTEX_POINT('',#3172);
#3172 = CARTESIAN_POINT('',(-4.3,13.8,4.7));
#3173 = SURFACE_CURVE('',#3174,(#3178,#3185),.PCURVE_S1.);
#3174 = LINE('',#3175,#3176);
#3175 = CARTESIAN_POINT('',(-6.3,13.8,4.7));
#3176 = VECTOR('',#3177,1.);
#3177 = DIRECTION('',(1.,0.,0.));
#3178 = PCURVE('',#1717,#3179);
#3179 = DEFINITIONAL_REPRESENTATION('',(#3180),#3184);
#3180 = LINE('',#3181,#3182);
#3181 = CARTESIAN_POINT('',(0.,0.));
#3182 = VECTOR('',#3183,1.);
#3183 = DIRECTION('',(0.,1.));
#3184 = ( GEOMETRIC_REPRESENTATION_CONTEXT(2)
PARAMETRIC_REPRESENTATION_CONTEXT() REPRESENTATION_CONTEXT('2D SPACE',''
  ) );
#3185 = PCURVE('',#2931,#3186);
#3186 = DEFINITIONAL_REPRESENTATION('',(#3187),#3191);
#3187 = LINE('',#3188,#3189);
#3188 = CARTESIAN_POINT('',(0.,27.6));
#3189 = VECTOR('',#3190,1.);
#3190 = DIRECTION('',(1.,0.));
#3191 = ( GEOMETRIC_REPRESENTATION_CONTEXT(2)
PARAMETRIC_REPRESENTATION_CONTEXT() REPRESENTATION_CONTEXT('2D SPACE',''
  ) );
#3192 = ORIENTED_EDGE('',*,*,#3193,.T.);
#3193 = EDGE_CURVE('',#3171,#1674,#3194,.T.);
#3194 = SURFACE_CURVE('',#3195,(#3199,#3206),.PCURVE_S1.);
#3195 = LINE('',#3196,#3197);
#3196 = CARTESIAN_POINT('',(-4.3,13.8,4.7));
#3197 = VECTOR('',#3198,1.);
#3198 = DIRECTION('',(0.,0.,1.));
#3199 = PCURVE('',#1717,#3200);
#3200 = DEFINITIONAL_REPRESENTATION('',(#3201),#3205);
#3201 = LINE('',#3202,#3203);
#3202 = CARTESIAN_POINT('',(0.,2.));
#3203 = VECTOR('',#3204,1.);
#3204 = DIRECTION('',(1.,0.));
#3205 = ( GEOMETRIC_REPRESENTATION_CONTEXT(2)
PARAMETRIC_REPRESENTATION_CONTEXT() REPRESENTATION_CONTEXT('2D SPACE',''
  ) );
#3206 = PCURVE('',#1690,#3207);
#3207 = DEFINITIONAL_REPRESENTATION('',(#3208),#3212);
#3208 = LINE('',#3209,#3210);
#3209 = CARTESIAN_POINT('',(-1.570796326795,0.));
#3210 = VECTOR('',#3211,1.);
#3211 = DIRECTION('',(-0.,1.));
#3212 = ( GEOMETRIC_REPRESENTATION_CONTEXT(2)
PARAMETRIC_REPRESENTATION_CONTEXT() REPRESENTATION_CONTEXT('2D SPACE',''
  ) );
#3213 = ORIENTED_EDGE('',*,*,#1702,.F.);
#3214 = ORIENTED_EDGE('',*,*,#3145,.F.);
#3215 = ADVANCED_FACE('',(#3216),#1690,.F.);
#3216 = FACE_BOUND('',#3217,.T.);
#3217 = EDGE_LOOP('',(#3218,#3241,#3267,#3268));
#3218 = ORIENTED_EDGE('',*,*,#3219,.F.);
#3219 = EDGE_CURVE('',#3220,#1648,#3222,.T.);
#3220 = VERTEX_POINT('',#3221);
#3221 = CARTESIAN_POINT('',(-6.3,11.8,4.7));
#3222 = SURFACE_CURVE('',#3223,(#3227,#3234),.PCURVE_S1.);
#3223 = LINE('',#3224,#3225);
#3224 = CARTESIAN_POINT('',(-6.3,11.8,4.7));
#3225 = VECTOR('',#3226,1.);
#3226 = DIRECTION('',(0.,0.,1.));
#3227 = PCURVE('',#1690,#3228);
#3228 = DEFINITIONAL_REPRESENTATION('',(#3229),#3233);
#3229 = LINE('',#3230,#3231);
#3230 = CARTESIAN_POINT('',(-0.,0.));
#3231 = VECTOR('',#3232,1.);
#3232 = DIRECTION('',(-0.,1.));
#3233 = ( GEOMETRIC_REPRESENTATION_CONTEXT(2)
PARAMETRIC_REPRESENTATION_CONTEXT() REPRESENTATION_CONTEXT('2D SPACE',''
  ) );
#3234 = PCURVE('',#1662,#3235);
#3235 = DEFINITIONAL_REPRESENTATION('',(#3236),#3240);
#3236 = LINE('',#3237,#3238);
#3237 = CARTESIAN_POINT('',(0.,-25.6));
#3238 = VECTOR('',#3239,1.);
#3239 = DIRECTION('',(1.,0.));
#3240 = ( GEOMETRIC_REPRESENTATION_CONTEXT(2)
PARAMETRIC_REPRESENTATION_CONTEXT() REPRESENTATION_CONTEXT('2D SPACE',''
  ) );
#3241 = ORIENTED_EDGE('',*,*,#3242,.T.);
#3242 = EDGE_CURVE('',#3220,#3171,#3243,.T.);
#3243 = SURFACE_CURVE('',#3244,(#3249,#3256),.PCURVE_S1.);
#3244 = CIRCLE('',#3245,2.);
#3245 = AXIS2_PLACEMENT_3D('',#3246,#3247,#3248);
#3246 = CARTESIAN_POINT('',(-4.3,11.8,4.7));
#3247 = DIRECTION('',(-0.,-0.,-1.));
#3248 = DIRECTION('',(0.,-1.,0.));
#3249 = PCURVE('',#1690,#3250);
#3250 = DEFINITIONAL_REPRESENTATION('',(#3251),#3255);
#3251 = LINE('',#3252,#3253);
#3252 = CARTESIAN_POINT('',(1.570796326795,-0.));
#3253 = VECTOR('',#3254,1.);
#3254 = DIRECTION('',(-1.,0.));
#3255 = ( GEOMETRIC_REPRESENTATION_CONTEXT(2)
PARAMETRIC_REPRESENTATION_CONTEXT() REPRESENTATION_CONTEXT('2D SPACE',''
  ) );
#3256 = PCURVE('',#2931,#3257);
#3257 = DEFINITIONAL_REPRESENTATION('',(#3258),#3266);
#3258 = ( BOUNDED_CURVE() B_SPLINE_CURVE(2,(#3259,#3260,#3261,#3262,
#3263,#3264,#3265),.UNSPECIFIED.,.T.,.F.) B_SPLINE_CURVE_WITH_KNOTS((1,2
    ,2,2,2,1),(-2.094395102393,0.,2.094395102393,4.188790204786,
6.28318530718,8.377580409573),.UNSPECIFIED.) CURVE()
GEOMETRIC_REPRESENTATION_ITEM() RATIONAL_B_SPLINE_CURVE((1.,0.5,1.,0.5,
1.,0.5,1.)) REPRESENTATION_ITEM('') );
#3259 = CARTESIAN_POINT('',(2.,23.6));
#3260 = CARTESIAN_POINT('',(-1.464101615138,23.6));
#3261 = CARTESIAN_POINT('',(0.267949192431,26.6));
#3262 = CARTESIAN_POINT('',(2.,29.6));
#3263 = CARTESIAN_POINT('',(3.732050807569,26.6));
#3264 = CARTESIAN_POINT('',(5.464101615138,23.6));
#3265 = CARTESIAN_POINT('',(2.,23.6));
#3266 = ( GEOMETRIC_REPRESENTATION_CONTEXT(2)
PARAMETRIC_REPRESENTATION_CONTEXT() REPRESENTATION_CONTEXT('2D SPACE',''
  ) );
#3267 = ORIENTED_EDGE('',*,*,#3193,.T.);
#3268 = ORIENTED_EDGE('',*,*,#1673,.T.);
#3269 = ADVANCED_FACE('',(#3270),#1662,.T.);
#3270 = FACE_BOUND('',#3271,.T.);
#3271 = EDGE_LOOP('',(#3272,#3273,#3274,#3295));
#3272 = ORIENTED_EDGE('',*,*,#1647,.F.);
#3273 = ORIENTED_EDGE('',*,*,#2891,.F.);
#3274 = ORIENTED_EDGE('',*,*,#3275,.T.);
#3275 = EDGE_CURVE('',#2892,#3220,#3276,.T.);
#3276 = SURFACE_CURVE('',#3277,(#3281,#3288),.PCURVE_S1.);
#3277 = LINE('',#3278,#3279);
#3278 = CARTESIAN_POINT('',(-6.3,-13.8,4.7));
#3279 = VECTOR('',#3280,1.);
#3280 = DIRECTION('',(0.,1.,0.));
#3281 = PCURVE('',#1662,#3282);
#3282 = DEFINITIONAL_REPRESENTATION('',(#3283),#3287);
#3283 = LINE('',#3284,#3285);
#3284 = CARTESIAN_POINT('',(0.,0.));
#3285 = VECTOR('',#3286,1.);
#3286 = DIRECTION('',(0.,-1.));
#3287 = ( GEOMETRIC_REPRESENTATION_CONTEXT(2)
PARAMETRIC_REPRESENTATION_CONTEXT() REPRESENTATION_CONTEXT('2D SPACE',''
  ) );
#3288 = PCURVE('',#2931,#3289);
#3289 = DEFINITIONAL_REPRESENTATION('',(#3290),#3294);
#3290 = LINE('',#3291,#3292);
#3291 = CARTESIAN_POINT('',(0.,0.));
#3292 = VECTOR('',#3293,1.);
#3293 = DIRECTION('',(0.,1.));
#3294 = ( GEOMETRIC_REPRESENTATION_CONTEXT(2)
PARAMETRIC_REPRESENTATION_CONTEXT() REPRESENTATION_CONTEXT('2D SPACE',''
  ) );
#3295 = ORIENTED_EDGE('',*,*,#3219,.T.);
#3296 = ADVANCED_FACE('',(#3297),#1931,.T.);
#3297 = FACE_BOUND('',#3298,.F.);
#3298 = EDGE_LOOP('',(#3299,#3300,#3301,#3302,#3303,#3341));
#3299 = ORIENTED_EDGE('',*,*,#1917,.F.);
#3300 = ORIENTED_EDGE('',*,*,#1997,.T.);
#3301 = ORIENTED_EDGE('',*,*,#2152,.T.);
#3302 = ORIENTED_EDGE('',*,*,#2385,.T.);
#3303 = ORIENTED_EDGE('',*,*,#3304,.F.);
#3304 = EDGE_CURVE('',#3305,#2357,#3307,.T.);
#3305 = VERTEX_POINT('',#3306);
#3306 = CARTESIAN_POINT('',(4.3,14.392924528302,8.710846812316E-03));
#3307 = SURFACE_CURVE('',#3308,(#3317,#3329),.PCURVE_S1.);
#3308 = B_SPLINE_CURVE_WITH_KNOTS('',4,(#3309,#3310,#3311,#3312,#3313,
    #3314,#3315,#3316),.UNSPECIFIED.,.F.,.F.,(5,3,5),(0.,0.291122695474,
    1.),.UNSPECIFIED.);
#3309 = CARTESIAN_POINT('',(4.3000006,14.39292525283,8.710983853233E-03)
  );
#3310 = CARTESIAN_POINT('',(4.294465755581,14.386241668458,
    7.446811826148E-03));
#3311 = CARTESIAN_POINT('',(4.288925432796,14.379536054854,
    6.304043421251E-03));
#3312 = CARTESIAN_POINT('',(4.283382041772,14.37281125425,
    5.28314042793E-03));
#3313 = CARTESIAN_POINT('',(4.264338282948,14.349655753659,
    2.196296581432E-03));
#3314 = CARTESIAN_POINT('',(4.250834554273,14.333144738656,
    7.32945456935E-04));
#3315 = CARTESIAN_POINT('',(4.237361040577,14.316578647699,
    -2.318608691328E-09));
#3316 = CARTESIAN_POINT('',(4.223950549352,14.300000002206,0.));
#3317 = PCURVE('',#1931,#3318);
#3318 = DEFINITIONAL_REPRESENTATION('',(#3319),#3328);
#3319 = B_SPLINE_CURVE_WITH_KNOTS('',4,(#3320,#3321,#3322,#3323,#3324,
    #3325,#3326,#3327),.UNSPECIFIED.,.F.,.F.,(5,3,5),(0.,0.291122695474,
    1.),.UNSPECIFIED.);
#3320 = CARTESIAN_POINT('',(-1.383858949333,8.6000006));
#3321 = CARTESIAN_POINT('',(-1.397463129716,8.594465755581));
#3322 = CARTESIAN_POINT('',(-1.411065475243,8.588925432796));
#3323 = CARTESIAN_POINT('',(-1.424666942207,8.583382041772));
#3324 = CARTESIAN_POINT('',(-1.471387636233,8.564338282948));
#3325 = CARTESIAN_POINT('',(-1.504506837511,8.550834554273));
#3326 = CARTESIAN_POINT('',(-1.53763903506,8.537361040577));
#3327 = CARTESIAN_POINT('',(-1.570796322383,8.523950549352));
#3328 = ( GEOMETRIC_REPRESENTATION_CONTEXT(2)
PARAMETRIC_REPRESENTATION_CONTEXT() REPRESENTATION_CONTEXT('2D SPACE',''
  ) );
#3329 = PCURVE('',#2373,#3330);
#3330 = DEFINITIONAL_REPRESENTATION('',(#3331),#3340);
#3331 = B_SPLINE_CURVE_WITH_KNOTS('',4,(#3332,#3333,#3334,#3335,#3336,
    #3337,#3338,#3339),.UNSPECIFIED.,.F.,.F.,(5,3,5),(0.,0.291122695474,
    1.),.UNSPECIFIED.);
#3332 = CARTESIAN_POINT('',(-3.329075547096,1.75773372188));
#3333 = CARTESIAN_POINT('',(-3.330774876959,1.744129541415));
#3334 = CARTESIAN_POINT('',(-3.332471251494,1.730527156385));
#3335 = CARTESIAN_POINT('',(-3.334163901254,1.716925711382));
#3336 = CARTESIAN_POINT('',(-3.33996297729,1.670205017357));
#3337 = CARTESIAN_POINT('',(-3.34404764239,1.637085812428));
#3338 = CARTESIAN_POINT('',(-3.34809600019,1.603953625117));
#3339 = CARTESIAN_POINT('',(-3.35209913056,1.570796326795));
#3340 = ( GEOMETRIC_REPRESENTATION_CONTEXT(2)
PARAMETRIC_REPRESENTATION_CONTEXT() REPRESENTATION_CONTEXT('2D SPACE',''
  ) );
#3341 = ORIENTED_EDGE('',*,*,#3342,.F.);
#3342 = EDGE_CURVE('',#1890,#3305,#3343,.T.);
#3343 = SURFACE_CURVE('',#3344,(#3349,#3355),.PCURVE_S1.);
#3344 = CIRCLE('',#3345,0.5);
#3345 = AXIS2_PLACEMENT_3D('',#3346,#3347,#3348);
#3346 = CARTESIAN_POINT('',(4.3,14.3,0.5));
#3347 = DIRECTION('',(-1.,0.,-0.));
#3348 = DIRECTION('',(-0.,1.,0.));
#3349 = PCURVE('',#1931,#3350);
#3350 = DEFINITIONAL_REPRESENTATION('',(#3351),#3354);
#3351 = B_SPLINE_CURVE_WITH_KNOTS('',1,(#3352,#3353),.UNSPECIFIED.,.F.,
  .F.,(2,2),(0.,1.570796326795),.PIECEWISE_BEZIER_KNOTS.);
#3352 = CARTESIAN_POINT('',(0.,8.6));
#3353 = CARTESIAN_POINT('',(-1.570796326795,8.6));
#3354 = ( GEOMETRIC_REPRESENTATION_CONTEXT(2)
PARAMETRIC_REPRESENTATION_CONTEXT() REPRESENTATION_CONTEXT('2D SPACE',''
  ) );
#3355 = PCURVE('',#3356,#3361);
#3356 = TOROIDAL_SURFACE('',#3357,2.5,0.5);
#3357 = AXIS2_PLACEMENT_3D('',#3358,#3359,#3360);
#3358 = CARTESIAN_POINT('',(4.3,11.8,0.5));
#3359 = DIRECTION('',(-0.,-0.,-1.));
#3360 = DIRECTION('',(-2.960594732334E-16,1.,0.));
#3361 = DEFINITIONAL_REPRESENTATION('',(#3362),#3365);
#3362 = B_SPLINE_CURVE_WITH_KNOTS('',1,(#3363,#3364),.UNSPECIFIED.,.F.,
  .F.,(2,2),(0.,1.570796326795),.PIECEWISE_BEZIER_KNOTS.);
#3363 = CARTESIAN_POINT('',(0.,0.));
#3364 = CARTESIAN_POINT('',(0.,1.570796326795));
#3365 = ( GEOMETRIC_REPRESENTATION_CONTEXT(2)
PARAMETRIC_REPRESENTATION_CONTEXT() REPRESENTATION_CONTEXT('2D SPACE',''
  ) );
#3366 = ADVANCED_FACE('',(#3367),#1905,.T.);
#3367 = FACE_BOUND('',#3368,.T.);
#3368 = EDGE_LOOP('',(#3369,#3392,#3421,#3447,#3476,#3497,#3519,#3520));
#3369 = ORIENTED_EDGE('',*,*,#3370,.F.);
#3370 = EDGE_CURVE('',#3371,#2817,#3373,.T.);
#3371 = VERTEX_POINT('',#3372);
#3372 = CARTESIAN_POINT('',(7.3,11.8,0.5));
#3373 = SURFACE_CURVE('',#3374,(#3378,#3385),.PCURVE_S1.);
#3374 = LINE('',#3375,#3376);
#3375 = CARTESIAN_POINT('',(7.3,11.8,0.));
#3376 = VECTOR('',#3377,1.);
#3377 = DIRECTION('',(0.,0.,1.));
#3378 = PCURVE('',#1905,#3379);
#3379 = DEFINITIONAL_REPRESENTATION('',(#3380),#3384);
#3380 = LINE('',#3381,#3382);
#3381 = CARTESIAN_POINT('',(0.,0.));
#3382 = VECTOR('',#3383,1.);
#3383 = DIRECTION('',(0.,1.));
#3384 = ( GEOMETRIC_REPRESENTATION_CONTEXT(2)
PARAMETRIC_REPRESENTATION_CONTEXT() REPRESENTATION_CONTEXT('2D SPACE',''
  ) );
#3385 = PCURVE('',#2598,#3386);
#3386 = DEFINITIONAL_REPRESENTATION('',(#3387),#3391);
#3387 = LINE('',#3388,#3389);
#3388 = CARTESIAN_POINT('',(0.,-26.6));
#3389 = VECTOR('',#3390,1.);
#3390 = DIRECTION('',(1.,0.));
#3391 = ( GEOMETRIC_REPRESENTATION_CONTEXT(2)
PARAMETRIC_REPRESENTATION_CONTEXT() REPRESENTATION_CONTEXT('2D SPACE',''
  ) );
#3392 = ORIENTED_EDGE('',*,*,#3393,.F.);
#3393 = EDGE_CURVE('',#3394,#3371,#3396,.T.);
#3394 = VERTEX_POINT('',#3395);
#3395 = CARTESIAN_POINT('',(7.278487989169,12.158621385831,0.5));
#3396 = SURFACE_CURVE('',#3397,(#3402,#3409),.PCURVE_S1.);
#3397 = CIRCLE('',#3398,3.);
#3398 = AXIS2_PLACEMENT_3D('',#3399,#3400,#3401);
#3399 = CARTESIAN_POINT('',(4.3,11.8,0.5));
#3400 = DIRECTION('',(-0.,0.,-1.));
#3401 = DIRECTION('',(-2.960594732334E-16,1.,0.));
#3402 = PCURVE('',#1905,#3403);
#3403 = DEFINITIONAL_REPRESENTATION('',(#3404),#3408);
#3404 = LINE('',#3405,#3406);
#3405 = CARTESIAN_POINT('',(1.570796326795,0.5));
#3406 = VECTOR('',#3407,1.);
#3407 = DIRECTION('',(-1.,-0.));
#3408 = ( GEOMETRIC_REPRESENTATION_CONTEXT(2)
PARAMETRIC_REPRESENTATION_CONTEXT() REPRESENTATION_CONTEXT('2D SPACE',''
  ) );
#3409 = PCURVE('',#3410,#3415);
#3410 = TOROIDAL_SURFACE('',#3411,2.5,0.5);
#3411 = AXIS2_PLACEMENT_3D('',#3412,#3413,#3414);
#3412 = CARTESIAN_POINT('',(4.3,11.8,0.5));
#3413 = DIRECTION('',(-0.,-0.,-1.));
#3414 = DIRECTION('',(-2.960594732334E-16,1.,0.));
#3415 = DEFINITIONAL_REPRESENTATION('',(#3416),#3420);
#3416 = LINE('',#3417,#3418);
#3417 = CARTESIAN_POINT('',(0.,0.));
#3418 = VECTOR('',#3419,1.);
#3419 = DIRECTION('',(1.,0.));
#3420 = ( GEOMETRIC_REPRESENTATION_CONTEXT(2)
PARAMETRIC_REPRESENTATION_CONTEXT() REPRESENTATION_CONTEXT('2D SPACE',''
  ) );
#3421 = ORIENTED_EDGE('',*,*,#3422,.T.);
#3422 = EDGE_CURVE('',#3394,#3423,#3425,.T.);
#3423 = VERTEX_POINT('',#3424);
#3424 = CARTESIAN_POINT('',(7.278487989169,12.158621385831,3.2));
#3425 = SURFACE_CURVE('',#3426,(#3430,#3436),.PCURVE_S1.);
#3426 = LINE('',#3427,#3428);
#3427 = CARTESIAN_POINT('',(7.278487989169,12.158621385831,0.));
#3428 = VECTOR('',#3429,1.);
#3429 = DIRECTION('',(0.,0.,1.));
#3430 = PCURVE('',#1905,#3431);
#3431 = DEFINITIONAL_REPRESENTATION('',(#3432),#3435);
#3432 = B_SPLINE_CURVE_WITH_KNOTS('',1,(#3433,#3434),.UNSPECIFIED.,.F.,
  .F.,(2,2),(0.4999994,3.2000006),.PIECEWISE_BEZIER_KNOTS.);
#3433 = CARTESIAN_POINT('',(0.119827012428,0.4999994));
#3434 = CARTESIAN_POINT('',(0.119827012428,3.2000006));
#3435 = ( GEOMETRIC_REPRESENTATION_CONTEXT(2)
PARAMETRIC_REPRESENTATION_CONTEXT() REPRESENTATION_CONTEXT('2D SPACE',''
  ) );
#3436 = PCURVE('',#3437,#3442);
#3437 = CYLINDRICAL_SURFACE('',#3438,2.85);
#3438 = AXIS2_PLACEMENT_3D('',#3439,#3440,#3441);
#3439 = CARTESIAN_POINT('',(7.5,15.,0.5));
#3440 = DIRECTION('',(0.,0.,1.));
#3441 = DIRECTION('',(1.,0.,-0.));
#3442 = DEFINITIONAL_REPRESENTATION('',(#3443),#3446);
#3443 = B_SPLINE_CURVE_WITH_KNOTS('',1,(#3444,#3445),.UNSPECIFIED.,.F.,
  .F.,(2,2),(0.4999994,3.2000006),.PIECEWISE_BEZIER_KNOTS.);
#3444 = CARTESIAN_POINT('',(4.634587000414,-6.000000000728E-07));
#3445 = CARTESIAN_POINT('',(4.634587000414,2.7000006));
#3446 = ( GEOMETRIC_REPRESENTATION_CONTEXT(2)
PARAMETRIC_REPRESENTATION_CONTEXT() REPRESENTATION_CONTEXT('2D SPACE',''
  ) );
#3447 = ORIENTED_EDGE('',*,*,#3448,.T.);
#3448 = EDGE_CURVE('',#3423,#3449,#3451,.T.);
#3449 = VERTEX_POINT('',#3450);
#3450 = CARTESIAN_POINT('',(4.658621385831,14.778487989169,3.2));
#3451 = SURFACE_CURVE('',#3452,(#3457,#3464),.PCURVE_S1.);
#3452 = CIRCLE('',#3453,3.);
#3453 = AXIS2_PLACEMENT_3D('',#3454,#3455,#3456);
#3454 = CARTESIAN_POINT('',(4.3,11.8,3.2));
#3455 = DIRECTION('',(0.,0.,1.));
#3456 = DIRECTION('',(1.,0.,-0.));
#3457 = PCURVE('',#1905,#3458);
#3458 = DEFINITIONAL_REPRESENTATION('',(#3459),#3463);
#3459 = LINE('',#3460,#3461);
#3460 = CARTESIAN_POINT('',(0.,3.2));
#3461 = VECTOR('',#3462,1.);
#3462 = DIRECTION('',(1.,0.));
#3463 = ( GEOMETRIC_REPRESENTATION_CONTEXT(2)
PARAMETRIC_REPRESENTATION_CONTEXT() REPRESENTATION_CONTEXT('2D SPACE',''
  ) );
#3464 = PCURVE('',#3465,#3470);
#3465 = PLANE('',#3466);
#3466 = AXIS2_PLACEMENT_3D('',#3467,#3468,#3469);
#3467 = CARTESIAN_POINT('',(7.5,15.,3.2));
#3468 = DIRECTION('',(0.,0.,1.));
#3469 = DIRECTION('',(1.,0.,-0.));
#3470 = DEFINITIONAL_REPRESENTATION('',(#3471),#3475);
#3471 = CIRCLE('',#3472,3.);
#3472 = AXIS2_PLACEMENT_2D('',#3473,#3474);
#3473 = CARTESIAN_POINT('',(-3.2,-3.2));
#3474 = DIRECTION('',(1.,0.));
#3475 = ( GEOMETRIC_REPRESENTATION_CONTEXT(2)
PARAMETRIC_REPRESENTATION_CONTEXT() REPRESENTATION_CONTEXT('2D SPACE',''
  ) );
#3476 = ORIENTED_EDGE('',*,*,#3477,.F.);
#3477 = EDGE_CURVE('',#3478,#3449,#3480,.T.);
#3478 = VERTEX_POINT('',#3479);
#3479 = CARTESIAN_POINT('',(4.658621385831,14.778487989169,0.5));
#3480 = SURFACE_CURVE('',#3481,(#3485,#3491),.PCURVE_S1.);
#3481 = LINE('',#3482,#3483);
#3482 = CARTESIAN_POINT('',(4.658621385831,14.778487989169,0.));
#3483 = VECTOR('',#3484,1.);
#3484 = DIRECTION('',(0.,0.,1.));
#3485 = PCURVE('',#1905,#3486);
#3486 = DEFINITIONAL_REPRESENTATION('',(#3487),#3490);
#3487 = B_SPLINE_CURVE_WITH_KNOTS('',1,(#3488,#3489),.UNSPECIFIED.,.F.,
  .F.,(2,2),(0.4999994,3.2000006),.PIECEWISE_BEZIER_KNOTS.);
#3488 = CARTESIAN_POINT('',(1.450969314366,0.4999994));
#3489 = CARTESIAN_POINT('',(1.450969314366,3.2000006));
#3490 = ( GEOMETRIC_REPRESENTATION_CONTEXT(2)
PARAMETRIC_REPRESENTATION_CONTEXT() REPRESENTATION_CONTEXT('2D SPACE',''
  ) );
#3491 = PCURVE('',#3437,#3492);
#3492 = DEFINITIONAL_REPRESENTATION('',(#3493),#3496);
#3493 = B_SPLINE_CURVE_WITH_KNOTS('',1,(#3494,#3495),.UNSPECIFIED.,.F.,
  .F.,(2,2),(0.4999994,3.2000006),.PIECEWISE_BEZIER_KNOTS.);
#3494 = CARTESIAN_POINT('',(3.219394633561,-6.000000000728E-07));
#3495 = CARTESIAN_POINT('',(3.219394633561,2.7000006));
#3496 = ( GEOMETRIC_REPRESENTATION_CONTEXT(2)
PARAMETRIC_REPRESENTATION_CONTEXT() REPRESENTATION_CONTEXT('2D SPACE',''
  ) );
#3497 = ORIENTED_EDGE('',*,*,#3498,.F.);
#3498 = EDGE_CURVE('',#1890,#3478,#3499,.T.);
#3499 = SURFACE_CURVE('',#3500,(#3505,#3512),.PCURVE_S1.);
#3500 = CIRCLE('',#3501,3.);
#3501 = AXIS2_PLACEMENT_3D('',#3502,#3503,#3504);
#3502 = CARTESIAN_POINT('',(4.3,11.8,0.5));
#3503 = DIRECTION('',(-0.,0.,-1.));
#3504 = DIRECTION('',(-2.960594732334E-16,1.,0.));
#3505 = PCURVE('',#1905,#3506);
#3506 = DEFINITIONAL_REPRESENTATION('',(#3507),#3511);
#3507 = LINE('',#3508,#3509);
#3508 = CARTESIAN_POINT('',(1.570796326795,0.5));
#3509 = VECTOR('',#3510,1.);
#3510 = DIRECTION('',(-1.,-0.));
#3511 = ( GEOMETRIC_REPRESENTATION_CONTEXT(2)
PARAMETRIC_REPRESENTATION_CONTEXT() REPRESENTATION_CONTEXT('2D SPACE',''
  ) );
#3512 = PCURVE('',#3356,#3513);
#3513 = DEFINITIONAL_REPRESENTATION('',(#3514),#3518);
#3514 = LINE('',#3515,#3516);
#3515 = CARTESIAN_POINT('',(0.,0.));
#3516 = VECTOR('',#3517,1.);
#3517 = DIRECTION('',(1.,0.));
#3518 = ( GEOMETRIC_REPRESENTATION_CONTEXT(2)
PARAMETRIC_REPRESENTATION_CONTEXT() REPRESENTATION_CONTEXT('2D SPACE',''
  ) );
#3519 = ORIENTED_EDGE('',*,*,#1889,.T.);
#3520 = ORIENTED_EDGE('',*,*,#2816,.T.);
#3521 = ADVANCED_FACE('',(#3522),#2373,.T.);
#3522 = FACE_BOUND('',#3523,.F.);
#3523 = EDGE_LOOP('',(#3524,#3525,#3526,#3564,#3612,#3634));
#3524 = ORIENTED_EDGE('',*,*,#3304,.T.);
#3525 = ORIENTED_EDGE('',*,*,#2356,.T.);
#3526 = ORIENTED_EDGE('',*,*,#3527,.F.);
#3527 = EDGE_CURVE('',#3528,#2329,#3530,.T.);
#3528 = VERTEX_POINT('',#3529);
#3529 = CARTESIAN_POINT('',(6.892924528302,11.8,8.710846812316E-03));
#3530 = SURFACE_CURVE('',#3531,(#3540,#3552),.PCURVE_S1.);
#3531 = B_SPLINE_CURVE_WITH_KNOTS('',4,(#3532,#3533,#3534,#3535,#3536,
    #3537,#3538,#3539),.UNSPECIFIED.,.F.,.F.,(5,3,5),(0.,0.291122686124,
    1.),.UNSPECIFIED.);
#3532 = CARTESIAN_POINT('',(6.89292525283,11.8000006,8.710983853233E-03)
  );
#3533 = CARTESIAN_POINT('',(6.886241668451,11.794465755575,
    7.446811824787E-03));
#3534 = CARTESIAN_POINT('',(6.879536054839,11.788925432784,
    6.304043418791E-03));
#3535 = CARTESIAN_POINT('',(6.872811254228,11.783382041755,
    5.283140424633E-03));
#3536 = CARTESIAN_POINT('',(6.849655752869,11.764338282298,
    2.196296477035E-03));
#3537 = CARTESIAN_POINT('',(6.833144734081,11.750834556269,
    7.329453216798E-04));
#3538 = CARTESIAN_POINT('',(6.816578650861,11.73736103282,
    -2.421229754451E-09));
#3539 = CARTESIAN_POINT('',(6.799999995457,11.723950550794,0.));
#3540 = PCURVE('',#2373,#3541);
#3541 = DEFINITIONAL_REPRESENTATION('',(#3542),#3551);
#3542 = B_SPLINE_CURVE_WITH_KNOTS('',4,(#3543,#3544,#3545,#3546,#3547,
    #3548,#3549,#3550),.UNSPECIFIED.,.F.,.F.,(5,3,5),(0.,0.291122686124,
    1.),.UNSPECIFIED.);
#3543 = CARTESIAN_POINT('',(-4.524906086878,1.75773372188));
#3544 = CARTESIAN_POINT('',(-4.523206757014,1.7441295414));
#3545 = CARTESIAN_POINT('',(-4.521510382477,1.730527156356));
#3546 = CARTESIAN_POINT('',(-4.519817732715,1.716925711338));
#3547 = CARTESIAN_POINT('',(-4.514018656487,1.670205015762));
#3548 = CARTESIAN_POINT('',(-4.509933990115,1.637085814439));
#3549 = CARTESIAN_POINT('',(-4.505885635184,1.603953611288));
#3550 = CARTESIAN_POINT('',(-4.501882501355,1.570796326795));
#3551 = ( GEOMETRIC_REPRESENTATION_CONTEXT(2)
PARAMETRIC_REPRESENTATION_CONTEXT() REPRESENTATION_CONTEXT('2D SPACE',''
  ) );
#3552 = PCURVE('',#2344,#3553);
#3553 = DEFINITIONAL_REPRESENTATION('',(#3554),#3563);
#3554 = B_SPLINE_CURVE_WITH_KNOTS('',4,(#3555,#3556,#3557,#3558,#3559,
    #3560,#3561,#3562),.UNSPECIFIED.,.F.,.F.,(5,3,5),(0.,0.291122686124,
    1.),.UNSPECIFIED.);
#3555 = CARTESIAN_POINT('',(-1.383858949333,-6.E-07));
#3556 = CARTESIAN_POINT('',(-1.39746312973,5.534244424841E-03));
#3557 = CARTESIAN_POINT('',(-1.411065475273,1.10745672156E-02));
#3558 = CARTESIAN_POINT('',(-1.424666942251,1.661795824542E-02));
#3559 = CARTESIAN_POINT('',(-1.471387637827,3.566171770183E-02));
#3560 = CARTESIAN_POINT('',(-1.50450684667,4.916544373067E-02));
#3561 = CARTESIAN_POINT('',(-1.537639028737,6.263896717954E-02));
#3562 = CARTESIAN_POINT('',(-1.570796335881,7.60494492055E-02));
#3563 = ( GEOMETRIC_REPRESENTATION_CONTEXT(2)
PARAMETRIC_REPRESENTATION_CONTEXT() REPRESENTATION_CONTEXT('2D SPACE',''
  ) );
#3564 = ORIENTED_EDGE('',*,*,#3565,.T.);
#3565 = EDGE_CURVE('',#3528,#3394,#3566,.T.);
#3566 = SURFACE_CURVE('',#3567,(#3580,#3596),.PCURVE_S1.);
#3567 = B_SPLINE_CURVE_WITH_KNOTS('',6,(#3568,#3569,#3570,#3571,#3572,
    #3573,#3574,#3575,#3576,#3577,#3578,#3579),.UNSPECIFIED.,.F.,.F.,(7,
    5,7),(0.,0.530196544774,1.),.UNSPECIFIED.);
#3568 = CARTESIAN_POINT('',(6.892924528302,11.8,8.710846812316E-03));
#3569 = CARTESIAN_POINT('',(6.951568613064,11.848564632693,
    1.980303942196E-02));
#3570 = CARTESIAN_POINT('',(7.007695780106,11.897040464375,
    3.932656514217E-02));
#3571 = CARTESIAN_POINT('',(7.060018132361,11.94414352111,
    6.710524508192E-02));
#3572 = CARTESIAN_POINT('',(7.107379345672,11.988412529287,0.10270425048
    ));
#3573 = CARTESIAN_POINT('',(7.14876606576,12.028256756669,0.145334675221
    ));
#3574 = CARTESIAN_POINT('',(7.214031618082,12.092444558577,
    0.236746556684));
#3575 = CARTESIAN_POINT('',(7.239373640697,12.118042217127,
    0.284282476208));
#3576 = CARTESIAN_POINT('',(7.25881198476,12.138099096122,0.335556585231
    ));
#3577 = CARTESIAN_POINT('',(7.27193074798,12.151783015292,0.389477743529
    ));
#3578 = CARTESIAN_POINT('',(7.278487989169,12.158621385831,
    0.444744462329));
#3579 = CARTESIAN_POINT('',(7.278487989169,12.158621385831,0.5));
#3580 = PCURVE('',#2373,#3581);
#3581 = DEFINITIONAL_REPRESENTATION('',(#3582),#3595);
#3582 = B_SPLINE_CURVE_WITH_KNOTS('',6,(#3583,#3584,#3585,#3586,#3587,
    #3588,#3589,#3590,#3591,#3592,#3593,#3594),.UNSPECIFIED.,.F.,.F.,(7,
    5,7),(0.,0.530196544774,1.),.UNSPECIFIED.);
#3583 = CARTESIAN_POINT('',(-4.524905897911,1.757732235448));
#3584 = CARTESIAN_POINT('',(-4.539816400635,1.877099993481));
#3585 = CARTESIAN_POINT('',(-4.554617196703,1.996800234309));
#3586 = CARTESIAN_POINT('',(-4.568960217143,2.117066838842));
#3587 = CARTESIAN_POINT('',(-4.582448704697,2.238062967399));
#3588 = CARTESIAN_POINT('',(-4.594612573856,2.359888013897));
#3589 = CARTESIAN_POINT('',(-4.614245981877,2.591149634865));
#3590 = CARTESIAN_POINT('',(-4.622094040225,2.700436853174));
#3591 = CARTESIAN_POINT('',(-4.628262833526,2.810275806664));
#3592 = CARTESIAN_POINT('',(-4.632479906197,2.920548315351));
#3593 = CARTESIAN_POINT('',(-4.634586995093,3.031081578248));
#3594 = CARTESIAN_POINT('',(-4.634586995093,3.14159265359));
#3595 = ( GEOMETRIC_REPRESENTATION_CONTEXT(2)
PARAMETRIC_REPRESENTATION_CONTEXT() REPRESENTATION_CONTEXT('2D SPACE',''
  ) );
#3596 = PCURVE('',#3410,#3597);
#3597 = DEFINITIONAL_REPRESENTATION('',(#3598),#3611);
#3598 = B_SPLINE_CURVE_WITH_KNOTS('',6,(#3599,#3600,#3601,#3602,#3603,
    #3604,#3605,#3606,#3607,#3608,#3609,#3610),.UNSPECIFIED.,.F.,.F.,(7,
    5,7),(0.,0.530196544774,1.),.UNSPECIFIED.);
#3599 = CARTESIAN_POINT('',(1.570796326795,1.383860424082));
#3600 = CARTESIAN_POINT('',(1.552066652189,1.264492666049));
#3601 = CARTESIAN_POINT('',(1.534387895104,1.144792396737));
#3602 = CARTESIAN_POINT('',(1.518090039829,1.024525837422));
#3603 = CARTESIAN_POINT('',(1.503444078532,0.903529677444));
#3604 = CARTESIAN_POINT('',(1.490703203489,0.781704639693));
#3605 = CARTESIAN_POINT('',(1.470666650456,0.550443018725));
#3606 = CARTESIAN_POINT('',(1.462914265857,0.441155800415));
#3607 = CARTESIAN_POINT('',(1.456976670545,0.331316846926));
#3608 = CARTESIAN_POINT('',(1.452971224569,0.221044338239));
#3609 = CARTESIAN_POINT('',(1.450969314366,0.110511075342));
#3610 = CARTESIAN_POINT('',(1.450969314366,0.));
#3611 = ( GEOMETRIC_REPRESENTATION_CONTEXT(2)
PARAMETRIC_REPRESENTATION_CONTEXT() REPRESENTATION_CONTEXT('2D SPACE',''
  ) );
#3612 = ORIENTED_EDGE('',*,*,#3613,.F.);
#3613 = EDGE_CURVE('',#3478,#3394,#3614,.T.);
#3614 = SURFACE_CURVE('',#3615,(#3620,#3627),.PCURVE_S1.);
#3615 = CIRCLE('',#3616,2.85);
#3616 = AXIS2_PLACEMENT_3D('',#3617,#3618,#3619);
#3617 = CARTESIAN_POINT('',(7.5,15.,0.5));
#3618 = DIRECTION('',(0.,0.,1.));
#3619 = DIRECTION('',(1.,0.,-0.));
#3620 = PCURVE('',#2373,#3621);
#3621 = DEFINITIONAL_REPRESENTATION('',(#3622),#3626);
#3622 = LINE('',#3623,#3624);
#3623 = CARTESIAN_POINT('',(-0.,3.14159265359));
#3624 = VECTOR('',#3625,1.);
#3625 = DIRECTION('',(-1.,0.));
#3626 = ( GEOMETRIC_REPRESENTATION_CONTEXT(2)
PARAMETRIC_REPRESENTATION_CONTEXT() REPRESENTATION_CONTEXT('2D SPACE',''
  ) );
#3627 = PCURVE('',#3437,#3628);
#3628 = DEFINITIONAL_REPRESENTATION('',(#3629),#3633);
#3629 = LINE('',#3630,#3631);
#3630 = CARTESIAN_POINT('',(0.,0.));
#3631 = VECTOR('',#3632,1.);
#3632 = DIRECTION('',(1.,0.));
#3633 = ( GEOMETRIC_REPRESENTATION_CONTEXT(2)
PARAMETRIC_REPRESENTATION_CONTEXT() REPRESENTATION_CONTEXT('2D SPACE',''
  ) );
#3634 = ORIENTED_EDGE('',*,*,#3635,.T.);
#3635 = EDGE_CURVE('',#3478,#3305,#3636,.T.);
#3636 = SURFACE_CURVE('',#3637,(#3655,#3676),.PCURVE_S1.);
#3637 = B_SPLINE_CURVE_WITH_KNOTS('',6,(#3638,#3639,#3640,#3641,#3642,
    #3643,#3644,#3645,#3646,#3647,#3648,#3649,#3650,#3651,#3652,#3653,
    #3654),.UNSPECIFIED.,.F.,.F.,(7,5,5,7),(0.,0.47033550484,
    0.951384523505,1.),.UNSPECIFIED.);
#3638 = CARTESIAN_POINT('',(4.658621385831,14.778487989169,0.5));
#3639 = CARTESIAN_POINT('',(4.658621385831,14.778487989169,
    0.444682222737));
#3640 = CARTESIAN_POINT('',(4.651767602848,14.771915966914,0.38935321385
    ));
#3641 = CARTESIAN_POINT('',(4.638052813732,14.758767619651,
    0.335374355902));
#3642 = CARTESIAN_POINT('',(4.617951799266,14.739286003746,0.28405147289
    ));
#3643 = CARTESIAN_POINT('',(4.592300327054,14.713888824717,
    0.236478880623));
#3644 = CARTESIAN_POINT('',(4.53118137775,14.651735818679,0.149563837249
    ));
#3645 = CARTESIAN_POINT('',(4.495497235653,14.614727518903,
    0.110423923343));
#3646 = CARTESIAN_POINT('',(4.45606922293,14.572741902535,
    7.698417517096E-02));
#3647 = CARTESIAN_POINT('',(4.414072800848,14.526523244417,
    4.986213976985E-02));
#3648 = CARTESIAN_POINT('',(4.370614268293,14.476915176145,
    2.942964844311E-02));
#3649 = CARTESIAN_POINT('',(4.322247987175,14.419589571165,
    1.45037136183E-02));
#3650 = CARTESIAN_POINT('',(4.317803884292,14.414302834984,
    1.320396279189E-02));
#3651 = CARTESIAN_POINT('',(4.313356023815,14.408991981132,
    1.197463665229E-02));
#3652 = CARTESIAN_POINT('',(4.308905421292,14.403657985247,
    1.081590868436E-02));
#3653 = CARTESIAN_POINT('',(4.304453081811,14.39830183464,
    9.727933494833E-03));
#3654 = CARTESIAN_POINT('',(4.3,14.392924528302,8.710846812316E-03));
#3655 = PCURVE('',#2373,#3656);
#3656 = DEFINITIONAL_REPRESENTATION('',(#3657),#3675);
#3657 = B_SPLINE_CURVE_WITH_KNOTS('',6,(#3658,#3659,#3660,#3661,#3662,
    #3663,#3664,#3665,#3666,#3667,#3668,#3669,#3670,#3671,#3672,#3673,
    #3674),.UNSPECIFIED.,.F.,.F.,(7,5,5,7),(0.,0.47033550484,
    0.951384523505,1.),.UNSPECIFIED.);
#3658 = CARTESIAN_POINT('',(-3.219394638532,3.14159265359));
#3659 = CARTESIAN_POINT('',(-3.219394638532,3.030957099064));
#3660 = CARTESIAN_POINT('',(-3.221506477725,2.920299257645));
#3661 = CARTESIAN_POINT('',(-3.225733063293,2.809903123157));
#3662 = CARTESIAN_POINT('',(-3.23191540248,2.699941954503));
#3663 = CARTESIAN_POINT('',(-3.239779872677,2.59053414255));
#3664 = CARTESIAN_POINT('',(-3.258474386361,2.370523785244));
#3665 = CARTESIAN_POINT('',(-3.269369794979,2.259926991045));
#3666 = CARTESIAN_POINT('',(-3.281387173258,2.150009448363));
#3667 = CARTESIAN_POINT('',(-3.294177584471,2.040707510957));
#3668 = CARTESIAN_POINT('',(-3.307435904923,1.931908489977));
#3669 = CARTESIAN_POINT('',(-3.322251650108,1.812488486026));
#3670 = CARTESIAN_POINT('',(-3.323613537863,1.801530942683));
#3671 = CARTESIAN_POINT('',(-3.324977164208,1.790576714282));
#3672 = CARTESIAN_POINT('',(-3.32634225326,1.779625636723));
#3673 = CARTESIAN_POINT('',(-3.327708533062,1.768677538373));
#3674 = CARTESIAN_POINT('',(-3.329075735587,1.757732240064));
#3675 = ( GEOMETRIC_REPRESENTATION_CONTEXT(2)
PARAMETRIC_REPRESENTATION_CONTEXT() REPRESENTATION_CONTEXT('2D SPACE',''
  ) );
#3676 = PCURVE('',#3356,#3677);
#3677 = DEFINITIONAL_REPRESENTATION('',(#3678),#3696);
#3678 = B_SPLINE_CURVE_WITH_KNOTS('',6,(#3679,#3680,#3681,#3682,#3683,
    #3684,#3685,#3686,#3687,#3688,#3689,#3690,#3691,#3692,#3693,#3694,
    #3695),.UNSPECIFIED.,.F.,.F.,(7,5,5,7),(0.,0.47033550484,
    0.951384523505,1.),.UNSPECIFIED.);
#3679 = CARTESIAN_POINT('',(0.119827012428,0.));
#3680 = CARTESIAN_POINT('',(0.119827012428,0.110635554526));
#3681 = CARTESIAN_POINT('',(0.117820589881,0.221293395945));
#3682 = CARTESIAN_POINT('',(0.113806109909,0.331689530433));
#3683 = CARTESIAN_POINT('',(0.107855292212,0.441650699087));
#3684 = CARTESIAN_POINT('',(0.100085994018,0.55105851104));
#3685 = CARTESIAN_POINT('',(8.100467884219E-02,0.771068868346));
#3686 = CARTESIAN_POINT('',(6.961392124177E-02,0.881665662544));
#3687 = CARTESIAN_POINT('',(5.66392861786E-02,0.991583205226));
#3688 = CARTESIAN_POINT('',(4.226755367716E-02,1.100885142632));
#3689 = CARTESIAN_POINT('',(2.669847323094E-02,1.209684163613));
#3690 = CARTESIAN_POINT('',(8.496107093298E-03,1.329104167564));
#3691 = CARTESIAN_POINT('',(6.815564536629E-03,1.34006170563));
#3692 = CARTESIAN_POINT('',(5.125433408725E-03,1.351015933504));
#3693 = CARTESIAN_POINT('',(3.425960543506E-03,1.361967017924));
#3694 = CARTESIAN_POINT('',(1.71739738753E-03,1.372915125773));
#3695 = CARTESIAN_POINT('',(0.,1.383860424082));
#3696 = ( GEOMETRIC_REPRESENTATION_CONTEXT(2)
PARAMETRIC_REPRESENTATION_CONTEXT() REPRESENTATION_CONTEXT('2D SPACE',''
  ) );
#3697 = ADVANCED_FACE('',(#3698),#2344,.T.);
#3698 = FACE_BOUND('',#3699,.F.);
#3699 = EDGE_LOOP('',(#3700,#3723,#3743,#3744,#3745));
#3700 = ORIENTED_EDGE('',*,*,#3701,.F.);
#3701 = EDGE_CURVE('',#3371,#3702,#3704,.T.);
#3702 = VERTEX_POINT('',#3703);
#3703 = CARTESIAN_POINT('',(7.3,2.842973795166,0.5));
#3704 = SURFACE_CURVE('',#3705,(#3709,#3716),.PCURVE_S1.);
#3705 = LINE('',#3706,#3707);
#3706 = CARTESIAN_POINT('',(7.3,11.8,0.5));
#3707 = VECTOR('',#3708,1.);
#3708 = DIRECTION('',(-0.,-1.,-0.));
#3709 = PCURVE('',#2344,#3710);
#3710 = DEFINITIONAL_REPRESENTATION('',(#3711),#3715);
#3711 = LINE('',#3712,#3713);
#3712 = CARTESIAN_POINT('',(-0.,0.));
#3713 = VECTOR('',#3714,1.);
#3714 = DIRECTION('',(-0.,1.));
#3715 = ( GEOMETRIC_REPRESENTATION_CONTEXT(2)
PARAMETRIC_REPRESENTATION_CONTEXT() REPRESENTATION_CONTEXT('2D SPACE',''
  ) );
#3716 = PCURVE('',#2598,#3717);
#3717 = DEFINITIONAL_REPRESENTATION('',(#3718),#3722);
#3718 = LINE('',#3719,#3720);
#3719 = CARTESIAN_POINT('',(0.5,-26.6));
#3720 = VECTOR('',#3721,1.);
#3721 = DIRECTION('',(-0.,1.));
#3722 = ( GEOMETRIC_REPRESENTATION_CONTEXT(2)
PARAMETRIC_REPRESENTATION_CONTEXT() REPRESENTATION_CONTEXT('2D SPACE',''
  ) );
#3723 = ORIENTED_EDGE('',*,*,#3724,.T.);
#3724 = EDGE_CURVE('',#3371,#3528,#3725,.T.);
#3725 = SURFACE_CURVE('',#3726,(#3731,#3737),.PCURVE_S1.);
#3726 = CIRCLE('',#3727,0.5);
#3727 = AXIS2_PLACEMENT_3D('',#3728,#3729,#3730);
#3728 = CARTESIAN_POINT('',(6.8,11.8,0.5));
#3729 = DIRECTION('',(-3.572918131907E-16,1.,0.));
#3730 = DIRECTION('',(1.,3.572918131907E-16,0.));
#3731 = PCURVE('',#2344,#3732);
#3732 = DEFINITIONAL_REPRESENTATION('',(#3733),#3736);
#3733 = B_SPLINE_CURVE_WITH_KNOTS('',1,(#3734,#3735),.UNSPECIFIED.,.F.,
  .F.,(2,2),(0.,1.570796326795),.PIECEWISE_BEZIER_KNOTS.);
#3734 = CARTESIAN_POINT('',(0.,0.));
#3735 = CARTESIAN_POINT('',(-1.570796326795,0.));
#3736 = ( GEOMETRIC_REPRESENTATION_CONTEXT(2)
PARAMETRIC_REPRESENTATION_CONTEXT() REPRESENTATION_CONTEXT('2D SPACE',''
  ) );
#3737 = PCURVE('',#3410,#3738);
#3738 = DEFINITIONAL_REPRESENTATION('',(#3739),#3742);
#3739 = B_SPLINE_CURVE_WITH_KNOTS('',1,(#3740,#3741),.UNSPECIFIED.,.F.,
  .F.,(2,2),(0.,1.570796326795),.PIECEWISE_BEZIER_KNOTS.);
#3740 = CARTESIAN_POINT('',(1.570796326795,0.));
#3741 = CARTESIAN_POINT('',(1.570796326795,1.570796326795));
#3742 = ( GEOMETRIC_REPRESENTATION_CONTEXT(2)
PARAMETRIC_REPRESENTATION_CONTEXT() REPRESENTATION_CONTEXT('2D SPACE',''
  ) );
#3743 = ORIENTED_EDGE('',*,*,#3527,.T.);
#3744 = ORIENTED_EDGE('',*,*,#2328,.T.);
#3745 = ORIENTED_EDGE('',*,*,#3746,.F.);
#3746 = EDGE_CURVE('',#3702,#2300,#3747,.T.);
#3747 = SURFACE_CURVE('',#3748,(#3771,#3797),.PCURVE_S1.);
#3748 = B_SPLINE_CURVE_WITH_KNOTS('',6,(#3749,#3750,#3751,#3752,#3753,
    #3754,#3755,#3756,#3757,#3758,#3759,#3760,#3761,#3762,#3763,#3764,
    #3765,#3766,#3767,#3768,#3769,#3770),.UNSPECIFIED.,.F.,.F.,(7,5,5,5,
    7),(0.,0.404000583647,0.655999140234,0.912998794482,1.),
  .UNSPECIFIED.);
#3749 = CARTESIAN_POINT('',(7.3,2.842973795166,0.5));
#3750 = CARTESIAN_POINT('',(7.3,2.842973795166,0.444905256815));
#3751 = CARTESIAN_POINT('',(7.2927152166,2.849763576742,0.389791656945)
  );
#3752 = CARTESIAN_POINT('',(7.278134622697,2.86335709454,0.336177753));
#3753 = CARTESIAN_POINT('',(7.256796800404,2.883117768922,0.285430364176
    ));
#3754 = CARTESIAN_POINT('',(7.229510843429,2.908082501103,0.238552858741
    ));
#3755 = CARTESIAN_POINT('',(7.176998679079,2.955459054162,0.169886839857
    ));
#3756 = CARTESIAN_POINT('',(7.154853007693,2.975303697176,0.145285446431
    ));
#3757 = CARTESIAN_POINT('',(7.1309405867,2.996560723079,0.122625193633)
  );
#3758 = CARTESIAN_POINT('',(7.105473342379,3.018998647782,0.102030788098
    ));
#3759 = CARTESIAN_POINT('',(7.078661159933,3.042397000748,
    8.359632948722E-02));
#3760 = CARTESIAN_POINT('',(7.022193163314,3.091194475985,
    5.087183511271E-02));
#3761 = CARTESIAN_POINT('',(6.992493334409,3.116622414482,
    3.6672352608E-02));
#3762 = CARTESIAN_POINT('',(6.961819000879,3.142626239633,
    2.487323680753E-02));
#3763 = CARTESIAN_POINT('',(6.930382429415,3.169006561713,
    1.553290428631E-02));
#3764 = CARTESIAN_POINT('',(6.898395365597,3.195576839108,
    8.693740700777E-03));
#3765 = CARTESIAN_POINT('',(6.855127223082,3.231161821069,
    2.925694404942E-03));
#3766 = CARTESIAN_POINT('',(6.844145640822,3.240163229155,
    1.756835664243E-03));
#3767 = CARTESIAN_POINT('',(6.833133722707,3.249159402897,
    8.790260860656E-04));
#3768 = CARTESIAN_POINT('',(6.822099840858,3.258143587762,
    2.931769103648E-04));
#3769 = CARTESIAN_POINT('',(6.811052432501,3.267109124707,
    -1.568146620658E-09));
#3770 = CARTESIAN_POINT('',(6.799999999972,3.27604945017,0.));
#3771 = PCURVE('',#2344,#3772);
#3772 = DEFINITIONAL_REPRESENTATION('',(#3773),#3796);
#3773 = B_SPLINE_CURVE_WITH_KNOTS('',6,(#3774,#3775,#3776,#3777,#3778,
    #3779,#3780,#3781,#3782,#3783,#3784,#3785,#3786,#3787,#3788,#3789,
    #3790,#3791,#3792,#3793,#3794,#3795),.UNSPECIFIED.,.F.,.F.,(7,5,5,5,
    7),(0.,0.404000583647,0.655999140234,0.912998794482,1.),
  .UNSPECIFIED.);
#3774 = CARTESIAN_POINT('',(8.881784197001E-16,8.957026204834));
#3775 = CARTESIAN_POINT('',(-0.11018948637,8.957026204834));
#3776 = CARTESIAN_POINT('',(-0.220416082366,8.950236423258));
#3777 = CARTESIAN_POINT('',(-0.33005501898,8.93664290546));
#3778 = CARTESIAN_POINT('',(-0.438774863928,8.916882231078));
#3779 = CARTESIAN_POINT('',(-0.546398984113,8.891917498897));
#3780 = CARTESIAN_POINT('',(-0.719286803859,8.844540945838));
#3781 = CARTESIAN_POINT('',(-0.785276034346,8.824696302824));
#3782 = CARTESIAN_POINT('',(-0.85085640432,8.803439276921));
#3783 = CARTESIAN_POINT('',(-0.916062730812,8.781001352218));
#3784 = CARTESIAN_POINT('',(-0.980945848261,8.757602999252));
#3785 = CARTESIAN_POINT('',(-1.111475954739,8.708805524015));
#3786 = CARTESIAN_POINT('',(-1.177108637832,8.683377585518));
#3787 = CARTESIAN_POINT('',(-1.242535838965,8.657373760367));
#3788 = CARTESIAN_POINT('',(-1.30782541584,8.630993438287));
#3789 = CARTESIAN_POINT('',(-1.373046056992,8.604423160892));
#3790 = CARTESIAN_POINT('',(-1.460347890071,8.568838178931));
#3791 = CARTESIAN_POINT('',(-1.482427368937,8.559836770845));
#3792 = CARTESIAN_POINT('',(-1.504509438273,8.550840597103));
#3793 = CARTESIAN_POINT('',(-1.526596642268,8.541856412238));
#3794 = CARTESIAN_POINT('',(-1.548691464273,8.532890875293));
#3795 = CARTESIAN_POINT('',(-1.570796326795,8.52395054983));
#3796 = ( GEOMETRIC_REPRESENTATION_CONTEXT(2)
PARAMETRIC_REPRESENTATION_CONTEXT() REPRESENTATION_CONTEXT('2D SPACE',''
  ) );
#3797 = PCURVE('',#2316,#3798);
#3798 = DEFINITIONAL_REPRESENTATION('',(#3799),#3822);
#3799 = B_SPLINE_CURVE_WITH_KNOTS('',6,(#3800,#3801,#3802,#3803,#3804,
    #3805,#3806,#3807,#3808,#3809,#3810,#3811,#3812,#3813,#3814,#3815,
    #3816,#3817,#3818,#3819,#3820,#3821),.UNSPECIFIED.,.F.,.F.,(7,5,5,5,
    7),(0.,0.404000583647,0.655999140234,0.912998794482,1.),
  .UNSPECIFIED.);
#3800 = CARTESIAN_POINT('',(-1.641029490976,3.14159265359));
#3801 = CARTESIAN_POINT('',(-1.641029490976,3.03140316722));
#3802 = CARTESIAN_POINT('',(-1.643411646968,2.921176571224));
#3803 = CARTESIAN_POINT('',(-1.648182406601,2.81153763461));
#3804 = CARTESIAN_POINT('',(-1.655067292351,2.702817789662));
#3805 = CARTESIAN_POINT('',(-1.663651454845,2.595193669476));
#3806 = CARTESIAN_POINT('',(-1.679695916678,2.422305849731));
#3807 = CARTESIAN_POINT('',(-1.686365987192,2.356316619244));
#3808 = CARTESIAN_POINT('',(-1.693447115689,2.29073624927));
#3809 = CARTESIAN_POINT('',(-1.700846999825,2.225529922778));
#3810 = CARTESIAN_POINT('',(-1.708480902995,2.160646805329));
#3811 = CARTESIAN_POINT('',(-1.724225602511,2.030116698851));
#3812 = CARTESIAN_POINT('',(-1.732342284158,1.964484015757));
#3813 = CARTESIAN_POINT('',(-1.74054778241,1.899056814624));
#3814 = CARTESIAN_POINT('',(-1.748773662322,1.83376723775));
#3815 = CARTESIAN_POINT('',(-1.756960275838,1.768546596598));
#3816 = CARTESIAN_POINT('',(-1.767796372747,1.681244763518));
#3817 = CARTESIAN_POINT('',(-1.770526461209,1.659165284653));
#3818 = CARTESIAN_POINT('',(-1.773244054349,1.637083215317));
#3819 = CARTESIAN_POINT('',(-1.775947205625,1.614996011321));
#3820 = CARTESIAN_POINT('',(-1.7786340501,1.592901189317));
#3821 = CARTESIAN_POINT('',(-1.781302804447,1.570796326795));
#3822 = ( GEOMETRIC_REPRESENTATION_CONTEXT(2)
PARAMETRIC_REPRESENTATION_CONTEXT() REPRESENTATION_CONTEXT('2D SPACE',''
  ) );
#3823 = ADVANCED_FACE('',(#3824),#2316,.T.);
#3824 = FACE_BOUND('',#3825,.F.);
#3825 = EDGE_LOOP('',(#3826,#3906,#3933,#3934));
#3826 = ORIENTED_EDGE('',*,*,#3827,.F.);
#3827 = EDGE_CURVE('',#3828,#2272,#3830,.T.);
#3828 = VERTEX_POINT('',#3829);
#3829 = CARTESIAN_POINT('',(7.3,-2.842973795166,0.5));
#3830 = SURFACE_CURVE('',#3831,(#3854,#3880),.PCURVE_S1.);
#3831 = B_SPLINE_CURVE_WITH_KNOTS('',6,(#3832,#3833,#3834,#3835,#3836,
    #3837,#3838,#3839,#3840,#3841,#3842,#3843,#3844,#3845,#3846,#3847,
    #3848,#3849,#3850,#3851,#3852,#3853),.UNSPECIFIED.,.F.,.F.,(7,5,5,5,
    7),(0.,0.40400058254,0.655999138437,0.912998791981,1.),
  .UNSPECIFIED.);
#3832 = CARTESIAN_POINT('',(7.3,-2.842973795166,0.5));
#3833 = CARTESIAN_POINT('',(7.3,-2.842973795166,0.444905256815));
#3834 = CARTESIAN_POINT('',(7.2927152166,-2.849763576742,0.389791656945)
  );
#3835 = CARTESIAN_POINT('',(7.278134622698,-2.86335709454,0.336177753));
#3836 = CARTESIAN_POINT('',(7.256796800404,-2.883117768922,
    0.285430364176));
#3837 = CARTESIAN_POINT('',(7.229510843429,-2.908082501103,
    0.238552858741));
#3838 = CARTESIAN_POINT('',(7.176998679079,-2.955459054162,
    0.169886839857));
#3839 = CARTESIAN_POINT('',(7.154853007693,-2.975303697176,
    0.145285446431));
#3840 = CARTESIAN_POINT('',(7.1309405867,-2.996560723079,0.122625193633)
  );
#3841 = CARTESIAN_POINT('',(7.105473342379,-3.018998647782,
    0.102030788098));
#3842 = CARTESIAN_POINT('',(7.078661159933,-3.042397000748,
    8.359632948723E-02));
#3843 = CARTESIAN_POINT('',(7.022193163314,-3.091194475985,
    5.087183511272E-02));
#3844 = CARTESIAN_POINT('',(6.992493334409,-3.116622414482,
    3.6672352608E-02));
#3845 = CARTESIAN_POINT('',(6.961819000879,-3.142626239633,
    2.487323680753E-02));
#3846 = CARTESIAN_POINT('',(6.930382429415,-3.169006561713,
    1.553290428631E-02));
#3847 = CARTESIAN_POINT('',(6.898395365597,-3.195576839108,
    8.693740700778E-03));
#3848 = CARTESIAN_POINT('',(6.855127222737,-3.231161821352,
    2.92569435901E-03));
#3849 = CARTESIAN_POINT('',(6.844145639327,-3.240163228843,
    1.756835591287E-03));
#3850 = CARTESIAN_POINT('',(6.833133721194,-3.249159403215,
    8.790260041688E-04));
#3851 = CARTESIAN_POINT('',(6.822099840455,-3.258143589935,
    2.931768373491E-04));
#3852 = CARTESIAN_POINT('',(6.811052432393,-3.267109127855,
    -1.614153664174E-09));
#3853 = CARTESIAN_POINT('',(6.799999995457,-3.276049449205,0.));
#3854 = PCURVE('',#2316,#3855);
#3855 = DEFINITIONAL_REPRESENTATION('',(#3856),#3879);
#3856 = B_SPLINE_CURVE_WITH_KNOTS('',6,(#3857,#3858,#3859,#3860,#3861,
    #3862,#3863,#3864,#3865,#3866,#3867,#3868,#3869,#3870,#3871,#3872,
    #3873,#3874,#3875,#3876,#3877,#3878),.UNSPECIFIED.,.F.,.F.,(7,5,5,5,
    7),(0.,0.40400058254,0.655999138437,0.912998791981,1.),
  .UNSPECIFIED.);
#3857 = CARTESIAN_POINT('',(-4.642155816203,3.14159265359));
#3858 = CARTESIAN_POINT('',(-4.642155816203,3.03140316722));
#3859 = CARTESIAN_POINT('',(-4.639773660212,2.921176571224));
#3860 = CARTESIAN_POINT('',(-4.635002900578,2.811537634609));
#3861 = CARTESIAN_POINT('',(-4.628118014829,2.702817789662));
#3862 = CARTESIAN_POINT('',(-4.619533852335,2.595193669476));
#3863 = CARTESIAN_POINT('',(-4.603489390502,2.422305849731));
#3864 = CARTESIAN_POINT('',(-4.596819319987,2.356316619244));
#3865 = CARTESIAN_POINT('',(-4.58973819149,2.29073624927));
#3866 = CARTESIAN_POINT('',(-4.582338307354,2.225529922778));
#3867 = CARTESIAN_POINT('',(-4.574704404185,2.160646805329));
#3868 = CARTESIAN_POINT('',(-4.558959704669,2.030116698851));
#3869 = CARTESIAN_POINT('',(-4.550843023021,1.964484015757));
#3870 = CARTESIAN_POINT('',(-4.542637524769,1.899056814624));
#3871 = CARTESIAN_POINT('',(-4.534411644857,1.83376723775));
#3872 = CARTESIAN_POINT('',(-4.526225031342,1.768546596598));
#3873 = CARTESIAN_POINT('',(-4.515388934347,1.681244762823));
#3874 = CARTESIAN_POINT('',(-4.51265884551,1.659165284645));
#3875 = CARTESIAN_POINT('',(-4.509941252403,1.637083214073));
#3876 = CARTESIAN_POINT('',(-4.507238101567,1.614996006916));
#3877 = CARTESIAN_POINT('',(-4.504551257241,1.592901183124));
#3878 = CARTESIAN_POINT('',(-4.501882501355,1.570796326795));
#3879 = ( GEOMETRIC_REPRESENTATION_CONTEXT(2)
PARAMETRIC_REPRESENTATION_CONTEXT() REPRESENTATION_CONTEXT('2D SPACE',''
  ) );
#3880 = PCURVE('',#2287,#3881);
#3881 = DEFINITIONAL_REPRESENTATION('',(#3882),#3905);
#3882 = B_SPLINE_CURVE_WITH_KNOTS('',6,(#3883,#3884,#3885,#3886,#3887,
    #3888,#3889,#3890,#3891,#3892,#3893,#3894,#3895,#3896,#3897,#3898,
    #3899,#3900,#3901,#3902,#3903,#3904),.UNSPECIFIED.,.F.,.F.,(7,5,5,5,
    7),(0.,0.40400058254,0.655999138437,0.912998791981,1.),
  .UNSPECIFIED.);
#3883 = CARTESIAN_POINT('',(8.881784197001E-16,14.642973795166));
#3884 = CARTESIAN_POINT('',(-0.11018948637,14.642973795166));
#3885 = CARTESIAN_POINT('',(-0.220416082366,14.649763576742));
#3886 = CARTESIAN_POINT('',(-0.33005501898,14.66335709454));
#3887 = CARTESIAN_POINT('',(-0.438774863927,14.683117768922));
#3888 = CARTESIAN_POINT('',(-0.546398984113,14.708082501103));
#3889 = CARTESIAN_POINT('',(-0.719286803859,14.755459054162));
#3890 = CARTESIAN_POINT('',(-0.785276034346,14.775303697176));
#3891 = CARTESIAN_POINT('',(-0.85085640432,14.796560723079));
#3892 = CARTESIAN_POINT('',(-0.916062730812,14.818998647782));
#3893 = CARTESIAN_POINT('',(-0.980945848261,14.842397000748));
#3894 = CARTESIAN_POINT('',(-1.111475954739,14.891194475985));
#3895 = CARTESIAN_POINT('',(-1.177108637832,14.916622414482));
#3896 = CARTESIAN_POINT('',(-1.242535838965,14.942626239633));
#3897 = CARTESIAN_POINT('',(-1.30782541584,14.969006561713));
#3898 = CARTESIAN_POINT('',(-1.373046056992,14.995576839108));
#3899 = CARTESIAN_POINT('',(-1.460347890767,15.031161821352));
#3900 = CARTESIAN_POINT('',(-1.482427371952,15.040163228843));
#3901 = CARTESIAN_POINT('',(-1.504509441315,15.049159403215));
#3902 = CARTESIAN_POINT('',(-1.526596643053,15.058143589935));
#3903 = CARTESIAN_POINT('',(-1.548691464452,15.067109127855));
#3904 = CARTESIAN_POINT('',(-1.570796335881,15.076049449205));
#3905 = ( GEOMETRIC_REPRESENTATION_CONTEXT(2)
PARAMETRIC_REPRESENTATION_CONTEXT() REPRESENTATION_CONTEXT('2D SPACE',''
  ) );
#3906 = ORIENTED_EDGE('',*,*,#3907,.F.);
#3907 = EDGE_CURVE('',#3702,#3828,#3908,.T.);
#3908 = SURFACE_CURVE('',#3909,(#3914,#3921),.PCURVE_S1.);
#3909 = CIRCLE('',#3910,2.85);
#3910 = AXIS2_PLACEMENT_3D('',#3911,#3912,#3913);
#3911 = CARTESIAN_POINT('',(7.5,0.,0.5));
#3912 = DIRECTION('',(0.,0.,1.));
#3913 = DIRECTION('',(1.,0.,-0.));
#3914 = PCURVE('',#2316,#3915);
#3915 = DEFINITIONAL_REPRESENTATION('',(#3916),#3920);
#3916 = LINE('',#3917,#3918);
#3917 = CARTESIAN_POINT('',(-0.,3.14159265359));
#3918 = VECTOR('',#3919,1.);
#3919 = DIRECTION('',(-1.,0.));
#3920 = ( GEOMETRIC_REPRESENTATION_CONTEXT(2)
PARAMETRIC_REPRESENTATION_CONTEXT() REPRESENTATION_CONTEXT('2D SPACE',''
  ) );
#3921 = PCURVE('',#3922,#3927);
#3922 = CYLINDRICAL_SURFACE('',#3923,2.85);
#3923 = AXIS2_PLACEMENT_3D('',#3924,#3925,#3926);
#3924 = CARTESIAN_POINT('',(7.5,0.,0.5));
#3925 = DIRECTION('',(0.,0.,1.));
#3926 = DIRECTION('',(1.,0.,-0.));
#3927 = DEFINITIONAL_REPRESENTATION('',(#3928),#3932);
#3928 = LINE('',#3929,#3930);
#3929 = CARTESIAN_POINT('',(0.,0.));
#3930 = VECTOR('',#3931,1.);
#3931 = DIRECTION('',(1.,0.));
#3932 = ( GEOMETRIC_REPRESENTATION_CONTEXT(2)
PARAMETRIC_REPRESENTATION_CONTEXT() REPRESENTATION_CONTEXT('2D SPACE',''
  ) );
#3933 = ORIENTED_EDGE('',*,*,#3746,.T.);
#3934 = ORIENTED_EDGE('',*,*,#2299,.T.);
#3935 = ADVANCED_FACE('',(#3936),#2287,.T.);
#3936 = FACE_BOUND('',#3937,.F.);
#3937 = EDGE_LOOP('',(#3938,#3959,#3960,#3961,#3999));
#3938 = ORIENTED_EDGE('',*,*,#3939,.F.);
#3939 = EDGE_CURVE('',#3828,#2581,#3940,.T.);
#3940 = SURFACE_CURVE('',#3941,(#3945,#3952),.PCURVE_S1.);
#3941 = LINE('',#3942,#3943);
#3942 = CARTESIAN_POINT('',(7.3,11.8,0.5));
#3943 = VECTOR('',#3944,1.);
#3944 = DIRECTION('',(-0.,-1.,-0.));
#3945 = PCURVE('',#2287,#3946);
#3946 = DEFINITIONAL_REPRESENTATION('',(#3947),#3951);
#3947 = LINE('',#3948,#3949);
#3948 = CARTESIAN_POINT('',(-0.,0.));
#3949 = VECTOR('',#3950,1.);
#3950 = DIRECTION('',(-0.,1.));
#3951 = ( GEOMETRIC_REPRESENTATION_CONTEXT(2)
PARAMETRIC_REPRESENTATION_CONTEXT() REPRESENTATION_CONTEXT('2D SPACE',''
  ) );
#3952 = PCURVE('',#2598,#3953);
#3953 = DEFINITIONAL_REPRESENTATION('',(#3954),#3958);
#3954 = LINE('',#3955,#3956);
#3955 = CARTESIAN_POINT('',(0.5,-26.6));
#3956 = VECTOR('',#3957,1.);
#3957 = DIRECTION('',(-0.,1.));
#3958 = ( GEOMETRIC_REPRESENTATION_CONTEXT(2)
PARAMETRIC_REPRESENTATION_CONTEXT() REPRESENTATION_CONTEXT('2D SPACE',''
  ) );
#3959 = ORIENTED_EDGE('',*,*,#3827,.T.);
#3960 = ORIENTED_EDGE('',*,*,#2271,.T.);
#3961 = ORIENTED_EDGE('',*,*,#3962,.F.);
#3962 = EDGE_CURVE('',#3963,#2243,#3965,.T.);
#3963 = VERTEX_POINT('',#3964);
#3964 = CARTESIAN_POINT('',(6.892924528302,-11.8,8.710846812316E-03));
#3965 = SURFACE_CURVE('',#3966,(#3975,#3987),.PCURVE_S1.);
#3966 = B_SPLINE_CURVE_WITH_KNOTS('',4,(#3967,#3968,#3969,#3970,#3971,
    #3972,#3973,#3974),.UNSPECIFIED.,.F.,.F.,(5,3,5),(0.,0.291122692622,
    1.),.UNSPECIFIED.);
#3967 = CARTESIAN_POINT('',(6.89292525283,-11.8000006,8.710983853233E-03
    ));
#3968 = CARTESIAN_POINT('',(6.886241668451,-11.79446575557,
    7.446811824787E-03));
#3969 = CARTESIAN_POINT('',(6.879536054839,-11.78892543278,
    6.304043418791E-03));
#3970 = CARTESIAN_POINT('',(6.872811254228,-11.78338204175,
    5.283140424633E-03));
#3971 = CARTESIAN_POINT('',(6.849655753385,-11.76433828272,
    2.196296545932E-03));
#3972 = CARTESIAN_POINT('',(6.833144737128,-11.75083455492,
    7.329454122053E-04));
#3973 = CARTESIAN_POINT('',(6.816578648766,-11.73736103802,
    -2.352219941612E-09));
#3974 = CARTESIAN_POINT('',(6.799999999972,-11.72395054983,0.));
#3975 = PCURVE('',#2287,#3976);
#3976 = DEFINITIONAL_REPRESENTATION('',(#3977),#3986);
#3977 = B_SPLINE_CURVE_WITH_KNOTS('',4,(#3978,#3979,#3980,#3981,#3982,
    #3983,#3984,#3985),.UNSPECIFIED.,.F.,.F.,(5,3,5),(0.,0.291122692622,
    1.),.UNSPECIFIED.);
#3978 = CARTESIAN_POINT('',(-1.383858949333,23.6000006));
#3979 = CARTESIAN_POINT('',(-1.39746312973,23.594465755575));
#3980 = CARTESIAN_POINT('',(-1.411065475273,23.588925432784));
#3981 = CARTESIAN_POINT('',(-1.424666942251,23.583382041755));
#3982 = CARTESIAN_POINT('',(-1.471387636785,23.564338282723));
#3983 = CARTESIAN_POINT('',(-1.504506840523,23.550834554923));
#3984 = CARTESIAN_POINT('',(-1.537639033012,23.537361038025));
#3985 = CARTESIAN_POINT('',(-1.570796326795,23.52395054983));
#3986 = ( GEOMETRIC_REPRESENTATION_CONTEXT(2)
PARAMETRIC_REPRESENTATION_CONTEXT() REPRESENTATION_CONTEXT('2D SPACE',''
  ) );
#3987 = PCURVE('',#2259,#3988);
#3988 = DEFINITIONAL_REPRESENTATION('',(#3989),#3998);
#3989 = B_SPLINE_CURVE_WITH_KNOTS('',4,(#3990,#3991,#3992,#3993,#3994,
    #3995,#3996,#3997),.UNSPECIFIED.,.F.,.F.,(5,3,5),(0.,0.291122692622,
    1.),.UNSPECIFIED.);
#3990 = CARTESIAN_POINT('',(-1.758279220301,1.75773372188));
#3991 = CARTESIAN_POINT('',(-1.759978550166,1.7441295414));
#3992 = CARTESIAN_POINT('',(-1.761674924703,1.730527156356));
#3993 = CARTESIAN_POINT('',(-1.763367574465,1.716925711338));
#3994 = CARTESIAN_POINT('',(-1.769166650563,1.670205016805));
#3995 = CARTESIAN_POINT('',(-1.773251316085,1.637085813067));
#3996 = CARTESIAN_POINT('',(-1.777299672927,1.603953620578));
#3997 = CARTESIAN_POINT('',(-1.781302804447,1.570796326795));
#3998 = ( GEOMETRIC_REPRESENTATION_CONTEXT(2)
PARAMETRIC_REPRESENTATION_CONTEXT() REPRESENTATION_CONTEXT('2D SPACE',''
  ) );
#3999 = ORIENTED_EDGE('',*,*,#4000,.F.);
#4000 = EDGE_CURVE('',#2581,#3963,#4001,.T.);
#4001 = SURFACE_CURVE('',#4002,(#4007,#4013),.PCURVE_S1.);
#4002 = CIRCLE('',#4003,0.5);
#4003 = AXIS2_PLACEMENT_3D('',#4004,#4005,#4006);
#4004 = CARTESIAN_POINT('',(6.8,-11.8,0.5));
#4005 = DIRECTION('',(0.,1.,0.));
#4006 = DIRECTION('',(1.,0.,-0.));
#4007 = PCURVE('',#2287,#4008);
#4008 = DEFINITIONAL_REPRESENTATION('',(#4009),#4012);
#4009 = B_SPLINE_CURVE_WITH_KNOTS('',1,(#4010,#4011),.UNSPECIFIED.,.F.,
  .F.,(2,2),(0.,1.570796326795),.PIECEWISE_BEZIER_KNOTS.);
#4010 = CARTESIAN_POINT('',(0.,23.6));
#4011 = CARTESIAN_POINT('',(-1.570796326795,23.6));
#4012 = ( GEOMETRIC_REPRESENTATION_CONTEXT(2)
PARAMETRIC_REPRESENTATION_CONTEXT() REPRESENTATION_CONTEXT('2D SPACE',''
  ) );
#4013 = PCURVE('',#2627,#4014);
#4014 = DEFINITIONAL_REPRESENTATION('',(#4015),#4018);
#4015 = B_SPLINE_CURVE_WITH_KNOTS('',1,(#4016,#4017),.UNSPECIFIED.,.F.,
  .F.,(2,2),(0.,1.570796326795),.PIECEWISE_BEZIER_KNOTS.);
#4016 = CARTESIAN_POINT('',(0.,0.));
#4017 = CARTESIAN_POINT('',(0.,1.570796326795));
#4018 = ( GEOMETRIC_REPRESENTATION_CONTEXT(2)
PARAMETRIC_REPRESENTATION_CONTEXT() REPRESENTATION_CONTEXT('2D SPACE',''
  ) );
#4019 = ADVANCED_FACE('',(#4020),#2259,.T.);
#4020 = FACE_BOUND('',#4021,.F.);
#4021 = EDGE_LOOP('',(#4022,#4023,#4024,#4025,#4073,#4095));
#4022 = ORIENTED_EDGE('',*,*,#3962,.T.);
#4023 = ORIENTED_EDGE('',*,*,#2242,.T.);
#4024 = ORIENTED_EDGE('',*,*,#2538,.F.);
#4025 = ORIENTED_EDGE('',*,*,#4026,.T.);
#4026 = EDGE_CURVE('',#2512,#2695,#4027,.T.);
#4027 = SURFACE_CURVE('',#4028,(#4041,#4057),.PCURVE_S1.);
#4028 = B_SPLINE_CURVE_WITH_KNOTS('',6,(#4029,#4030,#4031,#4032,#4033,
    #4034,#4035,#4036,#4037,#4038,#4039,#4040),.UNSPECIFIED.,.F.,.F.,(7,
    5,7),(0.,0.529667335293,1.),.UNSPECIFIED.);
#4029 = CARTESIAN_POINT('',(4.3,-14.3929245283,8.710846812316E-03));
#4030 = CARTESIAN_POINT('',(4.348516154764,-14.45151007367,
    1.979196703247E-02));
#4031 = CARTESIAN_POINT('',(4.396943683162,-14.50758372065,
    3.928759513365E-02));
#4032 = CARTESIAN_POINT('',(4.444002443657,-14.55986141487,
    6.702207755917E-02));
#4033 = CARTESIAN_POINT('',(4.48823573042,-14.60719018647,0.102562135096
    ));
#4034 = CARTESIAN_POINT('',(4.528057829027,-14.64855942339,
    0.145121951781));
#4035 = CARTESIAN_POINT('',(4.592300327054,-14.71388882471,
    0.236478880623));
#4036 = CARTESIAN_POINT('',(4.617951799266,-14.73928600374,0.28405147289
    ));
#4037 = CARTESIAN_POINT('',(4.638052813732,-14.75876761965,
    0.335374355902));
#4038 = CARTESIAN_POINT('',(4.651767602848,-14.77191596691,0.38935321385
    ));
#4039 = CARTESIAN_POINT('',(4.658621385831,-14.77848798916,
    0.444682222737));
#4040 = CARTESIAN_POINT('',(4.658621385831,-14.77848798916,0.5));
#4041 = PCURVE('',#2259,#4042);
#4042 = DEFINITIONAL_REPRESENTATION('',(#4043),#4056);
#4043 = B_SPLINE_CURVE_WITH_KNOTS('',6,(#4044,#4045,#4046,#4047,#4048,
    #4049,#4050,#4051,#4052,#4053,#4054,#4055),.UNSPECIFIED.,.F.,.F.,(7,
    5,7),(0.,0.529667335293,1.),.UNSPECIFIED.);
#4044 = CARTESIAN_POINT('',(-2.954109571592,1.757732240064));
#4045 = CARTESIAN_POINT('',(-2.969005190434,1.876980843448));
#4046 = CARTESIAN_POINT('',(-2.983791318127,1.996561239374));
#4047 = CARTESIAN_POINT('',(-2.998120934363,2.116706658319));
#4048 = CARTESIAN_POINT('',(-3.011598506964,2.237579788578));
#4049 = CARTESIAN_POINT('',(-3.023755517871,2.359279922604));
#4050 = CARTESIAN_POINT('',(-3.043405434502,2.59053414255));
#4051 = CARTESIAN_POINT('',(-3.0512699047,2.699941954503));
#4052 = CARTESIAN_POINT('',(-3.057452243887,2.809903123157));
#4053 = CARTESIAN_POINT('',(-3.061678829454,2.920299257644));
#4054 = CARTESIAN_POINT('',(-3.063790668648,3.030957099064));
#4055 = CARTESIAN_POINT('',(-3.063790668648,3.14159265359));
#4056 = ( GEOMETRIC_REPRESENTATION_CONTEXT(2)
PARAMETRIC_REPRESENTATION_CONTEXT() REPRESENTATION_CONTEXT('2D SPACE',''
  ) );
#4057 = PCURVE('',#2527,#4058);
#4058 = DEFINITIONAL_REPRESENTATION('',(#4059),#4072);
#4059 = B_SPLINE_CURVE_WITH_KNOTS('',6,(#4060,#4061,#4062,#4063,#4064,
    #4065,#4066,#4067,#4068,#4069,#4070,#4071),.UNSPECIFIED.,.F.,.F.,(7,
    5,7),(0.,0.529667335293,1.),.UNSPECIFIED.);
#4060 = CARTESIAN_POINT('',(1.570796326795,1.383860424082));
#4061 = CARTESIAN_POINT('',(1.552085348425,1.264611820698));
#4062 = CARTESIAN_POINT('',(1.534423191582,1.145031374158));
#4063 = CARTESIAN_POINT('',(1.518138856123,1.024886035563));
#4064 = CARTESIAN_POINT('',(1.503502574874,0.904012849467));
#4065 = CARTESIAN_POINT('',(1.490766818801,0.782312730986));
#4066 = CARTESIAN_POINT('',(1.470710332777,0.55105851104));
#4067 = CARTESIAN_POINT('',(1.462941034582,0.441650699087));
#4068 = CARTESIAN_POINT('',(1.456990216886,0.331689530433));
#4069 = CARTESIAN_POINT('',(1.452975736914,0.221293395945));
#4070 = CARTESIAN_POINT('',(1.450969314366,0.110635554526));
#4071 = CARTESIAN_POINT('',(1.450969314366,0.));
#4072 = ( GEOMETRIC_REPRESENTATION_CONTEXT(2)
PARAMETRIC_REPRESENTATION_CONTEXT() REPRESENTATION_CONTEXT('2D SPACE',''
  ) );
#4073 = ORIENTED_EDGE('',*,*,#4074,.F.);
#4074 = EDGE_CURVE('',#2611,#2695,#4075,.T.);
#4075 = SURFACE_CURVE('',#4076,(#4081,#4088),.PCURVE_S1.);
#4076 = CIRCLE('',#4077,2.85);
#4077 = AXIS2_PLACEMENT_3D('',#4078,#4079,#4080);
#4078 = CARTESIAN_POINT('',(7.5,-15.,0.5));
#4079 = DIRECTION('',(0.,0.,1.));
#4080 = DIRECTION('',(1.,0.,-0.));
#4081 = PCURVE('',#2259,#4082);
#4082 = DEFINITIONAL_REPRESENTATION('',(#4083),#4087);
#4083 = LINE('',#4084,#4085);
#4084 = CARTESIAN_POINT('',(-0.,3.14159265359));
#4085 = VECTOR('',#4086,1.);
#4086 = DIRECTION('',(-1.,0.));
#4087 = ( GEOMETRIC_REPRESENTATION_CONTEXT(2)
PARAMETRIC_REPRESENTATION_CONTEXT() REPRESENTATION_CONTEXT('2D SPACE',''
  ) );
#4088 = PCURVE('',#2654,#4089);
#4089 = DEFINITIONAL_REPRESENTATION('',(#4090),#4094);
#4090 = LINE('',#4091,#4092);
#4091 = CARTESIAN_POINT('',(0.,0.));
#4092 = VECTOR('',#4093,1.);
#4093 = DIRECTION('',(1.,0.));
#4094 = ( GEOMETRIC_REPRESENTATION_CONTEXT(2)
PARAMETRIC_REPRESENTATION_CONTEXT() REPRESENTATION_CONTEXT('2D SPACE',''
  ) );
#4095 = ORIENTED_EDGE('',*,*,#4096,.T.);
#4096 = EDGE_CURVE('',#2611,#3963,#4097,.T.);
#4097 = SURFACE_CURVE('',#4098,(#4116,#4137),.PCURVE_S1.);
#4098 = B_SPLINE_CURVE_WITH_KNOTS('',6,(#4099,#4100,#4101,#4102,#4103,
    #4104,#4105,#4106,#4107,#4108,#4109,#4110,#4111,#4112,#4113,#4114,
    #4115),.UNSPECIFIED.,.F.,.F.,(7,5,5,7),(0.,0.470211760549,
    0.951257577011,1.),.UNSPECIFIED.);
#4099 = CARTESIAN_POINT('',(7.278487989169,-12.15862138583,0.5));
#4100 = CARTESIAN_POINT('',(7.278487989169,-12.15862138583,
    0.444696777058));
#4101 = CARTESIAN_POINT('',(7.271919424867,-12.1517712085,0.389382334372
    ));
#4102 = CARTESIAN_POINT('',(7.258777998624,-12.13806364124,
    0.335416968132));
#4103 = CARTESIAN_POINT('',(7.23930650572,-12.1179729516,0.284105487944)
  );
#4104 = CARTESIAN_POINT('',(7.213922229439,-12.09233406726,
    0.236541466459));
#4105 = CARTESIAN_POINT('',(7.151791718097,-12.03123543679,
    0.149625794345));
#4106 = CARTESIAN_POINT('',(7.114790259167,-11.99555664612,
    0.110479003749));
#4107 = CARTESIAN_POINT('',(7.072810812465,-11.95613285046,
    7.703158885657E-02));
#4108 = CARTESIAN_POINT('',(7.026597554676,-11.91413949186,
    4.990129035295E-02));
#4109 = CARTESIAN_POINT('',(6.976994025149,-11.87068291155,
    2.946010336682E-02));
#4110 = CARTESIAN_POINT('',(6.919658594331,-11.82230601011,
    1.452068825583E-02));
#4111 = CARTESIAN_POINT('',(6.914358305137,-11.81785034144,
    1.321680582368E-02));
#4112 = CARTESIAN_POINT('',(6.909033764888,-11.81339088786,
    1.198371507411E-02));
#4113 = CARTESIAN_POINT('',(6.903685957064,-11.80892867318,
    1.082159100216E-02));
#4114 = CARTESIAN_POINT('',(6.898315876282,-11.80446471004,
    9.730589391077E-03));
#4115 = CARTESIAN_POINT('',(6.892924528302,-11.8,8.710846812316E-03));
#4116 = PCURVE('',#2259,#4117);
#4117 = DEFINITIONAL_REPRESENTATION('',(#4118),#4136);
#4118 = B_SPLINE_CURVE_WITH_KNOTS('',6,(#4119,#4120,#4121,#4122,#4123,
    #4124,#4125,#4126,#4127,#4128,#4129,#4130,#4131,#4132,#4133,#4134,
    #4135),.UNSPECIFIED.,.F.,.F.,(7,5,5,7),(0.,0.470211760549,
    0.951257577011,1.),.UNSPECIFIED.);
#4119 = CARTESIAN_POINT('',(-1.648598312086,3.14159265359));
#4120 = CARTESIAN_POINT('',(-1.648598312086,3.030986207705));
#4121 = CARTESIAN_POINT('',(-1.650709038641,2.920357498303));
#4122 = CARTESIAN_POINT('',(-1.65493340089,2.809990272603));
#4123 = CARTESIAN_POINT('',(-1.66111256969,2.700057682849));
#4124 = CARTESIAN_POINT('',(-1.668973201367,2.59067807023));
#4125 = CARTESIAN_POINT('',(-1.68766154936,2.370695427286));
#4126 = CARTESIAN_POINT('',(-1.698555350044,2.260098491476));
#4127 = CARTESIAN_POINT('',(-1.710571461013,2.150180836389));
#4128 = CARTESIAN_POINT('',(-1.723360934508,2.040878872093));
#4129 = CARTESIAN_POINT('',(-1.73661862248,1.932079953768));
#4130 = CARTESIAN_POINT('',(-1.751437542328,1.812631550317));
#4131 = CARTESIAN_POINT('',(-1.752802968009,1.80164536045));
#4132 = CARTESIAN_POINT('',(-1.754170143654,1.790662502925));
#4133 = CARTESIAN_POINT('',(-1.755538791254,1.779682811674));
#4134 = CARTESIAN_POINT('',(-1.756908636597,1.768706114976));
#4135 = CARTESIAN_POINT('',(-1.758279409269,1.757732235448));
#4136 = ( GEOMETRIC_REPRESENTATION_CONTEXT(2)
PARAMETRIC_REPRESENTATION_CONTEXT() REPRESENTATION_CONTEXT('2D SPACE',''
  ) );
#4137 = PCURVE('',#2627,#4138);
#4138 = DEFINITIONAL_REPRESENTATION('',(#4139),#4157);
#4139 = B_SPLINE_CURVE_WITH_KNOTS('',6,(#4140,#4141,#4142,#4143,#4144,
    #4145,#4146,#4147,#4148,#4149,#4150,#4151,#4152,#4153,#4154,#4155,
    #4156),.UNSPECIFIED.,.F.,.F.,(7,5,5,7),(0.,0.470211760549,
    0.951257577011,1.),.UNSPECIFIED.);
#4140 = CARTESIAN_POINT('',(0.119827012428,0.));
#4141 = CARTESIAN_POINT('',(0.119827012428,0.110606445884));
#4142 = CARTESIAN_POINT('',(0.11782164552,0.221235155286));
#4143 = CARTESIAN_POINT('',(0.113809279002,0.331602380987));
#4144 = CARTESIAN_POINT('',(0.107861554546,0.441534970741));
#4145 = CARTESIAN_POINT('',(0.100096212971,0.55091458336));
#4146 = CARTESIAN_POINT('',(8.102187753382E-02,0.770897226304));
#4147 = CARTESIAN_POINT('',(6.963328540714E-02,0.881494162113));
#4148 = CARTESIAN_POINT('',(5.666064967247E-02,0.991411817201));
#4149 = CARTESIAN_POINT('',(4.229073421886E-02,1.100713781496));
#4150 = CARTESIAN_POINT('',(2.672326851667E-02,1.209512699822));
#4151 = CARTESIAN_POINT('',(8.518047979624E-03,1.328961103272));
#4152 = CARTESIAN_POINT('',(6.833217329327E-03,1.33994729017));
#4153 = CARTESIAN_POINT('',(5.138746155184E-03,1.350930147399));
#4154 = CARTESIAN_POINT('',(3.434883283395E-03,1.36190984251));
#4155 = CARTESIAN_POINT('',(1.721881989826E-03,1.372886544554));
#4156 = CARTESIAN_POINT('',(0.,1.383860424082));
#4157 = ( GEOMETRIC_REPRESENTATION_CONTEXT(2)
PARAMETRIC_REPRESENTATION_CONTEXT() REPRESENTATION_CONTEXT('2D SPACE',''
  ) );
#4158 = ADVANCED_FACE('',(#4159),#2527,.T.);
#4159 = FACE_BOUND('',#4160,.T.);
#4160 = EDGE_LOOP('',(#4161,#4162,#4163));
#4161 = ORIENTED_EDGE('',*,*,#4026,.T.);
#4162 = ORIENTED_EDGE('',*,*,#2715,.T.);
#4163 = ORIENTED_EDGE('',*,*,#2511,.T.);
#4164 = ADVANCED_FACE('',(#4165),#2598,.T.);
#4165 = FACE_BOUND('',#4166,.T.);
#4166 = EDGE_LOOP('',(#4167,#4168,#4169,#4190,#4216,#4235,#4236,#4237));
#4167 = ORIENTED_EDGE('',*,*,#2580,.F.);
#4168 = ORIENTED_EDGE('',*,*,#3939,.F.);
#4169 = ORIENTED_EDGE('',*,*,#4170,.T.);
#4170 = EDGE_CURVE('',#3828,#4171,#4173,.T.);
#4171 = VERTEX_POINT('',#4172);
#4172 = CARTESIAN_POINT('',(7.3,-2.842973795166,3.2));
#4173 = SURFACE_CURVE('',#4174,(#4178,#4184),.PCURVE_S1.);
#4174 = LINE('',#4175,#4176);
#4175 = CARTESIAN_POINT('',(7.3,-2.842973795166,0.5));
#4176 = VECTOR('',#4177,1.);
#4177 = DIRECTION('',(0.,0.,1.));
#4178 = PCURVE('',#2598,#4179);
#4179 = DEFINITIONAL_REPRESENTATION('',(#4180),#4183);
#4180 = B_SPLINE_CURVE_WITH_KNOTS('',1,(#4181,#4182),.UNSPECIFIED.,.F.,
  .F.,(2,2),(-6.000000000173E-07,2.7000006),.PIECEWISE_BEZIER_KNOTS.);
#4181 = CARTESIAN_POINT('',(0.4999994,-11.95702620483));
#4182 = CARTESIAN_POINT('',(3.2000006,-11.95702620483));
#4183 = ( GEOMETRIC_REPRESENTATION_CONTEXT(2)
PARAMETRIC_REPRESENTATION_CONTEXT() REPRESENTATION_CONTEXT('2D SPACE',''
  ) );
#4184 = PCURVE('',#3922,#4185);
#4185 = DEFINITIONAL_REPRESENTATION('',(#4186),#4189);
#4186 = B_SPLINE_CURVE_WITH_KNOTS('',1,(#4187,#4188),.UNSPECIFIED.,.F.,
  .F.,(2,2),(-6.000000000173E-07,2.7000006),.PIECEWISE_BEZIER_KNOTS.);
#4187 = CARTESIAN_POINT('',(4.642155816203,-6.000000000173E-07));
#4188 = CARTESIAN_POINT('',(4.642155816203,2.7000006));
#4189 = ( GEOMETRIC_REPRESENTATION_CONTEXT(2)
PARAMETRIC_REPRESENTATION_CONTEXT() REPRESENTATION_CONTEXT('2D SPACE',''
  ) );
#4190 = ORIENTED_EDGE('',*,*,#4191,.F.);
#4191 = EDGE_CURVE('',#4192,#4171,#4194,.T.);
#4192 = VERTEX_POINT('',#4193);
#4193 = CARTESIAN_POINT('',(7.3,2.842973795166,3.2));
#4194 = SURFACE_CURVE('',#4195,(#4199,#4205),.PCURVE_S1.);
#4195 = LINE('',#4196,#4197);
#4196 = CARTESIAN_POINT('',(7.3,-7.4,3.2));
#4197 = VECTOR('',#4198,1.);
#4198 = DIRECTION('',(0.,-1.,0.));
#4199 = PCURVE('',#2598,#4200);
#4200 = DEFINITIONAL_REPRESENTATION('',(#4201),#4204);
#4201 = B_SPLINE_CURVE_WITH_KNOTS('',1,(#4202,#4203),.UNSPECIFIED.,.F.,
  .F.,(2,2),(-10.25,-4.55),.PIECEWISE_BEZIER_KNOTS.);
#4202 = CARTESIAN_POINT('',(3.2,-17.65));
#4203 = CARTESIAN_POINT('',(3.2,-11.95));
#4204 = ( GEOMETRIC_REPRESENTATION_CONTEXT(2)
PARAMETRIC_REPRESENTATION_CONTEXT() REPRESENTATION_CONTEXT('2D SPACE',''
  ) );
#4205 = PCURVE('',#4206,#4211);
#4206 = PLANE('',#4207);
#4207 = AXIS2_PLACEMENT_3D('',#4208,#4209,#4210);
#4208 = CARTESIAN_POINT('',(7.5,0.,3.2));
#4209 = DIRECTION('',(0.,0.,1.));
#4210 = DIRECTION('',(1.,0.,-0.));
#4211 = DEFINITIONAL_REPRESENTATION('',(#4212),#4215);
#4212 = B_SPLINE_CURVE_WITH_KNOTS('',1,(#4213,#4214),.UNSPECIFIED.,.F.,
  .F.,(2,2),(-10.25,-4.55),.PIECEWISE_BEZIER_KNOTS.);
#4213 = CARTESIAN_POINT('',(-0.2,2.85));
#4214 = CARTESIAN_POINT('',(-0.2,-2.85));
#4215 = ( GEOMETRIC_REPRESENTATION_CONTEXT(2)
PARAMETRIC_REPRESENTATION_CONTEXT() REPRESENTATION_CONTEXT('2D SPACE',''
  ) );
#4216 = ORIENTED_EDGE('',*,*,#4217,.F.);
#4217 = EDGE_CURVE('',#3702,#4192,#4218,.T.);
#4218 = SURFACE_CURVE('',#4219,(#4223,#4229),.PCURVE_S1.);
#4219 = LINE('',#4220,#4221);
#4220 = CARTESIAN_POINT('',(7.3,2.842973795166,0.5));
#4221 = VECTOR('',#4222,1.);
#4222 = DIRECTION('',(0.,0.,1.));
#4223 = PCURVE('',#2598,#4224);
#4224 = DEFINITIONAL_REPRESENTATION('',(#4225),#4228);
#4225 = B_SPLINE_CURVE_WITH_KNOTS('',1,(#4226,#4227),.UNSPECIFIED.,.F.,
  .F.,(2,2),(-6.000000000173E-07,2.7000006),.PIECEWISE_BEZIER_KNOTS.);
#4226 = CARTESIAN_POINT('',(0.4999994,-17.64297379516));
#4227 = CARTESIAN_POINT('',(3.2000006,-17.64297379516));
#4228 = ( GEOMETRIC_REPRESENTATION_CONTEXT(2)
PARAMETRIC_REPRESENTATION_CONTEXT() REPRESENTATION_CONTEXT('2D SPACE',''
  ) );
#4229 = PCURVE('',#3922,#4230);
#4230 = DEFINITIONAL_REPRESENTATION('',(#4231),#4234);
#4231 = B_SPLINE_CURVE_WITH_KNOTS('',1,(#4232,#4233),.UNSPECIFIED.,.F.,
  .F.,(2,2),(-6.000000000173E-07,2.7000006),.PIECEWISE_BEZIER_KNOTS.);
#4232 = CARTESIAN_POINT('',(1.641029490976,-6.000000000173E-07));
#4233 = CARTESIAN_POINT('',(1.641029490976,2.7000006));
#4234 = ( GEOMETRIC_REPRESENTATION_CONTEXT(2)
PARAMETRIC_REPRESENTATION_CONTEXT() REPRESENTATION_CONTEXT('2D SPACE',''
  ) );
#4235 = ORIENTED_EDGE('',*,*,#3701,.F.);
#4236 = ORIENTED_EDGE('',*,*,#3370,.T.);
#4237 = ORIENTED_EDGE('',*,*,#2867,.T.);
#4238 = ADVANCED_FACE('',(#4239),#2654,.F.);
#4239 = FACE_BOUND('',#4240,.F.);
#4240 = EDGE_LOOP('',(#4241,#4242,#4243,#4244));
#4241 = ORIENTED_EDGE('',*,*,#2639,.F.);
#4242 = ORIENTED_EDGE('',*,*,#4074,.T.);
#4243 = ORIENTED_EDGE('',*,*,#2694,.T.);
#4244 = ORIENTED_EDGE('',*,*,#4245,.F.);
#4245 = EDGE_CURVE('',#2640,#2666,#4246,.T.);
#4246 = SURFACE_CURVE('',#4247,(#4252,#4259),.PCURVE_S1.);
#4247 = CIRCLE('',#4248,2.85);
#4248 = AXIS2_PLACEMENT_3D('',#4249,#4250,#4251);
#4249 = CARTESIAN_POINT('',(7.5,-15.,3.2));
#4250 = DIRECTION('',(0.,0.,1.));
#4251 = DIRECTION('',(1.,0.,-0.));
#4252 = PCURVE('',#2654,#4253);
#4253 = DEFINITIONAL_REPRESENTATION('',(#4254),#4258);
#4254 = LINE('',#4255,#4256);
#4255 = CARTESIAN_POINT('',(0.,2.7));
#4256 = VECTOR('',#4257,1.);
#4257 = DIRECTION('',(1.,0.));
#4258 = ( GEOMETRIC_REPRESENTATION_CONTEXT(2)
PARAMETRIC_REPRESENTATION_CONTEXT() REPRESENTATION_CONTEXT('2D SPACE',''
  ) );
#4259 = PCURVE('',#2682,#4260);
#4260 = DEFINITIONAL_REPRESENTATION('',(#4261),#4265);
#4261 = CIRCLE('',#4262,2.85);
#4262 = AXIS2_PLACEMENT_2D('',#4263,#4264);
#4263 = CARTESIAN_POINT('',(0.,0.));
#4264 = DIRECTION('',(1.,0.));
#4265 = ( GEOMETRIC_REPRESENTATION_CONTEXT(2)
PARAMETRIC_REPRESENTATION_CONTEXT() REPRESENTATION_CONTEXT('2D SPACE',''
  ) );
#4266 = ADVANCED_FACE('',(#4267),#2682,.F.);
#4267 = FACE_BOUND('',#4268,.F.);
#4268 = EDGE_LOOP('',(#4269,#4270));
#4269 = ORIENTED_EDGE('',*,*,#2665,.T.);
#4270 = ORIENTED_EDGE('',*,*,#4245,.T.);
#4271 = ADVANCED_FACE('',(#4272),#2627,.T.);
#4272 = FACE_BOUND('',#4273,.T.);
#4273 = EDGE_LOOP('',(#4274,#4275,#4276));
#4274 = ORIENTED_EDGE('',*,*,#4000,.F.);
#4275 = ORIENTED_EDGE('',*,*,#2610,.T.);
#4276 = ORIENTED_EDGE('',*,*,#4096,.T.);
#4277 = ADVANCED_FACE('',(#4278),#2931,.T.);
#4278 = FACE_BOUND('',#4279,.T.);
#4279 = EDGE_LOOP('',(#4280,#4281,#4282,#4283,#4284,#4285,#4286,#4287));
#4280 = ORIENTED_EDGE('',*,*,#3275,.F.);
#4281 = ORIENTED_EDGE('',*,*,#2914,.T.);
#4282 = ORIENTED_EDGE('',*,*,#2968,.T.);
#4283 = ORIENTED_EDGE('',*,*,#3040,.F.);
#4284 = ORIENTED_EDGE('',*,*,#3073,.T.);
#4285 = ORIENTED_EDGE('',*,*,#3121,.T.);
#4286 = ORIENTED_EDGE('',*,*,#3170,.F.);
#4287 = ORIENTED_EDGE('',*,*,#3242,.F.);
#4288 = ADVANCED_FACE('',(#4289),#3356,.T.);
#4289 = FACE_BOUND('',#4290,.T.);
#4290 = EDGE_LOOP('',(#4291,#4292,#4293));
#4291 = ORIENTED_EDGE('',*,*,#3342,.F.);
#4292 = ORIENTED_EDGE('',*,*,#3498,.T.);
#4293 = ORIENTED_EDGE('',*,*,#3635,.T.);
#4294 = ADVANCED_FACE('',(#4295),#3437,.F.);
#4295 = FACE_BOUND('',#4296,.F.);
#4296 = EDGE_LOOP('',(#4297,#4298,#4299,#4300));
#4297 = ORIENTED_EDGE('',*,*,#3477,.F.);
#4298 = ORIENTED_EDGE('',*,*,#3613,.T.);
#4299 = ORIENTED_EDGE('',*,*,#3422,.T.);
#4300 = ORIENTED_EDGE('',*,*,#4301,.F.);
#4301 = EDGE_CURVE('',#3449,#3423,#4302,.T.);
#4302 = SURFACE_CURVE('',#4303,(#4308,#4315),.PCURVE_S1.);
#4303 = CIRCLE('',#4304,2.85);
#4304 = AXIS2_PLACEMENT_3D('',#4305,#4306,#4307);
#4305 = CARTESIAN_POINT('',(7.5,15.,3.2));
#4306 = DIRECTION('',(0.,0.,1.));
#4307 = DIRECTION('',(1.,0.,-0.));
#4308 = PCURVE('',#3437,#4309);
#4309 = DEFINITIONAL_REPRESENTATION('',(#4310),#4314);
#4310 = LINE('',#4311,#4312);
#4311 = CARTESIAN_POINT('',(0.,2.7));
#4312 = VECTOR('',#4313,1.);
#4313 = DIRECTION('',(1.,0.));
#4314 = ( GEOMETRIC_REPRESENTATION_CONTEXT(2)
PARAMETRIC_REPRESENTATION_CONTEXT() REPRESENTATION_CONTEXT('2D SPACE',''
  ) );
#4315 = PCURVE('',#3465,#4316);
#4316 = DEFINITIONAL_REPRESENTATION('',(#4317),#4321);
#4317 = CIRCLE('',#4318,2.85);
#4318 = AXIS2_PLACEMENT_2D('',#4319,#4320);
#4319 = CARTESIAN_POINT('',(0.,0.));
#4320 = DIRECTION('',(1.,0.));
#4321 = ( GEOMETRIC_REPRESENTATION_CONTEXT(2)
PARAMETRIC_REPRESENTATION_CONTEXT() REPRESENTATION_CONTEXT('2D SPACE',''
  ) );
#4322 = ADVANCED_FACE('',(#4323),#3465,.F.);
#4323 = FACE_BOUND('',#4324,.F.);
#4324 = EDGE_LOOP('',(#4325,#4326));
#4325 = ORIENTED_EDGE('',*,*,#3448,.T.);
#4326 = ORIENTED_EDGE('',*,*,#4301,.T.);
#4327 = ADVANCED_FACE('',(#4328),#3410,.T.);
#4328 = FACE_BOUND('',#4329,.T.);
#4329 = EDGE_LOOP('',(#4330,#4331,#4332));
#4330 = ORIENTED_EDGE('',*,*,#3565,.T.);
#4331 = ORIENTED_EDGE('',*,*,#3393,.T.);
#4332 = ORIENTED_EDGE('',*,*,#3724,.T.);
#4333 = ADVANCED_FACE('',(#4334),#3922,.F.);
#4334 = FACE_BOUND('',#4335,.F.);
#4335 = EDGE_LOOP('',(#4336,#4337,#4338,#4339));
#4336 = ORIENTED_EDGE('',*,*,#4217,.F.);
#4337 = ORIENTED_EDGE('',*,*,#3907,.T.);
#4338 = ORIENTED_EDGE('',*,*,#4170,.T.);
#4339 = ORIENTED_EDGE('',*,*,#4340,.F.);
#4340 = EDGE_CURVE('',#4192,#4171,#4341,.T.);
#4341 = SURFACE_CURVE('',#4342,(#4347,#4354),.PCURVE_S1.);
#4342 = CIRCLE('',#4343,2.85);
#4343 = AXIS2_PLACEMENT_3D('',#4344,#4345,#4346);
#4344 = CARTESIAN_POINT('',(7.5,0.,3.2));
#4345 = DIRECTION('',(0.,0.,1.));
#4346 = DIRECTION('',(1.,0.,-0.));
#4347 = PCURVE('',#3922,#4348);
#4348 = DEFINITIONAL_REPRESENTATION('',(#4349),#4353);
#4349 = LINE('',#4350,#4351);
#4350 = CARTESIAN_POINT('',(0.,2.7));
#4351 = VECTOR('',#4352,1.);
#4352 = DIRECTION('',(1.,0.));
#4353 = ( GEOMETRIC_REPRESENTATION_CONTEXT(2)
PARAMETRIC_REPRESENTATION_CONTEXT() REPRESENTATION_CONTEXT('2D SPACE',''
  ) );
#4354 = PCURVE('',#4206,#4355);
#4355 = DEFINITIONAL_REPRESENTATION('',(#4356),#4360);
#4356 = CIRCLE('',#4357,2.85);
#4357 = AXIS2_PLACEMENT_2D('',#4358,#4359);
#4358 = CARTESIAN_POINT('',(0.,0.));
#4359 = DIRECTION('',(1.,0.));
#4360 = ( GEOMETRIC_REPRESENTATION_CONTEXT(2)
PARAMETRIC_REPRESENTATION_CONTEXT() REPRESENTATION_CONTEXT('2D SPACE',''
  ) );
#4361 = ADVANCED_FACE('',(#4362),#4206,.F.);
#4362 = FACE_BOUND('',#4363,.F.);
#4363 = EDGE_LOOP('',(#4364,#4365));
#4364 = ORIENTED_EDGE('',*,*,#4191,.F.);
#4365 = ORIENTED_EDGE('',*,*,#4340,.T.);
#4366 = ( GEOMETRIC_REPRESENTATION_CONTEXT(3)
GLOBAL_UNCERTAINTY_ASSIGNED_CONTEXT((#4370))
GLOBAL_UNIT_ASSIGNED_CONTEXT((#4367,#4368,#4369)) REPRESENTATION_CONTEXT
('Context #1','3D Context with UNIT and UNCERTAINTY') );
#4367 = ( LENGTH_UNIT() NAMED_UNIT(*) SI_UNIT(.MILLI.,.METRE.) );
#4368 = ( NAMED_UNIT(*) PLANE_ANGLE_UNIT() SI_UNIT($,.RADIAN.) );
#4369 = ( NAMED_UNIT(*) SI_UNIT($,.STERADIAN.) SOLID_ANGLE_UNIT() );
#4370 = UNCERTAINTY_MEASURE_WITH_UNIT(LENGTH_MEASURE(1.E-07),#4367,
  'distance_accuracy_value','confusion accuracy');
#4371 = PRODUCT_RELATED_PRODUCT_CATEGORY('part',$,(#7));
ENDSEC;
END-ISO-10303-21;
