ISO-10303-21;
HEADER;
FILE_DESCRIPTION(('Open CASCADE Model'),'2;1');
FILE_NAME('Open CASCADE Shape Model','2026-10-07T22:39:31',('Author'),(
    'Open CASCADE'),'Open CASCADE STEP processor 7.9','Open CASCADE 7.9'
  ,'Unknown');
FILE_SCHEMA(('AUTOMOTIVE_DESIGN { 1 0 10303 214 1 1 1 1 }'));
ENDSEC;
DATA;
#1 = APPLICATION_PROTOCOL_DEFINITION('international standard',
  'automotive_design',2000,#2);
#2 = APPLICATION_CONTEXT(
  'core data for automotive mechanical design processes');
#3 = SHAPE_DEFINITION_REPRESENTATION(#4,#10);
#4 = PRODUCT_DEFINITION_SHAPE('','',#5);
#5 = PRODUCT_DEFINITION('design','',#6,#9);
#6 = PRODUCT_DEFINITION_FORMATION('','',#7);
#7 = PRODUCT('Open CASCADE STEP translator 7.9 1',
  'Open CASCADE STEP translator 7.9 1','',(#8));
#8 = PRODUCT_CONTEXT('',#2,'mechanical');
#9 = PRODUCT_DEFINITION_CONTEXT('part definition',#2,'design');
#10 = ADVANCED_BREP_SHAPE_REPRESENTATION('',(#11,#15),#5277);
#11 = AXIS2_PLACEMENT_3D('',#12,#13,#14);
#12 = CARTESIAN_POINT('',(0.,0.,0.));
#13 = DIRECTION('',(0.,0.,1.));
#14 = DIRECTION('',(1.,0.,-0.));
#15 = MANIFOLD_SOLID_BREP('',#16);
#16 = CLOSED_SHELL('',(#17,#238,#431,#510,#698,#878,#927,#932,#1102,
    #1160,#1342,#1431,#1480,#1485,#1538,#1936,#1962,#2144,#2218,#2267,
    #2272,#2340,#2407,#2781,#2788,#2832,#2858,#2943,#2992,#2997,#3143,
    #3326,#3352,#3378,#3427,#3454,#3531,#3580,#3634,#3683,#3733,#3782,
    #3836,#3863,#3948,#3997,#4002,#4148,#4303,#4310,#4486,#4612,#4724,
    #4808,#4947,#4954,#5010,#5016,#5090,#5118,#5123,#5129,#5140,#5146,
    #5174,#5179,#5185,#5213,#5268,#5273));
#17 = ADVANCED_FACE('',(#18),#32,.F.);
#18 = FACE_BOUND('',#19,.F.);
#19 = EDGE_LOOP('',(#20,#55,#83,#109,#135,#156,#184,#212));
#20 = ORIENTED_EDGE('',*,*,#21,.F.);
#21 = EDGE_CURVE('',#22,#24,#26,.T.);
#22 = VERTEX_POINT('',#23);
#23 = CARTESIAN_POINT('',(-14.8,-11.8,0.5));
#24 = VERTEX_POINT('',#25);
#25 = CARTESIAN_POINT('',(-14.8,-11.8,5.15));
#26 = SURFACE_CURVE('',#27,(#31,#43),.PCURVE_S1.);
#27 = LINE('',#28,#29);
#28 = CARTESIAN_POINT('',(-14.8,-11.8,0.));
#29 = VECTOR('',#30,1.);
#30 = DIRECTION('',(0.,0.,1.));
#31 = PCURVE('',#32,#37);
#32 = PLANE('',#33);
#33 = AXIS2_PLACEMENT_3D('',#34,#35,#36);
#34 = CARTESIAN_POINT('',(-14.8,-14.8,0.));
#35 = DIRECTION('',(1.,0.,0.));
#36 = DIRECTION('',(0.,0.,1.));
#37 = DEFINITIONAL_REPRESENTATION('',(#38),#42);
#38 = LINE('',#39,#40);
#39 = CARTESIAN_POINT('',(0.,-3.));
#40 = VECTOR('',#41,1.);
#41 = DIRECTION('',(1.,0.));
#42 = ( GEOMETRIC_REPRESENTATION_CONTEXT(2)
PARAMETRIC_REPRESENTATION_CONTEXT() REPRESENTATION_CONTEXT('2D SPACE',''
  ) );
#43 = PCURVE('',#44,#49);
#44 = CYLINDRICAL_SURFACE('',#45,3.);
#45 = AXIS2_PLACEMENT_3D('',#46,#47,#48);
#46 = CARTESIAN_POINT('',(-11.8,-11.8,0.));
#47 = DIRECTION('',(0.,0.,1.));
#48 = DIRECTION('',(-1.,-0.,0.));
#49 = DEFINITIONAL_REPRESENTATION('',(#50),#54);
#50 = LINE('',#51,#52);
#51 = CARTESIAN_POINT('',(0.,0.));
#52 = VECTOR('',#53,1.);
#53 = DIRECTION('',(0.,1.));
#54 = ( GEOMETRIC_REPRESENTATION_CONTEXT(2)
PARAMETRIC_REPRESENTATION_CONTEXT() REPRESENTATION_CONTEXT('2D SPACE',''
  ) );
#55 = ORIENTED_EDGE('',*,*,#56,.T.);
#56 = EDGE_CURVE('',#22,#57,#59,.T.);
#57 = VERTEX_POINT('',#58);
#58 = CARTESIAN_POINT('',(-14.8,-2.842973795166,0.5));
#59 = SURFACE_CURVE('',#60,(#64,#71),.PCURVE_S1.);
#60 = LINE('',#61,#62);
#61 = CARTESIAN_POINT('',(-14.8,-11.8,0.5));
#62 = VECTOR('',#63,1.);
#63 = DIRECTION('',(0.,1.,0.));
#64 = PCURVE('',#32,#65);
#65 = DEFINITIONAL_REPRESENTATION('',(#66),#70);
#66 = LINE('',#67,#68);
#67 = CARTESIAN_POINT('',(0.5,-3.));
#68 = VECTOR('',#69,1.);
#69 = DIRECTION('',(0.,-1.));
#70 = ( GEOMETRIC_REPRESENTATION_CONTEXT(2)
PARAMETRIC_REPRESENTATION_CONTEXT() REPRESENTATION_CONTEXT('2D SPACE',''
  ) );
#71 = PCURVE('',#72,#77);
#72 = CYLINDRICAL_SURFACE('',#73,0.5);
#73 = AXIS2_PLACEMENT_3D('',#74,#75,#76);
#74 = CARTESIAN_POINT('',(-14.3,-11.8,0.5));
#75 = DIRECTION('',(0.,1.,0.));
#76 = DIRECTION('',(-1.,0.,0.));
#77 = DEFINITIONAL_REPRESENTATION('',(#78),#82);
#78 = LINE('',#79,#80);
#79 = CARTESIAN_POINT('',(-0.,0.));
#80 = VECTOR('',#81,1.);
#81 = DIRECTION('',(-0.,1.));
#82 = ( GEOMETRIC_REPRESENTATION_CONTEXT(2)
PARAMETRIC_REPRESENTATION_CONTEXT() REPRESENTATION_CONTEXT('2D SPACE',''
  ) );
#83 = ORIENTED_EDGE('',*,*,#84,.T.);
#84 = EDGE_CURVE('',#57,#85,#87,.T.);
#85 = VERTEX_POINT('',#86);
#86 = CARTESIAN_POINT('',(-14.8,-2.842973795166,3.2));
#87 = SURFACE_CURVE('',#88,(#92,#98),.PCURVE_S1.);
#88 = LINE('',#89,#90);
#89 = CARTESIAN_POINT('',(-14.8,-2.842973795166,0.5));
#90 = VECTOR('',#91,1.);
#91 = DIRECTION('',(0.,0.,1.));
#92 = PCURVE('',#32,#93);
#93 = DEFINITIONAL_REPRESENTATION('',(#94),#97);
#94 = B_SPLINE_CURVE_WITH_KNOTS('',1,(#95,#96),.UNSPECIFIED.,.F.,.F.,(2,
    2),(-6.000000000173E-07,2.7000006),.PIECEWISE_BEZIER_KNOTS.);
#95 = CARTESIAN_POINT('',(0.4999994,-11.95702620483));
#96 = CARTESIAN_POINT('',(3.2000006,-11.95702620483));
#97 = ( GEOMETRIC_REPRESENTATION_CONTEXT(2)
PARAMETRIC_REPRESENTATION_CONTEXT() REPRESENTATION_CONTEXT('2D SPACE',''
  ) );
#98 = PCURVE('',#99,#104);
#99 = CYLINDRICAL_SURFACE('',#100,2.85);
#100 = AXIS2_PLACEMENT_3D('',#101,#102,#103);
#101 = CARTESIAN_POINT('',(-15.,0.,0.5));
#102 = DIRECTION('',(0.,0.,1.));
#103 = DIRECTION('',(1.,0.,-0.));
#104 = DEFINITIONAL_REPRESENTATION('',(#105),#108);
#105 = B_SPLINE_CURVE_WITH_KNOTS('',1,(#106,#107),.UNSPECIFIED.,.F.,.F.,
  (2,2),(-5.551115123126E-17,2.7),.PIECEWISE_BEZIER_KNOTS.);
#106 = CARTESIAN_POINT('',(4.782622144566,-5.551115123126E-17));
#107 = CARTESIAN_POINT('',(4.782622144566,2.7));
#108 = ( GEOMETRIC_REPRESENTATION_CONTEXT(2)
PARAMETRIC_REPRESENTATION_CONTEXT() REPRESENTATION_CONTEXT('2D SPACE',''
  ) );
#109 = ORIENTED_EDGE('',*,*,#110,.F.);
#110 = EDGE_CURVE('',#111,#85,#113,.T.);
#111 = VERTEX_POINT('',#112);
#112 = CARTESIAN_POINT('',(-14.8,2.842973795166,3.2));
#113 = SURFACE_CURVE('',#114,(#118,#124),.PCURVE_S1.);
#114 = LINE('',#115,#116);
#115 = CARTESIAN_POINT('',(-14.8,-7.4,3.2));
#116 = VECTOR('',#117,1.);
#117 = DIRECTION('',(0.,-1.,0.));
#118 = PCURVE('',#32,#119);
#119 = DEFINITIONAL_REPRESENTATION('',(#120),#123);
#120 = B_SPLINE_CURVE_WITH_KNOTS('',1,(#121,#122),.UNSPECIFIED.,.F.,.F.,
  (2,2),(-10.25,-4.55),.PIECEWISE_BEZIER_KNOTS.);
#121 = CARTESIAN_POINT('',(3.2,-17.65));
#122 = CARTESIAN_POINT('',(3.2,-11.95));
#123 = ( GEOMETRIC_REPRESENTATION_CONTEXT(2)
PARAMETRIC_REPRESENTATION_CONTEXT() REPRESENTATION_CONTEXT('2D SPACE',''
  ) );
#124 = PCURVE('',#125,#130);
#125 = PLANE('',#126);
#126 = AXIS2_PLACEMENT_3D('',#127,#128,#129);
#127 = CARTESIAN_POINT('',(-15.,0.,3.2));
#128 = DIRECTION('',(0.,0.,1.));
#129 = DIRECTION('',(1.,0.,-0.));
#130 = DEFINITIONAL_REPRESENTATION('',(#131),#134);
#131 = B_SPLINE_CURVE_WITH_KNOTS('',1,(#132,#133),.UNSPECIFIED.,.F.,.F.,
  (2,2),(-10.25,-4.55),.PIECEWISE_BEZIER_KNOTS.);
#132 = CARTESIAN_POINT('',(0.2,2.85));
#133 = CARTESIAN_POINT('',(0.2,-2.85));
#134 = ( GEOMETRIC_REPRESENTATION_CONTEXT(2)
PARAMETRIC_REPRESENTATION_CONTEXT() REPRESENTATION_CONTEXT('2D SPACE',''
  ) );
#135 = ORIENTED_EDGE('',*,*,#136,.F.);
#136 = EDGE_CURVE('',#137,#111,#139,.T.);
#137 = VERTEX_POINT('',#138);
#138 = CARTESIAN_POINT('',(-14.8,2.842973795166,0.5));
#139 = SURFACE_CURVE('',#140,(#144,#150),.PCURVE_S1.);
#140 = LINE('',#141,#142);
#141 = CARTESIAN_POINT('',(-14.8,2.842973795166,0.5));
#142 = VECTOR('',#143,1.);
#143 = DIRECTION('',(0.,0.,1.));
#144 = PCURVE('',#32,#145);
#145 = DEFINITIONAL_REPRESENTATION('',(#146),#149);
#146 = B_SPLINE_CURVE_WITH_KNOTS('',1,(#147,#148),.UNSPECIFIED.,.F.,.F.,
  (2,2),(-6.000000000173E-07,2.7000006),.PIECEWISE_BEZIER_KNOTS.);
#147 = CARTESIAN_POINT('',(0.4999994,-17.64297379516));
#148 = CARTESIAN_POINT('',(3.2000006,-17.64297379516));
#149 = ( GEOMETRIC_REPRESENTATION_CONTEXT(2)
PARAMETRIC_REPRESENTATION_CONTEXT() REPRESENTATION_CONTEXT('2D SPACE',''
  ) );
#150 = PCURVE('',#99,#151);
#151 = DEFINITIONAL_REPRESENTATION('',(#152),#155);
#152 = B_SPLINE_CURVE_WITH_KNOTS('',1,(#153,#154),.UNSPECIFIED.,.F.,.F.,
  (2,2),(-5.551115123126E-17,2.7),.PIECEWISE_BEZIER_KNOTS.);
#153 = CARTESIAN_POINT('',(7.783748469793,-5.551115123126E-17));
#154 = CARTESIAN_POINT('',(7.783748469793,2.7));
#155 = ( GEOMETRIC_REPRESENTATION_CONTEXT(2)
PARAMETRIC_REPRESENTATION_CONTEXT() REPRESENTATION_CONTEXT('2D SPACE',''
  ) );
#156 = ORIENTED_EDGE('',*,*,#157,.T.);
#157 = EDGE_CURVE('',#137,#158,#160,.T.);
#158 = VERTEX_POINT('',#159);
#159 = CARTESIAN_POINT('',(-14.8,11.8,0.5));
#160 = SURFACE_CURVE('',#161,(#165,#172),.PCURVE_S1.);
#161 = LINE('',#162,#163);
#162 = CARTESIAN_POINT('',(-14.8,-11.8,0.5));
#163 = VECTOR('',#164,1.);
#164 = DIRECTION('',(0.,1.,0.));
#165 = PCURVE('',#32,#166);
#166 = DEFINITIONAL_REPRESENTATION('',(#167),#171);
#167 = LINE('',#168,#169);
#168 = CARTESIAN_POINT('',(0.5,-3.));
#169 = VECTOR('',#170,1.);
#170 = DIRECTION('',(0.,-1.));
#171 = ( GEOMETRIC_REPRESENTATION_CONTEXT(2)
PARAMETRIC_REPRESENTATION_CONTEXT() REPRESENTATION_CONTEXT('2D SPACE',''
  ) );
#172 = PCURVE('',#173,#178);
#173 = CYLINDRICAL_SURFACE('',#174,0.5);
#174 = AXIS2_PLACEMENT_3D('',#175,#176,#177);
#175 = CARTESIAN_POINT('',(-14.3,-11.8,0.5));
#176 = DIRECTION('',(0.,1.,0.));
#177 = DIRECTION('',(-1.,0.,0.));
#178 = DEFINITIONAL_REPRESENTATION('',(#179),#183);
#179 = LINE('',#180,#181);
#180 = CARTESIAN_POINT('',(-0.,0.));
#181 = VECTOR('',#182,1.);
#182 = DIRECTION('',(-0.,1.));
#183 = ( GEOMETRIC_REPRESENTATION_CONTEXT(2)
PARAMETRIC_REPRESENTATION_CONTEXT() REPRESENTATION_CONTEXT('2D SPACE',''
  ) );
#184 = ORIENTED_EDGE('',*,*,#185,.T.);
#185 = EDGE_CURVE('',#158,#186,#188,.T.);
#186 = VERTEX_POINT('',#187);
#187 = CARTESIAN_POINT('',(-14.8,11.8,5.15));
#188 = SURFACE_CURVE('',#189,(#193,#200),.PCURVE_S1.);
#189 = LINE('',#190,#191);
#190 = CARTESIAN_POINT('',(-14.8,11.8,0.));
#191 = VECTOR('',#192,1.);
#192 = DIRECTION('',(0.,0.,1.));
#193 = PCURVE('',#32,#194);
#194 = DEFINITIONAL_REPRESENTATION('',(#195),#199);
#195 = LINE('',#196,#197);
#196 = CARTESIAN_POINT('',(0.,-26.6));
#197 = VECTOR('',#198,1.);
#198 = DIRECTION('',(1.,0.));
#199 = ( GEOMETRIC_REPRESENTATION_CONTEXT(2)
PARAMETRIC_REPRESENTATION_CONTEXT() REPRESENTATION_CONTEXT('2D SPACE',''
  ) );
#200 = PCURVE('',#201,#206);
#201 = CYLINDRICAL_SURFACE('',#202,3.);
#202 = AXIS2_PLACEMENT_3D('',#203,#204,#205);
#203 = CARTESIAN_POINT('',(-11.8,11.8,0.));
#204 = DIRECTION('',(0.,0.,1.));
#205 = DIRECTION('',(-1.,-0.,0.));
#206 = DEFINITIONAL_REPRESENTATION('',(#207),#211);
#207 = LINE('',#208,#209);
#208 = CARTESIAN_POINT('',(-0.,0.));
#209 = VECTOR('',#210,1.);
#210 = DIRECTION('',(-0.,1.));
#211 = ( GEOMETRIC_REPRESENTATION_CONTEXT(2)
PARAMETRIC_REPRESENTATION_CONTEXT() REPRESENTATION_CONTEXT('2D SPACE',''
  ) );
#212 = ORIENTED_EDGE('',*,*,#213,.F.);
#213 = EDGE_CURVE('',#24,#186,#214,.T.);
#214 = SURFACE_CURVE('',#215,(#219,#226),.PCURVE_S1.);
#215 = LINE('',#216,#217);
#216 = CARTESIAN_POINT('',(-14.8,-11.8,5.15));
#217 = VECTOR('',#218,1.);
#218 = DIRECTION('',(0.,1.,0.));
#219 = PCURVE('',#32,#220);
#220 = DEFINITIONAL_REPRESENTATION('',(#221),#225);
#221 = LINE('',#222,#223);
#222 = CARTESIAN_POINT('',(5.15,-3.));
#223 = VECTOR('',#224,1.);
#224 = DIRECTION('',(0.,-1.));
#225 = ( GEOMETRIC_REPRESENTATION_CONTEXT(2)
PARAMETRIC_REPRESENTATION_CONTEXT() REPRESENTATION_CONTEXT('2D SPACE',''
  ) );
#226 = PCURVE('',#227,#232);
#227 = CYLINDRICAL_SURFACE('',#228,0.35);
#228 = AXIS2_PLACEMENT_3D('',#229,#230,#231);
#229 = CARTESIAN_POINT('',(-14.45,-11.8,5.15));
#230 = DIRECTION('',(0.,1.,0.));
#231 = DIRECTION('',(-1.,0.,0.));
#232 = DEFINITIONAL_REPRESENTATION('',(#233),#237);
#233 = LINE('',#234,#235);
#234 = CARTESIAN_POINT('',(0.,0.));
#235 = VECTOR('',#236,1.);
#236 = DIRECTION('',(0.,1.));
#237 = ( GEOMETRIC_REPRESENTATION_CONTEXT(2)
PARAMETRIC_REPRESENTATION_CONTEXT() REPRESENTATION_CONTEXT('2D SPACE',''
  ) );
#238 = ADVANCED_FACE('',(#239),#44,.T.);
#239 = FACE_BOUND('',#240,.T.);
#240 = EDGE_LOOP('',(#241,#242,#271,#297,#326,#347,#376,#404));
#241 = ORIENTED_EDGE('',*,*,#21,.F.);
#242 = ORIENTED_EDGE('',*,*,#243,.F.);
#243 = EDGE_CURVE('',#244,#22,#246,.T.);
#244 = VERTEX_POINT('',#245);
#245 = CARTESIAN_POINT('',(-14.77848798916,-12.15862138583,0.5));
#246 = SURFACE_CURVE('',#247,(#252,#259),.PCURVE_S1.);
#247 = CIRCLE('',#248,3.);
#248 = AXIS2_PLACEMENT_3D('',#249,#250,#251);
#249 = CARTESIAN_POINT('',(-11.8,-11.8,0.5));
#250 = DIRECTION('',(-0.,-0.,-1.));
#251 = DIRECTION('',(0.,-1.,0.));
#252 = PCURVE('',#44,#253);
#253 = DEFINITIONAL_REPRESENTATION('',(#254),#258);
#254 = LINE('',#255,#256);
#255 = CARTESIAN_POINT('',(1.570796326795,0.5));
#256 = VECTOR('',#257,1.);
#257 = DIRECTION('',(-1.,-0.));
#258 = ( GEOMETRIC_REPRESENTATION_CONTEXT(2)
PARAMETRIC_REPRESENTATION_CONTEXT() REPRESENTATION_CONTEXT('2D SPACE',''
  ) );
#259 = PCURVE('',#260,#265);
#260 = TOROIDAL_SURFACE('',#261,2.5,0.5);
#261 = AXIS2_PLACEMENT_3D('',#262,#263,#264);
#262 = CARTESIAN_POINT('',(-11.8,-11.8,0.5));
#263 = DIRECTION('',(-0.,-0.,-1.));
#264 = DIRECTION('',(0.,-1.,0.));
#265 = DEFINITIONAL_REPRESENTATION('',(#266),#270);
#266 = LINE('',#267,#268);
#267 = CARTESIAN_POINT('',(0.,0.));
#268 = VECTOR('',#269,1.);
#269 = DIRECTION('',(1.,0.));
#270 = ( GEOMETRIC_REPRESENTATION_CONTEXT(2)
PARAMETRIC_REPRESENTATION_CONTEXT() REPRESENTATION_CONTEXT('2D SPACE',''
  ) );
#271 = ORIENTED_EDGE('',*,*,#272,.T.);
#272 = EDGE_CURVE('',#244,#273,#275,.T.);
#273 = VERTEX_POINT('',#274);
#274 = CARTESIAN_POINT('',(-14.77848798916,-12.15862138583,3.2));
#275 = SURFACE_CURVE('',#276,(#280,#286),.PCURVE_S1.);
#276 = LINE('',#277,#278);
#277 = CARTESIAN_POINT('',(-14.77848798916,-12.15862138583,0.));
#278 = VECTOR('',#279,1.);
#279 = DIRECTION('',(0.,0.,1.));
#280 = PCURVE('',#44,#281);
#281 = DEFINITIONAL_REPRESENTATION('',(#282),#285);
#282 = B_SPLINE_CURVE_WITH_KNOTS('',1,(#283,#284),.UNSPECIFIED.,.F.,.F.,
  (2,2),(0.4999994,3.2000006),.PIECEWISE_BEZIER_KNOTS.);
#283 = CARTESIAN_POINT('',(0.119827012428,0.4999994));
#284 = CARTESIAN_POINT('',(0.119827012428,3.2000006));
#285 = ( GEOMETRIC_REPRESENTATION_CONTEXT(2)
PARAMETRIC_REPRESENTATION_CONTEXT() REPRESENTATION_CONTEXT('2D SPACE',''
  ) );
#286 = PCURVE('',#287,#292);
#287 = CYLINDRICAL_SURFACE('',#288,2.85);
#288 = AXIS2_PLACEMENT_3D('',#289,#290,#291);
#289 = CARTESIAN_POINT('',(-15.,-15.,0.5));
#290 = DIRECTION('',(0.,0.,1.));
#291 = DIRECTION('',(1.,0.,-0.));
#292 = DEFINITIONAL_REPRESENTATION('',(#293),#296);
#293 = B_SPLINE_CURVE_WITH_KNOTS('',1,(#294,#295),.UNSPECIFIED.,.F.,.F.,
  (2,2),(0.4999994,3.2000006),.PIECEWISE_BEZIER_KNOTS.);
#294 = CARTESIAN_POINT('',(1.492994346824,-6.000000000728E-07));
#295 = CARTESIAN_POINT('',(1.492994346824,2.7000006));
#296 = ( GEOMETRIC_REPRESENTATION_CONTEXT(2)
PARAMETRIC_REPRESENTATION_CONTEXT() REPRESENTATION_CONTEXT('2D SPACE',''
  ) );
#297 = ORIENTED_EDGE('',*,*,#298,.T.);
#298 = EDGE_CURVE('',#273,#299,#301,.T.);
#299 = VERTEX_POINT('',#300);
#300 = CARTESIAN_POINT('',(-12.15862138583,-14.77848798916,3.2));
#301 = SURFACE_CURVE('',#302,(#307,#314),.PCURVE_S1.);
#302 = CIRCLE('',#303,3.);
#303 = AXIS2_PLACEMENT_3D('',#304,#305,#306);
#304 = CARTESIAN_POINT('',(-11.8,-11.8,3.2));
#305 = DIRECTION('',(0.,0.,1.));
#306 = DIRECTION('',(-1.,-0.,0.));
#307 = PCURVE('',#44,#308);
#308 = DEFINITIONAL_REPRESENTATION('',(#309),#313);
#309 = LINE('',#310,#311);
#310 = CARTESIAN_POINT('',(0.,3.2));
#311 = VECTOR('',#312,1.);
#312 = DIRECTION('',(1.,0.));
#313 = ( GEOMETRIC_REPRESENTATION_CONTEXT(2)
PARAMETRIC_REPRESENTATION_CONTEXT() REPRESENTATION_CONTEXT('2D SPACE',''
  ) );
#314 = PCURVE('',#315,#320);
#315 = PLANE('',#316);
#316 = AXIS2_PLACEMENT_3D('',#317,#318,#319);
#317 = CARTESIAN_POINT('',(-15.,-15.,3.2));
#318 = DIRECTION('',(0.,0.,1.));
#319 = DIRECTION('',(1.,0.,-0.));
#320 = DEFINITIONAL_REPRESENTATION('',(#321),#325);
#321 = CIRCLE('',#322,3.);
#322 = AXIS2_PLACEMENT_2D('',#323,#324);
#323 = CARTESIAN_POINT('',(3.2,3.2));
#324 = DIRECTION('',(-1.,0.));
#325 = ( GEOMETRIC_REPRESENTATION_CONTEXT(2)
PARAMETRIC_REPRESENTATION_CONTEXT() REPRESENTATION_CONTEXT('2D SPACE',''
  ) );
#326 = ORIENTED_EDGE('',*,*,#327,.F.);
#327 = EDGE_CURVE('',#328,#299,#330,.T.);
#328 = VERTEX_POINT('',#329);
#329 = CARTESIAN_POINT('',(-12.15862138583,-14.77848798916,0.5));
#330 = SURFACE_CURVE('',#331,(#335,#341),.PCURVE_S1.);
#331 = LINE('',#332,#333);
#332 = CARTESIAN_POINT('',(-12.15862138583,-14.77848798916,0.));
#333 = VECTOR('',#334,1.);
#334 = DIRECTION('',(0.,0.,1.));
#335 = PCURVE('',#44,#336);
#336 = DEFINITIONAL_REPRESENTATION('',(#337),#340);
#337 = B_SPLINE_CURVE_WITH_KNOTS('',1,(#338,#339),.UNSPECIFIED.,.F.,.F.,
  (2,2),(0.4999994,3.2000006),.PIECEWISE_BEZIER_KNOTS.);
#338 = CARTESIAN_POINT('',(1.450969314366,0.4999994));
#339 = CARTESIAN_POINT('',(1.450969314366,3.2000006));
#340 = ( GEOMETRIC_REPRESENTATION_CONTEXT(2)
PARAMETRIC_REPRESENTATION_CONTEXT() REPRESENTATION_CONTEXT('2D SPACE',''
  ) );
#341 = PCURVE('',#287,#342);
#342 = DEFINITIONAL_REPRESENTATION('',(#343),#346);
#343 = B_SPLINE_CURVE_WITH_KNOTS('',1,(#344,#345),.UNSPECIFIED.,.F.,.F.,
  (2,2),(0.4999994,3.2000006),.PIECEWISE_BEZIER_KNOTS.);
#344 = CARTESIAN_POINT('',(7.780197997077E-02,-6.000000000728E-07));
#345 = CARTESIAN_POINT('',(7.780197997077E-02,2.7000006));
#346 = ( GEOMETRIC_REPRESENTATION_CONTEXT(2)
PARAMETRIC_REPRESENTATION_CONTEXT() REPRESENTATION_CONTEXT('2D SPACE',''
  ) );
#347 = ORIENTED_EDGE('',*,*,#348,.F.);
#348 = EDGE_CURVE('',#349,#328,#351,.T.);
#349 = VERTEX_POINT('',#350);
#350 = CARTESIAN_POINT('',(-11.8,-14.8,0.5));
#351 = SURFACE_CURVE('',#352,(#357,#364),.PCURVE_S1.);
#352 = CIRCLE('',#353,3.);
#353 = AXIS2_PLACEMENT_3D('',#354,#355,#356);
#354 = CARTESIAN_POINT('',(-11.8,-11.8,0.5));
#355 = DIRECTION('',(-0.,-0.,-1.));
#356 = DIRECTION('',(0.,-1.,0.));
#357 = PCURVE('',#44,#358);
#358 = DEFINITIONAL_REPRESENTATION('',(#359),#363);
#359 = LINE('',#360,#361);
#360 = CARTESIAN_POINT('',(1.570796326795,0.5));
#361 = VECTOR('',#362,1.);
#362 = DIRECTION('',(-1.,-0.));
#363 = ( GEOMETRIC_REPRESENTATION_CONTEXT(2)
PARAMETRIC_REPRESENTATION_CONTEXT() REPRESENTATION_CONTEXT('2D SPACE',''
  ) );
#364 = PCURVE('',#365,#370);
#365 = TOROIDAL_SURFACE('',#366,2.5,0.5);
#366 = AXIS2_PLACEMENT_3D('',#367,#368,#369);
#367 = CARTESIAN_POINT('',(-11.8,-11.8,0.5));
#368 = DIRECTION('',(-0.,-0.,-1.));
#369 = DIRECTION('',(0.,-1.,0.));
#370 = DEFINITIONAL_REPRESENTATION('',(#371),#375);
#371 = LINE('',#372,#373);
#372 = CARTESIAN_POINT('',(0.,0.));
#373 = VECTOR('',#374,1.);
#374 = DIRECTION('',(1.,0.));
#375 = ( GEOMETRIC_REPRESENTATION_CONTEXT(2)
PARAMETRIC_REPRESENTATION_CONTEXT() REPRESENTATION_CONTEXT('2D SPACE',''
  ) );
#376 = ORIENTED_EDGE('',*,*,#377,.T.);
#377 = EDGE_CURVE('',#349,#378,#380,.T.);
#378 = VERTEX_POINT('',#379);
#379 = CARTESIAN_POINT('',(-11.8,-14.8,5.15));
#380 = SURFACE_CURVE('',#381,(#385,#392),.PCURVE_S1.);
#381 = LINE('',#382,#383);
#382 = CARTESIAN_POINT('',(-11.8,-14.8,0.));
#383 = VECTOR('',#384,1.);
#384 = DIRECTION('',(0.,0.,1.));
#385 = PCURVE('',#44,#386);
#386 = DEFINITIONAL_REPRESENTATION('',(#387),#391);
#387 = LINE('',#388,#389);
#388 = CARTESIAN_POINT('',(1.570796326795,0.));
#389 = VECTOR('',#390,1.);
#390 = DIRECTION('',(0.,1.));
#391 = ( GEOMETRIC_REPRESENTATION_CONTEXT(2)
PARAMETRIC_REPRESENTATION_CONTEXT() REPRESENTATION_CONTEXT('2D SPACE',''
  ) );
#392 = PCURVE('',#393,#398);
#393 = PLANE('',#394);
#394 = AXIS2_PLACEMENT_3D('',#395,#396,#397);
#395 = CARTESIAN_POINT('',(-14.8,-14.8,0.));
#396 = DIRECTION('',(0.,1.,0.));
#397 = DIRECTION('',(0.,0.,1.));
#398 = DEFINITIONAL_REPRESENTATION('',(#399),#403);
#399 = LINE('',#400,#401);
#400 = CARTESIAN_POINT('',(0.,3.));
#401 = VECTOR('',#402,1.);
#402 = DIRECTION('',(1.,0.));
#403 = ( GEOMETRIC_REPRESENTATION_CONTEXT(2)
PARAMETRIC_REPRESENTATION_CONTEXT() REPRESENTATION_CONTEXT('2D SPACE',''
  ) );
#404 = ORIENTED_EDGE('',*,*,#405,.T.);
#405 = EDGE_CURVE('',#378,#24,#406,.T.);
#406 = SURFACE_CURVE('',#407,(#412,#419),.PCURVE_S1.);
#407 = CIRCLE('',#408,3.);
#408 = AXIS2_PLACEMENT_3D('',#409,#410,#411);
#409 = CARTESIAN_POINT('',(-11.8,-11.8,5.15));
#410 = DIRECTION('',(-0.,-0.,-1.));
#411 = DIRECTION('',(0.,-1.,0.));
#412 = PCURVE('',#44,#413);
#413 = DEFINITIONAL_REPRESENTATION('',(#414),#418);
#414 = LINE('',#415,#416);
#415 = CARTESIAN_POINT('',(1.570796326795,5.15));
#416 = VECTOR('',#417,1.);
#417 = DIRECTION('',(-1.,-0.));
#418 = ( GEOMETRIC_REPRESENTATION_CONTEXT(2)
PARAMETRIC_REPRESENTATION_CONTEXT() REPRESENTATION_CONTEXT('2D SPACE',''
  ) );
#419 = PCURVE('',#420,#425);
#420 = TOROIDAL_SURFACE('',#421,2.65,0.35);
#421 = AXIS2_PLACEMENT_3D('',#422,#423,#424);
#422 = CARTESIAN_POINT('',(-11.8,-11.8,5.15));
#423 = DIRECTION('',(0.,0.,1.));
#424 = DIRECTION('',(0.,-1.,0.));
#425 = DEFINITIONAL_REPRESENTATION('',(#426),#430);
#426 = LINE('',#427,#428);
#427 = CARTESIAN_POINT('',(-0.,0.));
#428 = VECTOR('',#429,1.);
#429 = DIRECTION('',(-1.,0.));
#430 = ( GEOMETRIC_REPRESENTATION_CONTEXT(2)
PARAMETRIC_REPRESENTATION_CONTEXT() REPRESENTATION_CONTEXT('2D SPACE',''
  ) );
#431 = ADVANCED_FACE('',(#432),#227,.T.);
#432 = FACE_BOUND('',#433,.T.);
#433 = EDGE_LOOP('',(#434,#456,#484,#509));
#434 = ORIENTED_EDGE('',*,*,#435,.T.);
#435 = EDGE_CURVE('',#24,#436,#438,.T.);
#436 = VERTEX_POINT('',#437);
#437 = CARTESIAN_POINT('',(-14.45,-11.8,5.5));
#438 = SURFACE_CURVE('',#439,(#444,#450),.PCURVE_S1.);
#439 = CIRCLE('',#440,0.35);
#440 = AXIS2_PLACEMENT_3D('',#441,#442,#443);
#441 = CARTESIAN_POINT('',(-14.45,-11.8,5.15));
#442 = DIRECTION('',(0.,1.,0.));
#443 = DIRECTION('',(-1.,0.,0.));
#444 = PCURVE('',#227,#445);
#445 = DEFINITIONAL_REPRESENTATION('',(#446),#449);
#446 = B_SPLINE_CURVE_WITH_KNOTS('',1,(#447,#448),.UNSPECIFIED.,.F.,.F.,
  (2,2),(0.,1.570796326795),.PIECEWISE_BEZIER_KNOTS.);
#447 = CARTESIAN_POINT('',(0.,0.));
#448 = CARTESIAN_POINT('',(1.570796326795,0.));
#449 = ( GEOMETRIC_REPRESENTATION_CONTEXT(2)
PARAMETRIC_REPRESENTATION_CONTEXT() REPRESENTATION_CONTEXT('2D SPACE',''
  ) );
#450 = PCURVE('',#420,#451);
#451 = DEFINITIONAL_REPRESENTATION('',(#452),#455);
#452 = B_SPLINE_CURVE_WITH_KNOTS('',1,(#453,#454),.UNSPECIFIED.,.F.,.F.,
  (2,2),(0.,1.570796326795),.PIECEWISE_BEZIER_KNOTS.);
#453 = CARTESIAN_POINT('',(-1.570796326795,0.));
#454 = CARTESIAN_POINT('',(-1.570796326795,1.570796326795));
#455 = ( GEOMETRIC_REPRESENTATION_CONTEXT(2)
PARAMETRIC_REPRESENTATION_CONTEXT() REPRESENTATION_CONTEXT('2D SPACE',''
  ) );
#456 = ORIENTED_EDGE('',*,*,#457,.T.);
#457 = EDGE_CURVE('',#436,#458,#460,.T.);
#458 = VERTEX_POINT('',#459);
#459 = CARTESIAN_POINT('',(-14.45,11.8,5.5));
#460 = SURFACE_CURVE('',#461,(#465,#472),.PCURVE_S1.);
#461 = LINE('',#462,#463);
#462 = CARTESIAN_POINT('',(-14.45,-11.8,5.5));
#463 = VECTOR('',#464,1.);
#464 = DIRECTION('',(0.,1.,0.));
#465 = PCURVE('',#227,#466);
#466 = DEFINITIONAL_REPRESENTATION('',(#467),#471);
#467 = LINE('',#468,#469);
#468 = CARTESIAN_POINT('',(1.570796326795,0.));
#469 = VECTOR('',#470,1.);
#470 = DIRECTION('',(0.,1.));
#471 = ( GEOMETRIC_REPRESENTATION_CONTEXT(2)
PARAMETRIC_REPRESENTATION_CONTEXT() REPRESENTATION_CONTEXT('2D SPACE',''
  ) );
#472 = PCURVE('',#473,#478);
#473 = PLANE('',#474);
#474 = AXIS2_PLACEMENT_3D('',#475,#476,#477);
#475 = CARTESIAN_POINT('',(-14.8,-14.8,5.5));
#476 = DIRECTION('',(0.,0.,1.));
#477 = DIRECTION('',(1.,0.,0.));
#478 = DEFINITIONAL_REPRESENTATION('',(#479),#483);
#479 = LINE('',#480,#481);
#480 = CARTESIAN_POINT('',(0.35,3.));
#481 = VECTOR('',#482,1.);
#482 = DIRECTION('',(0.,1.));
#483 = ( GEOMETRIC_REPRESENTATION_CONTEXT(2)
PARAMETRIC_REPRESENTATION_CONTEXT() REPRESENTATION_CONTEXT('2D SPACE',''
  ) );
#484 = ORIENTED_EDGE('',*,*,#485,.F.);
#485 = EDGE_CURVE('',#186,#458,#486,.T.);
#486 = SURFACE_CURVE('',#487,(#492,#498),.PCURVE_S1.);
#487 = CIRCLE('',#488,0.35);
#488 = AXIS2_PLACEMENT_3D('',#489,#490,#491);
#489 = CARTESIAN_POINT('',(-14.45,11.8,5.15));
#490 = DIRECTION('',(0.,1.,0.));
#491 = DIRECTION('',(-1.,0.,0.));
#492 = PCURVE('',#227,#493);
#493 = DEFINITIONAL_REPRESENTATION('',(#494),#497);
#494 = B_SPLINE_CURVE_WITH_KNOTS('',1,(#495,#496),.UNSPECIFIED.,.F.,.F.,
  (2,2),(0.,1.570796326795),.PIECEWISE_BEZIER_KNOTS.);
#495 = CARTESIAN_POINT('',(0.,23.6));
#496 = CARTESIAN_POINT('',(1.570796326795,23.6));
#497 = ( GEOMETRIC_REPRESENTATION_CONTEXT(2)
PARAMETRIC_REPRESENTATION_CONTEXT() REPRESENTATION_CONTEXT('2D SPACE',''
  ) );
#498 = PCURVE('',#499,#504);
#499 = TOROIDAL_SURFACE('',#500,2.65,0.35);
#500 = AXIS2_PLACEMENT_3D('',#501,#502,#503);
#501 = CARTESIAN_POINT('',(-11.8,11.8,5.15));
#502 = DIRECTION('',(0.,0.,1.));
#503 = DIRECTION('',(-1.,0.,0.));
#504 = DEFINITIONAL_REPRESENTATION('',(#505),#508);
#505 = B_SPLINE_CURVE_WITH_KNOTS('',1,(#506,#507),.UNSPECIFIED.,.F.,.F.,
  (2,2),(0.,1.570796326795),.PIECEWISE_BEZIER_KNOTS.);
#506 = CARTESIAN_POINT('',(0.,0.));
#507 = CARTESIAN_POINT('',(0.,1.570796326795));
#508 = ( GEOMETRIC_REPRESENTATION_CONTEXT(2)
PARAMETRIC_REPRESENTATION_CONTEXT() REPRESENTATION_CONTEXT('2D SPACE',''
  ) );
#509 = ORIENTED_EDGE('',*,*,#213,.F.);
#510 = ADVANCED_FACE('',(#511),#201,.T.);
#511 = FACE_BOUND('',#512,.F.);
#512 = EDGE_LOOP('',(#513,#514,#543,#569,#598,#619,#648,#676));
#513 = ORIENTED_EDGE('',*,*,#185,.F.);
#514 = ORIENTED_EDGE('',*,*,#515,.T.);
#515 = EDGE_CURVE('',#158,#516,#518,.T.);
#516 = VERTEX_POINT('',#517);
#517 = CARTESIAN_POINT('',(-14.77848798916,12.158621385831,0.5));
#518 = SURFACE_CURVE('',#519,(#524,#531),.PCURVE_S1.);
#519 = CIRCLE('',#520,3.);
#520 = AXIS2_PLACEMENT_3D('',#521,#522,#523);
#521 = CARTESIAN_POINT('',(-11.8,11.8,0.5));
#522 = DIRECTION('',(-0.,0.,-1.));
#523 = DIRECTION('',(-1.,0.,0.));
#524 = PCURVE('',#201,#525);
#525 = DEFINITIONAL_REPRESENTATION('',(#526),#530);
#526 = LINE('',#527,#528);
#527 = CARTESIAN_POINT('',(-0.,0.5));
#528 = VECTOR('',#529,1.);
#529 = DIRECTION('',(-1.,0.));
#530 = ( GEOMETRIC_REPRESENTATION_CONTEXT(2)
PARAMETRIC_REPRESENTATION_CONTEXT() REPRESENTATION_CONTEXT('2D SPACE',''
  ) );
#531 = PCURVE('',#532,#537);
#532 = TOROIDAL_SURFACE('',#533,2.5,0.5);
#533 = AXIS2_PLACEMENT_3D('',#534,#535,#536);
#534 = CARTESIAN_POINT('',(-11.8,11.8,0.5));
#535 = DIRECTION('',(-0.,-0.,-1.));
#536 = DIRECTION('',(-1.,0.,0.));
#537 = DEFINITIONAL_REPRESENTATION('',(#538),#542);
#538 = LINE('',#539,#540);
#539 = CARTESIAN_POINT('',(0.,0.));
#540 = VECTOR('',#541,1.);
#541 = DIRECTION('',(1.,0.));
#542 = ( GEOMETRIC_REPRESENTATION_CONTEXT(2)
PARAMETRIC_REPRESENTATION_CONTEXT() REPRESENTATION_CONTEXT('2D SPACE',''
  ) );
#543 = ORIENTED_EDGE('',*,*,#544,.T.);
#544 = EDGE_CURVE('',#516,#545,#547,.T.);
#545 = VERTEX_POINT('',#546);
#546 = CARTESIAN_POINT('',(-14.77848798916,12.158621385831,3.2));
#547 = SURFACE_CURVE('',#548,(#552,#558),.PCURVE_S1.);
#548 = LINE('',#549,#550);
#549 = CARTESIAN_POINT('',(-14.77848798916,12.158621385831,0.));
#550 = VECTOR('',#551,1.);
#551 = DIRECTION('',(0.,0.,1.));
#552 = PCURVE('',#201,#553);
#553 = DEFINITIONAL_REPRESENTATION('',(#554),#557);
#554 = B_SPLINE_CURVE_WITH_KNOTS('',1,(#555,#556),.UNSPECIFIED.,.F.,.F.,
  (2,2),(0.4999994,3.2000006),.PIECEWISE_BEZIER_KNOTS.);
#555 = CARTESIAN_POINT('',(-0.119827012428,0.4999994));
#556 = CARTESIAN_POINT('',(-0.119827012428,3.2000006));
#557 = ( GEOMETRIC_REPRESENTATION_CONTEXT(2)
PARAMETRIC_REPRESENTATION_CONTEXT() REPRESENTATION_CONTEXT('2D SPACE',''
  ) );
#558 = PCURVE('',#559,#564);
#559 = CYLINDRICAL_SURFACE('',#560,2.85);
#560 = AXIS2_PLACEMENT_3D('',#561,#562,#563);
#561 = CARTESIAN_POINT('',(-15.,15.,0.5));
#562 = DIRECTION('',(0.,0.,1.));
#563 = DIRECTION('',(1.,0.,-0.));
#564 = DEFINITIONAL_REPRESENTATION('',(#565),#568);
#565 = B_SPLINE_CURVE_WITH_KNOTS('',1,(#566,#567),.UNSPECIFIED.,.F.,.F.,
  (2,2),(0.4999994,3.2000006),.PIECEWISE_BEZIER_KNOTS.);
#566 = CARTESIAN_POINT('',(4.790190960355,-6.000000000728E-07));
#567 = CARTESIAN_POINT('',(4.790190960355,2.7000006));
#568 = ( GEOMETRIC_REPRESENTATION_CONTEXT(2)
PARAMETRIC_REPRESENTATION_CONTEXT() REPRESENTATION_CONTEXT('2D SPACE',''
  ) );
#569 = ORIENTED_EDGE('',*,*,#570,.F.);
#570 = EDGE_CURVE('',#571,#545,#573,.T.);
#571 = VERTEX_POINT('',#572);
#572 = CARTESIAN_POINT('',(-12.15862138583,14.778487989169,3.2));
#573 = SURFACE_CURVE('',#574,(#579,#586),.PCURVE_S1.);
#574 = CIRCLE('',#575,3.);
#575 = AXIS2_PLACEMENT_3D('',#576,#577,#578);
#576 = CARTESIAN_POINT('',(-11.8,11.8,3.2));
#577 = DIRECTION('',(0.,0.,1.));
#578 = DIRECTION('',(-1.,-0.,0.));
#579 = PCURVE('',#201,#580);
#580 = DEFINITIONAL_REPRESENTATION('',(#581),#585);
#581 = LINE('',#582,#583);
#582 = CARTESIAN_POINT('',(-6.28318530718,3.2));
#583 = VECTOR('',#584,1.);
#584 = DIRECTION('',(1.,-0.));
#585 = ( GEOMETRIC_REPRESENTATION_CONTEXT(2)
PARAMETRIC_REPRESENTATION_CONTEXT() REPRESENTATION_CONTEXT('2D SPACE',''
  ) );
#586 = PCURVE('',#587,#592);
#587 = PLANE('',#588);
#588 = AXIS2_PLACEMENT_3D('',#589,#590,#591);
#589 = CARTESIAN_POINT('',(-15.,15.,3.2));
#590 = DIRECTION('',(0.,0.,1.));
#591 = DIRECTION('',(1.,0.,-0.));
#592 = DEFINITIONAL_REPRESENTATION('',(#593),#597);
#593 = CIRCLE('',#594,3.);
#594 = AXIS2_PLACEMENT_2D('',#595,#596);
#595 = CARTESIAN_POINT('',(3.2,-3.2));
#596 = DIRECTION('',(-1.,0.));
#597 = ( GEOMETRIC_REPRESENTATION_CONTEXT(2)
PARAMETRIC_REPRESENTATION_CONTEXT() REPRESENTATION_CONTEXT('2D SPACE',''
  ) );
#598 = ORIENTED_EDGE('',*,*,#599,.F.);
#599 = EDGE_CURVE('',#600,#571,#602,.T.);
#600 = VERTEX_POINT('',#601);
#601 = CARTESIAN_POINT('',(-12.15862138583,14.778487989169,0.5));
#602 = SURFACE_CURVE('',#603,(#607,#613),.PCURVE_S1.);
#603 = LINE('',#604,#605);
#604 = CARTESIAN_POINT('',(-12.15862138583,14.778487989169,0.));
#605 = VECTOR('',#606,1.);
#606 = DIRECTION('',(0.,0.,1.));
#607 = PCURVE('',#201,#608);
#608 = DEFINITIONAL_REPRESENTATION('',(#609),#612);
#609 = B_SPLINE_CURVE_WITH_KNOTS('',1,(#610,#611),.UNSPECIFIED.,.F.,.F.,
  (2,2),(0.4999994,3.2000006),.PIECEWISE_BEZIER_KNOTS.);
#610 = CARTESIAN_POINT('',(-1.450969314366,0.4999994));
#611 = CARTESIAN_POINT('',(-1.450969314366,3.2000006));
#612 = ( GEOMETRIC_REPRESENTATION_CONTEXT(2)
PARAMETRIC_REPRESENTATION_CONTEXT() REPRESENTATION_CONTEXT('2D SPACE',''
  ) );
#613 = PCURVE('',#559,#614);
#614 = DEFINITIONAL_REPRESENTATION('',(#615),#618);
#615 = B_SPLINE_CURVE_WITH_KNOTS('',1,(#616,#617),.UNSPECIFIED.,.F.,.F.,
  (2,2),(0.4999994,3.2000006),.PIECEWISE_BEZIER_KNOTS.);
#616 = CARTESIAN_POINT('',(6.205383327209,-6.000000000728E-07));
#617 = CARTESIAN_POINT('',(6.205383327209,2.7000006));
#618 = ( GEOMETRIC_REPRESENTATION_CONTEXT(2)
PARAMETRIC_REPRESENTATION_CONTEXT() REPRESENTATION_CONTEXT('2D SPACE',''
  ) );
#619 = ORIENTED_EDGE('',*,*,#620,.T.);
#620 = EDGE_CURVE('',#600,#621,#623,.T.);
#621 = VERTEX_POINT('',#622);
#622 = CARTESIAN_POINT('',(-11.8,14.8,0.5));
#623 = SURFACE_CURVE('',#624,(#629,#636),.PCURVE_S1.);
#624 = CIRCLE('',#625,3.);
#625 = AXIS2_PLACEMENT_3D('',#626,#627,#628);
#626 = CARTESIAN_POINT('',(-11.8,11.8,0.5));
#627 = DIRECTION('',(-0.,0.,-1.));
#628 = DIRECTION('',(-1.,0.,0.));
#629 = PCURVE('',#201,#630);
#630 = DEFINITIONAL_REPRESENTATION('',(#631),#635);
#631 = LINE('',#632,#633);
#632 = CARTESIAN_POINT('',(-0.,0.5));
#633 = VECTOR('',#634,1.);
#634 = DIRECTION('',(-1.,0.));
#635 = ( GEOMETRIC_REPRESENTATION_CONTEXT(2)
PARAMETRIC_REPRESENTATION_CONTEXT() REPRESENTATION_CONTEXT('2D SPACE',''
  ) );
#636 = PCURVE('',#637,#642);
#637 = TOROIDAL_SURFACE('',#638,2.5,0.5);
#638 = AXIS2_PLACEMENT_3D('',#639,#640,#641);
#639 = CARTESIAN_POINT('',(-11.8,11.8,0.5));
#640 = DIRECTION('',(-0.,-0.,-1.));
#641 = DIRECTION('',(-1.,0.,0.));
#642 = DEFINITIONAL_REPRESENTATION('',(#643),#647);
#643 = LINE('',#644,#645);
#644 = CARTESIAN_POINT('',(0.,0.));
#645 = VECTOR('',#646,1.);
#646 = DIRECTION('',(1.,0.));
#647 = ( GEOMETRIC_REPRESENTATION_CONTEXT(2)
PARAMETRIC_REPRESENTATION_CONTEXT() REPRESENTATION_CONTEXT('2D SPACE',''
  ) );
#648 = ORIENTED_EDGE('',*,*,#649,.T.);
#649 = EDGE_CURVE('',#621,#650,#652,.T.);
#650 = VERTEX_POINT('',#651);
#651 = CARTESIAN_POINT('',(-11.8,14.8,5.15));
#652 = SURFACE_CURVE('',#653,(#657,#664),.PCURVE_S1.);
#653 = LINE('',#654,#655);
#654 = CARTESIAN_POINT('',(-11.8,14.8,0.));
#655 = VECTOR('',#656,1.);
#656 = DIRECTION('',(0.,0.,1.));
#657 = PCURVE('',#201,#658);
#658 = DEFINITIONAL_REPRESENTATION('',(#659),#663);
#659 = LINE('',#660,#661);
#660 = CARTESIAN_POINT('',(-1.570796326795,0.));
#661 = VECTOR('',#662,1.);
#662 = DIRECTION('',(-0.,1.));
#663 = ( GEOMETRIC_REPRESENTATION_CONTEXT(2)
PARAMETRIC_REPRESENTATION_CONTEXT() REPRESENTATION_CONTEXT('2D SPACE',''
  ) );
#664 = PCURVE('',#665,#670);
#665 = PLANE('',#666);
#666 = AXIS2_PLACEMENT_3D('',#667,#668,#669);
#667 = CARTESIAN_POINT('',(-14.8,14.8,0.));
#668 = DIRECTION('',(0.,1.,0.));
#669 = DIRECTION('',(0.,0.,1.));
#670 = DEFINITIONAL_REPRESENTATION('',(#671),#675);
#671 = LINE('',#672,#673);
#672 = CARTESIAN_POINT('',(0.,3.));
#673 = VECTOR('',#674,1.);
#674 = DIRECTION('',(1.,0.));
#675 = ( GEOMETRIC_REPRESENTATION_CONTEXT(2)
PARAMETRIC_REPRESENTATION_CONTEXT() REPRESENTATION_CONTEXT('2D SPACE',''
  ) );
#676 = ORIENTED_EDGE('',*,*,#677,.F.);
#677 = EDGE_CURVE('',#186,#650,#678,.T.);
#678 = SURFACE_CURVE('',#679,(#684,#691),.PCURVE_S1.);
#679 = CIRCLE('',#680,3.);
#680 = AXIS2_PLACEMENT_3D('',#681,#682,#683);
#681 = CARTESIAN_POINT('',(-11.8,11.8,5.15));
#682 = DIRECTION('',(-0.,0.,-1.));
#683 = DIRECTION('',(-1.,0.,0.));
#684 = PCURVE('',#201,#685);
#685 = DEFINITIONAL_REPRESENTATION('',(#686),#690);
#686 = LINE('',#687,#688);
#687 = CARTESIAN_POINT('',(-0.,5.15));
#688 = VECTOR('',#689,1.);
#689 = DIRECTION('',(-1.,0.));
#690 = ( GEOMETRIC_REPRESENTATION_CONTEXT(2)
PARAMETRIC_REPRESENTATION_CONTEXT() REPRESENTATION_CONTEXT('2D SPACE',''
  ) );
#691 = PCURVE('',#499,#692);
#692 = DEFINITIONAL_REPRESENTATION('',(#693),#697);
#693 = LINE('',#694,#695);
#694 = CARTESIAN_POINT('',(-0.,0.));
#695 = VECTOR('',#696,1.);
#696 = DIRECTION('',(-1.,0.));
#697 = ( GEOMETRIC_REPRESENTATION_CONTEXT(2)
PARAMETRIC_REPRESENTATION_CONTEXT() REPRESENTATION_CONTEXT('2D SPACE',''
  ) );
#698 = ADVANCED_FACE('',(#699),#173,.T.);
#699 = FACE_BOUND('',#700,.F.);
#700 = EDGE_LOOP('',(#701,#702,#787,#815,#858));
#701 = ORIENTED_EDGE('',*,*,#157,.F.);
#702 = ORIENTED_EDGE('',*,*,#703,.T.);
#703 = EDGE_CURVE('',#137,#704,#706,.T.);
#704 = VERTEX_POINT('',#705);
#705 = CARTESIAN_POINT('',(-14.3,3.276049450176,-5.551115123126E-17));
#706 = SURFACE_CURVE('',#707,(#730,#756),.PCURVE_S1.);
#707 = B_SPLINE_CURVE_WITH_KNOTS('',6,(#708,#709,#710,#711,#712,#713,
    #714,#715,#716,#717,#718,#719,#720,#721,#722,#723,#724,#725,#726,
    #727,#728,#729),.UNSPECIFIED.,.F.,.F.,(7,5,5,5,7),(0.,0.404000583605
    ,0.655999140191,0.91299879444,1.),.UNSPECIFIED.);
#708 = CARTESIAN_POINT('',(-14.8,2.842973795166,0.5));
#709 = CARTESIAN_POINT('',(-14.8,2.842973795166,0.444905256821));
#710 = CARTESIAN_POINT('',(-14.7927152166,2.84976357674,0.389791656957)
  );
#711 = CARTESIAN_POINT('',(-14.7781346227,2.863357094535,0.336177753017)
  );
#712 = CARTESIAN_POINT('',(-14.75679680041,2.883117768913,0.285430364198
    ));
#713 = CARTESIAN_POINT('',(-14.72951084344,2.908082501089,0.238552858766
    ));
#714 = CARTESIAN_POINT('',(-14.6769986791,2.955459054142,0.169886839883)
  );
#715 = CARTESIAN_POINT('',(-14.65485300771,2.975303697155,0.145285446455
    ));
#716 = CARTESIAN_POINT('',(-14.63094058672,2.996560723057,0.122625193655
    ));
#717 = CARTESIAN_POINT('',(-14.6054733424,3.018998647758,0.102030788119)
  );
#718 = CARTESIAN_POINT('',(-14.57866115996,3.042397000724,
    8.359632950608E-02));
#719 = CARTESIAN_POINT('',(-14.52219316334,3.091194475959,
    5.087183512773E-02));
#720 = CARTESIAN_POINT('',(-14.49249333444,3.116622414455,
    3.667235262099E-02));
#721 = CARTESIAN_POINT('',(-14.46181900091,3.142626239606,
    2.487323681845E-02));
#722 = CARTESIAN_POINT('',(-14.43038242944,3.169006561685,
    1.553290429511E-02));
#723 = CARTESIAN_POINT('',(-14.39839536563,3.19557683908,
    8.693740707432E-03));
#724 = CARTESIAN_POINT('',(-14.35512722311,3.231161821045,
    2.925694407975E-03));
#725 = CARTESIAN_POINT('',(-14.34414564085,3.240163229139,
    1.756835666108E-03));
#726 = CARTESIAN_POINT('',(-14.33313372273,3.249159402884,
    8.790260870411E-04));
#727 = CARTESIAN_POINT('',(-14.32209984086,3.258143587749,
    2.931769107341E-04));
#728 = CARTESIAN_POINT('',(-14.31105243249,3.267109124696,
    -1.568100848534E-09));
#729 = CARTESIAN_POINT('',(-14.3,3.276049450176,0.));
#730 = PCURVE('',#173,#731);
#731 = DEFINITIONAL_REPRESENTATION('',(#732),#755);
#732 = B_SPLINE_CURVE_WITH_KNOTS('',6,(#733,#734,#735,#736,#737,#738,
    #739,#740,#741,#742,#743,#744,#745,#746,#747,#748,#749,#750,#751,
    #752,#753,#754),.UNSPECIFIED.,.F.,.F.,(7,5,5,5,7),(0.,0.404000583605
    ,0.655999140191,0.91299879444,1.),.UNSPECIFIED.);
#733 = CARTESIAN_POINT('',(8.881784197001E-16,14.642973795166));
#734 = CARTESIAN_POINT('',(-0.110189486358,14.642973795166));
#735 = CARTESIAN_POINT('',(-0.220416082342,14.64976357674));
#736 = CARTESIAN_POINT('',(-0.330055018945,14.663357094535));
#737 = CARTESIAN_POINT('',(-0.438774863881,14.683117768913));
#738 = CARTESIAN_POINT('',(-0.546398984056,14.708082501089));
#739 = CARTESIAN_POINT('',(-0.719286803791,14.755459054142));
#740 = CARTESIAN_POINT('',(-0.785276034278,14.775303697155));
#741 = CARTESIAN_POINT('',(-0.850856404252,14.796560723057));
#742 = CARTESIAN_POINT('',(-0.916062730744,14.818998647758));
#743 = CARTESIAN_POINT('',(-0.980945848194,14.842397000724));
#744 = CARTESIAN_POINT('',(-1.111475954672,14.891194475959));
#745 = CARTESIAN_POINT('',(-1.177108637765,14.916622414455));
#746 = CARTESIAN_POINT('',(-1.242535838898,14.942626239606));
#747 = CARTESIAN_POINT('',(-1.307825415773,14.969006561685));
#748 = CARTESIAN_POINT('',(-1.373046056924,14.99557683908));
#749 = CARTESIAN_POINT('',(-1.460347890014,15.031161821045));
#750 = CARTESIAN_POINT('',(-1.482427368892,15.040163229139));
#751 = CARTESIAN_POINT('',(-1.504509438238,15.049159402884));
#752 = CARTESIAN_POINT('',(-1.526596642242,15.058143587749));
#753 = CARTESIAN_POINT('',(-1.548691464256,15.067109124696));
#754 = CARTESIAN_POINT('',(-1.570796326795,15.076049450176));
#755 = ( GEOMETRIC_REPRESENTATION_CONTEXT(2)
PARAMETRIC_REPRESENTATION_CONTEXT() REPRESENTATION_CONTEXT('2D SPACE',''
  ) );
#756 = PCURVE('',#757,#762);
#757 = TOROIDAL_SURFACE('',#758,3.35,0.5);
#758 = AXIS2_PLACEMENT_3D('',#759,#760,#761);
#759 = CARTESIAN_POINT('',(-15.,0.,0.5));
#760 = DIRECTION('',(-0.,-0.,-1.));
#761 = DIRECTION('',(1.,0.,-0.));
#762 = DEFINITIONAL_REPRESENTATION('',(#763),#786);
#763 = B_SPLINE_CURVE_WITH_KNOTS('',6,(#764,#765,#766,#767,#768,#769,
    #770,#771,#772,#773,#774,#775,#776,#777,#778,#779,#780,#781,#782,
    #783,#784,#785),.UNSPECIFIED.,.F.,.F.,(7,5,5,5,7),(0.,0.404000583605
    ,0.655999140191,0.91299879444,1.),.UNSPECIFIED.);
#764 = CARTESIAN_POINT('',(-7.783748469793,3.14159265359));
#765 = CARTESIAN_POINT('',(-7.783748469793,3.031403167231));
#766 = CARTESIAN_POINT('',(-7.781366313802,2.921176571247));
#767 = CARTESIAN_POINT('',(-7.77659555417,2.811537634644));
#768 = CARTESIAN_POINT('',(-7.769710668421,2.702817789708));
#769 = CARTESIAN_POINT('',(-7.761126505929,2.595193669533));
#770 = CARTESIAN_POINT('',(-7.745082044098,2.422305849799));
#771 = CARTESIAN_POINT('',(-7.738411973584,2.356316619311));
#772 = CARTESIAN_POINT('',(-7.731330845087,2.290736249338));
#773 = CARTESIAN_POINT('',(-7.723930960952,2.225529922846));
#774 = CARTESIAN_POINT('',(-7.716297057782,2.160646805396));
#775 = CARTESIAN_POINT('',(-7.700552358267,2.030116698918));
#776 = CARTESIAN_POINT('',(-7.692435676619,1.964484015825));
#777 = CARTESIAN_POINT('',(-7.684230178368,1.899056814692));
#778 = CARTESIAN_POINT('',(-7.676004298456,1.833767237817));
#779 = CARTESIAN_POINT('',(-7.66781768494,1.768546596666));
#780 = CARTESIAN_POINT('',(-7.65698158803,1.681244763575));
#781 = CARTESIAN_POINT('',(-7.654251499569,1.659165284698));
#782 = CARTESIAN_POINT('',(-7.651533906426,1.637083215352));
#783 = CARTESIAN_POINT('',(-7.648830755144,1.614996011348));
#784 = CARTESIAN_POINT('',(-7.646143910665,1.592901189334));
#785 = CARTESIAN_POINT('',(-7.643475156331,1.570796326795));
#786 = ( GEOMETRIC_REPRESENTATION_CONTEXT(2)
PARAMETRIC_REPRESENTATION_CONTEXT() REPRESENTATION_CONTEXT('2D SPACE',''
  ) );
#787 = ORIENTED_EDGE('',*,*,#788,.T.);
#788 = EDGE_CURVE('',#704,#789,#791,.T.);
#789 = VERTEX_POINT('',#790);
#790 = CARTESIAN_POINT('',(-14.3,11.723950549824,-5.551115123126E-17));
#791 = SURFACE_CURVE('',#792,(#796,#803),.PCURVE_S1.);
#792 = LINE('',#793,#794);
#793 = CARTESIAN_POINT('',(-14.3,-11.8,-1.110223024625E-16));
#794 = VECTOR('',#795,1.);
#795 = DIRECTION('',(0.,1.,0.));
#796 = PCURVE('',#173,#797);
#797 = DEFINITIONAL_REPRESENTATION('',(#798),#802);
#798 = LINE('',#799,#800);
#799 = CARTESIAN_POINT('',(-1.570796326795,0.));
#800 = VECTOR('',#801,1.);
#801 = DIRECTION('',(-0.,1.));
#802 = ( GEOMETRIC_REPRESENTATION_CONTEXT(2)
PARAMETRIC_REPRESENTATION_CONTEXT() REPRESENTATION_CONTEXT('2D SPACE',''
  ) );
#803 = PCURVE('',#804,#809);
#804 = PLANE('',#805);
#805 = AXIS2_PLACEMENT_3D('',#806,#807,#808);
#806 = CARTESIAN_POINT('',(-14.8,-14.8,0.));
#807 = DIRECTION('',(0.,0.,1.));
#808 = DIRECTION('',(1.,0.,0.));
#809 = DEFINITIONAL_REPRESENTATION('',(#810),#814);
#810 = LINE('',#811,#812);
#811 = CARTESIAN_POINT('',(0.5,3.));
#812 = VECTOR('',#813,1.);
#813 = DIRECTION('',(0.,1.));
#814 = ( GEOMETRIC_REPRESENTATION_CONTEXT(2)
PARAMETRIC_REPRESENTATION_CONTEXT() REPRESENTATION_CONTEXT('2D SPACE',''
  ) );
#815 = ORIENTED_EDGE('',*,*,#816,.F.);
#816 = EDGE_CURVE('',#817,#789,#819,.T.);
#817 = VERTEX_POINT('',#818);
#818 = CARTESIAN_POINT('',(-14.3929245283,11.8,8.710846812316E-03));
#819 = SURFACE_CURVE('',#820,(#829,#841),.PCURVE_S1.);
#820 = B_SPLINE_CURVE_WITH_KNOTS('',4,(#821,#822,#823,#824,#825,#826,
    #827,#828),.UNSPECIFIED.,.F.,.F.,(5,3,5),(0.,0.291122692293,1.),
  .UNSPECIFIED.);
#821 = CARTESIAN_POINT('',(-14.39292525283,11.8000006,8.710983853234E-03
    ));
#822 = CARTESIAN_POINT('',(-14.38624166845,11.794465755582,
    7.446811826247E-03));
#823 = CARTESIAN_POINT('',(-14.37953605485,11.788925432797,
    6.30404342143E-03));
#824 = CARTESIAN_POINT('',(-14.37281125425,11.783382041774,
    5.283140428169E-03));
#825 = CARTESIAN_POINT('',(-14.3496557534,11.764338282743,
    2.196296548083E-03));
#826 = CARTESIAN_POINT('',(-14.33314473716,11.75083455493,
    7.329454129839E-04));
#827 = CARTESIAN_POINT('',(-14.31657864873,11.737361038044,
    -2.352151656391E-09));
#828 = CARTESIAN_POINT('',(-14.3,11.723950549824,0.));
#829 = PCURVE('',#173,#830);
#830 = DEFINITIONAL_REPRESENTATION('',(#831),#840);
#831 = B_SPLINE_CURVE_WITH_KNOTS('',4,(#832,#833,#834,#835,#836,#837,
    #838,#839),.UNSPECIFIED.,.F.,.F.,(5,3,5),(0.,0.291122692293,1.),
  .UNSPECIFIED.);
#832 = CARTESIAN_POINT('',(-1.383858949333,23.6000006));
#833 = CARTESIAN_POINT('',(-1.397463129715,23.594465755582));
#834 = CARTESIAN_POINT('',(-1.411065475241,23.588925432797));
#835 = CARTESIAN_POINT('',(-1.424666942204,23.583382041774));
#836 = CARTESIAN_POINT('',(-1.471387636736,23.564338282743));
#837 = CARTESIAN_POINT('',(-1.504506840493,23.55083455493));
#838 = CARTESIAN_POINT('',(-1.537639032987,23.537361038044));
#839 = CARTESIAN_POINT('',(-1.570796326795,23.523950549824));
#840 = ( GEOMETRIC_REPRESENTATION_CONTEXT(2)
PARAMETRIC_REPRESENTATION_CONTEXT() REPRESENTATION_CONTEXT('2D SPACE',''
  ) );
#841 = PCURVE('',#842,#847);
#842 = TOROIDAL_SURFACE('',#843,3.35,0.5);
#843 = AXIS2_PLACEMENT_3D('',#844,#845,#846);
#844 = CARTESIAN_POINT('',(-15.,15.,0.5));
#845 = DIRECTION('',(-0.,-0.,-1.));
#846 = DIRECTION('',(1.,0.,-0.));
#847 = DEFINITIONAL_REPRESENTATION('',(#848),#857);
#848 = B_SPLINE_CURVE_WITH_KNOTS('',4,(#849,#850,#851,#852,#853,#854,
    #855,#856),.UNSPECIFIED.,.F.,.F.,(5,3,5),(0.,0.291122692293,1.),
  .UNSPECIFIED.);
#849 = CARTESIAN_POINT('',(-4.899871873891,1.75773372188));
#850 = CARTESIAN_POINT('',(-4.901571203753,1.744129541416));
#851 = CARTESIAN_POINT('',(-4.903267578288,1.730527156387));
#852 = CARTESIAN_POINT('',(-4.904960228048,1.716925711386));
#853 = CARTESIAN_POINT('',(-4.910759304147,1.670205016853));
#854 = CARTESIAN_POINT('',(-4.914843969664,1.637085813097));
#855 = CARTESIAN_POINT('',(-4.918892326527,1.603953620603));
#856 = CARTESIAN_POINT('',(-4.922895458028,1.570796326795));
#857 = ( GEOMETRIC_REPRESENTATION_CONTEXT(2)
PARAMETRIC_REPRESENTATION_CONTEXT() REPRESENTATION_CONTEXT('2D SPACE',''
  ) );
#858 = ORIENTED_EDGE('',*,*,#859,.F.);
#859 = EDGE_CURVE('',#158,#817,#860,.T.);
#860 = SURFACE_CURVE('',#861,(#866,#872),.PCURVE_S1.);
#861 = CIRCLE('',#862,0.5);
#862 = AXIS2_PLACEMENT_3D('',#863,#864,#865);
#863 = CARTESIAN_POINT('',(-14.3,11.8,0.5));
#864 = DIRECTION('',(-0.,-1.,-0.));
#865 = DIRECTION('',(-1.,0.,0.));
#866 = PCURVE('',#173,#867);
#867 = DEFINITIONAL_REPRESENTATION('',(#868),#871);
#868 = B_SPLINE_CURVE_WITH_KNOTS('',1,(#869,#870),.UNSPECIFIED.,.F.,.F.,
  (2,2),(0.,1.570796326795),.PIECEWISE_BEZIER_KNOTS.);
#869 = CARTESIAN_POINT('',(0.,23.6));
#870 = CARTESIAN_POINT('',(-1.570796326795,23.6));
#871 = ( GEOMETRIC_REPRESENTATION_CONTEXT(2)
PARAMETRIC_REPRESENTATION_CONTEXT() REPRESENTATION_CONTEXT('2D SPACE',''
  ) );
#872 = PCURVE('',#532,#873);
#873 = DEFINITIONAL_REPRESENTATION('',(#874),#877);
#874 = B_SPLINE_CURVE_WITH_KNOTS('',1,(#875,#876),.UNSPECIFIED.,.F.,.F.,
  (2,2),(0.,1.570796326795),.PIECEWISE_BEZIER_KNOTS.);
#875 = CARTESIAN_POINT('',(0.,0.));
#876 = CARTESIAN_POINT('',(0.,1.570796326795));
#877 = ( GEOMETRIC_REPRESENTATION_CONTEXT(2)
PARAMETRIC_REPRESENTATION_CONTEXT() REPRESENTATION_CONTEXT('2D SPACE',''
  ) );
#878 = ADVANCED_FACE('',(#879),#99,.F.);
#879 = FACE_BOUND('',#880,.F.);
#880 = EDGE_LOOP('',(#881,#903,#904,#926));
#881 = ORIENTED_EDGE('',*,*,#882,.F.);
#882 = EDGE_CURVE('',#85,#111,#883,.T.);
#883 = SURFACE_CURVE('',#884,(#889,#896),.PCURVE_S1.);
#884 = CIRCLE('',#885,2.85);
#885 = AXIS2_PLACEMENT_3D('',#886,#887,#888);
#886 = CARTESIAN_POINT('',(-15.,0.,3.2));
#887 = DIRECTION('',(0.,0.,1.));
#888 = DIRECTION('',(7.017543859649E-02,-0.99753466497,0.));
#889 = PCURVE('',#99,#890);
#890 = DEFINITIONAL_REPRESENTATION('',(#891),#895);
#891 = LINE('',#892,#893);
#892 = CARTESIAN_POINT('',(4.782622144566,2.7));
#893 = VECTOR('',#894,1.);
#894 = DIRECTION('',(1.,0.));
#895 = ( GEOMETRIC_REPRESENTATION_CONTEXT(2)
PARAMETRIC_REPRESENTATION_CONTEXT() REPRESENTATION_CONTEXT('2D SPACE',''
  ) );
#896 = PCURVE('',#125,#897);
#897 = DEFINITIONAL_REPRESENTATION('',(#898),#902);
#898 = CIRCLE('',#899,2.85);
#899 = AXIS2_PLACEMENT_2D('',#900,#901);
#900 = CARTESIAN_POINT('',(0.,0.));
#901 = DIRECTION('',(7.017543859649E-02,-0.99753466497));
#902 = ( GEOMETRIC_REPRESENTATION_CONTEXT(2)
PARAMETRIC_REPRESENTATION_CONTEXT() REPRESENTATION_CONTEXT('2D SPACE',''
  ) );
#903 = ORIENTED_EDGE('',*,*,#84,.F.);
#904 = ORIENTED_EDGE('',*,*,#905,.F.);
#905 = EDGE_CURVE('',#137,#57,#906,.T.);
#906 = SURFACE_CURVE('',#907,(#912,#919),.PCURVE_S1.);
#907 = CIRCLE('',#908,2.85);
#908 = AXIS2_PLACEMENT_3D('',#909,#910,#911);
#909 = CARTESIAN_POINT('',(-15.,0.,0.5));
#910 = DIRECTION('',(0.,-1.952573440024E-17,-1.));
#911 = DIRECTION('',(7.017543859649E-02,0.99753466497,
    -1.947759692325E-17));
#912 = PCURVE('',#99,#913);
#913 = DEFINITIONAL_REPRESENTATION('',(#914),#918);
#914 = LINE('',#915,#916);
#915 = CARTESIAN_POINT('',(7.783748469793,0.));
#916 = VECTOR('',#917,1.);
#917 = DIRECTION('',(-1.,-0.));
#918 = ( GEOMETRIC_REPRESENTATION_CONTEXT(2)
PARAMETRIC_REPRESENTATION_CONTEXT() REPRESENTATION_CONTEXT('2D SPACE',''
  ) );
#919 = PCURVE('',#757,#920);
#920 = DEFINITIONAL_REPRESENTATION('',(#921),#925);
#921 = LINE('',#922,#923);
#922 = CARTESIAN_POINT('',(-7.783748469793,3.14159265359));
#923 = VECTOR('',#924,1.);
#924 = DIRECTION('',(1.,-0.));
#925 = ( GEOMETRIC_REPRESENTATION_CONTEXT(2)
PARAMETRIC_REPRESENTATION_CONTEXT() REPRESENTATION_CONTEXT('2D SPACE',''
  ) );
#926 = ORIENTED_EDGE('',*,*,#136,.T.);
#927 = ADVANCED_FACE('',(#928),#125,.F.);
#928 = FACE_BOUND('',#929,.F.);
#929 = EDGE_LOOP('',(#930,#931));
#930 = ORIENTED_EDGE('',*,*,#882,.T.);
#931 = ORIENTED_EDGE('',*,*,#110,.T.);
#932 = ADVANCED_FACE('',(#933),#72,.T.);
#933 = FACE_BOUND('',#934,.F.);
#934 = EDGE_LOOP('',(#935,#936,#958,#1001,#1024));
#935 = ORIENTED_EDGE('',*,*,#56,.F.);
#936 = ORIENTED_EDGE('',*,*,#937,.T.);
#937 = EDGE_CURVE('',#22,#938,#940,.T.);
#938 = VERTEX_POINT('',#939);
#939 = CARTESIAN_POINT('',(-14.3929245283,-11.8,8.710846812316E-03));
#940 = SURFACE_CURVE('',#941,(#946,#952),.PCURVE_S1.);
#941 = CIRCLE('',#942,0.5);
#942 = AXIS2_PLACEMENT_3D('',#943,#944,#945);
#943 = CARTESIAN_POINT('',(-14.3,-11.8,0.5));
#944 = DIRECTION('',(-0.,-1.,-0.));
#945 = DIRECTION('',(-1.,0.,0.));
#946 = PCURVE('',#72,#947);
#947 = DEFINITIONAL_REPRESENTATION('',(#948),#951);
#948 = B_SPLINE_CURVE_WITH_KNOTS('',1,(#949,#950),.UNSPECIFIED.,.F.,.F.,
  (2,2),(0.,1.570796326795),.PIECEWISE_BEZIER_KNOTS.);
#949 = CARTESIAN_POINT('',(0.,0.));
#950 = CARTESIAN_POINT('',(-1.570796326795,0.));
#951 = ( GEOMETRIC_REPRESENTATION_CONTEXT(2)
PARAMETRIC_REPRESENTATION_CONTEXT() REPRESENTATION_CONTEXT('2D SPACE',''
  ) );
#952 = PCURVE('',#260,#953);
#953 = DEFINITIONAL_REPRESENTATION('',(#954),#957);
#954 = B_SPLINE_CURVE_WITH_KNOTS('',1,(#955,#956),.UNSPECIFIED.,.F.,.F.,
  (2,2),(0.,1.570796326795),.PIECEWISE_BEZIER_KNOTS.);
#955 = CARTESIAN_POINT('',(1.570796326795,0.));
#956 = CARTESIAN_POINT('',(1.570796326795,1.570796326795));
#957 = ( GEOMETRIC_REPRESENTATION_CONTEXT(2)
PARAMETRIC_REPRESENTATION_CONTEXT() REPRESENTATION_CONTEXT('2D SPACE',''
  ) );
#958 = ORIENTED_EDGE('',*,*,#959,.T.);
#959 = EDGE_CURVE('',#938,#960,#962,.T.);
#960 = VERTEX_POINT('',#961);
#961 = CARTESIAN_POINT('',(-14.3,-11.72395054982,-5.551115123126E-17));
#962 = SURFACE_CURVE('',#963,(#972,#984),.PCURVE_S1.);
#963 = B_SPLINE_CURVE_WITH_KNOTS('',4,(#964,#965,#966,#967,#968,#969,
    #970,#971),.UNSPECIFIED.,.F.,.F.,(5,3,5),(0.,0.291122692267,1.),
  .UNSPECIFIED.);
#964 = CARTESIAN_POINT('',(-14.39292525283,-11.8000006,
    8.710983853233E-03));
#965 = CARTESIAN_POINT('',(-14.38624166845,-11.79446575558,
    7.44681182636E-03));
#966 = CARTESIAN_POINT('',(-14.37953605485,-11.78892543279,
    6.304043421635E-03));
#967 = CARTESIAN_POINT('',(-14.37281125425,-11.78338204177,
    5.283140428444E-03));
#968 = CARTESIAN_POINT('',(-14.34965575341,-11.76433828274,
    2.196296548245E-03));
#969 = CARTESIAN_POINT('',(-14.33314473716,-11.75083455493,
    7.329454130378E-04));
#970 = CARTESIAN_POINT('',(-14.31657864873,-11.73736103804,
    -2.352151605434E-09));
#971 = CARTESIAN_POINT('',(-14.3,-11.72395054982,0.));
#972 = PCURVE('',#72,#973);
#973 = DEFINITIONAL_REPRESENTATION('',(#974),#983);
#974 = B_SPLINE_CURVE_WITH_KNOTS('',4,(#975,#976,#977,#978,#979,#980,
    #981,#982),.UNSPECIFIED.,.F.,.F.,(5,3,5),(0.,0.291122692267,1.),
  .UNSPECIFIED.);
#975 = CARTESIAN_POINT('',(-1.383858949333,-6.E-07));
#976 = CARTESIAN_POINT('',(-1.397463129714,5.534244417954E-03));
#977 = CARTESIAN_POINT('',(-1.411065475239,1.107456720181E-02));
#978 = CARTESIAN_POINT('',(-1.424666942201,1.661795822473E-02));
#979 = CARTESIAN_POINT('',(-1.471387636733,3.566171725565E-02));
#980 = CARTESIAN_POINT('',(-1.50450684049,4.916544506872E-02));
#981 = CARTESIAN_POINT('',(-1.537639032986,6.263896195579E-02));
#982 = CARTESIAN_POINT('',(-1.570796326795,7.604945017624E-02));
#983 = ( GEOMETRIC_REPRESENTATION_CONTEXT(2)
PARAMETRIC_REPRESENTATION_CONTEXT() REPRESENTATION_CONTEXT('2D SPACE',''
  ) );
#984 = PCURVE('',#985,#990);
#985 = TOROIDAL_SURFACE('',#986,3.35,0.5);
#986 = AXIS2_PLACEMENT_3D('',#987,#988,#989);
#987 = CARTESIAN_POINT('',(-15.,-15.,0.5));
#988 = DIRECTION('',(-0.,-0.,-1.));
#989 = DIRECTION('',(1.,0.,-0.));
#990 = DEFINITIONAL_REPRESENTATION('',(#991),#1000);
#991 = B_SPLINE_CURVE_WITH_KNOTS('',4,(#992,#993,#994,#995,#996,#997,
    #998,#999),.UNSPECIFIED.,.F.,.F.,(5,3,5),(0.,0.291122692267,1.),
  .UNSPECIFIED.);
#992 = CARTESIAN_POINT('',(-1.383313433289,1.75773372188));
#993 = CARTESIAN_POINT('',(-1.381614103426,1.744129541417));
#994 = CARTESIAN_POINT('',(-1.379917728891,1.73052715639));
#995 = CARTESIAN_POINT('',(-1.378225079132,1.716925711389));
#996 = CARTESIAN_POINT('',(-1.372426003033,1.670205016857));
#997 = CARTESIAN_POINT('',(-1.368341337516,1.6370858131));
#998 = CARTESIAN_POINT('',(-1.364292980653,1.603953620604));
#999 = CARTESIAN_POINT('',(-1.360289849152,1.570796326795));
#1000 = ( GEOMETRIC_REPRESENTATION_CONTEXT(2)
PARAMETRIC_REPRESENTATION_CONTEXT() REPRESENTATION_CONTEXT('2D SPACE',''
  ) );
#1001 = ORIENTED_EDGE('',*,*,#1002,.T.);
#1002 = EDGE_CURVE('',#960,#1003,#1005,.T.);
#1003 = VERTEX_POINT('',#1004);
#1004 = CARTESIAN_POINT('',(-14.3,-3.276049450176,-5.551115123126E-17));
#1005 = SURFACE_CURVE('',#1006,(#1010,#1017),.PCURVE_S1.);
#1006 = LINE('',#1007,#1008);
#1007 = CARTESIAN_POINT('',(-14.3,-11.8,-1.110223024625E-16));
#1008 = VECTOR('',#1009,1.);
#1009 = DIRECTION('',(0.,1.,0.));
#1010 = PCURVE('',#72,#1011);
#1011 = DEFINITIONAL_REPRESENTATION('',(#1012),#1016);
#1012 = LINE('',#1013,#1014);
#1013 = CARTESIAN_POINT('',(-1.570796326795,0.));
#1014 = VECTOR('',#1015,1.);
#1015 = DIRECTION('',(-0.,1.));
#1016 = ( GEOMETRIC_REPRESENTATION_CONTEXT(2)
PARAMETRIC_REPRESENTATION_CONTEXT() REPRESENTATION_CONTEXT('2D SPACE',''
  ) );
#1017 = PCURVE('',#804,#1018);
#1018 = DEFINITIONAL_REPRESENTATION('',(#1019),#1023);
#1019 = LINE('',#1020,#1021);
#1020 = CARTESIAN_POINT('',(0.5,3.));
#1021 = VECTOR('',#1022,1.);
#1022 = DIRECTION('',(0.,1.));
#1023 = ( GEOMETRIC_REPRESENTATION_CONTEXT(2)
PARAMETRIC_REPRESENTATION_CONTEXT() REPRESENTATION_CONTEXT('2D SPACE',''
  ) );
#1024 = ORIENTED_EDGE('',*,*,#1025,.F.);
#1025 = EDGE_CURVE('',#57,#1003,#1026,.T.);
#1026 = SURFACE_CURVE('',#1027,(#1050,#1076),.PCURVE_S1.);
#1027 = B_SPLINE_CURVE_WITH_KNOTS('',6,(#1028,#1029,#1030,#1031,#1032,
    #1033,#1034,#1035,#1036,#1037,#1038,#1039,#1040,#1041,#1042,#1043,
    #1044,#1045,#1046,#1047,#1048,#1049),.UNSPECIFIED.,.F.,.F.,(7,5,5,5,
    7),(0.,0.404000583608,0.655999140195,0.912998794443,1.),
  .UNSPECIFIED.);
#1028 = CARTESIAN_POINT('',(-14.8,-2.842973795166,0.5));
#1029 = CARTESIAN_POINT('',(-14.8,-2.842973795166,0.44490525682));
#1030 = CARTESIAN_POINT('',(-14.7927152166,-2.84976357674,0.389791656956
    ));
#1031 = CARTESIAN_POINT('',(-14.7781346227,-2.863357094535,
    0.336177753016));
#1032 = CARTESIAN_POINT('',(-14.75679680041,-2.883117768914,
    0.285430364196));
#1033 = CARTESIAN_POINT('',(-14.72951084344,-2.90808250109,
    0.238552858764));
#1034 = CARTESIAN_POINT('',(-14.6769986791,-2.955459054144,
    0.169886839881));
#1035 = CARTESIAN_POINT('',(-14.65485300771,-2.975303697157,
    0.145285446453));
#1036 = CARTESIAN_POINT('',(-14.63094058672,-2.996560723058,
    0.122625193653));
#1037 = CARTESIAN_POINT('',(-14.6054733424,-3.01899864776,0.102030788118
    ));
#1038 = CARTESIAN_POINT('',(-14.57866115995,-3.042397000725,
    8.359632950472E-02));
#1039 = CARTESIAN_POINT('',(-14.52219316334,-3.091194475961,
    5.087183512665E-02));
#1040 = CARTESIAN_POINT('',(-14.49249333443,-3.116622414457,
    3.667235262005E-02));
#1041 = CARTESIAN_POINT('',(-14.4618190009,-3.142626239608,
    2.487323681766E-02));
#1042 = CARTESIAN_POINT('',(-14.43038242944,-3.169006561687,
    1.553290429448E-02));
#1043 = CARTESIAN_POINT('',(-14.39839536562,-3.195576839082,
    8.693740706951E-03));
#1044 = CARTESIAN_POINT('',(-14.3551272231,-3.231161821047,
    2.92569440776E-03));
#1045 = CARTESIAN_POINT('',(-14.34414564085,-3.24016322914,
    1.756835665979E-03));
#1046 = CARTESIAN_POINT('',(-14.33313372272,-3.249159402885,
    8.790260869767E-04));
#1047 = CARTESIAN_POINT('',(-14.32209984085,-3.25814358775,
    2.931769107127E-04));
#1048 = CARTESIAN_POINT('',(-14.31105243249,-3.267109124696,
    -1.568101074048E-09));
#1049 = CARTESIAN_POINT('',(-14.3,-3.276049450176,0.));
#1050 = PCURVE('',#72,#1051);
#1051 = DEFINITIONAL_REPRESENTATION('',(#1052),#1075);
#1052 = B_SPLINE_CURVE_WITH_KNOTS('',6,(#1053,#1054,#1055,#1056,#1057,
    #1058,#1059,#1060,#1061,#1062,#1063,#1064,#1065,#1066,#1067,#1068,
    #1069,#1070,#1071,#1072,#1073,#1074),.UNSPECIFIED.,.F.,.F.,(7,5,5,5,
    7),(0.,0.404000583608,0.655999140195,0.912998794443,1.),
  .UNSPECIFIED.);
#1053 = CARTESIAN_POINT('',(8.881784197001E-16,8.957026204834));
#1054 = CARTESIAN_POINT('',(-0.110189486359,8.957026204834));
#1055 = CARTESIAN_POINT('',(-0.220416082344,8.95023642326));
#1056 = CARTESIAN_POINT('',(-0.330055018948,8.936642905464));
#1057 = CARTESIAN_POINT('',(-0.438774863885,8.916882231086));
#1058 = CARTESIAN_POINT('',(-0.54639898406,8.89191749891));
#1059 = CARTESIAN_POINT('',(-0.719286803796,8.844540945856));
#1060 = CARTESIAN_POINT('',(-0.785276034283,8.824696302843));
#1061 = CARTESIAN_POINT('',(-0.850856404257,8.803439276942));
#1062 = CARTESIAN_POINT('',(-0.916062730749,8.78100135224));
#1063 = CARTESIAN_POINT('',(-0.980945848198,8.757602999275));
#1064 = CARTESIAN_POINT('',(-1.111475954677,8.708805524039));
#1065 = CARTESIAN_POINT('',(-1.17710863777,8.683377585543));
#1066 = CARTESIAN_POINT('',(-1.242535838903,8.657373760392));
#1067 = CARTESIAN_POINT('',(-1.307825415778,8.630993438313));
#1068 = CARTESIAN_POINT('',(-1.373046056929,8.604423160918));
#1069 = CARTESIAN_POINT('',(-1.460347890018,8.568838178953));
#1070 = CARTESIAN_POINT('',(-1.482427368895,8.55983677086));
#1071 = CARTESIAN_POINT('',(-1.50450943824,8.550840597115));
#1072 = CARTESIAN_POINT('',(-1.526596642243,8.54185641225));
#1073 = CARTESIAN_POINT('',(-1.548691464256,8.532890875304));
#1074 = CARTESIAN_POINT('',(-1.570796326795,8.523950549824));
#1075 = ( GEOMETRIC_REPRESENTATION_CONTEXT(2)
PARAMETRIC_REPRESENTATION_CONTEXT() REPRESENTATION_CONTEXT('2D SPACE',''
  ) );
#1076 = PCURVE('',#757,#1077);
#1077 = DEFINITIONAL_REPRESENTATION('',(#1078),#1101);
#1078 = B_SPLINE_CURVE_WITH_KNOTS('',6,(#1079,#1080,#1081,#1082,#1083,
    #1084,#1085,#1086,#1087,#1088,#1089,#1090,#1091,#1092,#1093,#1094,
    #1095,#1096,#1097,#1098,#1099,#1100),.UNSPECIFIED.,.F.,.F.,(7,5,5,5,
    7),(0.,0.404000583608,0.655999140195,0.912998794443,1.),
  .UNSPECIFIED.);
#1079 = CARTESIAN_POINT('',(-4.782622144566,3.14159265359));
#1080 = CARTESIAN_POINT('',(-4.782622144566,3.031403167231));
#1081 = CARTESIAN_POINT('',(-4.785004300557,2.921176571246));
#1082 = CARTESIAN_POINT('',(-4.78977506019,2.811537634642));
#1083 = CARTESIAN_POINT('',(-4.796659945938,2.702817789705));
#1084 = CARTESIAN_POINT('',(-4.80524410843,2.595193669529));
#1085 = CARTESIAN_POINT('',(-4.821288570261,2.422305849794));
#1086 = CARTESIAN_POINT('',(-4.827958640775,2.356316619307));
#1087 = CARTESIAN_POINT('',(-4.835039769272,2.290736249333));
#1088 = CARTESIAN_POINT('',(-4.842439653408,2.225529922841));
#1089 = CARTESIAN_POINT('',(-4.850073556577,2.160646805391));
#1090 = CARTESIAN_POINT('',(-4.865818256093,2.030116698913));
#1091 = CARTESIAN_POINT('',(-4.87393493774,1.96448401582));
#1092 = CARTESIAN_POINT('',(-4.882140435992,1.899056814687));
#1093 = CARTESIAN_POINT('',(-4.890366315904,1.833767237812));
#1094 = CARTESIAN_POINT('',(-4.89855292942,1.768546596661));
#1095 = CARTESIAN_POINT('',(-4.90938902633,1.681244763571));
#1096 = CARTESIAN_POINT('',(-4.91211911479,1.659165284694));
#1097 = CARTESIAN_POINT('',(-4.914836707933,1.637083215349));
#1098 = CARTESIAN_POINT('',(-4.917539859215,1.614996011347));
#1099 = CARTESIAN_POINT('',(-4.920226703694,1.592901189333));
#1100 = CARTESIAN_POINT('',(-4.922895458028,1.570796326795));
#1101 = ( GEOMETRIC_REPRESENTATION_CONTEXT(2)
PARAMETRIC_REPRESENTATION_CONTEXT() REPRESENTATION_CONTEXT('2D SPACE',''
  ) );
#1102 = ADVANCED_FACE('',(#1103),#420,.T.);
#1103 = FACE_BOUND('',#1104,.F.);
#1104 = EDGE_LOOP('',(#1105,#1132,#1133,#1134));
#1105 = ORIENTED_EDGE('',*,*,#1106,.F.);
#1106 = EDGE_CURVE('',#378,#1107,#1109,.T.);
#1107 = VERTEX_POINT('',#1108);
#1108 = CARTESIAN_POINT('',(-11.8,-14.45,5.5));
#1109 = SURFACE_CURVE('',#1110,(#1115,#1121),.PCURVE_S1.);
#1110 = CIRCLE('',#1111,0.35);
#1111 = AXIS2_PLACEMENT_3D('',#1112,#1113,#1114);
#1112 = CARTESIAN_POINT('',(-11.8,-14.45,5.15));
#1113 = DIRECTION('',(-1.,-0.,0.));
#1114 = DIRECTION('',(0.,-1.,0.));
#1115 = PCURVE('',#420,#1116);
#1116 = DEFINITIONAL_REPRESENTATION('',(#1117),#1120);
#1117 = B_SPLINE_CURVE_WITH_KNOTS('',1,(#1118,#1119),.UNSPECIFIED.,.F.,
  .F.,(2,2),(0.,1.570796326795),.PIECEWISE_BEZIER_KNOTS.);
#1118 = CARTESIAN_POINT('',(0.,0.));
#1119 = CARTESIAN_POINT('',(0.,1.570796326795));
#1120 = ( GEOMETRIC_REPRESENTATION_CONTEXT(2)
PARAMETRIC_REPRESENTATION_CONTEXT() REPRESENTATION_CONTEXT('2D SPACE',''
  ) );
#1121 = PCURVE('',#1122,#1127);
#1122 = CYLINDRICAL_SURFACE('',#1123,0.35);
#1123 = AXIS2_PLACEMENT_3D('',#1124,#1125,#1126);
#1124 = CARTESIAN_POINT('',(11.8,-14.45,5.15));
#1125 = DIRECTION('',(-1.,-0.,-0.));
#1126 = DIRECTION('',(0.,-1.,0.));
#1127 = DEFINITIONAL_REPRESENTATION('',(#1128),#1131);
#1128 = B_SPLINE_CURVE_WITH_KNOTS('',1,(#1129,#1130),.UNSPECIFIED.,.F.,
  .F.,(2,2),(0.,1.570796326795),.PIECEWISE_BEZIER_KNOTS.);
#1129 = CARTESIAN_POINT('',(0.,23.6));
#1130 = CARTESIAN_POINT('',(1.570796326795,23.6));
#1131 = ( GEOMETRIC_REPRESENTATION_CONTEXT(2)
PARAMETRIC_REPRESENTATION_CONTEXT() REPRESENTATION_CONTEXT('2D SPACE',''
  ) );
#1132 = ORIENTED_EDGE('',*,*,#405,.T.);
#1133 = ORIENTED_EDGE('',*,*,#435,.T.);
#1134 = ORIENTED_EDGE('',*,*,#1135,.F.);
#1135 = EDGE_CURVE('',#1107,#436,#1136,.T.);
#1136 = SURFACE_CURVE('',#1137,(#1142,#1149),.PCURVE_S1.);
#1137 = CIRCLE('',#1138,2.65);
#1138 = AXIS2_PLACEMENT_3D('',#1139,#1140,#1141);
#1139 = CARTESIAN_POINT('',(-11.8,-11.8,5.5));
#1140 = DIRECTION('',(-0.,-0.,-1.));
#1141 = DIRECTION('',(0.,-1.,0.));
#1142 = PCURVE('',#420,#1143);
#1143 = DEFINITIONAL_REPRESENTATION('',(#1144),#1148);
#1144 = LINE('',#1145,#1146);
#1145 = CARTESIAN_POINT('',(-0.,1.570796326795));
#1146 = VECTOR('',#1147,1.);
#1147 = DIRECTION('',(-1.,0.));
#1148 = ( GEOMETRIC_REPRESENTATION_CONTEXT(2)
PARAMETRIC_REPRESENTATION_CONTEXT() REPRESENTATION_CONTEXT('2D SPACE',''
  ) );
#1149 = PCURVE('',#473,#1150);
#1150 = DEFINITIONAL_REPRESENTATION('',(#1151),#1159);
#1151 = ( BOUNDED_CURVE() B_SPLINE_CURVE(2,(#1152,#1153,#1154,#1155,
#1156,#1157,#1158),.UNSPECIFIED.,.T.,.F.) B_SPLINE_CURVE_WITH_KNOTS((1,2
    ,2,2,2,1),(-2.094395102393,0.,2.094395102393,4.188790204786,
6.28318530718,8.377580409573),.UNSPECIFIED.) CURVE()
GEOMETRIC_REPRESENTATION_ITEM() RATIONAL_B_SPLINE_CURVE((1.,0.5,1.,0.5,
1.,0.5,1.)) REPRESENTATION_ITEM('') );
#1152 = CARTESIAN_POINT('',(3.,0.35));
#1153 = CARTESIAN_POINT('',(-1.589934640058,0.35));
#1154 = CARTESIAN_POINT('',(0.705032679971,4.325));
#1155 = CARTESIAN_POINT('',(3.,8.3));
#1156 = CARTESIAN_POINT('',(5.294967320029,4.325));
#1157 = CARTESIAN_POINT('',(7.589934640058,0.35));
#1158 = CARTESIAN_POINT('',(3.,0.35));
#1159 = ( GEOMETRIC_REPRESENTATION_CONTEXT(2)
PARAMETRIC_REPRESENTATION_CONTEXT() REPRESENTATION_CONTEXT('2D SPACE',''
  ) );
#1160 = ADVANCED_FACE('',(#1161),#393,.F.);
#1161 = FACE_BOUND('',#1162,.F.);
#1162 = EDGE_LOOP('',(#1163,#1191,#1192,#1215,#1243,#1271,#1297,#1323));
#1163 = ORIENTED_EDGE('',*,*,#1164,.T.);
#1164 = EDGE_CURVE('',#1165,#349,#1167,.T.);
#1165 = VERTEX_POINT('',#1166);
#1166 = CARTESIAN_POINT('',(-2.842973795166,-14.8,0.5));
#1167 = SURFACE_CURVE('',#1168,(#1172,#1179),.PCURVE_S1.);
#1168 = LINE('',#1169,#1170);
#1169 = CARTESIAN_POINT('',(11.8,-14.8,0.5));
#1170 = VECTOR('',#1171,1.);
#1171 = DIRECTION('',(-1.,-0.,-0.));
#1172 = PCURVE('',#393,#1173);
#1173 = DEFINITIONAL_REPRESENTATION('',(#1174),#1178);
#1174 = LINE('',#1175,#1176);
#1175 = CARTESIAN_POINT('',(0.5,26.6));
#1176 = VECTOR('',#1177,1.);
#1177 = DIRECTION('',(-0.,-1.));
#1178 = ( GEOMETRIC_REPRESENTATION_CONTEXT(2)
PARAMETRIC_REPRESENTATION_CONTEXT() REPRESENTATION_CONTEXT('2D SPACE',''
  ) );
#1179 = PCURVE('',#1180,#1185);
#1180 = CYLINDRICAL_SURFACE('',#1181,0.5);
#1181 = AXIS2_PLACEMENT_3D('',#1182,#1183,#1184);
#1182 = CARTESIAN_POINT('',(11.8,-14.3,0.5));
#1183 = DIRECTION('',(-1.,-0.,-0.));
#1184 = DIRECTION('',(0.,-1.,0.));
#1185 = DEFINITIONAL_REPRESENTATION('',(#1186),#1190);
#1186 = LINE('',#1187,#1188);
#1187 = CARTESIAN_POINT('',(-0.,0.));
#1188 = VECTOR('',#1189,1.);
#1189 = DIRECTION('',(-0.,1.));
#1190 = ( GEOMETRIC_REPRESENTATION_CONTEXT(2)
PARAMETRIC_REPRESENTATION_CONTEXT() REPRESENTATION_CONTEXT('2D SPACE',''
  ) );
#1191 = ORIENTED_EDGE('',*,*,#377,.T.);
#1192 = ORIENTED_EDGE('',*,*,#1193,.F.);
#1193 = EDGE_CURVE('',#1194,#378,#1196,.T.);
#1194 = VERTEX_POINT('',#1195);
#1195 = CARTESIAN_POINT('',(11.8,-14.8,5.15));
#1196 = SURFACE_CURVE('',#1197,(#1201,#1208),.PCURVE_S1.);
#1197 = LINE('',#1198,#1199);
#1198 = CARTESIAN_POINT('',(11.8,-14.8,5.15));
#1199 = VECTOR('',#1200,1.);
#1200 = DIRECTION('',(-1.,-0.,-0.));
#1201 = PCURVE('',#393,#1202);
#1202 = DEFINITIONAL_REPRESENTATION('',(#1203),#1207);
#1203 = LINE('',#1204,#1205);
#1204 = CARTESIAN_POINT('',(5.15,26.6));
#1205 = VECTOR('',#1206,1.);
#1206 = DIRECTION('',(-0.,-1.));
#1207 = ( GEOMETRIC_REPRESENTATION_CONTEXT(2)
PARAMETRIC_REPRESENTATION_CONTEXT() REPRESENTATION_CONTEXT('2D SPACE',''
  ) );
#1208 = PCURVE('',#1122,#1209);
#1209 = DEFINITIONAL_REPRESENTATION('',(#1210),#1214);
#1210 = LINE('',#1211,#1212);
#1211 = CARTESIAN_POINT('',(0.,0.));
#1212 = VECTOR('',#1213,1.);
#1213 = DIRECTION('',(0.,1.));
#1214 = ( GEOMETRIC_REPRESENTATION_CONTEXT(2)
PARAMETRIC_REPRESENTATION_CONTEXT() REPRESENTATION_CONTEXT('2D SPACE',''
  ) );
#1215 = ORIENTED_EDGE('',*,*,#1216,.F.);
#1216 = EDGE_CURVE('',#1217,#1194,#1219,.T.);
#1217 = VERTEX_POINT('',#1218);
#1218 = CARTESIAN_POINT('',(11.8,-14.8,0.5));
#1219 = SURFACE_CURVE('',#1220,(#1224,#1231),.PCURVE_S1.);
#1220 = LINE('',#1221,#1222);
#1221 = CARTESIAN_POINT('',(11.8,-14.8,0.));
#1222 = VECTOR('',#1223,1.);
#1223 = DIRECTION('',(0.,0.,1.));
#1224 = PCURVE('',#393,#1225);
#1225 = DEFINITIONAL_REPRESENTATION('',(#1226),#1230);
#1226 = LINE('',#1227,#1228);
#1227 = CARTESIAN_POINT('',(0.,26.6));
#1228 = VECTOR('',#1229,1.);
#1229 = DIRECTION('',(1.,0.));
#1230 = ( GEOMETRIC_REPRESENTATION_CONTEXT(2)
PARAMETRIC_REPRESENTATION_CONTEXT() REPRESENTATION_CONTEXT('2D SPACE',''
  ) );
#1231 = PCURVE('',#1232,#1237);
#1232 = CYLINDRICAL_SURFACE('',#1233,3.);
#1233 = AXIS2_PLACEMENT_3D('',#1234,#1235,#1236);
#1234 = CARTESIAN_POINT('',(11.8,-11.8,0.));
#1235 = DIRECTION('',(0.,0.,1.));
#1236 = DIRECTION('',(1.,0.,-0.));
#1237 = DEFINITIONAL_REPRESENTATION('',(#1238),#1242);
#1238 = LINE('',#1239,#1240);
#1239 = CARTESIAN_POINT('',(-1.570796326795,0.));
#1240 = VECTOR('',#1241,1.);
#1241 = DIRECTION('',(-0.,1.));
#1242 = ( GEOMETRIC_REPRESENTATION_CONTEXT(2)
PARAMETRIC_REPRESENTATION_CONTEXT() REPRESENTATION_CONTEXT('2D SPACE',''
  ) );
#1243 = ORIENTED_EDGE('',*,*,#1244,.T.);
#1244 = EDGE_CURVE('',#1217,#1245,#1247,.T.);
#1245 = VERTEX_POINT('',#1246);
#1246 = CARTESIAN_POINT('',(2.842973795166,-14.8,0.5));
#1247 = SURFACE_CURVE('',#1248,(#1252,#1259),.PCURVE_S1.);
#1248 = LINE('',#1249,#1250);
#1249 = CARTESIAN_POINT('',(11.8,-14.8,0.5));
#1250 = VECTOR('',#1251,1.);
#1251 = DIRECTION('',(-1.,-0.,-0.));
#1252 = PCURVE('',#393,#1253);
#1253 = DEFINITIONAL_REPRESENTATION('',(#1254),#1258);
#1254 = LINE('',#1255,#1256);
#1255 = CARTESIAN_POINT('',(0.5,26.6));
#1256 = VECTOR('',#1257,1.);
#1257 = DIRECTION('',(-0.,-1.));
#1258 = ( GEOMETRIC_REPRESENTATION_CONTEXT(2)
PARAMETRIC_REPRESENTATION_CONTEXT() REPRESENTATION_CONTEXT('2D SPACE',''
  ) );
#1259 = PCURVE('',#1260,#1265);
#1260 = CYLINDRICAL_SURFACE('',#1261,0.5);
#1261 = AXIS2_PLACEMENT_3D('',#1262,#1263,#1264);
#1262 = CARTESIAN_POINT('',(11.8,-14.3,0.5));
#1263 = DIRECTION('',(-1.,-0.,-0.));
#1264 = DIRECTION('',(0.,-1.,0.));
#1265 = DEFINITIONAL_REPRESENTATION('',(#1266),#1270);
#1266 = LINE('',#1267,#1268);
#1267 = CARTESIAN_POINT('',(-0.,0.));
#1268 = VECTOR('',#1269,1.);
#1269 = DIRECTION('',(-0.,1.));
#1270 = ( GEOMETRIC_REPRESENTATION_CONTEXT(2)
PARAMETRIC_REPRESENTATION_CONTEXT() REPRESENTATION_CONTEXT('2D SPACE',''
  ) );
#1271 = ORIENTED_EDGE('',*,*,#1272,.T.);
#1272 = EDGE_CURVE('',#1245,#1273,#1275,.T.);
#1273 = VERTEX_POINT('',#1274);
#1274 = CARTESIAN_POINT('',(2.842973795166,-14.8,3.2));
#1275 = SURFACE_CURVE('',#1276,(#1280,#1286),.PCURVE_S1.);
#1276 = LINE('',#1277,#1278);
#1277 = CARTESIAN_POINT('',(2.842973795166,-14.8,0.5));
#1278 = VECTOR('',#1279,1.);
#1279 = DIRECTION('',(0.,0.,1.));
#1280 = PCURVE('',#393,#1281);
#1281 = DEFINITIONAL_REPRESENTATION('',(#1282),#1285);
#1282 = B_SPLINE_CURVE_WITH_KNOTS('',1,(#1283,#1284),.UNSPECIFIED.,.F.,
  .F.,(2,2),(-6.000000000173E-07,2.7000006),.PIECEWISE_BEZIER_KNOTS.);
#1283 = CARTESIAN_POINT('',(0.4999994,17.642973795166));
#1284 = CARTESIAN_POINT('',(3.2000006,17.642973795166));
#1285 = ( GEOMETRIC_REPRESENTATION_CONTEXT(2)
PARAMETRIC_REPRESENTATION_CONTEXT() REPRESENTATION_CONTEXT('2D SPACE',''
  ) );
#1286 = PCURVE('',#1287,#1292);
#1287 = CYLINDRICAL_SURFACE('',#1288,2.85);
#1288 = AXIS2_PLACEMENT_3D('',#1289,#1290,#1291);
#1289 = CARTESIAN_POINT('',(0.,-15.,0.5));
#1290 = DIRECTION('',(0.,0.,1.));
#1291 = DIRECTION('',(1.,0.,-0.));
#1292 = DEFINITIONAL_REPRESENTATION('',(#1293),#1296);
#1293 = B_SPLINE_CURVE_WITH_KNOTS('',1,(#1294,#1295),.UNSPECIFIED.,.F.,
  .F.,(2,2),(-6.000000000173E-07,2.7000006),.PIECEWISE_BEZIER_KNOTS.);
#1294 = CARTESIAN_POINT('',(7.023316418133E-02,-6.000000000173E-07));
#1295 = CARTESIAN_POINT('',(7.023316418133E-02,2.7000006));
#1296 = ( GEOMETRIC_REPRESENTATION_CONTEXT(2)
PARAMETRIC_REPRESENTATION_CONTEXT() REPRESENTATION_CONTEXT('2D SPACE',''
  ) );
#1297 = ORIENTED_EDGE('',*,*,#1298,.F.);
#1298 = EDGE_CURVE('',#1299,#1273,#1301,.T.);
#1299 = VERTEX_POINT('',#1300);
#1300 = CARTESIAN_POINT('',(-2.842973795166,-14.8,3.2));
#1301 = SURFACE_CURVE('',#1302,(#1306,#1312),.PCURVE_S1.);
#1302 = LINE('',#1303,#1304);
#1303 = CARTESIAN_POINT('',(-7.4,-14.8,3.2));
#1304 = VECTOR('',#1305,1.);
#1305 = DIRECTION('',(1.,0.,0.));
#1306 = PCURVE('',#393,#1307);
#1307 = DEFINITIONAL_REPRESENTATION('',(#1308),#1311);
#1308 = B_SPLINE_CURVE_WITH_KNOTS('',1,(#1309,#1310),.UNSPECIFIED.,.F.,
  .F.,(2,2),(4.55,10.25),.PIECEWISE_BEZIER_KNOTS.);
#1309 = CARTESIAN_POINT('',(3.2,11.95));
#1310 = CARTESIAN_POINT('',(3.2,17.65));
#1311 = ( GEOMETRIC_REPRESENTATION_CONTEXT(2)
PARAMETRIC_REPRESENTATION_CONTEXT() REPRESENTATION_CONTEXT('2D SPACE',''
  ) );
#1312 = PCURVE('',#1313,#1318);
#1313 = PLANE('',#1314);
#1314 = AXIS2_PLACEMENT_3D('',#1315,#1316,#1317);
#1315 = CARTESIAN_POINT('',(0.,-15.,3.2));
#1316 = DIRECTION('',(0.,0.,1.));
#1317 = DIRECTION('',(1.,0.,-0.));
#1318 = DEFINITIONAL_REPRESENTATION('',(#1319),#1322);
#1319 = B_SPLINE_CURVE_WITH_KNOTS('',1,(#1320,#1321),.UNSPECIFIED.,.F.,
  .F.,(2,2),(4.55,10.25),.PIECEWISE_BEZIER_KNOTS.);
#1320 = CARTESIAN_POINT('',(-2.85,0.2));
#1321 = CARTESIAN_POINT('',(2.85,0.2));
#1322 = ( GEOMETRIC_REPRESENTATION_CONTEXT(2)
PARAMETRIC_REPRESENTATION_CONTEXT() REPRESENTATION_CONTEXT('2D SPACE',''
  ) );
#1323 = ORIENTED_EDGE('',*,*,#1324,.F.);
#1324 = EDGE_CURVE('',#1165,#1299,#1325,.T.);
#1325 = SURFACE_CURVE('',#1326,(#1330,#1336),.PCURVE_S1.);
#1326 = LINE('',#1327,#1328);
#1327 = CARTESIAN_POINT('',(-2.842973795166,-14.8,0.5));
#1328 = VECTOR('',#1329,1.);
#1329 = DIRECTION('',(0.,0.,1.));
#1330 = PCURVE('',#393,#1331);
#1331 = DEFINITIONAL_REPRESENTATION('',(#1332),#1335);
#1332 = B_SPLINE_CURVE_WITH_KNOTS('',1,(#1333,#1334),.UNSPECIFIED.,.F.,
  .F.,(2,2),(-6.000000000173E-07,2.7000006),.PIECEWISE_BEZIER_KNOTS.);
#1333 = CARTESIAN_POINT('',(0.4999994,11.957026204834));
#1334 = CARTESIAN_POINT('',(3.2000006,11.957026204834));
#1335 = ( GEOMETRIC_REPRESENTATION_CONTEXT(2)
PARAMETRIC_REPRESENTATION_CONTEXT() REPRESENTATION_CONTEXT('2D SPACE',''
  ) );
#1336 = PCURVE('',#1287,#1337);
#1337 = DEFINITIONAL_REPRESENTATION('',(#1338),#1341);
#1338 = B_SPLINE_CURVE_WITH_KNOTS('',1,(#1339,#1340),.UNSPECIFIED.,.F.,
  .F.,(2,2),(-6.000000000173E-07,2.7000006),.PIECEWISE_BEZIER_KNOTS.);
#1339 = CARTESIAN_POINT('',(3.071359489408,-6.000000000173E-07));
#1340 = CARTESIAN_POINT('',(3.071359489408,2.7000006));
#1341 = ( GEOMETRIC_REPRESENTATION_CONTEXT(2)
PARAMETRIC_REPRESENTATION_CONTEXT() REPRESENTATION_CONTEXT('2D SPACE',''
  ) );
#1342 = ADVANCED_FACE('',(#1343),#365,.T.);
#1343 = FACE_BOUND('',#1344,.T.);
#1344 = EDGE_LOOP('',(#1345,#1367,#1368));
#1345 = ORIENTED_EDGE('',*,*,#1346,.F.);
#1346 = EDGE_CURVE('',#349,#1347,#1349,.T.);
#1347 = VERTEX_POINT('',#1348);
#1348 = CARTESIAN_POINT('',(-11.8,-14.3929245283,8.710846812316E-03));
#1349 = SURFACE_CURVE('',#1350,(#1355,#1361),.PCURVE_S1.);
#1350 = CIRCLE('',#1351,0.5);
#1351 = AXIS2_PLACEMENT_3D('',#1352,#1353,#1354);
#1352 = CARTESIAN_POINT('',(-11.8,-14.3,0.5));
#1353 = DIRECTION('',(1.,0.,0.));
#1354 = DIRECTION('',(0.,-1.,0.));
#1355 = PCURVE('',#365,#1356);
#1356 = DEFINITIONAL_REPRESENTATION('',(#1357),#1360);
#1357 = B_SPLINE_CURVE_WITH_KNOTS('',1,(#1358,#1359),.UNSPECIFIED.,.F.,
  .F.,(2,2),(0.,1.570796326795),.PIECEWISE_BEZIER_KNOTS.);
#1358 = CARTESIAN_POINT('',(0.,0.));
#1359 = CARTESIAN_POINT('',(0.,1.570796326795));
#1360 = ( GEOMETRIC_REPRESENTATION_CONTEXT(2)
PARAMETRIC_REPRESENTATION_CONTEXT() REPRESENTATION_CONTEXT('2D SPACE',''
  ) );
#1361 = PCURVE('',#1180,#1362);
#1362 = DEFINITIONAL_REPRESENTATION('',(#1363),#1366);
#1363 = B_SPLINE_CURVE_WITH_KNOTS('',1,(#1364,#1365),.UNSPECIFIED.,.F.,
  .F.,(2,2),(0.,1.570796326795),.PIECEWISE_BEZIER_KNOTS.);
#1364 = CARTESIAN_POINT('',(0.,23.6));
#1365 = CARTESIAN_POINT('',(-1.570796326795,23.6));
#1366 = ( GEOMETRIC_REPRESENTATION_CONTEXT(2)
PARAMETRIC_REPRESENTATION_CONTEXT() REPRESENTATION_CONTEXT('2D SPACE',''
  ) );
#1367 = ORIENTED_EDGE('',*,*,#348,.T.);
#1368 = ORIENTED_EDGE('',*,*,#1369,.T.);
#1369 = EDGE_CURVE('',#328,#1347,#1370,.T.);
#1370 = SURFACE_CURVE('',#1371,(#1389,#1410),.PCURVE_S1.);
#1371 = B_SPLINE_CURVE_WITH_KNOTS('',6,(#1372,#1373,#1374,#1375,#1376,
    #1377,#1378,#1379,#1380,#1381,#1382,#1383,#1384,#1385,#1386,#1387,
    #1388),.UNSPECIFIED.,.F.,.F.,(7,5,5,7),(0.,0.463587783225,
    0.951032999278,1.),.UNSPECIFIED.);
#1372 = CARTESIAN_POINT('',(-12.15862138583,-14.77848798916,0.5));
#1373 = CARTESIAN_POINT('',(-12.15862138583,-14.77848798916,
    0.445475856006));
#1374 = CARTESIAN_POINT('',(-12.15196283173,-14.77210319687,
    0.390941111896));
#1375 = CARTESIAN_POINT('',(-12.13863905896,-14.75932958429,
    0.337698773331));
#1376 = CARTESIAN_POINT('',(-12.11909747407,-14.74039627412,
    0.287000075007));
#1377 = CARTESIAN_POINT('',(-12.09412891403,-14.7156983982,
    0.239899174351));
#1378 = CARTESIAN_POINT('',(-12.03369960729,-14.6543448625,
    0.152353155604));
#1379 = CARTESIAN_POINT('',(-11.99775882646,-14.61713251927,
    0.112365779296));
#1380 = CARTESIAN_POINT('',(-11.95792219725,-14.57477691071,
    7.820357288976E-02));
#1381 = CARTESIAN_POINT('',(-11.91541479022,-14.52804957508,
    5.051669833731E-02));
#1382 = CARTESIAN_POINT('',(-11.87138936822,-14.47782680169,
    2.969490597643E-02));
#1383 = CARTESIAN_POINT('',(-11.82240871164,-14.41978075986,
    1.455075755326E-02));
#1384 = CARTESIAN_POINT('',(-11.81793257348,-14.41445648678,
    1.323955307464E-02));
#1385 = CARTESIAN_POINT('',(-11.81345260068,-14.40910772424,
    1.199979190917E-02));
#1386 = CARTESIAN_POINT('',(-11.80896983109,-14.40373546897,
    1.083165160441E-02));
#1387 = CARTESIAN_POINT('',(-11.80448529197,-14.39834072993,
    9.73529031693E-03));
#1388 = CARTESIAN_POINT('',(-11.8,-14.3929245283,8.710846812316E-03));
#1389 = PCURVE('',#365,#1390);
#1390 = DEFINITIONAL_REPRESENTATION('',(#1391),#1409);
#1391 = B_SPLINE_CURVE_WITH_KNOTS('',6,(#1392,#1393,#1394,#1395,#1396,
    #1397,#1398,#1399,#1400,#1401,#1402,#1403,#1404,#1405,#1406,#1407,
    #1408),.UNSPECIFIED.,.F.,.F.,(7,5,5,7),(0.,0.463587783225,
    0.951032999278,1.),.UNSPECIFIED.);
#1392 = CARTESIAN_POINT('',(0.119827012428,0.));
#1393 = CARTESIAN_POINT('',(0.119827012428,0.109048287989));
#1394 = CARTESIAN_POINT('',(0.117877747369,0.218117620019));
#1395 = CARTESIAN_POINT('',(0.113977698289,0.326937202026));
#1396 = CARTESIAN_POINT('',(0.108194423248,0.435339604006));
#1397 = CARTESIAN_POINT('',(0.100639548788,0.543209141559));
#1398 = CARTESIAN_POINT('',(8.180759391228E-02,0.763227603695));
#1399 = CARTESIAN_POINT('',(7.035695389693E-02,0.875334456595));
#1400 = CARTESIAN_POINT('',(5.727180410594E-02,0.98674128551));
#1401 = CARTESIAN_POINT('',(4.274614051929E-02,1.097512626239));
#1402 = CARTESIAN_POINT('',(2.698725991462E-02,1.207764813469));
#1403 = CARTESIAN_POINT('',(8.556880966477E-03,1.328707872987));
#1404 = CARTESIAN_POINT('',(6.864462210685E-03,1.339744765694));
#1405 = CARTESIAN_POINT('',(5.16231018555E-03,1.350778296802));
#1406 = CARTESIAN_POINT('',(3.450677035936E-03,1.361808636801));
#1407 = CARTESIAN_POINT('',(1.72981971816E-03,1.372835955911));
#1408 = CARTESIAN_POINT('',(0.,1.383860424082));
#1409 = ( GEOMETRIC_REPRESENTATION_CONTEXT(2)
PARAMETRIC_REPRESENTATION_CONTEXT() REPRESENTATION_CONTEXT('2D SPACE',''
  ) );
#1410 = PCURVE('',#985,#1411);
#1411 = DEFINITIONAL_REPRESENTATION('',(#1412),#1430);
#1412 = B_SPLINE_CURVE_WITH_KNOTS('',6,(#1413,#1414,#1415,#1416,#1417,
    #1418,#1419,#1420,#1421,#1422,#1423,#1424,#1425,#1426,#1427,#1428,
    #1429),.UNSPECIFIED.,.F.,.F.,(7,5,5,7),(0.,0.463587783225,
    0.951032999278,1.),.UNSPECIFIED.);
#1413 = CARTESIAN_POINT('',(-7.780198153833E-02,3.14159265359));
#1414 = CARTESIAN_POINT('',(-7.780198153833E-02,3.032544365601));
#1415 = CARTESIAN_POINT('',(-7.985368756044E-02,2.92347503357));
#1416 = CARTESIAN_POINT('',(-8.395971514587E-02,2.814655451564));
#1417 = CARTESIAN_POINT('',(-8.997038967829E-02,2.706253049583));
#1418 = CARTESIAN_POINT('',(-9.762654873186E-02,2.598383512031));
#1419 = CARTESIAN_POINT('',(-0.116112791111,2.378365049895));
#1420 = CARTESIAN_POINT('',(-0.12708777738,2.266258196995));
#1421 = CARTESIAN_POINT('',(-0.139230176598,2.15485136808));
#1422 = CARTESIAN_POINT('',(-0.15217559126,2.044080027351));
#1423 = CARTESIAN_POINT('',(-0.165606020362,1.93382784012));
#1424 = CARTESIAN_POINT('',(-0.180609743103,1.812884780603));
#1425 = CARTESIAN_POINT('',(-0.181981430989,1.80184788175));
#1426 = CARTESIAN_POINT('',(-0.183354888743,1.790814350028));
#1427 = CARTESIAN_POINT('',(-0.184729834378,1.779784018019));
#1428 = CARTESIAN_POINT('',(-0.186105990001,1.768756709973));
#1429 = CARTESIAN_POINT('',(-0.187483081817,1.757732241801));
#1430 = ( GEOMETRIC_REPRESENTATION_CONTEXT(2)
PARAMETRIC_REPRESENTATION_CONTEXT() REPRESENTATION_CONTEXT('2D SPACE',''
  ) );
#1431 = ADVANCED_FACE('',(#1432),#287,.F.);
#1432 = FACE_BOUND('',#1433,.F.);
#1433 = EDGE_LOOP('',(#1434,#1435,#1457,#1458));
#1434 = ORIENTED_EDGE('',*,*,#327,.F.);
#1435 = ORIENTED_EDGE('',*,*,#1436,.T.);
#1436 = EDGE_CURVE('',#328,#244,#1437,.T.);
#1437 = SURFACE_CURVE('',#1438,(#1443,#1450),.PCURVE_S1.);
#1438 = CIRCLE('',#1439,2.85);
#1439 = AXIS2_PLACEMENT_3D('',#1440,#1441,#1442);
#1440 = CARTESIAN_POINT('',(-15.,-15.,0.5));
#1441 = DIRECTION('',(0.,0.,1.));
#1442 = DIRECTION('',(1.,0.,-0.));
#1443 = PCURVE('',#287,#1444);
#1444 = DEFINITIONAL_REPRESENTATION('',(#1445),#1449);
#1445 = LINE('',#1446,#1447);
#1446 = CARTESIAN_POINT('',(0.,0.));
#1447 = VECTOR('',#1448,1.);
#1448 = DIRECTION('',(1.,0.));
#1449 = ( GEOMETRIC_REPRESENTATION_CONTEXT(2)
PARAMETRIC_REPRESENTATION_CONTEXT() REPRESENTATION_CONTEXT('2D SPACE',''
  ) );
#1450 = PCURVE('',#985,#1451);
#1451 = DEFINITIONAL_REPRESENTATION('',(#1452),#1456);
#1452 = LINE('',#1453,#1454);
#1453 = CARTESIAN_POINT('',(-0.,3.14159265359));
#1454 = VECTOR('',#1455,1.);
#1455 = DIRECTION('',(-1.,0.));
#1456 = ( GEOMETRIC_REPRESENTATION_CONTEXT(2)
PARAMETRIC_REPRESENTATION_CONTEXT() REPRESENTATION_CONTEXT('2D SPACE',''
  ) );
#1457 = ORIENTED_EDGE('',*,*,#272,.T.);
#1458 = ORIENTED_EDGE('',*,*,#1459,.F.);
#1459 = EDGE_CURVE('',#299,#273,#1460,.T.);
#1460 = SURFACE_CURVE('',#1461,(#1466,#1473),.PCURVE_S1.);
#1461 = CIRCLE('',#1462,2.85);
#1462 = AXIS2_PLACEMENT_3D('',#1463,#1464,#1465);
#1463 = CARTESIAN_POINT('',(-15.,-15.,3.2));
#1464 = DIRECTION('',(0.,0.,1.));
#1465 = DIRECTION('',(1.,0.,-0.));
#1466 = PCURVE('',#287,#1467);
#1467 = DEFINITIONAL_REPRESENTATION('',(#1468),#1472);
#1468 = LINE('',#1469,#1470);
#1469 = CARTESIAN_POINT('',(0.,2.7));
#1470 = VECTOR('',#1471,1.);
#1471 = DIRECTION('',(1.,0.));
#1472 = ( GEOMETRIC_REPRESENTATION_CONTEXT(2)
PARAMETRIC_REPRESENTATION_CONTEXT() REPRESENTATION_CONTEXT('2D SPACE',''
  ) );
#1473 = PCURVE('',#315,#1474);
#1474 = DEFINITIONAL_REPRESENTATION('',(#1475),#1479);
#1475 = CIRCLE('',#1476,2.85);
#1476 = AXIS2_PLACEMENT_2D('',#1477,#1478);
#1477 = CARTESIAN_POINT('',(0.,0.));
#1478 = DIRECTION('',(1.,0.));
#1479 = ( GEOMETRIC_REPRESENTATION_CONTEXT(2)
PARAMETRIC_REPRESENTATION_CONTEXT() REPRESENTATION_CONTEXT('2D SPACE',''
  ) );
#1480 = ADVANCED_FACE('',(#1481),#315,.F.);
#1481 = FACE_BOUND('',#1482,.F.);
#1482 = EDGE_LOOP('',(#1483,#1484));
#1483 = ORIENTED_EDGE('',*,*,#298,.T.);
#1484 = ORIENTED_EDGE('',*,*,#1459,.T.);
#1485 = ADVANCED_FACE('',(#1486),#260,.T.);
#1486 = FACE_BOUND('',#1487,.T.);
#1487 = EDGE_LOOP('',(#1488,#1536,#1537));
#1488 = ORIENTED_EDGE('',*,*,#1489,.T.);
#1489 = EDGE_CURVE('',#938,#244,#1490,.T.);
#1490 = SURFACE_CURVE('',#1491,(#1504,#1520),.PCURVE_S1.);
#1491 = B_SPLINE_CURVE_WITH_KNOTS('',6,(#1492,#1493,#1494,#1495,#1496,
    #1497,#1498,#1499,#1500,#1501,#1502,#1503),.UNSPECIFIED.,.F.,.F.,(7,
    5,7),(0.,0.507569579092,1.),.UNSPECIFIED.);
#1492 = CARTESIAN_POINT('',(-14.3929245283,-11.8,8.710846812316E-03));
#1493 = CARTESIAN_POINT('',(-14.44906562218,-11.84649184336,
    1.932961303831E-02));
#1494 = CARTESIAN_POINT('',(-14.50289985708,-11.89290212469,
    3.767527902534E-02));
#1495 = CARTESIAN_POINT('',(-14.55329729509,-11.93810437213,
    6.359336398825E-02));
#1496 = CARTESIAN_POINT('',(-14.59923876406,-11.98082325516,
    9.671145749357E-02));
#1497 = CARTESIAN_POINT('',(-14.63982500637,-12.01967358072,
    0.13636485616));
#1498 = CARTESIAN_POINT('',(-14.7077930655,-12.08615312618,0.22538742986
    ));
#1499 = CARTESIAN_POINT('',(-14.7355407607,-12.11408991426,
    0.274442150222));
#1500 = CARTESIAN_POINT('',(-14.75687041687,-12.13607355118,
    0.327774275262));
#1501 = CARTESIAN_POINT('',(-14.77128388891,-12.15110854322,
    0.384153073716));
#1502 = CARTESIAN_POINT('',(-14.77848798916,-12.15862138583,
    0.442083261889));
#1503 = CARTESIAN_POINT('',(-14.77848798916,-12.15862138583,0.5));
#1504 = PCURVE('',#260,#1505);
#1505 = DEFINITIONAL_REPRESENTATION('',(#1506),#1519);
#1506 = B_SPLINE_CURVE_WITH_KNOTS('',6,(#1507,#1508,#1509,#1510,#1511,
    #1512,#1513,#1514,#1515,#1516,#1517,#1518),.UNSPECIFIED.,.F.,.F.,(7,
    5,7),(0.,0.507569579092,1.),.UNSPECIFIED.);
#1507 = CARTESIAN_POINT('',(1.570796326795,1.383860424082));
#1508 = CARTESIAN_POINT('',(1.552866054293,1.269587406828));
#1509 = CARTESIAN_POINT('',(1.535898974337,1.15501002341));
#1510 = CARTESIAN_POINT('',(1.520184578642,1.039923510651));
#1511 = CARTESIAN_POINT('',(1.50596278764,0.924181135636));
#1512 = CARTESIAN_POINT('',(1.493456946732,0.80769045267));
#1513 = CARTESIAN_POINT('',(1.472575321228,0.576746849834));
#1514 = CARTESIAN_POINT('',(1.464085034999,0.462309983693));
#1515 = CARTESIAN_POINT('',(1.457569512681,0.347249971944));
#1516 = CARTESIAN_POINT('',(1.453168694755,0.231693593905));
#1517 = CARTESIAN_POINT('',(1.450969314366,0.115833476222));
#1518 = CARTESIAN_POINT('',(1.450969314366,0.));
#1519 = ( GEOMETRIC_REPRESENTATION_CONTEXT(2)
PARAMETRIC_REPRESENTATION_CONTEXT() REPRESENTATION_CONTEXT('2D SPACE',''
  ) );
#1520 = PCURVE('',#985,#1521);
#1521 = DEFINITIONAL_REPRESENTATION('',(#1522),#1535);
#1522 = B_SPLINE_CURVE_WITH_KNOTS('',6,(#1523,#1524,#1525,#1526,#1527,
    #1528,#1529,#1530,#1531,#1532,#1533,#1534),.UNSPECIFIED.,.F.,.F.,(7,
    5,7),(0.,0.507569579092,1.),.UNSPECIFIED.);
#1523 = CARTESIAN_POINT('',(-1.383313244971,1.75773224174));
#1524 = CARTESIAN_POINT('',(-1.397587351842,1.872005258994));
#1525 = CARTESIAN_POINT('',(-1.411760843468,1.986582581781));
#1526 = CARTESIAN_POINT('',(-1.425528439645,2.101669193233));
#1527 = CARTESIAN_POINT('',(-1.438543701881,2.217411498103));
#1528 = CARTESIAN_POINT('',(-1.450400072471,2.33390220092));
#1529 = CARTESIAN_POINT('',(-1.470724858031,2.564845803756));
#1530 = CARTESIAN_POINT('',(-1.47928599198,2.679282669897));
#1531 = CARTESIAN_POINT('',(-1.486045877201,2.794342681646));
#1532 = CARTESIAN_POINT('',(-1.490679464253,2.909899059684));
#1533 = CARTESIAN_POINT('',(-1.492994338455,3.025759177367));
#1534 = CARTESIAN_POINT('',(-1.492994338455,3.14159265359));
#1535 = ( GEOMETRIC_REPRESENTATION_CONTEXT(2)
PARAMETRIC_REPRESENTATION_CONTEXT() REPRESENTATION_CONTEXT('2D SPACE',''
  ) );
#1536 = ORIENTED_EDGE('',*,*,#243,.T.);
#1537 = ORIENTED_EDGE('',*,*,#937,.T.);
#1538 = ADVANCED_FACE('',(#1539,#1714),#473,.T.);
#1539 = FACE_BOUND('',#1540,.T.);
#1540 = EDGE_LOOP('',(#1541,#1542,#1543,#1566,#1599,#1627,#1660,#1688));
#1541 = ORIENTED_EDGE('',*,*,#457,.F.);
#1542 = ORIENTED_EDGE('',*,*,#1135,.F.);
#1543 = ORIENTED_EDGE('',*,*,#1544,.F.);
#1544 = EDGE_CURVE('',#1545,#1107,#1547,.T.);
#1545 = VERTEX_POINT('',#1546);
#1546 = CARTESIAN_POINT('',(11.8,-14.45,5.5));
#1547 = SURFACE_CURVE('',#1548,(#1552,#1559),.PCURVE_S1.);
#1548 = LINE('',#1549,#1550);
#1549 = CARTESIAN_POINT('',(11.8,-14.45,5.5));
#1550 = VECTOR('',#1551,1.);
#1551 = DIRECTION('',(-1.,-0.,-0.));
#1552 = PCURVE('',#473,#1553);
#1553 = DEFINITIONAL_REPRESENTATION('',(#1554),#1558);
#1554 = LINE('',#1555,#1556);
#1555 = CARTESIAN_POINT('',(26.6,0.35));
#1556 = VECTOR('',#1557,1.);
#1557 = DIRECTION('',(-1.,-0.));
#1558 = ( GEOMETRIC_REPRESENTATION_CONTEXT(2)
PARAMETRIC_REPRESENTATION_CONTEXT() REPRESENTATION_CONTEXT('2D SPACE',''
  ) );
#1559 = PCURVE('',#1122,#1560);
#1560 = DEFINITIONAL_REPRESENTATION('',(#1561),#1565);
#1561 = LINE('',#1562,#1563);
#1562 = CARTESIAN_POINT('',(1.570796326795,0.));
#1563 = VECTOR('',#1564,1.);
#1564 = DIRECTION('',(0.,1.));
#1565 = ( GEOMETRIC_REPRESENTATION_CONTEXT(2)
PARAMETRIC_REPRESENTATION_CONTEXT() REPRESENTATION_CONTEXT('2D SPACE',''
  ) );
#1566 = ORIENTED_EDGE('',*,*,#1567,.F.);
#1567 = EDGE_CURVE('',#1568,#1545,#1570,.T.);
#1568 = VERTEX_POINT('',#1569);
#1569 = CARTESIAN_POINT('',(14.45,-11.8,5.5));
#1570 = SURFACE_CURVE('',#1571,(#1576,#1587),.PCURVE_S1.);
#1571 = CIRCLE('',#1572,2.65);
#1572 = AXIS2_PLACEMENT_3D('',#1573,#1574,#1575);
#1573 = CARTESIAN_POINT('',(11.8,-11.8,5.5));
#1574 = DIRECTION('',(0.,-0.,-1.));
#1575 = DIRECTION('',(1.,0.,-0.));
#1576 = PCURVE('',#473,#1577);
#1577 = DEFINITIONAL_REPRESENTATION('',(#1578),#1586);
#1578 = ( BOUNDED_CURVE() B_SPLINE_CURVE(2,(#1579,#1580,#1581,#1582,
#1583,#1584,#1585),.UNSPECIFIED.,.T.,.F.) B_SPLINE_CURVE_WITH_KNOTS((1,2
    ,2,2,2,1),(-2.094395102393,0.,2.094395102393,4.188790204786,
6.28318530718,8.377580409573),.UNSPECIFIED.) CURVE()
GEOMETRIC_REPRESENTATION_ITEM() RATIONAL_B_SPLINE_CURVE((1.,0.5,1.,0.5,
1.,0.5,1.)) REPRESENTATION_ITEM('') );
#1579 = CARTESIAN_POINT('',(29.25,3.));
#1580 = CARTESIAN_POINT('',(29.25,-1.589934640058));
#1581 = CARTESIAN_POINT('',(25.275,0.705032679971));
#1582 = CARTESIAN_POINT('',(21.3,3.));
#1583 = CARTESIAN_POINT('',(25.275,5.294967320029));
#1584 = CARTESIAN_POINT('',(29.25,7.589934640058));
#1585 = CARTESIAN_POINT('',(29.25,3.));
#1586 = ( GEOMETRIC_REPRESENTATION_CONTEXT(2)
PARAMETRIC_REPRESENTATION_CONTEXT() REPRESENTATION_CONTEXT('2D SPACE',''
  ) );
#1587 = PCURVE('',#1588,#1593);
#1588 = TOROIDAL_SURFACE('',#1589,2.65,0.35);
#1589 = AXIS2_PLACEMENT_3D('',#1590,#1591,#1592);
#1590 = CARTESIAN_POINT('',(11.8,-11.8,5.15));
#1591 = DIRECTION('',(0.,0.,1.));
#1592 = DIRECTION('',(1.,0.,-0.));
#1593 = DEFINITIONAL_REPRESENTATION('',(#1594),#1598);
#1594 = LINE('',#1595,#1596);
#1595 = CARTESIAN_POINT('',(-0.,1.570796326795));
#1596 = VECTOR('',#1597,1.);
#1597 = DIRECTION('',(-1.,0.));
#1598 = ( GEOMETRIC_REPRESENTATION_CONTEXT(2)
PARAMETRIC_REPRESENTATION_CONTEXT() REPRESENTATION_CONTEXT('2D SPACE',''
  ) );
#1599 = ORIENTED_EDGE('',*,*,#1600,.F.);
#1600 = EDGE_CURVE('',#1601,#1568,#1603,.T.);
#1601 = VERTEX_POINT('',#1602);
#1602 = CARTESIAN_POINT('',(14.45,11.8,5.5));
#1603 = SURFACE_CURVE('',#1604,(#1608,#1615),.PCURVE_S1.);
#1604 = LINE('',#1605,#1606);
#1605 = CARTESIAN_POINT('',(14.45,11.8,5.5));
#1606 = VECTOR('',#1607,1.);
#1607 = DIRECTION('',(-0.,-1.,-0.));
#1608 = PCURVE('',#473,#1609);
#1609 = DEFINITIONAL_REPRESENTATION('',(#1610),#1614);
#1610 = LINE('',#1611,#1612);
#1611 = CARTESIAN_POINT('',(29.25,26.6));
#1612 = VECTOR('',#1613,1.);
#1613 = DIRECTION('',(-0.,-1.));
#1614 = ( GEOMETRIC_REPRESENTATION_CONTEXT(2)
PARAMETRIC_REPRESENTATION_CONTEXT() REPRESENTATION_CONTEXT('2D SPACE',''
  ) );
#1615 = PCURVE('',#1616,#1621);
#1616 = CYLINDRICAL_SURFACE('',#1617,0.35);
#1617 = AXIS2_PLACEMENT_3D('',#1618,#1619,#1620);
#1618 = CARTESIAN_POINT('',(14.45,11.8,5.15));
#1619 = DIRECTION('',(-0.,-1.,-0.));
#1620 = DIRECTION('',(1.,0.,-0.));
#1621 = DEFINITIONAL_REPRESENTATION('',(#1622),#1626);
#1622 = LINE('',#1623,#1624);
#1623 = CARTESIAN_POINT('',(1.570796326795,0.));
#1624 = VECTOR('',#1625,1.);
#1625 = DIRECTION('',(0.,1.));
#1626 = ( GEOMETRIC_REPRESENTATION_CONTEXT(2)
PARAMETRIC_REPRESENTATION_CONTEXT() REPRESENTATION_CONTEXT('2D SPACE',''
  ) );
#1627 = ORIENTED_EDGE('',*,*,#1628,.F.);
#1628 = EDGE_CURVE('',#1629,#1601,#1631,.T.);
#1629 = VERTEX_POINT('',#1630);
#1630 = CARTESIAN_POINT('',(11.8,14.45,5.5));
#1631 = SURFACE_CURVE('',#1632,(#1637,#1648),.PCURVE_S1.);
#1632 = CIRCLE('',#1633,2.65);
#1633 = AXIS2_PLACEMENT_3D('',#1634,#1635,#1636);
#1634 = CARTESIAN_POINT('',(11.8,11.8,5.5));
#1635 = DIRECTION('',(0.,-0.,-1.));
#1636 = DIRECTION('',(0.,1.,-0.));
#1637 = PCURVE('',#473,#1638);
#1638 = DEFINITIONAL_REPRESENTATION('',(#1639),#1647);
#1639 = ( BOUNDED_CURVE() B_SPLINE_CURVE(2,(#1640,#1641,#1642,#1643,
#1644,#1645,#1646),.UNSPECIFIED.,.T.,.F.) B_SPLINE_CURVE_WITH_KNOTS((1,2
    ,2,2,2,1),(-2.094395102393,0.,2.094395102393,4.188790204786,
6.28318530718,8.377580409573),.UNSPECIFIED.) CURVE()
GEOMETRIC_REPRESENTATION_ITEM() RATIONAL_B_SPLINE_CURVE((1.,0.5,1.,0.5,
1.,0.5,1.)) REPRESENTATION_ITEM('') );
#1640 = CARTESIAN_POINT('',(26.6,29.25));
#1641 = CARTESIAN_POINT('',(31.189934640058,29.25));
#1642 = CARTESIAN_POINT('',(28.894967320029,25.275));
#1643 = CARTESIAN_POINT('',(26.6,21.3));
#1644 = CARTESIAN_POINT('',(24.305032679971,25.275));
#1645 = CARTESIAN_POINT('',(22.010065359942,29.25));
#1646 = CARTESIAN_POINT('',(26.6,29.25));
#1647 = ( GEOMETRIC_REPRESENTATION_CONTEXT(2)
PARAMETRIC_REPRESENTATION_CONTEXT() REPRESENTATION_CONTEXT('2D SPACE',''
  ) );
#1648 = PCURVE('',#1649,#1654);
#1649 = TOROIDAL_SURFACE('',#1650,2.65,0.35);
#1650 = AXIS2_PLACEMENT_3D('',#1651,#1652,#1653);
#1651 = CARTESIAN_POINT('',(11.8,11.8,5.15));
#1652 = DIRECTION('',(0.,0.,1.));
#1653 = DIRECTION('',(0.,1.,-0.));
#1654 = DEFINITIONAL_REPRESENTATION('',(#1655),#1659);
#1655 = LINE('',#1656,#1657);
#1656 = CARTESIAN_POINT('',(-0.,1.570796326795));
#1657 = VECTOR('',#1658,1.);
#1658 = DIRECTION('',(-1.,0.));
#1659 = ( GEOMETRIC_REPRESENTATION_CONTEXT(2)
PARAMETRIC_REPRESENTATION_CONTEXT() REPRESENTATION_CONTEXT('2D SPACE',''
  ) );
#1660 = ORIENTED_EDGE('',*,*,#1661,.F.);
#1661 = EDGE_CURVE('',#1662,#1629,#1664,.T.);
#1662 = VERTEX_POINT('',#1663);
#1663 = CARTESIAN_POINT('',(-11.8,14.45,5.5));
#1664 = SURFACE_CURVE('',#1665,(#1669,#1676),.PCURVE_S1.);
#1665 = LINE('',#1666,#1667);
#1666 = CARTESIAN_POINT('',(-11.8,14.45,5.5));
#1667 = VECTOR('',#1668,1.);
#1668 = DIRECTION('',(1.,0.,0.));
#1669 = PCURVE('',#473,#1670);
#1670 = DEFINITIONAL_REPRESENTATION('',(#1671),#1675);
#1671 = LINE('',#1672,#1673);
#1672 = CARTESIAN_POINT('',(3.,29.25));
#1673 = VECTOR('',#1674,1.);
#1674 = DIRECTION('',(1.,0.));
#1675 = ( GEOMETRIC_REPRESENTATION_CONTEXT(2)
PARAMETRIC_REPRESENTATION_CONTEXT() REPRESENTATION_CONTEXT('2D SPACE',''
  ) );
#1676 = PCURVE('',#1677,#1682);
#1677 = CYLINDRICAL_SURFACE('',#1678,0.35);
#1678 = AXIS2_PLACEMENT_3D('',#1679,#1680,#1681);
#1679 = CARTESIAN_POINT('',(-11.8,14.45,5.15));
#1680 = DIRECTION('',(1.,0.,0.));
#1681 = DIRECTION('',(-0.,1.,0.));
#1682 = DEFINITIONAL_REPRESENTATION('',(#1683),#1687);
#1683 = LINE('',#1684,#1685);
#1684 = CARTESIAN_POINT('',(1.570796326795,0.));
#1685 = VECTOR('',#1686,1.);
#1686 = DIRECTION('',(0.,1.));
#1687 = ( GEOMETRIC_REPRESENTATION_CONTEXT(2)
PARAMETRIC_REPRESENTATION_CONTEXT() REPRESENTATION_CONTEXT('2D SPACE',''
  ) );
#1688 = ORIENTED_EDGE('',*,*,#1689,.F.);
#1689 = EDGE_CURVE('',#458,#1662,#1690,.T.);
#1690 = SURFACE_CURVE('',#1691,(#1696,#1707),.PCURVE_S1.);
#1691 = CIRCLE('',#1692,2.65);
#1692 = AXIS2_PLACEMENT_3D('',#1693,#1694,#1695);
#1693 = CARTESIAN_POINT('',(-11.8,11.8,5.5));
#1694 = DIRECTION('',(-0.,0.,-1.));
#1695 = DIRECTION('',(-1.,0.,0.));
#1696 = PCURVE('',#473,#1697);
#1697 = DEFINITIONAL_REPRESENTATION('',(#1698),#1706);
#1698 = ( BOUNDED_CURVE() B_SPLINE_CURVE(2,(#1699,#1700,#1701,#1702,
#1703,#1704,#1705),.UNSPECIFIED.,.T.,.F.) B_SPLINE_CURVE_WITH_KNOTS((1,2
    ,2,2,2,1),(-2.094395102393,0.,2.094395102393,4.188790204786,
6.28318530718,8.377580409573),.UNSPECIFIED.) CURVE()
GEOMETRIC_REPRESENTATION_ITEM() RATIONAL_B_SPLINE_CURVE((1.,0.5,1.,0.5,
1.,0.5,1.)) REPRESENTATION_ITEM('') );
#1699 = CARTESIAN_POINT('',(0.35,26.6));
#1700 = CARTESIAN_POINT('',(0.35,31.189934640058));
#1701 = CARTESIAN_POINT('',(4.325,28.894967320029));
#1702 = CARTESIAN_POINT('',(8.3,26.6));
#1703 = CARTESIAN_POINT('',(4.325,24.305032679971));
#1704 = CARTESIAN_POINT('',(0.35,22.010065359942));
#1705 = CARTESIAN_POINT('',(0.35,26.6));
#1706 = ( GEOMETRIC_REPRESENTATION_CONTEXT(2)
PARAMETRIC_REPRESENTATION_CONTEXT() REPRESENTATION_CONTEXT('2D SPACE',''
  ) );
#1707 = PCURVE('',#499,#1708);
#1708 = DEFINITIONAL_REPRESENTATION('',(#1709),#1713);
#1709 = LINE('',#1710,#1711);
#1710 = CARTESIAN_POINT('',(-0.,1.570796326795));
#1711 = VECTOR('',#1712,1.);
#1712 = DIRECTION('',(-1.,0.));
#1713 = ( GEOMETRIC_REPRESENTATION_CONTEXT(2)
PARAMETRIC_REPRESENTATION_CONTEXT() REPRESENTATION_CONTEXT('2D SPACE',''
  ) );
#1714 = FACE_BOUND('',#1715,.T.);
#1715 = EDGE_LOOP('',(#1716,#1747,#1773,#1802,#1828,#1857,#1883,#1912));
#1716 = ORIENTED_EDGE('',*,*,#1717,.F.);
#1717 = EDGE_CURVE('',#1718,#1720,#1722,.T.);
#1718 = VERTEX_POINT('',#1719);
#1719 = CARTESIAN_POINT('',(-13.8,-11.8,5.5));
#1720 = VERTEX_POINT('',#1721);
#1721 = CARTESIAN_POINT('',(-11.8,-13.8,5.5));
#1722 = SURFACE_CURVE('',#1723,(#1728,#1735),.PCURVE_S1.);
#1723 = CIRCLE('',#1724,2.);
#1724 = AXIS2_PLACEMENT_3D('',#1725,#1726,#1727);
#1725 = CARTESIAN_POINT('',(-11.8,-11.8,5.5));
#1726 = DIRECTION('',(0.,0.,1.));
#1727 = DIRECTION('',(-1.,-0.,0.));
#1728 = PCURVE('',#473,#1729);
#1729 = DEFINITIONAL_REPRESENTATION('',(#1730),#1734);
#1730 = CIRCLE('',#1731,2.);
#1731 = AXIS2_PLACEMENT_2D('',#1732,#1733);
#1732 = CARTESIAN_POINT('',(3.,3.));
#1733 = DIRECTION('',(-1.,0.));
#1734 = ( GEOMETRIC_REPRESENTATION_CONTEXT(2)
PARAMETRIC_REPRESENTATION_CONTEXT() REPRESENTATION_CONTEXT('2D SPACE',''
  ) );
#1735 = PCURVE('',#1736,#1741);
#1736 = CYLINDRICAL_SURFACE('',#1737,2.);
#1737 = AXIS2_PLACEMENT_3D('',#1738,#1739,#1740);
#1738 = CARTESIAN_POINT('',(-11.8,-11.8,4.7));
#1739 = DIRECTION('',(0.,0.,1.));
#1740 = DIRECTION('',(-1.,-0.,0.));
#1741 = DEFINITIONAL_REPRESENTATION('',(#1742),#1746);
#1742 = LINE('',#1743,#1744);
#1743 = CARTESIAN_POINT('',(0.,0.8));
#1744 = VECTOR('',#1745,1.);
#1745 = DIRECTION('',(1.,0.));
#1746 = ( GEOMETRIC_REPRESENTATION_CONTEXT(2)
PARAMETRIC_REPRESENTATION_CONTEXT() REPRESENTATION_CONTEXT('2D SPACE',''
  ) );
#1747 = ORIENTED_EDGE('',*,*,#1748,.T.);
#1748 = EDGE_CURVE('',#1718,#1749,#1751,.T.);
#1749 = VERTEX_POINT('',#1750);
#1750 = CARTESIAN_POINT('',(-13.8,11.8,5.5));
#1751 = SURFACE_CURVE('',#1752,(#1756,#1762),.PCURVE_S1.);
#1752 = LINE('',#1753,#1754);
#1753 = CARTESIAN_POINT('',(-13.8,-14.3,5.5));
#1754 = VECTOR('',#1755,1.);
#1755 = DIRECTION('',(0.,1.,0.));
#1756 = PCURVE('',#473,#1757);
#1757 = DEFINITIONAL_REPRESENTATION('',(#1758),#1761);
#1758 = B_SPLINE_CURVE_WITH_KNOTS('',1,(#1759,#1760),.UNSPECIFIED.,.F.,
  .F.,(2,2),(2.5,26.1),.PIECEWISE_BEZIER_KNOTS.);
#1759 = CARTESIAN_POINT('',(1.,3.));
#1760 = CARTESIAN_POINT('',(1.,26.6));
#1761 = ( GEOMETRIC_REPRESENTATION_CONTEXT(2)
PARAMETRIC_REPRESENTATION_CONTEXT() REPRESENTATION_CONTEXT('2D SPACE',''
  ) );
#1762 = PCURVE('',#1763,#1768);
#1763 = PLANE('',#1764);
#1764 = AXIS2_PLACEMENT_3D('',#1765,#1766,#1767);
#1765 = CARTESIAN_POINT('',(-13.8,-13.8,4.7));
#1766 = DIRECTION('',(1.,0.,0.));
#1767 = DIRECTION('',(0.,0.,1.));
#1768 = DEFINITIONAL_REPRESENTATION('',(#1769),#1772);
#1769 = B_SPLINE_CURVE_WITH_KNOTS('',1,(#1770,#1771),.UNSPECIFIED.,.F.,
  .F.,(2,2),(2.5,26.1),.PIECEWISE_BEZIER_KNOTS.);
#1770 = CARTESIAN_POINT('',(0.8,-2.));
#1771 = CARTESIAN_POINT('',(0.8,-25.6));
#1772 = ( GEOMETRIC_REPRESENTATION_CONTEXT(2)
PARAMETRIC_REPRESENTATION_CONTEXT() REPRESENTATION_CONTEXT('2D SPACE',''
  ) );
#1773 = ORIENTED_EDGE('',*,*,#1774,.F.);
#1774 = EDGE_CURVE('',#1775,#1749,#1777,.T.);
#1775 = VERTEX_POINT('',#1776);
#1776 = CARTESIAN_POINT('',(-11.8,13.8,5.5));
#1777 = SURFACE_CURVE('',#1778,(#1783,#1790),.PCURVE_S1.);
#1778 = CIRCLE('',#1779,2.);
#1779 = AXIS2_PLACEMENT_3D('',#1780,#1781,#1782);
#1780 = CARTESIAN_POINT('',(-11.8,11.8,5.5));
#1781 = DIRECTION('',(0.,0.,1.));
#1782 = DIRECTION('',(-1.,-0.,0.));
#1783 = PCURVE('',#473,#1784);
#1784 = DEFINITIONAL_REPRESENTATION('',(#1785),#1789);
#1785 = CIRCLE('',#1786,2.);
#1786 = AXIS2_PLACEMENT_2D('',#1787,#1788);
#1787 = CARTESIAN_POINT('',(3.,26.6));
#1788 = DIRECTION('',(-1.,0.));
#1789 = ( GEOMETRIC_REPRESENTATION_CONTEXT(2)
PARAMETRIC_REPRESENTATION_CONTEXT() REPRESENTATION_CONTEXT('2D SPACE',''
  ) );
#1790 = PCURVE('',#1791,#1796);
#1791 = CYLINDRICAL_SURFACE('',#1792,2.);
#1792 = AXIS2_PLACEMENT_3D('',#1793,#1794,#1795);
#1793 = CARTESIAN_POINT('',(-11.8,11.8,4.7));
#1794 = DIRECTION('',(0.,0.,1.));
#1795 = DIRECTION('',(-1.,-0.,0.));
#1796 = DEFINITIONAL_REPRESENTATION('',(#1797),#1801);
#1797 = LINE('',#1798,#1799);
#1798 = CARTESIAN_POINT('',(-6.28318530718,0.8));
#1799 = VECTOR('',#1800,1.);
#1800 = DIRECTION('',(1.,-0.));
#1801 = ( GEOMETRIC_REPRESENTATION_CONTEXT(2)
PARAMETRIC_REPRESENTATION_CONTEXT() REPRESENTATION_CONTEXT('2D SPACE',''
  ) );
#1802 = ORIENTED_EDGE('',*,*,#1803,.F.);
#1803 = EDGE_CURVE('',#1804,#1775,#1806,.T.);
#1804 = VERTEX_POINT('',#1805);
#1805 = CARTESIAN_POINT('',(11.8,13.8,5.5));
#1806 = SURFACE_CURVE('',#1807,(#1811,#1817),.PCURVE_S1.);
#1807 = LINE('',#1808,#1809);
#1808 = CARTESIAN_POINT('',(-14.3,13.8,5.5));
#1809 = VECTOR('',#1810,1.);
#1810 = DIRECTION('',(-1.,0.,0.));
#1811 = PCURVE('',#473,#1812);
#1812 = DEFINITIONAL_REPRESENTATION('',(#1813),#1816);
#1813 = B_SPLINE_CURVE_WITH_KNOTS('',1,(#1814,#1815),.UNSPECIFIED.,.F.,
  .F.,(2,2),(-26.1,-2.5),.PIECEWISE_BEZIER_KNOTS.);
#1814 = CARTESIAN_POINT('',(26.6,28.6));
#1815 = CARTESIAN_POINT('',(3.,28.6));
#1816 = ( GEOMETRIC_REPRESENTATION_CONTEXT(2)
PARAMETRIC_REPRESENTATION_CONTEXT() REPRESENTATION_CONTEXT('2D SPACE',''
  ) );
#1817 = PCURVE('',#1818,#1823);
#1818 = PLANE('',#1819);
#1819 = AXIS2_PLACEMENT_3D('',#1820,#1821,#1822);
#1820 = CARTESIAN_POINT('',(-13.8,13.8,4.7));
#1821 = DIRECTION('',(0.,1.,0.));
#1822 = DIRECTION('',(0.,0.,1.));
#1823 = DEFINITIONAL_REPRESENTATION('',(#1824),#1827);
#1824 = B_SPLINE_CURVE_WITH_KNOTS('',1,(#1825,#1826),.UNSPECIFIED.,.F.,
  .F.,(2,2),(-26.1,-2.5),.PIECEWISE_BEZIER_KNOTS.);
#1825 = CARTESIAN_POINT('',(0.8,25.6));
#1826 = CARTESIAN_POINT('',(0.8,2.));
#1827 = ( GEOMETRIC_REPRESENTATION_CONTEXT(2)
PARAMETRIC_REPRESENTATION_CONTEXT() REPRESENTATION_CONTEXT('2D SPACE',''
  ) );
#1828 = ORIENTED_EDGE('',*,*,#1829,.F.);
#1829 = EDGE_CURVE('',#1830,#1804,#1832,.T.);
#1830 = VERTEX_POINT('',#1831);
#1831 = CARTESIAN_POINT('',(13.8,11.8,5.5));
#1832 = SURFACE_CURVE('',#1833,(#1838,#1845),.PCURVE_S1.);
#1833 = CIRCLE('',#1834,2.);
#1834 = AXIS2_PLACEMENT_3D('',#1835,#1836,#1837);
#1835 = CARTESIAN_POINT('',(11.8,11.8,5.5));
#1836 = DIRECTION('',(0.,0.,1.));
#1837 = DIRECTION('',(1.,0.,-0.));
#1838 = PCURVE('',#473,#1839);
#1839 = DEFINITIONAL_REPRESENTATION('',(#1840),#1844);
#1840 = CIRCLE('',#1841,2.);
#1841 = AXIS2_PLACEMENT_2D('',#1842,#1843);
#1842 = CARTESIAN_POINT('',(26.6,26.6));
#1843 = DIRECTION('',(1.,0.));
#1844 = ( GEOMETRIC_REPRESENTATION_CONTEXT(2)
PARAMETRIC_REPRESENTATION_CONTEXT() REPRESENTATION_CONTEXT('2D SPACE',''
  ) );
#1845 = PCURVE('',#1846,#1851);
#1846 = CYLINDRICAL_SURFACE('',#1847,2.);
#1847 = AXIS2_PLACEMENT_3D('',#1848,#1849,#1850);
#1848 = CARTESIAN_POINT('',(11.8,11.8,4.7));
#1849 = DIRECTION('',(0.,0.,1.));
#1850 = DIRECTION('',(1.,0.,-0.));
#1851 = DEFINITIONAL_REPRESENTATION('',(#1852),#1856);
#1852 = LINE('',#1853,#1854);
#1853 = CARTESIAN_POINT('',(0.,0.8));
#1854 = VECTOR('',#1855,1.);
#1855 = DIRECTION('',(1.,0.));
#1856 = ( GEOMETRIC_REPRESENTATION_CONTEXT(2)
PARAMETRIC_REPRESENTATION_CONTEXT() REPRESENTATION_CONTEXT('2D SPACE',''
  ) );
#1857 = ORIENTED_EDGE('',*,*,#1858,.F.);
#1858 = EDGE_CURVE('',#1859,#1830,#1861,.T.);
#1859 = VERTEX_POINT('',#1860);
#1860 = CARTESIAN_POINT('',(13.8,-11.8,5.5));
#1861 = SURFACE_CURVE('',#1862,(#1866,#1872),.PCURVE_S1.);
#1862 = LINE('',#1863,#1864);
#1863 = CARTESIAN_POINT('',(13.8,-14.3,5.5));
#1864 = VECTOR('',#1865,1.);
#1865 = DIRECTION('',(0.,1.,0.));
#1866 = PCURVE('',#473,#1867);
#1867 = DEFINITIONAL_REPRESENTATION('',(#1868),#1871);
#1868 = B_SPLINE_CURVE_WITH_KNOTS('',1,(#1869,#1870),.UNSPECIFIED.,.F.,
  .F.,(2,2),(2.5,26.1),.PIECEWISE_BEZIER_KNOTS.);
#1869 = CARTESIAN_POINT('',(28.6,3.));
#1870 = CARTESIAN_POINT('',(28.6,26.6));
#1871 = ( GEOMETRIC_REPRESENTATION_CONTEXT(2)
PARAMETRIC_REPRESENTATION_CONTEXT() REPRESENTATION_CONTEXT('2D SPACE',''
  ) );
#1872 = PCURVE('',#1873,#1878);
#1873 = PLANE('',#1874);
#1874 = AXIS2_PLACEMENT_3D('',#1875,#1876,#1877);
#1875 = CARTESIAN_POINT('',(13.8,-13.8,4.7));
#1876 = DIRECTION('',(1.,0.,0.));
#1877 = DIRECTION('',(0.,0.,1.));
#1878 = DEFINITIONAL_REPRESENTATION('',(#1879),#1882);
#1879 = B_SPLINE_CURVE_WITH_KNOTS('',1,(#1880,#1881),.UNSPECIFIED.,.F.,
  .F.,(2,2),(2.5,26.1),.PIECEWISE_BEZIER_KNOTS.);
#1880 = CARTESIAN_POINT('',(0.8,-2.));
#1881 = CARTESIAN_POINT('',(0.8,-25.6));
#1882 = ( GEOMETRIC_REPRESENTATION_CONTEXT(2)
PARAMETRIC_REPRESENTATION_CONTEXT() REPRESENTATION_CONTEXT('2D SPACE',''
  ) );
#1883 = ORIENTED_EDGE('',*,*,#1884,.F.);
#1884 = EDGE_CURVE('',#1885,#1859,#1887,.T.);
#1885 = VERTEX_POINT('',#1886);
#1886 = CARTESIAN_POINT('',(11.8,-13.8,5.5));
#1887 = SURFACE_CURVE('',#1888,(#1893,#1900),.PCURVE_S1.);
#1888 = CIRCLE('',#1889,2.);
#1889 = AXIS2_PLACEMENT_3D('',#1890,#1891,#1892);
#1890 = CARTESIAN_POINT('',(11.8,-11.8,5.5));
#1891 = DIRECTION('',(0.,0.,1.));
#1892 = DIRECTION('',(1.,0.,-0.));
#1893 = PCURVE('',#473,#1894);
#1894 = DEFINITIONAL_REPRESENTATION('',(#1895),#1899);
#1895 = CIRCLE('',#1896,2.);
#1896 = AXIS2_PLACEMENT_2D('',#1897,#1898);
#1897 = CARTESIAN_POINT('',(26.6,3.));
#1898 = DIRECTION('',(1.,0.));
#1899 = ( GEOMETRIC_REPRESENTATION_CONTEXT(2)
PARAMETRIC_REPRESENTATION_CONTEXT() REPRESENTATION_CONTEXT('2D SPACE',''
  ) );
#1900 = PCURVE('',#1901,#1906);
#1901 = CYLINDRICAL_SURFACE('',#1902,2.);
#1902 = AXIS2_PLACEMENT_3D('',#1903,#1904,#1905);
#1903 = CARTESIAN_POINT('',(11.8,-11.8,4.7));
#1904 = DIRECTION('',(0.,0.,1.));
#1905 = DIRECTION('',(1.,0.,-0.));
#1906 = DEFINITIONAL_REPRESENTATION('',(#1907),#1911);
#1907 = LINE('',#1908,#1909);
#1908 = CARTESIAN_POINT('',(-6.28318530718,0.8));
#1909 = VECTOR('',#1910,1.);
#1910 = DIRECTION('',(1.,-0.));
#1911 = ( GEOMETRIC_REPRESENTATION_CONTEXT(2)
PARAMETRIC_REPRESENTATION_CONTEXT() REPRESENTATION_CONTEXT('2D SPACE',''
  ) );
#1912 = ORIENTED_EDGE('',*,*,#1913,.T.);
#1913 = EDGE_CURVE('',#1885,#1720,#1914,.T.);
#1914 = SURFACE_CURVE('',#1915,(#1919,#1925),.PCURVE_S1.);
#1915 = LINE('',#1916,#1917);
#1916 = CARTESIAN_POINT('',(-14.3,-13.8,5.5));
#1917 = VECTOR('',#1918,1.);
#1918 = DIRECTION('',(-1.,0.,0.));
#1919 = PCURVE('',#473,#1920);
#1920 = DEFINITIONAL_REPRESENTATION('',(#1921),#1924);
#1921 = B_SPLINE_CURVE_WITH_KNOTS('',1,(#1922,#1923),.UNSPECIFIED.,.F.,
  .F.,(2,2),(-26.1,-2.5),.PIECEWISE_BEZIER_KNOTS.);
#1922 = CARTESIAN_POINT('',(26.6,1.));
#1923 = CARTESIAN_POINT('',(3.,1.));
#1924 = ( GEOMETRIC_REPRESENTATION_CONTEXT(2)
PARAMETRIC_REPRESENTATION_CONTEXT() REPRESENTATION_CONTEXT('2D SPACE',''
  ) );
#1925 = PCURVE('',#1926,#1931);
#1926 = PLANE('',#1927);
#1927 = AXIS2_PLACEMENT_3D('',#1928,#1929,#1930);
#1928 = CARTESIAN_POINT('',(-13.8,-13.8,4.7));
#1929 = DIRECTION('',(0.,1.,0.));
#1930 = DIRECTION('',(0.,0.,1.));
#1931 = DEFINITIONAL_REPRESENTATION('',(#1932),#1935);
#1932 = B_SPLINE_CURVE_WITH_KNOTS('',1,(#1933,#1934),.UNSPECIFIED.,.F.,
  .F.,(2,2),(-26.1,-2.5),.PIECEWISE_BEZIER_KNOTS.);
#1933 = CARTESIAN_POINT('',(0.8,25.6));
#1934 = CARTESIAN_POINT('',(0.8,2.));
#1935 = ( GEOMETRIC_REPRESENTATION_CONTEXT(2)
PARAMETRIC_REPRESENTATION_CONTEXT() REPRESENTATION_CONTEXT('2D SPACE',''
  ) );
#1936 = ADVANCED_FACE('',(#1937),#499,.T.);
#1937 = FACE_BOUND('',#1938,.F.);
#1938 = EDGE_LOOP('',(#1939,#1940,#1941,#1961));
#1939 = ORIENTED_EDGE('',*,*,#485,.F.);
#1940 = ORIENTED_EDGE('',*,*,#677,.T.);
#1941 = ORIENTED_EDGE('',*,*,#1942,.T.);
#1942 = EDGE_CURVE('',#650,#1662,#1943,.T.);
#1943 = SURFACE_CURVE('',#1944,(#1949,#1955),.PCURVE_S1.);
#1944 = CIRCLE('',#1945,0.35);
#1945 = AXIS2_PLACEMENT_3D('',#1946,#1947,#1948);
#1946 = CARTESIAN_POINT('',(-11.8,14.45,5.15));
#1947 = DIRECTION('',(1.,6.123233995737E-17,-0.));
#1948 = DIRECTION('',(-6.123233995737E-17,1.,0.));
#1949 = PCURVE('',#499,#1950);
#1950 = DEFINITIONAL_REPRESENTATION('',(#1951),#1954);
#1951 = B_SPLINE_CURVE_WITH_KNOTS('',1,(#1952,#1953),.UNSPECIFIED.,.F.,
  .F.,(2,2),(0.,1.570796326795),.PIECEWISE_BEZIER_KNOTS.);
#1952 = CARTESIAN_POINT('',(-1.570796326795,0.));
#1953 = CARTESIAN_POINT('',(-1.570796326795,1.570796326795));
#1954 = ( GEOMETRIC_REPRESENTATION_CONTEXT(2)
PARAMETRIC_REPRESENTATION_CONTEXT() REPRESENTATION_CONTEXT('2D SPACE',''
  ) );
#1955 = PCURVE('',#1677,#1956);
#1956 = DEFINITIONAL_REPRESENTATION('',(#1957),#1960);
#1957 = B_SPLINE_CURVE_WITH_KNOTS('',1,(#1958,#1959),.UNSPECIFIED.,.F.,
  .F.,(2,2),(0.,1.570796326795),.PIECEWISE_BEZIER_KNOTS.);
#1958 = CARTESIAN_POINT('',(0.,0.));
#1959 = CARTESIAN_POINT('',(1.570796326795,0.));
#1960 = ( GEOMETRIC_REPRESENTATION_CONTEXT(2)
PARAMETRIC_REPRESENTATION_CONTEXT() REPRESENTATION_CONTEXT('2D SPACE',''
  ) );
#1961 = ORIENTED_EDGE('',*,*,#1689,.F.);
#1962 = ADVANCED_FACE('',(#1963),#665,.T.);
#1963 = FACE_BOUND('',#1964,.T.);
#1964 = EDGE_LOOP('',(#1965,#1993,#1994,#2017,#2045,#2073,#2099,#2125));
#1965 = ORIENTED_EDGE('',*,*,#1966,.F.);
#1966 = EDGE_CURVE('',#621,#1967,#1969,.T.);
#1967 = VERTEX_POINT('',#1968);
#1968 = CARTESIAN_POINT('',(-2.842973795166,14.8,0.5));
#1969 = SURFACE_CURVE('',#1970,(#1974,#1981),.PCURVE_S1.);
#1970 = LINE('',#1971,#1972);
#1971 = CARTESIAN_POINT('',(-11.8,14.8,0.5));
#1972 = VECTOR('',#1973,1.);
#1973 = DIRECTION('',(1.,0.,0.));
#1974 = PCURVE('',#665,#1975);
#1975 = DEFINITIONAL_REPRESENTATION('',(#1976),#1980);
#1976 = LINE('',#1977,#1978);
#1977 = CARTESIAN_POINT('',(0.5,3.));
#1978 = VECTOR('',#1979,1.);
#1979 = DIRECTION('',(0.,1.));
#1980 = ( GEOMETRIC_REPRESENTATION_CONTEXT(2)
PARAMETRIC_REPRESENTATION_CONTEXT() REPRESENTATION_CONTEXT('2D SPACE',''
  ) );
#1981 = PCURVE('',#1982,#1987);
#1982 = CYLINDRICAL_SURFACE('',#1983,0.5);
#1983 = AXIS2_PLACEMENT_3D('',#1984,#1985,#1986);
#1984 = CARTESIAN_POINT('',(-11.8,14.3,0.5));
#1985 = DIRECTION('',(1.,0.,0.));
#1986 = DIRECTION('',(-0.,1.,0.));
#1987 = DEFINITIONAL_REPRESENTATION('',(#1988),#1992);
#1988 = LINE('',#1989,#1990);
#1989 = CARTESIAN_POINT('',(-0.,0.));
#1990 = VECTOR('',#1991,1.);
#1991 = DIRECTION('',(-0.,1.));
#1992 = ( GEOMETRIC_REPRESENTATION_CONTEXT(2)
PARAMETRIC_REPRESENTATION_CONTEXT() REPRESENTATION_CONTEXT('2D SPACE',''
  ) );
#1993 = ORIENTED_EDGE('',*,*,#649,.T.);
#1994 = ORIENTED_EDGE('',*,*,#1995,.T.);
#1995 = EDGE_CURVE('',#650,#1996,#1998,.T.);
#1996 = VERTEX_POINT('',#1997);
#1997 = CARTESIAN_POINT('',(11.8,14.8,5.15));
#1998 = SURFACE_CURVE('',#1999,(#2003,#2010),.PCURVE_S1.);
#1999 = LINE('',#2000,#2001);
#2000 = CARTESIAN_POINT('',(-11.8,14.8,5.15));
#2001 = VECTOR('',#2002,1.);
#2002 = DIRECTION('',(1.,0.,0.));
#2003 = PCURVE('',#665,#2004);
#2004 = DEFINITIONAL_REPRESENTATION('',(#2005),#2009);
#2005 = LINE('',#2006,#2007);
#2006 = CARTESIAN_POINT('',(5.15,3.));
#2007 = VECTOR('',#2008,1.);
#2008 = DIRECTION('',(0.,1.));
#2009 = ( GEOMETRIC_REPRESENTATION_CONTEXT(2)
PARAMETRIC_REPRESENTATION_CONTEXT() REPRESENTATION_CONTEXT('2D SPACE',''
  ) );
#2010 = PCURVE('',#1677,#2011);
#2011 = DEFINITIONAL_REPRESENTATION('',(#2012),#2016);
#2012 = LINE('',#2013,#2014);
#2013 = CARTESIAN_POINT('',(0.,0.));
#2014 = VECTOR('',#2015,1.);
#2015 = DIRECTION('',(0.,1.));
#2016 = ( GEOMETRIC_REPRESENTATION_CONTEXT(2)
PARAMETRIC_REPRESENTATION_CONTEXT() REPRESENTATION_CONTEXT('2D SPACE',''
  ) );
#2017 = ORIENTED_EDGE('',*,*,#2018,.F.);
#2018 = EDGE_CURVE('',#2019,#1996,#2021,.T.);
#2019 = VERTEX_POINT('',#2020);
#2020 = CARTESIAN_POINT('',(11.8,14.8,0.5));
#2021 = SURFACE_CURVE('',#2022,(#2026,#2033),.PCURVE_S1.);
#2022 = LINE('',#2023,#2024);
#2023 = CARTESIAN_POINT('',(11.8,14.8,0.));
#2024 = VECTOR('',#2025,1.);
#2025 = DIRECTION('',(0.,0.,1.));
#2026 = PCURVE('',#665,#2027);
#2027 = DEFINITIONAL_REPRESENTATION('',(#2028),#2032);
#2028 = LINE('',#2029,#2030);
#2029 = CARTESIAN_POINT('',(0.,26.6));
#2030 = VECTOR('',#2031,1.);
#2031 = DIRECTION('',(1.,0.));
#2032 = ( GEOMETRIC_REPRESENTATION_CONTEXT(2)
PARAMETRIC_REPRESENTATION_CONTEXT() REPRESENTATION_CONTEXT('2D SPACE',''
  ) );
#2033 = PCURVE('',#2034,#2039);
#2034 = CYLINDRICAL_SURFACE('',#2035,3.);
#2035 = AXIS2_PLACEMENT_3D('',#2036,#2037,#2038);
#2036 = CARTESIAN_POINT('',(11.8,11.8,0.));
#2037 = DIRECTION('',(0.,0.,1.));
#2038 = DIRECTION('',(1.,0.,-0.));
#2039 = DEFINITIONAL_REPRESENTATION('',(#2040),#2044);
#2040 = LINE('',#2041,#2042);
#2041 = CARTESIAN_POINT('',(1.570796326795,0.));
#2042 = VECTOR('',#2043,1.);
#2043 = DIRECTION('',(0.,1.));
#2044 = ( GEOMETRIC_REPRESENTATION_CONTEXT(2)
PARAMETRIC_REPRESENTATION_CONTEXT() REPRESENTATION_CONTEXT('2D SPACE',''
  ) );
#2045 = ORIENTED_EDGE('',*,*,#2046,.F.);
#2046 = EDGE_CURVE('',#2047,#2019,#2049,.T.);
#2047 = VERTEX_POINT('',#2048);
#2048 = CARTESIAN_POINT('',(2.842973795166,14.8,0.5));
#2049 = SURFACE_CURVE('',#2050,(#2054,#2061),.PCURVE_S1.);
#2050 = LINE('',#2051,#2052);
#2051 = CARTESIAN_POINT('',(-11.8,14.8,0.5));
#2052 = VECTOR('',#2053,1.);
#2053 = DIRECTION('',(1.,0.,0.));
#2054 = PCURVE('',#665,#2055);
#2055 = DEFINITIONAL_REPRESENTATION('',(#2056),#2060);
#2056 = LINE('',#2057,#2058);
#2057 = CARTESIAN_POINT('',(0.5,3.));
#2058 = VECTOR('',#2059,1.);
#2059 = DIRECTION('',(0.,1.));
#2060 = ( GEOMETRIC_REPRESENTATION_CONTEXT(2)
PARAMETRIC_REPRESENTATION_CONTEXT() REPRESENTATION_CONTEXT('2D SPACE',''
  ) );
#2061 = PCURVE('',#2062,#2067);
#2062 = CYLINDRICAL_SURFACE('',#2063,0.5);
#2063 = AXIS2_PLACEMENT_3D('',#2064,#2065,#2066);
#2064 = CARTESIAN_POINT('',(-11.8,14.3,0.5));
#2065 = DIRECTION('',(1.,0.,0.));
#2066 = DIRECTION('',(-0.,1.,0.));
#2067 = DEFINITIONAL_REPRESENTATION('',(#2068),#2072);
#2068 = LINE('',#2069,#2070);
#2069 = CARTESIAN_POINT('',(-0.,0.));
#2070 = VECTOR('',#2071,1.);
#2071 = DIRECTION('',(-0.,1.));
#2072 = ( GEOMETRIC_REPRESENTATION_CONTEXT(2)
PARAMETRIC_REPRESENTATION_CONTEXT() REPRESENTATION_CONTEXT('2D SPACE',''
  ) );
#2073 = ORIENTED_EDGE('',*,*,#2074,.T.);
#2074 = EDGE_CURVE('',#2047,#2075,#2077,.T.);
#2075 = VERTEX_POINT('',#2076);
#2076 = CARTESIAN_POINT('',(2.842973795166,14.8,3.2));
#2077 = SURFACE_CURVE('',#2078,(#2082,#2088),.PCURVE_S1.);
#2078 = LINE('',#2079,#2080);
#2079 = CARTESIAN_POINT('',(2.842973795166,14.8,0.5));
#2080 = VECTOR('',#2081,1.);
#2081 = DIRECTION('',(0.,0.,1.));
#2082 = PCURVE('',#665,#2083);
#2083 = DEFINITIONAL_REPRESENTATION('',(#2084),#2087);
#2084 = B_SPLINE_CURVE_WITH_KNOTS('',1,(#2085,#2086),.UNSPECIFIED.,.F.,
  .F.,(2,2),(-6.000000000173E-07,2.7000006),.PIECEWISE_BEZIER_KNOTS.);
#2085 = CARTESIAN_POINT('',(0.4999994,17.642973795166));
#2086 = CARTESIAN_POINT('',(3.2000006,17.642973795166));
#2087 = ( GEOMETRIC_REPRESENTATION_CONTEXT(2)
PARAMETRIC_REPRESENTATION_CONTEXT() REPRESENTATION_CONTEXT('2D SPACE',''
  ) );
#2088 = PCURVE('',#2089,#2094);
#2089 = CYLINDRICAL_SURFACE('',#2090,2.85);
#2090 = AXIS2_PLACEMENT_3D('',#2091,#2092,#2093);
#2091 = CARTESIAN_POINT('',(0.,15.,0.5));
#2092 = DIRECTION('',(0.,0.,1.));
#2093 = DIRECTION('',(1.,0.,-0.));
#2094 = DEFINITIONAL_REPRESENTATION('',(#2095),#2098);
#2095 = B_SPLINE_CURVE_WITH_KNOTS('',1,(#2096,#2097),.UNSPECIFIED.,.F.,
  .F.,(2,2),(-6.000000000173E-07,2.7000006),.PIECEWISE_BEZIER_KNOTS.);
#2096 = CARTESIAN_POINT('',(6.212952142998,-6.000000000173E-07));
#2097 = CARTESIAN_POINT('',(6.212952142998,2.7000006));
#2098 = ( GEOMETRIC_REPRESENTATION_CONTEXT(2)
PARAMETRIC_REPRESENTATION_CONTEXT() REPRESENTATION_CONTEXT('2D SPACE',''
  ) );
#2099 = ORIENTED_EDGE('',*,*,#2100,.F.);
#2100 = EDGE_CURVE('',#2101,#2075,#2103,.T.);
#2101 = VERTEX_POINT('',#2102);
#2102 = CARTESIAN_POINT('',(-2.842973795166,14.8,3.2));
#2103 = SURFACE_CURVE('',#2104,(#2108,#2114),.PCURVE_S1.);
#2104 = LINE('',#2105,#2106);
#2105 = CARTESIAN_POINT('',(-7.4,14.8,3.2));
#2106 = VECTOR('',#2107,1.);
#2107 = DIRECTION('',(1.,0.,0.));
#2108 = PCURVE('',#665,#2109);
#2109 = DEFINITIONAL_REPRESENTATION('',(#2110),#2113);
#2110 = B_SPLINE_CURVE_WITH_KNOTS('',1,(#2111,#2112),.UNSPECIFIED.,.F.,
  .F.,(2,2),(4.55,10.25),.PIECEWISE_BEZIER_KNOTS.);
#2111 = CARTESIAN_POINT('',(3.2,11.95));
#2112 = CARTESIAN_POINT('',(3.2,17.65));
#2113 = ( GEOMETRIC_REPRESENTATION_CONTEXT(2)
PARAMETRIC_REPRESENTATION_CONTEXT() REPRESENTATION_CONTEXT('2D SPACE',''
  ) );
#2114 = PCURVE('',#2115,#2120);
#2115 = PLANE('',#2116);
#2116 = AXIS2_PLACEMENT_3D('',#2117,#2118,#2119);
#2117 = CARTESIAN_POINT('',(0.,15.,3.2));
#2118 = DIRECTION('',(0.,0.,1.));
#2119 = DIRECTION('',(1.,0.,-0.));
#2120 = DEFINITIONAL_REPRESENTATION('',(#2121),#2124);
#2121 = B_SPLINE_CURVE_WITH_KNOTS('',1,(#2122,#2123),.UNSPECIFIED.,.F.,
  .F.,(2,2),(4.55,10.25),.PIECEWISE_BEZIER_KNOTS.);
#2122 = CARTESIAN_POINT('',(-2.85,-0.2));
#2123 = CARTESIAN_POINT('',(2.85,-0.2));
#2124 = ( GEOMETRIC_REPRESENTATION_CONTEXT(2)
PARAMETRIC_REPRESENTATION_CONTEXT() REPRESENTATION_CONTEXT('2D SPACE',''
  ) );
#2125 = ORIENTED_EDGE('',*,*,#2126,.F.);
#2126 = EDGE_CURVE('',#1967,#2101,#2127,.T.);
#2127 = SURFACE_CURVE('',#2128,(#2132,#2138),.PCURVE_S1.);
#2128 = LINE('',#2129,#2130);
#2129 = CARTESIAN_POINT('',(-2.842973795166,14.8,0.5));
#2130 = VECTOR('',#2131,1.);
#2131 = DIRECTION('',(0.,0.,1.));
#2132 = PCURVE('',#665,#2133);
#2133 = DEFINITIONAL_REPRESENTATION('',(#2134),#2137);
#2134 = B_SPLINE_CURVE_WITH_KNOTS('',1,(#2135,#2136),.UNSPECIFIED.,.F.,
  .F.,(2,2),(-6.000000000173E-07,2.7000006),.PIECEWISE_BEZIER_KNOTS.);
#2135 = CARTESIAN_POINT('',(0.4999994,11.957026204834));
#2136 = CARTESIAN_POINT('',(3.2000006,11.957026204834));
#2137 = ( GEOMETRIC_REPRESENTATION_CONTEXT(2)
PARAMETRIC_REPRESENTATION_CONTEXT() REPRESENTATION_CONTEXT('2D SPACE',''
  ) );
#2138 = PCURVE('',#2089,#2139);
#2139 = DEFINITIONAL_REPRESENTATION('',(#2140),#2143);
#2140 = B_SPLINE_CURVE_WITH_KNOTS('',1,(#2141,#2142),.UNSPECIFIED.,.F.,
  .F.,(2,2),(-6.000000000173E-07,2.7000006),.PIECEWISE_BEZIER_KNOTS.);
#2141 = CARTESIAN_POINT('',(3.211825817771,-6.000000000173E-07));
#2142 = CARTESIAN_POINT('',(3.211825817771,2.7000006));
#2143 = ( GEOMETRIC_REPRESENTATION_CONTEXT(2)
PARAMETRIC_REPRESENTATION_CONTEXT() REPRESENTATION_CONTEXT('2D SPACE',''
  ) );
#2144 = ADVANCED_FACE('',(#2145),#637,.T.);
#2145 = FACE_BOUND('',#2146,.T.);
#2146 = EDGE_LOOP('',(#2147,#2197,#2198));
#2147 = ORIENTED_EDGE('',*,*,#2148,.T.);
#2148 = EDGE_CURVE('',#2149,#600,#2151,.T.);
#2149 = VERTEX_POINT('',#2150);
#2150 = CARTESIAN_POINT('',(-11.8,14.392924528302,8.710846812316E-03));
#2151 = SURFACE_CURVE('',#2152,(#2165,#2181),.PCURVE_S1.);
#2152 = B_SPLINE_CURVE_WITH_KNOTS('',6,(#2153,#2154,#2155,#2156,#2157,
    #2158,#2159,#2160,#2161,#2162,#2163,#2164),.UNSPECIFIED.,.F.,.F.,(7,
    5,7),(0.,0.525831074836,1.),.UNSPECIFIED.);
#2153 = CARTESIAN_POINT('',(-11.8,14.392924528302,8.710846812316E-03));
#2154 = CARTESIAN_POINT('',(-11.84816469793,14.451085672973,
    1.97116940709E-02));
#2155 = CARTESIAN_POINT('',(-11.89624207011,14.506771206837,
    3.900557925187E-02));
#2156 = CARTESIAN_POINT('',(-11.94297952451,14.55872468539,
    6.642066581803E-02));
#2157 = CARTESIAN_POINT('',(-11.98695303863,14.605817126823,
    0.101534703781));
#2158 = CARTESIAN_POINT('',(-12.02661308702,14.647057827517,
    0.143584015406));
#2159 = CARTESIAN_POINT('',(-12.09125055044,14.712849197403,
    0.234541255829));
#2160 = CARTESIAN_POINT('',(-12.11729343409,14.738647818782,
    0.282378068466));
#2161 = CARTESIAN_POINT('',(-12.13771573535,14.758444507067,
    0.334053622457));
#2162 = CARTESIAN_POINT('',(-12.15165535456,14.771808316407,
    0.388450453195));
#2163 = CARTESIAN_POINT('',(-12.15862138583,14.778487989169,
    0.444231027234));
#2164 = CARTESIAN_POINT('',(-12.15862138583,14.778487989169,0.5));
#2165 = PCURVE('',#637,#2166);
#2166 = DEFINITIONAL_REPRESENTATION('',(#2167),#2180);
#2167 = B_SPLINE_CURVE_WITH_KNOTS('',6,(#2168,#2169,#2170,#2171,#2172,
    #2173,#2174,#2175,#2176,#2177,#2178,#2179),.UNSPECIFIED.,.F.,.F.,(7,
    5,7),(0.,0.525831074836,1.),.UNSPECIFIED.);
#2168 = CARTESIAN_POINT('',(1.570796326795,1.383860424082));
#2169 = CARTESIAN_POINT('',(1.552220892992,1.265475671858));
#2170 = CARTESIAN_POINT('',(1.534679132122,1.14676380531));
#2171 = CARTESIAN_POINT('',(1.518492973824,1.027497028836));
#2172 = CARTESIAN_POINT('',(1.503927227626,0.907515262195));
#2173 = CARTESIAN_POINT('',(1.491229127997,0.786720564978));
#2174 = CARTESIAN_POINT('',(1.471028375053,0.555519989013));
#2175 = CARTESIAN_POINT('',(1.463135968828,0.445238174081));
#2176 = CARTESIAN_POINT('',(1.457088875595,0.334391178529));
#2177 = CARTESIAN_POINT('',(1.453008600261,0.223098904838));
#2178 = CARTESIAN_POINT('',(1.450969314366,0.111537945532));
#2179 = CARTESIAN_POINT('',(1.450969314366,0.));
#2180 = ( GEOMETRIC_REPRESENTATION_CONTEXT(2)
PARAMETRIC_REPRESENTATION_CONTEXT() REPRESENTATION_CONTEXT('2D SPACE',''
  ) );
#2181 = PCURVE('',#842,#2182);
#2182 = DEFINITIONAL_REPRESENTATION('',(#2183),#2196);
#2183 = B_SPLINE_CURVE_WITH_KNOTS('',6,(#2184,#2185,#2186,#2187,#2188,
    #2189,#2190,#2191,#2192,#2193,#2194,#2195),.UNSPECIFIED.,.F.,.F.,(7,
    5,7),(0.,0.525831074836,1.),.UNSPECIFIED.);
#2184 = CARTESIAN_POINT('',(-6.09570222576,1.757732245652));
#2185 = CARTESIAN_POINT('',(-6.110489938955,1.876116997876));
#2186 = CARTESIAN_POINT('',(-6.125169743399,1.994828787559));
#2187 = CARTESIAN_POINT('',(-6.139402105727,2.114095686146));
#2188 = CARTESIAN_POINT('',(-6.152800329689,2.234077367602));
#2189 = CARTESIAN_POINT('',(-6.164907131874,2.354872088612));
#2190 = CARTESIAN_POINT('',(-6.184676246996,2.586072664577));
#2191 = CARTESIAN_POINT('',(-6.192660082594,2.696354479509));
#2192 = CARTESIAN_POINT('',(-6.198941006073,2.807201475061));
#2193 = CARTESIAN_POINT('',(-6.203236902412,2.918493748752));
#2194 = CARTESIAN_POINT('',(-6.205383321524,3.030054708058));
#2195 = CARTESIAN_POINT('',(-6.205383321524,3.14159265359));
#2196 = ( GEOMETRIC_REPRESENTATION_CONTEXT(2)
PARAMETRIC_REPRESENTATION_CONTEXT() REPRESENTATION_CONTEXT('2D SPACE',''
  ) );
#2197 = ORIENTED_EDGE('',*,*,#620,.T.);
#2198 = ORIENTED_EDGE('',*,*,#2199,.T.);
#2199 = EDGE_CURVE('',#621,#2149,#2200,.T.);
#2200 = SURFACE_CURVE('',#2201,(#2206,#2212),.PCURVE_S1.);
#2201 = CIRCLE('',#2202,0.5);
#2202 = AXIS2_PLACEMENT_3D('',#2203,#2204,#2205);
#2203 = CARTESIAN_POINT('',(-11.8,14.3,0.5));
#2204 = DIRECTION('',(-1.,-6.123233995737E-17,0.));
#2205 = DIRECTION('',(-6.123233995737E-17,1.,0.));
#2206 = PCURVE('',#637,#2207);
#2207 = DEFINITIONAL_REPRESENTATION('',(#2208),#2211);
#2208 = B_SPLINE_CURVE_WITH_KNOTS('',1,(#2209,#2210),.UNSPECIFIED.,.F.,
  .F.,(2,2),(0.,1.570796326795),.PIECEWISE_BEZIER_KNOTS.);
#2209 = CARTESIAN_POINT('',(1.570796326795,0.));
#2210 = CARTESIAN_POINT('',(1.570796326795,1.570796326795));
#2211 = ( GEOMETRIC_REPRESENTATION_CONTEXT(2)
PARAMETRIC_REPRESENTATION_CONTEXT() REPRESENTATION_CONTEXT('2D SPACE',''
  ) );
#2212 = PCURVE('',#1982,#2213);
#2213 = DEFINITIONAL_REPRESENTATION('',(#2214),#2217);
#2214 = B_SPLINE_CURVE_WITH_KNOTS('',1,(#2215,#2216),.UNSPECIFIED.,.F.,
  .F.,(2,2),(0.,1.570796326795),.PIECEWISE_BEZIER_KNOTS.);
#2215 = CARTESIAN_POINT('',(0.,0.));
#2216 = CARTESIAN_POINT('',(-1.570796326795,0.));
#2217 = ( GEOMETRIC_REPRESENTATION_CONTEXT(2)
PARAMETRIC_REPRESENTATION_CONTEXT() REPRESENTATION_CONTEXT('2D SPACE',''
  ) );
#2218 = ADVANCED_FACE('',(#2219),#559,.F.);
#2219 = FACE_BOUND('',#2220,.F.);
#2220 = EDGE_LOOP('',(#2221,#2222,#2244,#2245));
#2221 = ORIENTED_EDGE('',*,*,#544,.F.);
#2222 = ORIENTED_EDGE('',*,*,#2223,.T.);
#2223 = EDGE_CURVE('',#516,#600,#2224,.T.);
#2224 = SURFACE_CURVE('',#2225,(#2230,#2237),.PCURVE_S1.);
#2225 = CIRCLE('',#2226,2.85);
#2226 = AXIS2_PLACEMENT_3D('',#2227,#2228,#2229);
#2227 = CARTESIAN_POINT('',(-15.,15.,0.5));
#2228 = DIRECTION('',(0.,0.,1.));
#2229 = DIRECTION('',(1.,0.,-0.));
#2230 = PCURVE('',#559,#2231);
#2231 = DEFINITIONAL_REPRESENTATION('',(#2232),#2236);
#2232 = LINE('',#2233,#2234);
#2233 = CARTESIAN_POINT('',(0.,0.));
#2234 = VECTOR('',#2235,1.);
#2235 = DIRECTION('',(1.,0.));
#2236 = ( GEOMETRIC_REPRESENTATION_CONTEXT(2)
PARAMETRIC_REPRESENTATION_CONTEXT() REPRESENTATION_CONTEXT('2D SPACE',''
  ) );
#2237 = PCURVE('',#842,#2238);
#2238 = DEFINITIONAL_REPRESENTATION('',(#2239),#2243);
#2239 = LINE('',#2240,#2241);
#2240 = CARTESIAN_POINT('',(-0.,3.14159265359));
#2241 = VECTOR('',#2242,1.);
#2242 = DIRECTION('',(-1.,0.));
#2243 = ( GEOMETRIC_REPRESENTATION_CONTEXT(2)
PARAMETRIC_REPRESENTATION_CONTEXT() REPRESENTATION_CONTEXT('2D SPACE',''
  ) );
#2244 = ORIENTED_EDGE('',*,*,#599,.T.);
#2245 = ORIENTED_EDGE('',*,*,#2246,.F.);
#2246 = EDGE_CURVE('',#545,#571,#2247,.T.);
#2247 = SURFACE_CURVE('',#2248,(#2253,#2260),.PCURVE_S1.);
#2248 = CIRCLE('',#2249,2.85);
#2249 = AXIS2_PLACEMENT_3D('',#2250,#2251,#2252);
#2250 = CARTESIAN_POINT('',(-15.,15.,3.2));
#2251 = DIRECTION('',(0.,0.,1.));
#2252 = DIRECTION('',(1.,0.,-0.));
#2253 = PCURVE('',#559,#2254);
#2254 = DEFINITIONAL_REPRESENTATION('',(#2255),#2259);
#2255 = LINE('',#2256,#2257);
#2256 = CARTESIAN_POINT('',(0.,2.7));
#2257 = VECTOR('',#2258,1.);
#2258 = DIRECTION('',(1.,0.));
#2259 = ( GEOMETRIC_REPRESENTATION_CONTEXT(2)
PARAMETRIC_REPRESENTATION_CONTEXT() REPRESENTATION_CONTEXT('2D SPACE',''
  ) );
#2260 = PCURVE('',#587,#2261);
#2261 = DEFINITIONAL_REPRESENTATION('',(#2262),#2266);
#2262 = CIRCLE('',#2263,2.85);
#2263 = AXIS2_PLACEMENT_2D('',#2264,#2265);
#2264 = CARTESIAN_POINT('',(0.,0.));
#2265 = DIRECTION('',(1.,0.));
#2266 = ( GEOMETRIC_REPRESENTATION_CONTEXT(2)
PARAMETRIC_REPRESENTATION_CONTEXT() REPRESENTATION_CONTEXT('2D SPACE',''
  ) );
#2267 = ADVANCED_FACE('',(#2268),#587,.F.);
#2268 = FACE_BOUND('',#2269,.F.);
#2269 = EDGE_LOOP('',(#2270,#2271));
#2270 = ORIENTED_EDGE('',*,*,#570,.T.);
#2271 = ORIENTED_EDGE('',*,*,#2246,.T.);
#2272 = ADVANCED_FACE('',(#2273),#532,.T.);
#2273 = FACE_BOUND('',#2274,.T.);
#2274 = EDGE_LOOP('',(#2275,#2276,#2277));
#2275 = ORIENTED_EDGE('',*,*,#859,.F.);
#2276 = ORIENTED_EDGE('',*,*,#515,.T.);
#2277 = ORIENTED_EDGE('',*,*,#2278,.T.);
#2278 = EDGE_CURVE('',#516,#817,#2279,.T.);
#2279 = SURFACE_CURVE('',#2280,(#2298,#2319),.PCURVE_S1.);
#2280 = B_SPLINE_CURVE_WITH_KNOTS('',6,(#2281,#2282,#2283,#2284,#2285,
    #2286,#2287,#2288,#2289,#2290,#2291,#2292,#2293,#2294,#2295,#2296,
    #2297),.UNSPECIFIED.,.F.,.F.,(7,5,5,7),(0.,0.473704169814,
    0.950941384064,1.),.UNSPECIFIED.);
#2281 = CARTESIAN_POINT('',(-14.77848798916,12.158621385831,0.5));
#2282 = CARTESIAN_POINT('',(-14.77848798916,12.158621385831,
    0.44428602132));
#2283 = CARTESIAN_POINT('',(-14.77182148421,12.151669084717,
    0.388560486639));
#2284 = CARTESIAN_POINT('',(-14.75848403033,12.13775696713,0.3342145713)
  );
#2285 = CARTESIAN_POINT('',(-14.73872587444,12.117373951294,
    0.282581916985));
#2286 = CARTESIAN_POINT('',(-14.7129763328,12.091378896658,0.23477715506
    ));
#2287 = CARTESIAN_POINT('',(-14.65046643231,12.029958462855,
    0.148236221074));
#2288 = CARTESIAN_POINT('',(-14.61361837246,11.994457734361,
    0.109560696884));
#2289 = CARTESIAN_POINT('',(-14.57188648444,11.955295648853,
    7.650732483811E-02));
#2290 = CARTESIAN_POINT('',(-14.52599865848,11.913618808164,
    4.967587530209E-02));
#2291 = CARTESIAN_POINT('',(-14.47677905096,11.870506763385,
    2.942864158973E-02));
#2292 = CARTESIAN_POINT('',(-14.41983047459,11.822450507615,
    1.456300346557E-02));
#2293 = CARTESIAN_POINT('',(-14.41449644218,11.817966039352,
    1.324881572799E-02));
#2294 = CARTESIAN_POINT('',(-14.40913782283,11.813477716016,
    1.200633732848E-02));
#2295 = CARTESIAN_POINT('',(-14.40375561866,11.808986581189,
    1.083574685286E-02));
#2296 = CARTESIAN_POINT('',(-14.39835084459,11.804493668176,
    9.737203446102E-03));
#2297 = CARTESIAN_POINT('',(-14.3929245283,11.8,8.710846812316E-03));
#2298 = PCURVE('',#532,#2299);
#2299 = DEFINITIONAL_REPRESENTATION('',(#2300),#2318);
#2300 = B_SPLINE_CURVE_WITH_KNOTS('',6,(#2301,#2302,#2303,#2304,#2305,
    #2306,#2307,#2308,#2309,#2310,#2311,#2312,#2313,#2314,#2315,#2316,
    #2317),.UNSPECIFIED.,.F.,.F.,(7,5,5,7),(0.,0.473704169814,
    0.950941384064,1.),.UNSPECIFIED.);
#2301 = CARTESIAN_POINT('',(0.119827012428,0.));
#2302 = CARTESIAN_POINT('',(0.119827012428,0.11142795736));
#2303 = CARTESIAN_POINT('',(0.117791746372,0.222878839508));
#2304 = CARTESIAN_POINT('',(0.1137195192,0.334061893143));
#2305 = CARTESIAN_POINT('',(0.107684200197,0.44480093397));
#2306 = CARTESIAN_POINT('',(9.980684559912E-02,0.554976241541));
#2307 = CARTESIAN_POINT('',(8.061392800568E-02,0.774839348407));
#2308 = CARTESIAN_POINT('',(6.927105799736E-02,0.88454136371));
#2309 = CARTESIAN_POINT('',(5.637305346244E-02,0.993576143177));
#2310 = CARTESIAN_POINT('',(4.210242149655E-02,1.102006480717));
#2311 = CARTESIAN_POINT('',(2.665441304291E-02,1.209942721291));
#2312 = CARTESIAN_POINT('',(8.57268364814E-03,1.328604815488));
#2313 = CARTESIAN_POINT('',(6.877177288623E-03,1.339662343855));
#2314 = CARTESIAN_POINT('',(5.171899754918E-03,1.350716497737));
#2315 = CARTESIAN_POINT('',(3.45710453756E-03,1.36176744891));
#2316 = CARTESIAN_POINT('',(1.733050124278E-03,1.372815367921));
#2317 = CARTESIAN_POINT('',(0.,1.383860424082));
#2318 = ( GEOMETRIC_REPRESENTATION_CONTEXT(2)
PARAMETRIC_REPRESENTATION_CONTEXT() REPRESENTATION_CONTEXT('2D SPACE',''
  ) );
#2319 = PCURVE('',#842,#2320);
#2320 = DEFINITIONAL_REPRESENTATION('',(#2321),#2339);
#2321 = B_SPLINE_CURVE_WITH_KNOTS('',6,(#2322,#2323,#2324,#2325,#2326,
    #2327,#2328,#2329,#2330,#2331,#2332,#2333,#2334,#2335,#2336,#2337,
    #2338),.UNSPECIFIED.,.F.,.F.,(7,5,5,7),(0.,0.473704169814,
    0.950941384064,1.),.UNSPECIFIED.);
#2322 = CARTESIAN_POINT('',(-4.790190965267,3.14159265359));
#2323 = CARTESIAN_POINT('',(-4.790190965267,3.03016469623));
#2324 = CARTESIAN_POINT('',(-4.792333158002,2.918713814082));
#2325 = CARTESIAN_POINT('',(-4.796620570503,2.807530760447));
#2326 = CARTESIAN_POINT('',(-4.802889443998,2.69679171962));
#2327 = CARTESIAN_POINT('',(-4.810858693487,2.586616412049));
#2328 = CARTESIAN_POINT('',(-4.829644078625,2.366753305183));
#2329 = CARTESIAN_POINT('',(-4.840482919541,2.25705128988));
#2330 = CARTESIAN_POINT('',(-4.852419075618,2.148016510413));
#2331 = CARTESIAN_POINT('',(-4.865112497975,2.039586172873));
#2332 = CARTESIAN_POINT('',(-4.878265410626,1.931649932299));
#2333 = CARTESIAN_POINT('',(-4.892985915371,1.812987838102));
#2334 = CARTESIAN_POINT('',(-4.894360151693,1.801930301857));
#2335 = CARTESIAN_POINT('',(-4.895736166006,1.790876147189));
#2336 = CARTESIAN_POINT('',(-4.897113674679,1.779825206257));
#2337 = CARTESIAN_POINT('',(-4.898492398335,1.768777301426));
#2338 = CARTESIAN_POINT('',(-4.899872061844,1.757732245266));
#2339 = ( GEOMETRIC_REPRESENTATION_CONTEXT(2)
PARAMETRIC_REPRESENTATION_CONTEXT() REPRESENTATION_CONTEXT('2D SPACE',''
  ) );
#2340 = ADVANCED_FACE('',(#2341),#842,.T.);
#2341 = FACE_BOUND('',#2342,.F.);
#2342 = EDGE_LOOP('',(#2343,#2344,#2368,#2404,#2405,#2406));
#2343 = ORIENTED_EDGE('',*,*,#816,.T.);
#2344 = ORIENTED_EDGE('',*,*,#2345,.T.);
#2345 = EDGE_CURVE('',#789,#2346,#2348,.T.);
#2346 = VERTEX_POINT('',#2347);
#2347 = CARTESIAN_POINT('',(-11.72395054982,14.3,-5.551115123126E-17));
#2348 = SURFACE_CURVE('',#2349,(#2354,#2361),.PCURVE_S1.);
#2349 = CIRCLE('',#2350,3.35);
#2350 = AXIS2_PLACEMENT_3D('',#2351,#2352,#2353);
#2351 = CARTESIAN_POINT('',(-15.,15.,0.));
#2352 = DIRECTION('',(0.,0.,1.));
#2353 = DIRECTION('',(1.,0.,-0.));
#2354 = PCURVE('',#842,#2355);
#2355 = DEFINITIONAL_REPRESENTATION('',(#2356),#2360);
#2356 = LINE('',#2357,#2358);
#2357 = CARTESIAN_POINT('',(-0.,1.570796326795));
#2358 = VECTOR('',#2359,1.);
#2359 = DIRECTION('',(-1.,0.));
#2360 = ( GEOMETRIC_REPRESENTATION_CONTEXT(2)
PARAMETRIC_REPRESENTATION_CONTEXT() REPRESENTATION_CONTEXT('2D SPACE',''
  ) );
#2361 = PCURVE('',#804,#2362);
#2362 = DEFINITIONAL_REPRESENTATION('',(#2363),#2367);
#2363 = CIRCLE('',#2364,3.35);
#2364 = AXIS2_PLACEMENT_2D('',#2365,#2366);
#2365 = CARTESIAN_POINT('',(-0.2,29.8));
#2366 = DIRECTION('',(1.,0.));
#2367 = ( GEOMETRIC_REPRESENTATION_CONTEXT(2)
PARAMETRIC_REPRESENTATION_CONTEXT() REPRESENTATION_CONTEXT('2D SPACE',''
  ) );
#2368 = ORIENTED_EDGE('',*,*,#2369,.F.);
#2369 = EDGE_CURVE('',#2149,#2346,#2370,.T.);
#2370 = SURFACE_CURVE('',#2371,(#2380,#2392),.PCURVE_S1.);
#2371 = B_SPLINE_CURVE_WITH_KNOTS('',4,(#2372,#2373,#2374,#2375,#2376,
    #2377,#2378,#2379),.UNSPECIFIED.,.F.,.F.,(5,3,5),(0.,0.291122679423,
    1.),.UNSPECIFIED.);
#2372 = CARTESIAN_POINT('',(-11.8000006,14.39292525283,
    8.710983853233E-03));
#2373 = CARTESIAN_POINT('',(-11.79446575558,14.38624166846,
    7.446811826444E-03));
#2374 = CARTESIAN_POINT('',(-11.78892543279,14.379536054857,
    6.304043421787E-03));
#2375 = CARTESIAN_POINT('',(-11.78338204177,14.372811254255,
    5.283140428647E-03));
#2376 = CARTESIAN_POINT('',(-11.7643382819,14.349655752393,
    2.196296412388E-03));
#2377 = CARTESIAN_POINT('',(-11.75083455759,14.333144731116,
    7.329452344338E-04));
#2378 = CARTESIAN_POINT('',(-11.73736102775,14.316578652942,
    -2.48834685127E-09));
#2379 = CARTESIAN_POINT('',(-11.72395055173,14.299999991043,0.));
#2380 = PCURVE('',#842,#2381);
#2381 = DEFINITIONAL_REPRESENTATION('',(#2382),#2391);
#2382 = B_SPLINE_CURVE_WITH_KNOTS('',4,(#2383,#2384,#2385,#2386,#2387,
    #2388,#2389,#2390),.UNSPECIFIED.,.F.,.F.,(5,3,5),(0.,0.291122679423,
    1.),.UNSPECIFIED.);
#2383 = CARTESIAN_POINT('',(-6.095702413673,1.75773372188));
#2384 = CARTESIAN_POINT('',(-6.094003083811,1.744129541418));
#2385 = CARTESIAN_POINT('',(-6.092306709276,1.730527156391));
#2386 = CARTESIAN_POINT('',(-6.090614059517,1.716925711392));
#2387 = CARTESIAN_POINT('',(-6.084814983162,1.670205014802));
#2388 = CARTESIAN_POINT('',(-6.080730315955,1.637085815809));
#2389 = CARTESIAN_POINT('',(-6.076681962897,1.603953602271));
#2390 = CARTESIAN_POINT('',(-6.072678826802,1.570796326795));
#2391 = ( GEOMETRIC_REPRESENTATION_CONTEXT(2)
PARAMETRIC_REPRESENTATION_CONTEXT() REPRESENTATION_CONTEXT('2D SPACE',''
  ) );
#2392 = PCURVE('',#1982,#2393);
#2393 = DEFINITIONAL_REPRESENTATION('',(#2394),#2403);
#2394 = B_SPLINE_CURVE_WITH_KNOTS('',4,(#2395,#2396,#2397,#2398,#2399,
    #2400,#2401,#2402),.UNSPECIFIED.,.F.,.F.,(5,3,5),(0.,0.291122679423,
    1.),.UNSPECIFIED.);
#2395 = CARTESIAN_POINT('',(-1.383858949333,-6.E-07));
#2396 = CARTESIAN_POINT('',(-1.397463129713,5.534244417586E-03));
#2397 = CARTESIAN_POINT('',(-1.411065475237,1.107456720108E-02));
#2398 = CARTESIAN_POINT('',(-1.424666942198,1.661795822362E-02));
#2399 = CARTESIAN_POINT('',(-1.471387638788,3.566171809343E-02));
#2400 = CARTESIAN_POINT('',(-1.504506852605,4.916544240272E-02));
#2401 = CARTESIAN_POINT('',(-1.537639024575,6.263897224108E-02));
#2402 = CARTESIAN_POINT('',(-1.570796344709,7.604944826234E-02));
#2403 = ( GEOMETRIC_REPRESENTATION_CONTEXT(2)
PARAMETRIC_REPRESENTATION_CONTEXT() REPRESENTATION_CONTEXT('2D SPACE',''
  ) );
#2404 = ORIENTED_EDGE('',*,*,#2148,.T.);
#2405 = ORIENTED_EDGE('',*,*,#2223,.F.);
#2406 = ORIENTED_EDGE('',*,*,#2278,.T.);
#2407 = ADVANCED_FACE('',(#2408,#2750),#804,.F.);
#2408 = FACE_BOUND('',#2409,.F.);
#2409 = EDGE_LOOP('',(#2410,#2411,#2435,#2458,#2487,#2510,#2539,#2567,
    #2596,#2624,#2653,#2676,#2705,#2726,#2727,#2728));
#2410 = ORIENTED_EDGE('',*,*,#1002,.F.);
#2411 = ORIENTED_EDGE('',*,*,#2412,.F.);
#2412 = EDGE_CURVE('',#2413,#960,#2415,.T.);
#2413 = VERTEX_POINT('',#2414);
#2414 = CARTESIAN_POINT('',(-11.72395054982,-14.3,-5.551115123126E-17));
#2415 = SURFACE_CURVE('',#2416,(#2421,#2428),.PCURVE_S1.);
#2416 = CIRCLE('',#2417,3.35);
#2417 = AXIS2_PLACEMENT_3D('',#2418,#2419,#2420);
#2418 = CARTESIAN_POINT('',(-15.,-15.,0.));
#2419 = DIRECTION('',(0.,0.,1.));
#2420 = DIRECTION('',(1.,0.,-0.));
#2421 = PCURVE('',#804,#2422);
#2422 = DEFINITIONAL_REPRESENTATION('',(#2423),#2427);
#2423 = CIRCLE('',#2424,3.35);
#2424 = AXIS2_PLACEMENT_2D('',#2425,#2426);
#2425 = CARTESIAN_POINT('',(-0.2,-0.2));
#2426 = DIRECTION('',(1.,0.));
#2427 = ( GEOMETRIC_REPRESENTATION_CONTEXT(2)
PARAMETRIC_REPRESENTATION_CONTEXT() REPRESENTATION_CONTEXT('2D SPACE',''
  ) );
#2428 = PCURVE('',#985,#2429);
#2429 = DEFINITIONAL_REPRESENTATION('',(#2430),#2434);
#2430 = LINE('',#2431,#2432);
#2431 = CARTESIAN_POINT('',(-0.,1.570796326795));
#2432 = VECTOR('',#2433,1.);
#2433 = DIRECTION('',(-1.,0.));
#2434 = ( GEOMETRIC_REPRESENTATION_CONTEXT(2)
PARAMETRIC_REPRESENTATION_CONTEXT() REPRESENTATION_CONTEXT('2D SPACE',''
  ) );
#2435 = ORIENTED_EDGE('',*,*,#2436,.F.);
#2436 = EDGE_CURVE('',#2437,#2413,#2439,.T.);
#2437 = VERTEX_POINT('',#2438);
#2438 = CARTESIAN_POINT('',(-3.276049450176,-14.3,-5.551115123126E-17));
#2439 = SURFACE_CURVE('',#2440,(#2444,#2451),.PCURVE_S1.);
#2440 = LINE('',#2441,#2442);
#2441 = CARTESIAN_POINT('',(11.8,-14.3,-1.110223024625E-16));
#2442 = VECTOR('',#2443,1.);
#2443 = DIRECTION('',(-1.,-0.,-0.));
#2444 = PCURVE('',#804,#2445);
#2445 = DEFINITIONAL_REPRESENTATION('',(#2446),#2450);
#2446 = LINE('',#2447,#2448);
#2447 = CARTESIAN_POINT('',(26.6,0.5));
#2448 = VECTOR('',#2449,1.);
#2449 = DIRECTION('',(-1.,-0.));
#2450 = ( GEOMETRIC_REPRESENTATION_CONTEXT(2)
PARAMETRIC_REPRESENTATION_CONTEXT() REPRESENTATION_CONTEXT('2D SPACE',''
  ) );
#2451 = PCURVE('',#1180,#2452);
#2452 = DEFINITIONAL_REPRESENTATION('',(#2453),#2457);
#2453 = LINE('',#2454,#2455);
#2454 = CARTESIAN_POINT('',(-1.570796326795,0.));
#2455 = VECTOR('',#2456,1.);
#2456 = DIRECTION('',(-0.,1.));
#2457 = ( GEOMETRIC_REPRESENTATION_CONTEXT(2)
PARAMETRIC_REPRESENTATION_CONTEXT() REPRESENTATION_CONTEXT('2D SPACE',''
  ) );
#2458 = ORIENTED_EDGE('',*,*,#2459,.F.);
#2459 = EDGE_CURVE('',#2460,#2437,#2462,.T.);
#2460 = VERTEX_POINT('',#2461);
#2461 = CARTESIAN_POINT('',(3.276049450176,-14.3,-5.551115123126E-17));
#2462 = SURFACE_CURVE('',#2463,(#2468,#2475),.PCURVE_S1.);
#2463 = CIRCLE('',#2464,3.35);
#2464 = AXIS2_PLACEMENT_3D('',#2465,#2466,#2467);
#2465 = CARTESIAN_POINT('',(0.,-15.,0.));
#2466 = DIRECTION('',(0.,0.,1.));
#2467 = DIRECTION('',(1.,0.,-0.));
#2468 = PCURVE('',#804,#2469);
#2469 = DEFINITIONAL_REPRESENTATION('',(#2470),#2474);
#2470 = CIRCLE('',#2471,3.35);
#2471 = AXIS2_PLACEMENT_2D('',#2472,#2473);
#2472 = CARTESIAN_POINT('',(14.8,-0.2));
#2473 = DIRECTION('',(1.,0.));
#2474 = ( GEOMETRIC_REPRESENTATION_CONTEXT(2)
PARAMETRIC_REPRESENTATION_CONTEXT() REPRESENTATION_CONTEXT('2D SPACE',''
  ) );
#2475 = PCURVE('',#2476,#2481);
#2476 = TOROIDAL_SURFACE('',#2477,3.35,0.5);
#2477 = AXIS2_PLACEMENT_3D('',#2478,#2479,#2480);
#2478 = CARTESIAN_POINT('',(0.,-15.,0.5));
#2479 = DIRECTION('',(-0.,-0.,-1.));
#2480 = DIRECTION('',(1.,0.,-0.));
#2481 = DEFINITIONAL_REPRESENTATION('',(#2482),#2486);
#2482 = LINE('',#2483,#2484);
#2483 = CARTESIAN_POINT('',(-0.,1.570796326795));
#2484 = VECTOR('',#2485,1.);
#2485 = DIRECTION('',(-1.,0.));
#2486 = ( GEOMETRIC_REPRESENTATION_CONTEXT(2)
PARAMETRIC_REPRESENTATION_CONTEXT() REPRESENTATION_CONTEXT('2D SPACE',''
  ) );
#2487 = ORIENTED_EDGE('',*,*,#2488,.F.);
#2488 = EDGE_CURVE('',#2489,#2460,#2491,.T.);
#2489 = VERTEX_POINT('',#2490);
#2490 = CARTESIAN_POINT('',(11.723950549824,-14.3,-5.551115123126E-17));
#2491 = SURFACE_CURVE('',#2492,(#2496,#2503),.PCURVE_S1.);
#2492 = LINE('',#2493,#2494);
#2493 = CARTESIAN_POINT('',(11.8,-14.3,-1.110223024625E-16));
#2494 = VECTOR('',#2495,1.);
#2495 = DIRECTION('',(-1.,-0.,-0.));
#2496 = PCURVE('',#804,#2497);
#2497 = DEFINITIONAL_REPRESENTATION('',(#2498),#2502);
#2498 = LINE('',#2499,#2500);
#2499 = CARTESIAN_POINT('',(26.6,0.5));
#2500 = VECTOR('',#2501,1.);
#2501 = DIRECTION('',(-1.,-0.));
#2502 = ( GEOMETRIC_REPRESENTATION_CONTEXT(2)
PARAMETRIC_REPRESENTATION_CONTEXT() REPRESENTATION_CONTEXT('2D SPACE',''
  ) );
#2503 = PCURVE('',#1260,#2504);
#2504 = DEFINITIONAL_REPRESENTATION('',(#2505),#2509);
#2505 = LINE('',#2506,#2507);
#2506 = CARTESIAN_POINT('',(-1.570796326795,0.));
#2507 = VECTOR('',#2508,1.);
#2508 = DIRECTION('',(-0.,1.));
#2509 = ( GEOMETRIC_REPRESENTATION_CONTEXT(2)
PARAMETRIC_REPRESENTATION_CONTEXT() REPRESENTATION_CONTEXT('2D SPACE',''
  ) );
#2510 = ORIENTED_EDGE('',*,*,#2511,.F.);
#2511 = EDGE_CURVE('',#2512,#2489,#2514,.T.);
#2512 = VERTEX_POINT('',#2513);
#2513 = CARTESIAN_POINT('',(14.3,-11.72395054982,-5.551115123126E-17));
#2514 = SURFACE_CURVE('',#2515,(#2520,#2527),.PCURVE_S1.);
#2515 = CIRCLE('',#2516,3.35);
#2516 = AXIS2_PLACEMENT_3D('',#2517,#2518,#2519);
#2517 = CARTESIAN_POINT('',(15.,-15.,0.));
#2518 = DIRECTION('',(0.,0.,1.));
#2519 = DIRECTION('',(1.,0.,-0.));
#2520 = PCURVE('',#804,#2521);
#2521 = DEFINITIONAL_REPRESENTATION('',(#2522),#2526);
#2522 = CIRCLE('',#2523,3.35);
#2523 = AXIS2_PLACEMENT_2D('',#2524,#2525);
#2524 = CARTESIAN_POINT('',(29.8,-0.2));
#2525 = DIRECTION('',(1.,0.));
#2526 = ( GEOMETRIC_REPRESENTATION_CONTEXT(2)
PARAMETRIC_REPRESENTATION_CONTEXT() REPRESENTATION_CONTEXT('2D SPACE',''
  ) );
#2527 = PCURVE('',#2528,#2533);
#2528 = TOROIDAL_SURFACE('',#2529,3.35,0.5);
#2529 = AXIS2_PLACEMENT_3D('',#2530,#2531,#2532);
#2530 = CARTESIAN_POINT('',(15.,-15.,0.5));
#2531 = DIRECTION('',(-0.,-0.,-1.));
#2532 = DIRECTION('',(1.,0.,-0.));
#2533 = DEFINITIONAL_REPRESENTATION('',(#2534),#2538);
#2534 = LINE('',#2535,#2536);
#2535 = CARTESIAN_POINT('',(-0.,1.570796326795));
#2536 = VECTOR('',#2537,1.);
#2537 = DIRECTION('',(-1.,0.));
#2538 = ( GEOMETRIC_REPRESENTATION_CONTEXT(2)
PARAMETRIC_REPRESENTATION_CONTEXT() REPRESENTATION_CONTEXT('2D SPACE',''
  ) );
#2539 = ORIENTED_EDGE('',*,*,#2540,.F.);
#2540 = EDGE_CURVE('',#2541,#2512,#2543,.T.);
#2541 = VERTEX_POINT('',#2542);
#2542 = CARTESIAN_POINT('',(14.3,-3.276049450176,-5.551115123126E-17));
#2543 = SURFACE_CURVE('',#2544,(#2548,#2555),.PCURVE_S1.);
#2544 = LINE('',#2545,#2546);
#2545 = CARTESIAN_POINT('',(14.3,11.8,-1.110223024625E-16));
#2546 = VECTOR('',#2547,1.);
#2547 = DIRECTION('',(-0.,-1.,-0.));
#2548 = PCURVE('',#804,#2549);
#2549 = DEFINITIONAL_REPRESENTATION('',(#2550),#2554);
#2550 = LINE('',#2551,#2552);
#2551 = CARTESIAN_POINT('',(29.1,26.6));
#2552 = VECTOR('',#2553,1.);
#2553 = DIRECTION('',(-0.,-1.));
#2554 = ( GEOMETRIC_REPRESENTATION_CONTEXT(2)
PARAMETRIC_REPRESENTATION_CONTEXT() REPRESENTATION_CONTEXT('2D SPACE',''
  ) );
#2555 = PCURVE('',#2556,#2561);
#2556 = CYLINDRICAL_SURFACE('',#2557,0.5);
#2557 = AXIS2_PLACEMENT_3D('',#2558,#2559,#2560);
#2558 = CARTESIAN_POINT('',(14.3,11.8,0.5));
#2559 = DIRECTION('',(-0.,-1.,-0.));
#2560 = DIRECTION('',(1.,0.,-0.));
#2561 = DEFINITIONAL_REPRESENTATION('',(#2562),#2566);
#2562 = LINE('',#2563,#2564);
#2563 = CARTESIAN_POINT('',(-1.570796326795,0.));
#2564 = VECTOR('',#2565,1.);
#2565 = DIRECTION('',(-0.,1.));
#2566 = ( GEOMETRIC_REPRESENTATION_CONTEXT(2)
PARAMETRIC_REPRESENTATION_CONTEXT() REPRESENTATION_CONTEXT('2D SPACE',''
  ) );
#2567 = ORIENTED_EDGE('',*,*,#2568,.F.);
#2568 = EDGE_CURVE('',#2569,#2541,#2571,.T.);
#2569 = VERTEX_POINT('',#2570);
#2570 = CARTESIAN_POINT('',(14.3,3.276049450176,-5.551115123126E-17));
#2571 = SURFACE_CURVE('',#2572,(#2577,#2584),.PCURVE_S1.);
#2572 = CIRCLE('',#2573,3.35);
#2573 = AXIS2_PLACEMENT_3D('',#2574,#2575,#2576);
#2574 = CARTESIAN_POINT('',(15.,0.,0.));
#2575 = DIRECTION('',(0.,0.,1.));
#2576 = DIRECTION('',(1.,0.,-0.));
#2577 = PCURVE('',#804,#2578);
#2578 = DEFINITIONAL_REPRESENTATION('',(#2579),#2583);
#2579 = CIRCLE('',#2580,3.35);
#2580 = AXIS2_PLACEMENT_2D('',#2581,#2582);
#2581 = CARTESIAN_POINT('',(29.8,14.8));
#2582 = DIRECTION('',(1.,0.));
#2583 = ( GEOMETRIC_REPRESENTATION_CONTEXT(2)
PARAMETRIC_REPRESENTATION_CONTEXT() REPRESENTATION_CONTEXT('2D SPACE',''
  ) );
#2584 = PCURVE('',#2585,#2590);
#2585 = TOROIDAL_SURFACE('',#2586,3.35,0.5);
#2586 = AXIS2_PLACEMENT_3D('',#2587,#2588,#2589);
#2587 = CARTESIAN_POINT('',(15.,0.,0.5));
#2588 = DIRECTION('',(-0.,-0.,-1.));
#2589 = DIRECTION('',(1.,0.,-0.));
#2590 = DEFINITIONAL_REPRESENTATION('',(#2591),#2595);
#2591 = LINE('',#2592,#2593);
#2592 = CARTESIAN_POINT('',(-0.,1.570796326795));
#2593 = VECTOR('',#2594,1.);
#2594 = DIRECTION('',(-1.,0.));
#2595 = ( GEOMETRIC_REPRESENTATION_CONTEXT(2)
PARAMETRIC_REPRESENTATION_CONTEXT() REPRESENTATION_CONTEXT('2D SPACE',''
  ) );
#2596 = ORIENTED_EDGE('',*,*,#2597,.F.);
#2597 = EDGE_CURVE('',#2598,#2569,#2600,.T.);
#2598 = VERTEX_POINT('',#2599);
#2599 = CARTESIAN_POINT('',(14.3,11.723950549824,-5.551115123126E-17));
#2600 = SURFACE_CURVE('',#2601,(#2605,#2612),.PCURVE_S1.);
#2601 = LINE('',#2602,#2603);
#2602 = CARTESIAN_POINT('',(14.3,11.8,-1.110223024625E-16));
#2603 = VECTOR('',#2604,1.);
#2604 = DIRECTION('',(-0.,-1.,-0.));
#2605 = PCURVE('',#804,#2606);
#2606 = DEFINITIONAL_REPRESENTATION('',(#2607),#2611);
#2607 = LINE('',#2608,#2609);
#2608 = CARTESIAN_POINT('',(29.1,26.6));
#2609 = VECTOR('',#2610,1.);
#2610 = DIRECTION('',(-0.,-1.));
#2611 = ( GEOMETRIC_REPRESENTATION_CONTEXT(2)
PARAMETRIC_REPRESENTATION_CONTEXT() REPRESENTATION_CONTEXT('2D SPACE',''
  ) );
#2612 = PCURVE('',#2613,#2618);
#2613 = CYLINDRICAL_SURFACE('',#2614,0.5);
#2614 = AXIS2_PLACEMENT_3D('',#2615,#2616,#2617);
#2615 = CARTESIAN_POINT('',(14.3,11.8,0.5));
#2616 = DIRECTION('',(-0.,-1.,-0.));
#2617 = DIRECTION('',(1.,0.,-0.));
#2618 = DEFINITIONAL_REPRESENTATION('',(#2619),#2623);
#2619 = LINE('',#2620,#2621);
#2620 = CARTESIAN_POINT('',(-1.570796326795,0.));
#2621 = VECTOR('',#2622,1.);
#2622 = DIRECTION('',(-0.,1.));
#2623 = ( GEOMETRIC_REPRESENTATION_CONTEXT(2)
PARAMETRIC_REPRESENTATION_CONTEXT() REPRESENTATION_CONTEXT('2D SPACE',''
  ) );
#2624 = ORIENTED_EDGE('',*,*,#2625,.F.);
#2625 = EDGE_CURVE('',#2626,#2598,#2628,.T.);
#2626 = VERTEX_POINT('',#2627);
#2627 = CARTESIAN_POINT('',(11.723950549824,14.3,-5.551115123126E-17));
#2628 = SURFACE_CURVE('',#2629,(#2634,#2641),.PCURVE_S1.);
#2629 = CIRCLE('',#2630,3.35);
#2630 = AXIS2_PLACEMENT_3D('',#2631,#2632,#2633);
#2631 = CARTESIAN_POINT('',(15.,15.,0.));
#2632 = DIRECTION('',(0.,0.,1.));
#2633 = DIRECTION('',(1.,0.,-0.));
#2634 = PCURVE('',#804,#2635);
#2635 = DEFINITIONAL_REPRESENTATION('',(#2636),#2640);
#2636 = CIRCLE('',#2637,3.35);
#2637 = AXIS2_PLACEMENT_2D('',#2638,#2639);
#2638 = CARTESIAN_POINT('',(29.8,29.8));
#2639 = DIRECTION('',(1.,0.));
#2640 = ( GEOMETRIC_REPRESENTATION_CONTEXT(2)
PARAMETRIC_REPRESENTATION_CONTEXT() REPRESENTATION_CONTEXT('2D SPACE',''
  ) );
#2641 = PCURVE('',#2642,#2647);
#2642 = TOROIDAL_SURFACE('',#2643,3.35,0.5);
#2643 = AXIS2_PLACEMENT_3D('',#2644,#2645,#2646);
#2644 = CARTESIAN_POINT('',(15.,15.,0.5));
#2645 = DIRECTION('',(-0.,-0.,-1.));
#2646 = DIRECTION('',(1.,0.,-0.));
#2647 = DEFINITIONAL_REPRESENTATION('',(#2648),#2652);
#2648 = LINE('',#2649,#2650);
#2649 = CARTESIAN_POINT('',(-0.,1.570796326795));
#2650 = VECTOR('',#2651,1.);
#2651 = DIRECTION('',(-1.,0.));
#2652 = ( GEOMETRIC_REPRESENTATION_CONTEXT(2)
PARAMETRIC_REPRESENTATION_CONTEXT() REPRESENTATION_CONTEXT('2D SPACE',''
  ) );
#2653 = ORIENTED_EDGE('',*,*,#2654,.F.);
#2654 = EDGE_CURVE('',#2655,#2626,#2657,.T.);
#2655 = VERTEX_POINT('',#2656);
#2656 = CARTESIAN_POINT('',(3.276049450176,14.3,-5.551115123126E-17));
#2657 = SURFACE_CURVE('',#2658,(#2662,#2669),.PCURVE_S1.);
#2658 = LINE('',#2659,#2660);
#2659 = CARTESIAN_POINT('',(-11.8,14.3,-1.110223024625E-16));
#2660 = VECTOR('',#2661,1.);
#2661 = DIRECTION('',(1.,0.,0.));
#2662 = PCURVE('',#804,#2663);
#2663 = DEFINITIONAL_REPRESENTATION('',(#2664),#2668);
#2664 = LINE('',#2665,#2666);
#2665 = CARTESIAN_POINT('',(3.,29.1));
#2666 = VECTOR('',#2667,1.);
#2667 = DIRECTION('',(1.,0.));
#2668 = ( GEOMETRIC_REPRESENTATION_CONTEXT(2)
PARAMETRIC_REPRESENTATION_CONTEXT() REPRESENTATION_CONTEXT('2D SPACE',''
  ) );
#2669 = PCURVE('',#2062,#2670);
#2670 = DEFINITIONAL_REPRESENTATION('',(#2671),#2675);
#2671 = LINE('',#2672,#2673);
#2672 = CARTESIAN_POINT('',(-1.570796326795,0.));
#2673 = VECTOR('',#2674,1.);
#2674 = DIRECTION('',(-0.,1.));
#2675 = ( GEOMETRIC_REPRESENTATION_CONTEXT(2)
PARAMETRIC_REPRESENTATION_CONTEXT() REPRESENTATION_CONTEXT('2D SPACE',''
  ) );
#2676 = ORIENTED_EDGE('',*,*,#2677,.F.);
#2677 = EDGE_CURVE('',#2678,#2655,#2680,.T.);
#2678 = VERTEX_POINT('',#2679);
#2679 = CARTESIAN_POINT('',(-3.276049450176,14.3,-5.551115123126E-17));
#2680 = SURFACE_CURVE('',#2681,(#2686,#2693),.PCURVE_S1.);
#2681 = CIRCLE('',#2682,3.35);
#2682 = AXIS2_PLACEMENT_3D('',#2683,#2684,#2685);
#2683 = CARTESIAN_POINT('',(0.,15.,0.));
#2684 = DIRECTION('',(0.,0.,1.));
#2685 = DIRECTION('',(1.,0.,-0.));
#2686 = PCURVE('',#804,#2687);
#2687 = DEFINITIONAL_REPRESENTATION('',(#2688),#2692);
#2688 = CIRCLE('',#2689,3.35);
#2689 = AXIS2_PLACEMENT_2D('',#2690,#2691);
#2690 = CARTESIAN_POINT('',(14.8,29.8));
#2691 = DIRECTION('',(1.,0.));
#2692 = ( GEOMETRIC_REPRESENTATION_CONTEXT(2)
PARAMETRIC_REPRESENTATION_CONTEXT() REPRESENTATION_CONTEXT('2D SPACE',''
  ) );
#2693 = PCURVE('',#2694,#2699);
#2694 = TOROIDAL_SURFACE('',#2695,3.35,0.5);
#2695 = AXIS2_PLACEMENT_3D('',#2696,#2697,#2698);
#2696 = CARTESIAN_POINT('',(0.,15.,0.5));
#2697 = DIRECTION('',(-0.,-0.,-1.));
#2698 = DIRECTION('',(1.,0.,-0.));
#2699 = DEFINITIONAL_REPRESENTATION('',(#2700),#2704);
#2700 = LINE('',#2701,#2702);
#2701 = CARTESIAN_POINT('',(-0.,1.570796326795));
#2702 = VECTOR('',#2703,1.);
#2703 = DIRECTION('',(-1.,0.));
#2704 = ( GEOMETRIC_REPRESENTATION_CONTEXT(2)
PARAMETRIC_REPRESENTATION_CONTEXT() REPRESENTATION_CONTEXT('2D SPACE',''
  ) );
#2705 = ORIENTED_EDGE('',*,*,#2706,.F.);
#2706 = EDGE_CURVE('',#2346,#2678,#2707,.T.);
#2707 = SURFACE_CURVE('',#2708,(#2712,#2719),.PCURVE_S1.);
#2708 = LINE('',#2709,#2710);
#2709 = CARTESIAN_POINT('',(-11.8,14.3,-1.110223024625E-16));
#2710 = VECTOR('',#2711,1.);
#2711 = DIRECTION('',(1.,0.,0.));
#2712 = PCURVE('',#804,#2713);
#2713 = DEFINITIONAL_REPRESENTATION('',(#2714),#2718);
#2714 = LINE('',#2715,#2716);
#2715 = CARTESIAN_POINT('',(3.,29.1));
#2716 = VECTOR('',#2717,1.);
#2717 = DIRECTION('',(1.,0.));
#2718 = ( GEOMETRIC_REPRESENTATION_CONTEXT(2)
PARAMETRIC_REPRESENTATION_CONTEXT() REPRESENTATION_CONTEXT('2D SPACE',''
  ) );
#2719 = PCURVE('',#1982,#2720);
#2720 = DEFINITIONAL_REPRESENTATION('',(#2721),#2725);
#2721 = LINE('',#2722,#2723);
#2722 = CARTESIAN_POINT('',(-1.570796326795,0.));
#2723 = VECTOR('',#2724,1.);
#2724 = DIRECTION('',(-0.,1.));
#2725 = ( GEOMETRIC_REPRESENTATION_CONTEXT(2)
PARAMETRIC_REPRESENTATION_CONTEXT() REPRESENTATION_CONTEXT('2D SPACE',''
  ) );
#2726 = ORIENTED_EDGE('',*,*,#2345,.F.);
#2727 = ORIENTED_EDGE('',*,*,#788,.F.);
#2728 = ORIENTED_EDGE('',*,*,#2729,.F.);
#2729 = EDGE_CURVE('',#1003,#704,#2730,.T.);
#2730 = SURFACE_CURVE('',#2731,(#2736,#2743),.PCURVE_S1.);
#2731 = CIRCLE('',#2732,3.35);
#2732 = AXIS2_PLACEMENT_3D('',#2733,#2734,#2735);
#2733 = CARTESIAN_POINT('',(-15.,0.,0.));
#2734 = DIRECTION('',(-3.466673899897E-33,-1.69445400857E-17,1.));
#2735 = DIRECTION('',(0.208955223881,-0.977925209008,-1.657049290485E-17
    ));
#2736 = PCURVE('',#804,#2737);
#2737 = DEFINITIONAL_REPRESENTATION('',(#2738),#2742);
#2738 = CIRCLE('',#2739,3.35);
#2739 = AXIS2_PLACEMENT_2D('',#2740,#2741);
#2740 = CARTESIAN_POINT('',(-0.2,14.8));
#2741 = DIRECTION('',(0.208955223881,-0.977925209008));
#2742 = ( GEOMETRIC_REPRESENTATION_CONTEXT(2)
PARAMETRIC_REPRESENTATION_CONTEXT() REPRESENTATION_CONTEXT('2D SPACE',''
  ) );
#2743 = PCURVE('',#757,#2744);
#2744 = DEFINITIONAL_REPRESENTATION('',(#2745),#2749);
#2745 = LINE('',#2746,#2747);
#2746 = CARTESIAN_POINT('',(-4.922895458028,1.570796326795));
#2747 = VECTOR('',#2748,1.);
#2748 = DIRECTION('',(-1.,0.));
#2749 = ( GEOMETRIC_REPRESENTATION_CONTEXT(2)
PARAMETRIC_REPRESENTATION_CONTEXT() REPRESENTATION_CONTEXT('2D SPACE',''
  ) );
#2750 = FACE_BOUND('',#2751,.F.);
#2751 = EDGE_LOOP('',(#2752));
#2752 = ORIENTED_EDGE('',*,*,#2753,.F.);
#2753 = EDGE_CURVE('',#2754,#2754,#2756,.T.);
#2754 = VERTEX_POINT('',#2755);
#2755 = CARTESIAN_POINT('',(3.35,0.,0.));
#2756 = SURFACE_CURVE('',#2757,(#2762,#2769),.PCURVE_S1.);
#2757 = CIRCLE('',#2758,3.35);
#2758 = AXIS2_PLACEMENT_3D('',#2759,#2760,#2761);
#2759 = CARTESIAN_POINT('',(0.,0.,0.));
#2760 = DIRECTION('',(0.,0.,1.));
#2761 = DIRECTION('',(1.,0.,-0.));
#2762 = PCURVE('',#804,#2763);
#2763 = DEFINITIONAL_REPRESENTATION('',(#2764),#2768);
#2764 = CIRCLE('',#2765,3.35);
#2765 = AXIS2_PLACEMENT_2D('',#2766,#2767);
#2766 = CARTESIAN_POINT('',(14.8,14.8));
#2767 = DIRECTION('',(1.,0.));
#2768 = ( GEOMETRIC_REPRESENTATION_CONTEXT(2)
PARAMETRIC_REPRESENTATION_CONTEXT() REPRESENTATION_CONTEXT('2D SPACE',''
  ) );
#2769 = PCURVE('',#2770,#2775);
#2770 = TOROIDAL_SURFACE('',#2771,3.35,0.5);
#2771 = AXIS2_PLACEMENT_3D('',#2772,#2773,#2774);
#2772 = CARTESIAN_POINT('',(0.,0.,0.5));
#2773 = DIRECTION('',(-0.,-0.,-1.));
#2774 = DIRECTION('',(1.,0.,-0.));
#2775 = DEFINITIONAL_REPRESENTATION('',(#2776),#2780);
#2776 = LINE('',#2777,#2778);
#2777 = CARTESIAN_POINT('',(-0.,1.570796326795));
#2778 = VECTOR('',#2779,1.);
#2779 = DIRECTION('',(-1.,0.));
#2780 = ( GEOMETRIC_REPRESENTATION_CONTEXT(2)
PARAMETRIC_REPRESENTATION_CONTEXT() REPRESENTATION_CONTEXT('2D SPACE',''
  ) );
#2781 = ADVANCED_FACE('',(#2782),#757,.T.);
#2782 = FACE_BOUND('',#2783,.F.);
#2783 = EDGE_LOOP('',(#2784,#2785,#2786,#2787));
#2784 = ORIENTED_EDGE('',*,*,#905,.T.);
#2785 = ORIENTED_EDGE('',*,*,#1025,.T.);
#2786 = ORIENTED_EDGE('',*,*,#2729,.T.);
#2787 = ORIENTED_EDGE('',*,*,#703,.F.);
#2788 = ADVANCED_FACE('',(#2789),#985,.T.);
#2789 = FACE_BOUND('',#2790,.F.);
#2790 = EDGE_LOOP('',(#2791,#2827,#2828,#2829,#2830,#2831));
#2791 = ORIENTED_EDGE('',*,*,#2792,.T.);
#2792 = EDGE_CURVE('',#1347,#2413,#2793,.T.);
#2793 = SURFACE_CURVE('',#2794,(#2803,#2815),.PCURVE_S1.);
#2794 = B_SPLINE_CURVE_WITH_KNOTS('',4,(#2795,#2796,#2797,#2798,#2799,
    #2800,#2801,#2802),.UNSPECIFIED.,.F.,.F.,(5,3,5),(0.,0.291122702268,
    1.),.UNSPECIFIED.);
#2795 = CARTESIAN_POINT('',(-11.8000006,-14.39292525283,
    8.710983853234E-03));
#2796 = CARTESIAN_POINT('',(-11.79446575558,-14.38624166845,
    7.44681182641E-03));
#2797 = CARTESIAN_POINT('',(-11.78892543279,-14.37953605485,
    6.304043421725E-03));
#2798 = CARTESIAN_POINT('',(-11.78338204177,-14.37281125425,
    5.283140428565E-03));
#2799 = CARTESIAN_POINT('',(-11.7643382834,-14.3496557542,
    2.196296654486E-03));
#2800 = CARTESIAN_POINT('',(-11.75083455285,-14.33314474189,
    7.329455525499E-04));
#2801 = CARTESIAN_POINT('',(-11.73736104607,-14.31657864545,
    -2.245810400061E-09));
#2802 = CARTESIAN_POINT('',(-11.72395054832,-14.30000000699,0.));
#2803 = PCURVE('',#985,#2804);
#2804 = DEFINITIONAL_REPRESENTATION('',(#2805),#2814);
#2805 = B_SPLINE_CURVE_WITH_KNOTS('',4,(#2806,#2807,#2808,#2809,#2810,
    #2811,#2812,#2813),.UNSPECIFIED.,.F.,.F.,(5,3,5),(0.,0.291122702268,
    1.),.UNSPECIFIED.);
#2806 = CARTESIAN_POINT('',(-0.187482893506,1.75773372188));
#2807 = CARTESIAN_POINT('',(-0.189182223369,1.744129541418));
#2808 = CARTESIAN_POINT('',(-0.190878597903,1.730527156391));
#2809 = CARTESIAN_POINT('',(-0.192571247663,1.716925711391));
#2810 = CARTESIAN_POINT('',(-0.198370323563,1.670205018466));
#2811 = CARTESIAN_POINT('',(-0.202454987759,1.637085810987));
#2812 = CARTESIAN_POINT('',(-0.206503347594,1.603953634919));
#2813 = CARTESIAN_POINT('',(-0.210506475508,1.570796326795));
#2814 = ( GEOMETRIC_REPRESENTATION_CONTEXT(2)
PARAMETRIC_REPRESENTATION_CONTEXT() REPRESENTATION_CONTEXT('2D SPACE',''
  ) );
#2815 = PCURVE('',#1180,#2816);
#2816 = DEFINITIONAL_REPRESENTATION('',(#2817),#2826);
#2817 = B_SPLINE_CURVE_WITH_KNOTS('',4,(#2818,#2819,#2820,#2821,#2822,
    #2823,#2824,#2825),.UNSPECIFIED.,.F.,.F.,(5,3,5),(0.,0.291122702268,
    1.),.UNSPECIFIED.);
#2818 = CARTESIAN_POINT('',(-1.383858949333,23.6000006));
#2819 = CARTESIAN_POINT('',(-1.397463129713,23.594465755582));
#2820 = CARTESIAN_POINT('',(-1.411065475238,23.588925432799));
#2821 = CARTESIAN_POINT('',(-1.424666942199,23.583382041776));
#2822 = CARTESIAN_POINT('',(-1.471387635124,23.5643382834));
#2823 = CARTESIAN_POINT('',(-1.504506831029,23.550834552851));
#2824 = CARTESIAN_POINT('',(-1.537639039552,23.537361046076));
#2825 = CARTESIAN_POINT('',(-1.570796312807,23.523950548329));
#2826 = ( GEOMETRIC_REPRESENTATION_CONTEXT(2)
PARAMETRIC_REPRESENTATION_CONTEXT() REPRESENTATION_CONTEXT('2D SPACE',''
  ) );
#2827 = ORIENTED_EDGE('',*,*,#2412,.T.);
#2828 = ORIENTED_EDGE('',*,*,#959,.F.);
#2829 = ORIENTED_EDGE('',*,*,#1489,.T.);
#2830 = ORIENTED_EDGE('',*,*,#1436,.F.);
#2831 = ORIENTED_EDGE('',*,*,#1369,.T.);
#2832 = ADVANCED_FACE('',(#2833),#1122,.T.);
#2833 = FACE_BOUND('',#2834,.T.);
#2834 = EDGE_LOOP('',(#2835,#2855,#2856,#2857));
#2835 = ORIENTED_EDGE('',*,*,#2836,.T.);
#2836 = EDGE_CURVE('',#1194,#1545,#2837,.T.);
#2837 = SURFACE_CURVE('',#2838,(#2843,#2849),.PCURVE_S1.);
#2838 = CIRCLE('',#2839,0.35);
#2839 = AXIS2_PLACEMENT_3D('',#2840,#2841,#2842);
#2840 = CARTESIAN_POINT('',(11.8,-14.45,5.15));
#2841 = DIRECTION('',(-1.,-6.123233995737E-17,0.));
#2842 = DIRECTION('',(6.123233995737E-17,-1.,-0.));
#2843 = PCURVE('',#1122,#2844);
#2844 = DEFINITIONAL_REPRESENTATION('',(#2845),#2848);
#2845 = B_SPLINE_CURVE_WITH_KNOTS('',1,(#2846,#2847),.UNSPECIFIED.,.F.,
  .F.,(2,2),(0.,1.570796326795),.PIECEWISE_BEZIER_KNOTS.);
#2846 = CARTESIAN_POINT('',(0.,0.));
#2847 = CARTESIAN_POINT('',(1.570796326795,0.));
#2848 = ( GEOMETRIC_REPRESENTATION_CONTEXT(2)
PARAMETRIC_REPRESENTATION_CONTEXT() REPRESENTATION_CONTEXT('2D SPACE',''
  ) );
#2849 = PCURVE('',#1588,#2850);
#2850 = DEFINITIONAL_REPRESENTATION('',(#2851),#2854);
#2851 = B_SPLINE_CURVE_WITH_KNOTS('',1,(#2852,#2853),.UNSPECIFIED.,.F.,
  .F.,(2,2),(0.,1.570796326795),.PIECEWISE_BEZIER_KNOTS.);
#2852 = CARTESIAN_POINT('',(-1.570796326795,0.));
#2853 = CARTESIAN_POINT('',(-1.570796326795,1.570796326795));
#2854 = ( GEOMETRIC_REPRESENTATION_CONTEXT(2)
PARAMETRIC_REPRESENTATION_CONTEXT() REPRESENTATION_CONTEXT('2D SPACE',''
  ) );
#2855 = ORIENTED_EDGE('',*,*,#1544,.T.);
#2856 = ORIENTED_EDGE('',*,*,#1106,.F.);
#2857 = ORIENTED_EDGE('',*,*,#1193,.F.);
#2858 = ADVANCED_FACE('',(#2859),#1180,.T.);
#2859 = FACE_BOUND('',#2860,.F.);
#2860 = EDGE_LOOP('',(#2861,#2862,#2940,#2941,#2942));
#2861 = ORIENTED_EDGE('',*,*,#1164,.F.);
#2862 = ORIENTED_EDGE('',*,*,#2863,.T.);
#2863 = EDGE_CURVE('',#1165,#2437,#2864,.T.);
#2864 = SURFACE_CURVE('',#2865,(#2888,#2914),.PCURVE_S1.);
#2865 = B_SPLINE_CURVE_WITH_KNOTS('',6,(#2866,#2867,#2868,#2869,#2870,
    #2871,#2872,#2873,#2874,#2875,#2876,#2877,#2878,#2879,#2880,#2881,
    #2882,#2883,#2884,#2885,#2886,#2887),.UNSPECIFIED.,.F.,.F.,(7,5,5,5,
    7),(0.,0.404000582498,0.655999138393,0.912998791937,1.),
  .UNSPECIFIED.);
#2866 = CARTESIAN_POINT('',(-2.842973795166,-14.8,0.5));
#2867 = CARTESIAN_POINT('',(-2.842973795166,-14.8,0.444905256821));
#2868 = CARTESIAN_POINT('',(-2.84976357674,-14.7927152166,0.389791656956
    ));
#2869 = CARTESIAN_POINT('',(-2.863357094535,-14.7781346227,
    0.336177753017));
#2870 = CARTESIAN_POINT('',(-2.883117768913,-14.75679680041,
    0.285430364198));
#2871 = CARTESIAN_POINT('',(-2.90808250109,-14.72951084344,
    0.238552858766));
#2872 = CARTESIAN_POINT('',(-2.955459054142,-14.6769986791,
    0.169886839882));
#2873 = CARTESIAN_POINT('',(-2.975303697155,-14.65485300771,
    0.145285446455));
#2874 = CARTESIAN_POINT('',(-2.996560723057,-14.63094058672,
    0.122625193655));
#2875 = CARTESIAN_POINT('',(-3.018998647758,-14.6054733424,
    0.102030788119));
#2876 = CARTESIAN_POINT('',(-3.042397000724,-14.57866115996,
    8.35963295059E-02));
#2877 = CARTESIAN_POINT('',(-3.09119447596,-14.52219316334,
    5.087183512759E-02));
#2878 = CARTESIAN_POINT('',(-3.116622414455,-14.49249333444,
    3.667235262087E-02));
#2879 = CARTESIAN_POINT('',(-3.142626239606,-14.46181900091,
    2.487323681835E-02));
#2880 = CARTESIAN_POINT('',(-3.169006561686,-14.43038242944,
    1.553290429503E-02));
#2881 = CARTESIAN_POINT('',(-3.19557683908,-14.39839536562,
    8.693740707368E-03));
#2882 = CARTESIAN_POINT('',(-3.231161821329,-14.35512722276,
    2.925694361971E-03));
#2883 = CARTESIAN_POINT('',(-3.240163228825,-14.34414563935,
    1.756835593068E-03));
#2884 = CARTESIAN_POINT('',(-3.249159403201,-14.33313372121,
    8.790260050614E-04));
#2885 = CARTESIAN_POINT('',(-3.258143589926,-14.32209984046,
    2.931768376488E-04));
#2886 = CARTESIAN_POINT('',(-3.26710912785,-14.31105243239,
    -1.614151435055E-09));
#2887 = CARTESIAN_POINT('',(-3.276049449206,-14.29999999545,0.));
#2888 = PCURVE('',#1180,#2889);
#2889 = DEFINITIONAL_REPRESENTATION('',(#2890),#2913);
#2890 = B_SPLINE_CURVE_WITH_KNOTS('',6,(#2891,#2892,#2893,#2894,#2895,
    #2896,#2897,#2898,#2899,#2900,#2901,#2902,#2903,#2904,#2905,#2906,
    #2907,#2908,#2909,#2910,#2911,#2912),.UNSPECIFIED.,.F.,.F.,(7,5,5,5,
    7),(0.,0.404000582498,0.655999138393,0.912998791937,1.),
  .UNSPECIFIED.);
#2891 = CARTESIAN_POINT('',(-8.881784197001E-16,14.642973795166));
#2892 = CARTESIAN_POINT('',(-0.110189486358,14.642973795166));
#2893 = CARTESIAN_POINT('',(-0.220416082343,14.64976357674));
#2894 = CARTESIAN_POINT('',(-0.330055018945,14.663357094535));
#2895 = CARTESIAN_POINT('',(-0.438774863882,14.683117768913));
#2896 = CARTESIAN_POINT('',(-0.546398984057,14.70808250109));
#2897 = CARTESIAN_POINT('',(-0.719286803792,14.755459054142));
#2898 = CARTESIAN_POINT('',(-0.785276034279,14.775303697155));
#2899 = CARTESIAN_POINT('',(-0.850856404253,14.796560723057));
#2900 = CARTESIAN_POINT('',(-0.916062730745,14.818998647758));
#2901 = CARTESIAN_POINT('',(-0.980945848194,14.842397000724));
#2902 = CARTESIAN_POINT('',(-1.111475954672,14.89119447596));
#2903 = CARTESIAN_POINT('',(-1.177108637765,14.916622414455));
#2904 = CARTESIAN_POINT('',(-1.242535838898,14.942626239606));
#2905 = CARTESIAN_POINT('',(-1.307825415773,14.969006561686));
#2906 = CARTESIAN_POINT('',(-1.373046056925,14.99557683908));
#2907 = CARTESIAN_POINT('',(-1.460347890711,15.031161821329));
#2908 = CARTESIAN_POINT('',(-1.482427371907,15.040163228825));
#2909 = CARTESIAN_POINT('',(-1.504509441281,15.049159403201));
#2910 = CARTESIAN_POINT('',(-1.526596643031,15.058143589926));
#2911 = CARTESIAN_POINT('',(-1.548691464441,15.06710912785));
#2912 = CARTESIAN_POINT('',(-1.570796335881,15.076049449206));
#2913 = ( GEOMETRIC_REPRESENTATION_CONTEXT(2)
PARAMETRIC_REPRESENTATION_CONTEXT() REPRESENTATION_CONTEXT('2D SPACE',''
  ) );
#2914 = PCURVE('',#2476,#2915);
#2915 = DEFINITIONAL_REPRESENTATION('',(#2916),#2939);
#2916 = B_SPLINE_CURVE_WITH_KNOTS('',6,(#2917,#2918,#2919,#2920,#2921,
    #2922,#2923,#2924,#2925,#2926,#2927,#2928,#2929,#2930,#2931,#2932,
    #2933,#2934,#2935,#2936,#2937,#2938),.UNSPECIFIED.,.F.,.F.,(7,5,5,5,
    7),(0.,0.404000582498,0.655999138393,0.912998791937,1.),
  .UNSPECIFIED.);
#2917 = CARTESIAN_POINT('',(-3.071359489408,3.14159265359));
#2918 = CARTESIAN_POINT('',(-3.071359489408,3.031403167231));
#2919 = CARTESIAN_POINT('',(-3.068977333417,2.921176571247));
#2920 = CARTESIAN_POINT('',(-3.064206573785,2.811537634644));
#2921 = CARTESIAN_POINT('',(-3.057321688037,2.702817789708));
#2922 = CARTESIAN_POINT('',(-3.048737525545,2.595193669533));
#2923 = CARTESIAN_POINT('',(-3.032693063714,2.422305849798));
#2924 = CARTESIAN_POINT('',(-3.026022993199,2.356316619311));
#2925 = CARTESIAN_POINT('',(-3.018941864703,2.290736249337));
#2926 = CARTESIAN_POINT('',(-3.011541980567,2.225529922845));
#2927 = CARTESIAN_POINT('',(-3.003908077398,2.160646805396));
#2928 = CARTESIAN_POINT('',(-2.988163377882,2.030116698917));
#2929 = CARTESIAN_POINT('',(-2.980046696235,1.964484015824));
#2930 = CARTESIAN_POINT('',(-2.971841197983,1.899056814691));
#2931 = CARTESIAN_POINT('',(-2.963615318071,1.833767237816));
#2932 = CARTESIAN_POINT('',(-2.955428704555,1.768546596665));
#2933 = CARTESIAN_POINT('',(-2.944592607559,1.681244762879));
#2934 = CARTESIAN_POINT('',(-2.94186251872,1.65916528469));
#2935 = CARTESIAN_POINT('',(-2.939144925612,1.637083214107));
#2936 = CARTESIAN_POINT('',(-2.936441774775,1.614996006938));
#2937 = CARTESIAN_POINT('',(-2.933754930447,1.592901183135));
#2938 = CARTESIAN_POINT('',(-2.93108617456,1.570796326795));
#2939 = ( GEOMETRIC_REPRESENTATION_CONTEXT(2)
PARAMETRIC_REPRESENTATION_CONTEXT() REPRESENTATION_CONTEXT('2D SPACE',''
  ) );
#2940 = ORIENTED_EDGE('',*,*,#2436,.T.);
#2941 = ORIENTED_EDGE('',*,*,#2792,.F.);
#2942 = ORIENTED_EDGE('',*,*,#1346,.F.);
#2943 = ADVANCED_FACE('',(#2944),#1287,.F.);
#2944 = FACE_BOUND('',#2945,.F.);
#2945 = EDGE_LOOP('',(#2946,#2947,#2969,#2970));
#2946 = ORIENTED_EDGE('',*,*,#1272,.F.);
#2947 = ORIENTED_EDGE('',*,*,#2948,.T.);
#2948 = EDGE_CURVE('',#1245,#1165,#2949,.T.);
#2949 = SURFACE_CURVE('',#2950,(#2955,#2962),.PCURVE_S1.);
#2950 = CIRCLE('',#2951,2.85);
#2951 = AXIS2_PLACEMENT_3D('',#2952,#2953,#2954);
#2952 = CARTESIAN_POINT('',(0.,-15.,0.5));
#2953 = DIRECTION('',(0.,0.,1.));
#2954 = DIRECTION('',(1.,0.,-0.));
#2955 = PCURVE('',#1287,#2956);
#2956 = DEFINITIONAL_REPRESENTATION('',(#2957),#2961);
#2957 = LINE('',#2958,#2959);
#2958 = CARTESIAN_POINT('',(0.,0.));
#2959 = VECTOR('',#2960,1.);
#2960 = DIRECTION('',(1.,0.));
#2961 = ( GEOMETRIC_REPRESENTATION_CONTEXT(2)
PARAMETRIC_REPRESENTATION_CONTEXT() REPRESENTATION_CONTEXT('2D SPACE',''
  ) );
#2962 = PCURVE('',#2476,#2963);
#2963 = DEFINITIONAL_REPRESENTATION('',(#2964),#2968);
#2964 = LINE('',#2965,#2966);
#2965 = CARTESIAN_POINT('',(-0.,3.14159265359));
#2966 = VECTOR('',#2967,1.);
#2967 = DIRECTION('',(-1.,0.));
#2968 = ( GEOMETRIC_REPRESENTATION_CONTEXT(2)
PARAMETRIC_REPRESENTATION_CONTEXT() REPRESENTATION_CONTEXT('2D SPACE',''
  ) );
#2969 = ORIENTED_EDGE('',*,*,#1324,.T.);
#2970 = ORIENTED_EDGE('',*,*,#2971,.F.);
#2971 = EDGE_CURVE('',#1273,#1299,#2972,.T.);
#2972 = SURFACE_CURVE('',#2973,(#2978,#2985),.PCURVE_S1.);
#2973 = CIRCLE('',#2974,2.85);
#2974 = AXIS2_PLACEMENT_3D('',#2975,#2976,#2977);
#2975 = CARTESIAN_POINT('',(0.,-15.,3.2));
#2976 = DIRECTION('',(0.,0.,1.));
#2977 = DIRECTION('',(1.,0.,-0.));
#2978 = PCURVE('',#1287,#2979);
#2979 = DEFINITIONAL_REPRESENTATION('',(#2980),#2984);
#2980 = LINE('',#2981,#2982);
#2981 = CARTESIAN_POINT('',(0.,2.7));
#2982 = VECTOR('',#2983,1.);
#2983 = DIRECTION('',(1.,0.));
#2984 = ( GEOMETRIC_REPRESENTATION_CONTEXT(2)
PARAMETRIC_REPRESENTATION_CONTEXT() REPRESENTATION_CONTEXT('2D SPACE',''
  ) );
#2985 = PCURVE('',#1313,#2986);
#2986 = DEFINITIONAL_REPRESENTATION('',(#2987),#2991);
#2987 = CIRCLE('',#2988,2.85);
#2988 = AXIS2_PLACEMENT_2D('',#2989,#2990);
#2989 = CARTESIAN_POINT('',(0.,0.));
#2990 = DIRECTION('',(1.,0.));
#2991 = ( GEOMETRIC_REPRESENTATION_CONTEXT(2)
PARAMETRIC_REPRESENTATION_CONTEXT() REPRESENTATION_CONTEXT('2D SPACE',''
  ) );
#2992 = ADVANCED_FACE('',(#2993),#1313,.F.);
#2993 = FACE_BOUND('',#2994,.F.);
#2994 = EDGE_LOOP('',(#2995,#2996));
#2995 = ORIENTED_EDGE('',*,*,#1298,.T.);
#2996 = ORIENTED_EDGE('',*,*,#2971,.T.);
#2997 = ADVANCED_FACE('',(#2998),#1260,.T.);
#2998 = FACE_BOUND('',#2999,.F.);
#2999 = EDGE_LOOP('',(#3000,#3001,#3028,#3064,#3065));
#3000 = ORIENTED_EDGE('',*,*,#1244,.F.);
#3001 = ORIENTED_EDGE('',*,*,#3002,.T.);
#3002 = EDGE_CURVE('',#1217,#3003,#3005,.T.);
#3003 = VERTEX_POINT('',#3004);
#3004 = CARTESIAN_POINT('',(11.8,-14.3929245283,8.710846812316E-03));
#3005 = SURFACE_CURVE('',#3006,(#3011,#3017),.PCURVE_S1.);
#3006 = CIRCLE('',#3007,0.5);
#3007 = AXIS2_PLACEMENT_3D('',#3008,#3009,#3010);
#3008 = CARTESIAN_POINT('',(11.8,-14.3,0.5));
#3009 = DIRECTION('',(1.,6.123233995737E-17,0.));
#3010 = DIRECTION('',(6.123233995737E-17,-1.,0.));
#3011 = PCURVE('',#1260,#3012);
#3012 = DEFINITIONAL_REPRESENTATION('',(#3013),#3016);
#3013 = B_SPLINE_CURVE_WITH_KNOTS('',1,(#3014,#3015),.UNSPECIFIED.,.F.,
  .F.,(2,2),(0.,1.570796326795),.PIECEWISE_BEZIER_KNOTS.);
#3014 = CARTESIAN_POINT('',(0.,0.));
#3015 = CARTESIAN_POINT('',(-1.570796326795,0.));
#3016 = ( GEOMETRIC_REPRESENTATION_CONTEXT(2)
PARAMETRIC_REPRESENTATION_CONTEXT() REPRESENTATION_CONTEXT('2D SPACE',''
  ) );
#3017 = PCURVE('',#3018,#3023);
#3018 = TOROIDAL_SURFACE('',#3019,2.5,0.5);
#3019 = AXIS2_PLACEMENT_3D('',#3020,#3021,#3022);
#3020 = CARTESIAN_POINT('',(11.8,-11.8,0.5));
#3021 = DIRECTION('',(-0.,-0.,-1.));
#3022 = DIRECTION('',(1.,0.,-0.));
#3023 = DEFINITIONAL_REPRESENTATION('',(#3024),#3027);
#3024 = B_SPLINE_CURVE_WITH_KNOTS('',1,(#3025,#3026),.UNSPECIFIED.,.F.,
  .F.,(2,2),(0.,1.570796326795),.PIECEWISE_BEZIER_KNOTS.);
#3025 = CARTESIAN_POINT('',(1.570796326795,0.));
#3026 = CARTESIAN_POINT('',(1.570796326795,1.570796326795));
#3027 = ( GEOMETRIC_REPRESENTATION_CONTEXT(2)
PARAMETRIC_REPRESENTATION_CONTEXT() REPRESENTATION_CONTEXT('2D SPACE',''
  ) );
#3028 = ORIENTED_EDGE('',*,*,#3029,.T.);
#3029 = EDGE_CURVE('',#3003,#2489,#3030,.T.);
#3030 = SURFACE_CURVE('',#3031,(#3040,#3052),.PCURVE_S1.);
#3031 = B_SPLINE_CURVE_WITH_KNOTS('',4,(#3032,#3033,#3034,#3035,#3036,
    #3037,#3038,#3039),.UNSPECIFIED.,.F.,.F.,(5,3,5),(0.,0.291122685765,
    1.),.UNSPECIFIED.);
#3032 = CARTESIAN_POINT('',(11.8000006,-14.39292525283,
    8.710983853234E-03));
#3033 = CARTESIAN_POINT('',(11.794465755582,-14.38624166845,
    7.446811826346E-03));
#3034 = CARTESIAN_POINT('',(11.788925432798,-14.37953605485,
    6.304043421608E-03));
#3035 = CARTESIAN_POINT('',(11.783382041775,-14.37281125425,
    5.283140428409E-03));
#3036 = CARTESIAN_POINT('',(11.764338282319,-14.34965575289,
    2.196296479254E-03));
#3037 = CARTESIAN_POINT('',(11.750834556283,-14.33314473409,
    7.329453224174E-04));
#3038 = CARTESIAN_POINT('',(11.737361032827,-14.31657865086,
    -2.421233008792E-09));
#3039 = CARTESIAN_POINT('',(11.723950550795,-14.29999999545,0.));
#3040 = PCURVE('',#1260,#3041);
#3041 = DEFINITIONAL_REPRESENTATION('',(#3042),#3051);
#3042 = B_SPLINE_CURVE_WITH_KNOTS('',4,(#3043,#3044,#3045,#3046,#3047,
    #3048,#3049,#3050),.UNSPECIFIED.,.F.,.F.,(5,3,5),(0.,0.291122685765,
    1.),.UNSPECIFIED.);
#3043 = CARTESIAN_POINT('',(-1.383858949333,-6.E-07));
#3044 = CARTESIAN_POINT('',(-1.397463129714,5.534244418019E-03));
#3045 = CARTESIAN_POINT('',(-1.411065475239,1.107456720194E-02));
#3046 = CARTESIAN_POINT('',(-1.424666942201,1.661795822492E-02));
#3047 = CARTESIAN_POINT('',(-1.471387637777,3.566171768134E-02));
#3048 = CARTESIAN_POINT('',(-1.504506846636,4.916544371696E-02));
#3049 = CARTESIAN_POINT('',(-1.53763902872,6.2638967173E-02));
#3050 = CARTESIAN_POINT('',(-1.570796335882,7.604944920546E-02));
#3051 = ( GEOMETRIC_REPRESENTATION_CONTEXT(2)
PARAMETRIC_REPRESENTATION_CONTEXT() REPRESENTATION_CONTEXT('2D SPACE',''
  ) );
#3052 = PCURVE('',#2528,#3053);
#3053 = DEFINITIONAL_REPRESENTATION('',(#3054),#3063);
#3054 = B_SPLINE_CURVE_WITH_KNOTS('',4,(#3055,#3056,#3057,#3058,#3059,
    #3060,#3061,#3062),.UNSPECIFIED.,.F.,.F.,(5,3,5),(0.,0.291122685765,
    1.),.UNSPECIFIED.);
#3055 = CARTESIAN_POINT('',(-2.954109760084,1.75773372188));
#3056 = CARTESIAN_POINT('',(-2.952410430221,1.744129541417));
#3057 = CARTESIAN_POINT('',(-2.950714055686,1.730527156389));
#3058 = CARTESIAN_POINT('',(-2.949021405926,1.716925711389));
#3059 = CARTESIAN_POINT('',(-2.943222329698,1.670205015813));
#3060 = CARTESIAN_POINT('',(-2.939137663324,1.637085814472));
#3061 = CARTESIAN_POINT('',(-2.935089308391,1.603953611305));
#3062 = CARTESIAN_POINT('',(-2.93108617456,1.570796326795));
#3063 = ( GEOMETRIC_REPRESENTATION_CONTEXT(2)
PARAMETRIC_REPRESENTATION_CONTEXT() REPRESENTATION_CONTEXT('2D SPACE',''
  ) );
#3064 = ORIENTED_EDGE('',*,*,#2488,.T.);
#3065 = ORIENTED_EDGE('',*,*,#3066,.F.);
#3066 = EDGE_CURVE('',#1245,#2460,#3067,.T.);
#3067 = SURFACE_CURVE('',#3068,(#3091,#3117),.PCURVE_S1.);
#3068 = B_SPLINE_CURVE_WITH_KNOTS('',6,(#3069,#3070,#3071,#3072,#3073,
    #3074,#3075,#3076,#3077,#3078,#3079,#3080,#3081,#3082,#3083,#3084,
    #3085,#3086,#3087,#3088,#3089,#3090),.UNSPECIFIED.,.F.,.F.,(7,5,5,5,
    7),(0.,0.404000585309,0.655999142959,0.912998798293,1.),
  .UNSPECIFIED.);
#3069 = CARTESIAN_POINT('',(2.842973795166,-14.8,0.5));
#3070 = CARTESIAN_POINT('',(2.842973795166,-14.8,0.444905256821));
#3071 = CARTESIAN_POINT('',(2.84976357674,-14.7927152166,0.389791656957)
  );
#3072 = CARTESIAN_POINT('',(2.863357094535,-14.7781346227,0.336177753018
    ));
#3073 = CARTESIAN_POINT('',(2.883117768913,-14.75679680041,
    0.285430364199));
#3074 = CARTESIAN_POINT('',(2.908082501089,-14.72951084344,
    0.238552858767));
#3075 = CARTESIAN_POINT('',(2.955459054141,-14.6769986791,0.169886839884
    ));
#3076 = CARTESIAN_POINT('',(2.975303697154,-14.65485300771,
    0.145285446456));
#3077 = CARTESIAN_POINT('',(2.996560723056,-14.63094058672,
    0.122625193656));
#3078 = CARTESIAN_POINT('',(3.018998647757,-14.6054733424,0.10203078812)
  );
#3079 = CARTESIAN_POINT('',(3.042397000723,-14.57866115996,
    8.359632950667E-02));
#3080 = CARTESIAN_POINT('',(3.091194475959,-14.52219316334,
    5.08718351282E-02));
#3081 = CARTESIAN_POINT('',(3.116622414454,-14.49249333444,
    3.66723526214E-02));
#3082 = CARTESIAN_POINT('',(3.142626239605,-14.46181900091,
    2.48732368188E-02));
#3083 = CARTESIAN_POINT('',(3.169006561684,-14.43038242944,
    1.553290429539E-02));
#3084 = CARTESIAN_POINT('',(3.195576839079,-14.39839536563,
    8.693740707642E-03));
#3085 = CARTESIAN_POINT('',(3.231161820608,-14.35512722364,
    2.925694478849E-03));
#3086 = CARTESIAN_POINT('',(3.240163229621,-14.34414564316,
    1.756835778584E-03));
#3087 = CARTESIAN_POINT('',(3.249159402394,-14.33313372506,
    8.79026213265E-04));
#3088 = CARTESIAN_POINT('',(3.258143584397,-14.32209984146,
    2.931770232544E-04));
#3089 = CARTESIAN_POINT('',(3.26710911984,-14.31105243263,
    -1.497206926435E-09));
#3090 = CARTESIAN_POINT('',(3.276049451671,-14.30000000699,0.));
#3091 = PCURVE('',#1260,#3092);
#3092 = DEFINITIONAL_REPRESENTATION('',(#3093),#3116);
#3093 = B_SPLINE_CURVE_WITH_KNOTS('',6,(#3094,#3095,#3096,#3097,#3098,
    #3099,#3100,#3101,#3102,#3103,#3104,#3105,#3106,#3107,#3108,#3109,
    #3110,#3111,#3112,#3113,#3114,#3115),.UNSPECIFIED.,.F.,.F.,(7,5,5,5,
    7),(0.,0.404000585309,0.655999142959,0.912998798293,1.),
  .UNSPECIFIED.);
#3094 = CARTESIAN_POINT('',(-8.881784197001E-16,8.957026204834));
#3095 = CARTESIAN_POINT('',(-0.110189486358,8.957026204834));
#3096 = CARTESIAN_POINT('',(-0.220416082342,8.95023642326));
#3097 = CARTESIAN_POINT('',(-0.330055018944,8.936642905465));
#3098 = CARTESIAN_POINT('',(-0.43877486388,8.916882231087));
#3099 = CARTESIAN_POINT('',(-0.546398984055,8.891917498911));
#3100 = CARTESIAN_POINT('',(-0.719286803789,8.844540945859));
#3101 = CARTESIAN_POINT('',(-0.785276034276,8.824696302846));
#3102 = CARTESIAN_POINT('',(-0.85085640425,8.803439276944));
#3103 = CARTESIAN_POINT('',(-0.916062730742,8.781001352243));
#3104 = CARTESIAN_POINT('',(-0.980945848191,8.757602999277));
#3105 = CARTESIAN_POINT('',(-1.11147595467,8.708805524041));
#3106 = CARTESIAN_POINT('',(-1.177108637763,8.683377585546));
#3107 = CARTESIAN_POINT('',(-1.242535838896,8.657373760395));
#3108 = CARTESIAN_POINT('',(-1.307825415771,8.630993438316));
#3109 = CARTESIAN_POINT('',(-1.373046056922,8.604423160921));
#3110 = CARTESIAN_POINT('',(-1.460347888941,8.568838179392));
#3111 = CARTESIAN_POINT('',(-1.482427364249,8.559836770379));
#3112 = CARTESIAN_POINT('',(-1.504509433553,8.550840597606));
#3113 = CARTESIAN_POINT('',(-1.526596641027,8.541856415603));
#3114 = CARTESIAN_POINT('',(-1.548691463971,8.53289088016));
#3115 = CARTESIAN_POINT('',(-1.570796312807,8.523950548329));
#3116 = ( GEOMETRIC_REPRESENTATION_CONTEXT(2)
PARAMETRIC_REPRESENTATION_CONTEXT() REPRESENTATION_CONTEXT('2D SPACE',''
  ) );
#3117 = PCURVE('',#2476,#3118);
#3118 = DEFINITIONAL_REPRESENTATION('',(#3119),#3142);
#3119 = B_SPLINE_CURVE_WITH_KNOTS('',6,(#3120,#3121,#3122,#3123,#3124,
    #3125,#3126,#3127,#3128,#3129,#3130,#3131,#3132,#3133,#3134,#3135,
    #3136,#3137,#3138,#3139,#3140,#3141),.UNSPECIFIED.,.F.,.F.,(7,5,5,5,
    7),(0.,0.404000585309,0.655999142959,0.912998798293,1.),
  .UNSPECIFIED.);
#3120 = CARTESIAN_POINT('',(-7.023316418133E-02,3.14159265359));
#3121 = CARTESIAN_POINT('',(-7.023316418133E-02,3.031403167232));
#3122 = CARTESIAN_POINT('',(-7.261532017263E-02,2.921176571248));
#3123 = CARTESIAN_POINT('',(-7.738607980487E-02,2.811537634646));
#3124 = CARTESIAN_POINT('',(-8.427096555307E-02,2.70281778971));
#3125 = CARTESIAN_POINT('',(-9.285512804508E-02,2.595193669535));
#3126 = CARTESIAN_POINT('',(-0.108899589876,2.422305849801));
#3127 = CARTESIAN_POINT('',(-0.11556966039,2.356316619314));
#3128 = CARTESIAN_POINT('',(-0.122650788887,2.29073624934));
#3129 = CARTESIAN_POINT('',(-0.130050673022,2.225529922848));
#3130 = CARTESIAN_POINT('',(-0.137684576192,2.160646805398));
#3131 = CARTESIAN_POINT('',(-0.153429275707,2.03011669892));
#3132 = CARTESIAN_POINT('',(-0.161545957355,1.964484015827));
#3133 = CARTESIAN_POINT('',(-0.169751455606,1.899056814694));
#3134 = CARTESIAN_POINT('',(-0.177977335518,1.833767237819));
#3135 = CARTESIAN_POINT('',(-0.186163949034,1.768546596668));
#3136 = CARTESIAN_POINT('',(-0.197000045812,1.681244764649));
#3137 = CARTESIAN_POINT('',(-0.199730133691,1.659165284711));
#3138 = CARTESIAN_POINT('',(-0.202447726887,1.637083217269));
#3139 = CARTESIAN_POINT('',(-0.205150878854,1.614996018138));
#3140 = CARTESIAN_POINT('',(-0.207837723565,1.592901198878));
#3141 = CARTESIAN_POINT('',(-0.210506475508,1.570796326795));
#3142 = ( GEOMETRIC_REPRESENTATION_CONTEXT(2)
PARAMETRIC_REPRESENTATION_CONTEXT() REPRESENTATION_CONTEXT('2D SPACE',''
  ) );
#3143 = ADVANCED_FACE('',(#3144),#1232,.T.);
#3144 = FACE_BOUND('',#3145,.F.);
#3145 = EDGE_LOOP('',(#3146,#3176,#3205,#3231,#3260,#3281,#3303,#3304));
#3146 = ORIENTED_EDGE('',*,*,#3147,.F.);
#3147 = EDGE_CURVE('',#3148,#3150,#3152,.T.);
#3148 = VERTEX_POINT('',#3149);
#3149 = CARTESIAN_POINT('',(14.8,-11.8,0.5));
#3150 = VERTEX_POINT('',#3151);
#3151 = CARTESIAN_POINT('',(14.8,-11.8,5.15));
#3152 = SURFACE_CURVE('',#3153,(#3157,#3164),.PCURVE_S1.);
#3153 = LINE('',#3154,#3155);
#3154 = CARTESIAN_POINT('',(14.8,-11.8,0.));
#3155 = VECTOR('',#3156,1.);
#3156 = DIRECTION('',(0.,0.,1.));
#3157 = PCURVE('',#1232,#3158);
#3158 = DEFINITIONAL_REPRESENTATION('',(#3159),#3163);
#3159 = LINE('',#3160,#3161);
#3160 = CARTESIAN_POINT('',(-0.,0.));
#3161 = VECTOR('',#3162,1.);
#3162 = DIRECTION('',(-0.,1.));
#3163 = ( GEOMETRIC_REPRESENTATION_CONTEXT(2)
PARAMETRIC_REPRESENTATION_CONTEXT() REPRESENTATION_CONTEXT('2D SPACE',''
  ) );
#3164 = PCURVE('',#3165,#3170);
#3165 = PLANE('',#3166);
#3166 = AXIS2_PLACEMENT_3D('',#3167,#3168,#3169);
#3167 = CARTESIAN_POINT('',(14.8,-14.8,0.));
#3168 = DIRECTION('',(1.,0.,0.));
#3169 = DIRECTION('',(0.,0.,1.));
#3170 = DEFINITIONAL_REPRESENTATION('',(#3171),#3175);
#3171 = LINE('',#3172,#3173);
#3172 = CARTESIAN_POINT('',(0.,-3.));
#3173 = VECTOR('',#3174,1.);
#3174 = DIRECTION('',(1.,0.));
#3175 = ( GEOMETRIC_REPRESENTATION_CONTEXT(2)
PARAMETRIC_REPRESENTATION_CONTEXT() REPRESENTATION_CONTEXT('2D SPACE',''
  ) );
#3176 = ORIENTED_EDGE('',*,*,#3177,.T.);
#3177 = EDGE_CURVE('',#3148,#3178,#3180,.T.);
#3178 = VERTEX_POINT('',#3179);
#3179 = CARTESIAN_POINT('',(14.778487989169,-12.15862138583,0.5));
#3180 = SURFACE_CURVE('',#3181,(#3186,#3193),.PCURVE_S1.);
#3181 = CIRCLE('',#3182,3.);
#3182 = AXIS2_PLACEMENT_3D('',#3183,#3184,#3185);
#3183 = CARTESIAN_POINT('',(11.8,-11.8,0.5));
#3184 = DIRECTION('',(0.,-0.,-1.));
#3185 = DIRECTION('',(1.,0.,-0.));
#3186 = PCURVE('',#1232,#3187);
#3187 = DEFINITIONAL_REPRESENTATION('',(#3188),#3192);
#3188 = LINE('',#3189,#3190);
#3189 = CARTESIAN_POINT('',(-0.,0.5));
#3190 = VECTOR('',#3191,1.);
#3191 = DIRECTION('',(-1.,0.));
#3192 = ( GEOMETRIC_REPRESENTATION_CONTEXT(2)
PARAMETRIC_REPRESENTATION_CONTEXT() REPRESENTATION_CONTEXT('2D SPACE',''
  ) );
#3193 = PCURVE('',#3194,#3199);
#3194 = TOROIDAL_SURFACE('',#3195,2.5,0.5);
#3195 = AXIS2_PLACEMENT_3D('',#3196,#3197,#3198);
#3196 = CARTESIAN_POINT('',(11.8,-11.8,0.5));
#3197 = DIRECTION('',(-0.,-0.,-1.));
#3198 = DIRECTION('',(1.,0.,-0.));
#3199 = DEFINITIONAL_REPRESENTATION('',(#3200),#3204);
#3200 = LINE('',#3201,#3202);
#3201 = CARTESIAN_POINT('',(0.,0.));
#3202 = VECTOR('',#3203,1.);
#3203 = DIRECTION('',(1.,0.));
#3204 = ( GEOMETRIC_REPRESENTATION_CONTEXT(2)
PARAMETRIC_REPRESENTATION_CONTEXT() REPRESENTATION_CONTEXT('2D SPACE',''
  ) );
#3205 = ORIENTED_EDGE('',*,*,#3206,.T.);
#3206 = EDGE_CURVE('',#3178,#3207,#3209,.T.);
#3207 = VERTEX_POINT('',#3208);
#3208 = CARTESIAN_POINT('',(14.778487989169,-12.15862138583,3.2));
#3209 = SURFACE_CURVE('',#3210,(#3214,#3220),.PCURVE_S1.);
#3210 = LINE('',#3211,#3212);
#3211 = CARTESIAN_POINT('',(14.778487989169,-12.15862138583,0.));
#3212 = VECTOR('',#3213,1.);
#3213 = DIRECTION('',(0.,0.,1.));
#3214 = PCURVE('',#1232,#3215);
#3215 = DEFINITIONAL_REPRESENTATION('',(#3216),#3219);
#3216 = B_SPLINE_CURVE_WITH_KNOTS('',1,(#3217,#3218),.UNSPECIFIED.,.F.,
  .F.,(2,2),(0.4999994,3.2000006),.PIECEWISE_BEZIER_KNOTS.);
#3217 = CARTESIAN_POINT('',(-0.119827012428,0.4999994));
#3218 = CARTESIAN_POINT('',(-0.119827012428,3.2000006));
#3219 = ( GEOMETRIC_REPRESENTATION_CONTEXT(2)
PARAMETRIC_REPRESENTATION_CONTEXT() REPRESENTATION_CONTEXT('2D SPACE',''
  ) );
#3220 = PCURVE('',#3221,#3226);
#3221 = CYLINDRICAL_SURFACE('',#3222,2.85);
#3222 = AXIS2_PLACEMENT_3D('',#3223,#3224,#3225);
#3223 = CARTESIAN_POINT('',(15.,-15.,0.5));
#3224 = DIRECTION('',(0.,0.,1.));
#3225 = DIRECTION('',(1.,0.,-0.));
#3226 = DEFINITIONAL_REPRESENTATION('',(#3227),#3230);
#3227 = B_SPLINE_CURVE_WITH_KNOTS('',1,(#3228,#3229),.UNSPECIFIED.,.F.,
  .F.,(2,2),(0.4999994,3.2000006),.PIECEWISE_BEZIER_KNOTS.);
#3228 = CARTESIAN_POINT('',(1.648598306766,-6.000000000728E-07));
#3229 = CARTESIAN_POINT('',(1.648598306766,2.7000006));
#3230 = ( GEOMETRIC_REPRESENTATION_CONTEXT(2)
PARAMETRIC_REPRESENTATION_CONTEXT() REPRESENTATION_CONTEXT('2D SPACE',''
  ) );
#3231 = ORIENTED_EDGE('',*,*,#3232,.F.);
#3232 = EDGE_CURVE('',#3233,#3207,#3235,.T.);
#3233 = VERTEX_POINT('',#3234);
#3234 = CARTESIAN_POINT('',(12.158621385831,-14.77848798916,3.2));
#3235 = SURFACE_CURVE('',#3236,(#3241,#3248),.PCURVE_S1.);
#3236 = CIRCLE('',#3237,3.);
#3237 = AXIS2_PLACEMENT_3D('',#3238,#3239,#3240);
#3238 = CARTESIAN_POINT('',(11.8,-11.8,3.2));
#3239 = DIRECTION('',(0.,0.,1.));
#3240 = DIRECTION('',(1.,0.,-0.));
#3241 = PCURVE('',#1232,#3242);
#3242 = DEFINITIONAL_REPRESENTATION('',(#3243),#3247);
#3243 = LINE('',#3244,#3245);
#3244 = CARTESIAN_POINT('',(-6.28318530718,3.2));
#3245 = VECTOR('',#3246,1.);
#3246 = DIRECTION('',(1.,-0.));
#3247 = ( GEOMETRIC_REPRESENTATION_CONTEXT(2)
PARAMETRIC_REPRESENTATION_CONTEXT() REPRESENTATION_CONTEXT('2D SPACE',''
  ) );
#3248 = PCURVE('',#3249,#3254);
#3249 = PLANE('',#3250);
#3250 = AXIS2_PLACEMENT_3D('',#3251,#3252,#3253);
#3251 = CARTESIAN_POINT('',(15.,-15.,3.2));
#3252 = DIRECTION('',(0.,0.,1.));
#3253 = DIRECTION('',(1.,0.,-0.));
#3254 = DEFINITIONAL_REPRESENTATION('',(#3255),#3259);
#3255 = CIRCLE('',#3256,3.);
#3256 = AXIS2_PLACEMENT_2D('',#3257,#3258);
#3257 = CARTESIAN_POINT('',(-3.2,3.2));
#3258 = DIRECTION('',(1.,0.));
#3259 = ( GEOMETRIC_REPRESENTATION_CONTEXT(2)
PARAMETRIC_REPRESENTATION_CONTEXT() REPRESENTATION_CONTEXT('2D SPACE',''
  ) );
#3260 = ORIENTED_EDGE('',*,*,#3261,.F.);
#3261 = EDGE_CURVE('',#3262,#3233,#3264,.T.);
#3262 = VERTEX_POINT('',#3263);
#3263 = CARTESIAN_POINT('',(12.158621385831,-14.77848798916,0.5));
#3264 = SURFACE_CURVE('',#3265,(#3269,#3275),.PCURVE_S1.);
#3265 = LINE('',#3266,#3267);
#3266 = CARTESIAN_POINT('',(12.158621385831,-14.77848798916,0.));
#3267 = VECTOR('',#3268,1.);
#3268 = DIRECTION('',(0.,0.,1.));
#3269 = PCURVE('',#1232,#3270);
#3270 = DEFINITIONAL_REPRESENTATION('',(#3271),#3274);
#3271 = B_SPLINE_CURVE_WITH_KNOTS('',1,(#3272,#3273),.UNSPECIFIED.,.F.,
  .F.,(2,2),(0.4999994,3.2000006),.PIECEWISE_BEZIER_KNOTS.);
#3272 = CARTESIAN_POINT('',(-1.450969314366,0.4999994));
#3273 = CARTESIAN_POINT('',(-1.450969314366,3.2000006));
#3274 = ( GEOMETRIC_REPRESENTATION_CONTEXT(2)
PARAMETRIC_REPRESENTATION_CONTEXT() REPRESENTATION_CONTEXT('2D SPACE',''
  ) );
#3275 = PCURVE('',#3221,#3276);
#3276 = DEFINITIONAL_REPRESENTATION('',(#3277),#3280);
#3277 = B_SPLINE_CURVE_WITH_KNOTS('',1,(#3278,#3279),.UNSPECIFIED.,.F.,
  .F.,(2,2),(0.4999994,3.2000006),.PIECEWISE_BEZIER_KNOTS.);
#3278 = CARTESIAN_POINT('',(3.063790673619,-6.000000000728E-07));
#3279 = CARTESIAN_POINT('',(3.063790673619,2.7000006));
#3280 = ( GEOMETRIC_REPRESENTATION_CONTEXT(2)
PARAMETRIC_REPRESENTATION_CONTEXT() REPRESENTATION_CONTEXT('2D SPACE',''
  ) );
#3281 = ORIENTED_EDGE('',*,*,#3282,.T.);
#3282 = EDGE_CURVE('',#3262,#1217,#3283,.T.);
#3283 = SURFACE_CURVE('',#3284,(#3289,#3296),.PCURVE_S1.);
#3284 = CIRCLE('',#3285,3.);
#3285 = AXIS2_PLACEMENT_3D('',#3286,#3287,#3288);
#3286 = CARTESIAN_POINT('',(11.8,-11.8,0.5));
#3287 = DIRECTION('',(0.,-0.,-1.));
#3288 = DIRECTION('',(1.,0.,-0.));
#3289 = PCURVE('',#1232,#3290);
#3290 = DEFINITIONAL_REPRESENTATION('',(#3291),#3295);
#3291 = LINE('',#3292,#3293);
#3292 = CARTESIAN_POINT('',(-0.,0.5));
#3293 = VECTOR('',#3294,1.);
#3294 = DIRECTION('',(-1.,0.));
#3295 = ( GEOMETRIC_REPRESENTATION_CONTEXT(2)
PARAMETRIC_REPRESENTATION_CONTEXT() REPRESENTATION_CONTEXT('2D SPACE',''
  ) );
#3296 = PCURVE('',#3018,#3297);
#3297 = DEFINITIONAL_REPRESENTATION('',(#3298),#3302);
#3298 = LINE('',#3299,#3300);
#3299 = CARTESIAN_POINT('',(0.,0.));
#3300 = VECTOR('',#3301,1.);
#3301 = DIRECTION('',(1.,0.));
#3302 = ( GEOMETRIC_REPRESENTATION_CONTEXT(2)
PARAMETRIC_REPRESENTATION_CONTEXT() REPRESENTATION_CONTEXT('2D SPACE',''
  ) );
#3303 = ORIENTED_EDGE('',*,*,#1216,.T.);
#3304 = ORIENTED_EDGE('',*,*,#3305,.F.);
#3305 = EDGE_CURVE('',#3150,#1194,#3306,.T.);
#3306 = SURFACE_CURVE('',#3307,(#3312,#3319),.PCURVE_S1.);
#3307 = CIRCLE('',#3308,3.);
#3308 = AXIS2_PLACEMENT_3D('',#3309,#3310,#3311);
#3309 = CARTESIAN_POINT('',(11.8,-11.8,5.15));
#3310 = DIRECTION('',(0.,-0.,-1.));
#3311 = DIRECTION('',(1.,0.,-0.));
#3312 = PCURVE('',#1232,#3313);
#3313 = DEFINITIONAL_REPRESENTATION('',(#3314),#3318);
#3314 = LINE('',#3315,#3316);
#3315 = CARTESIAN_POINT('',(-0.,5.15));
#3316 = VECTOR('',#3317,1.);
#3317 = DIRECTION('',(-1.,0.));
#3318 = ( GEOMETRIC_REPRESENTATION_CONTEXT(2)
PARAMETRIC_REPRESENTATION_CONTEXT() REPRESENTATION_CONTEXT('2D SPACE',''
  ) );
#3319 = PCURVE('',#1588,#3320);
#3320 = DEFINITIONAL_REPRESENTATION('',(#3321),#3325);
#3321 = LINE('',#3322,#3323);
#3322 = CARTESIAN_POINT('',(-0.,0.));
#3323 = VECTOR('',#3324,1.);
#3324 = DIRECTION('',(-1.,0.));
#3325 = ( GEOMETRIC_REPRESENTATION_CONTEXT(2)
PARAMETRIC_REPRESENTATION_CONTEXT() REPRESENTATION_CONTEXT('2D SPACE',''
  ) );
#3326 = ADVANCED_FACE('',(#3327),#1677,.T.);
#3327 = FACE_BOUND('',#3328,.T.);
#3328 = EDGE_LOOP('',(#3329,#3330,#3331,#3351));
#3329 = ORIENTED_EDGE('',*,*,#1942,.T.);
#3330 = ORIENTED_EDGE('',*,*,#1661,.T.);
#3331 = ORIENTED_EDGE('',*,*,#3332,.F.);
#3332 = EDGE_CURVE('',#1996,#1629,#3333,.T.);
#3333 = SURFACE_CURVE('',#3334,(#3339,#3345),.PCURVE_S1.);
#3334 = CIRCLE('',#3335,0.35);
#3335 = AXIS2_PLACEMENT_3D('',#3336,#3337,#3338);
#3336 = CARTESIAN_POINT('',(11.8,14.45,5.15));
#3337 = DIRECTION('',(1.,0.,0.));
#3338 = DIRECTION('',(-0.,1.,0.));
#3339 = PCURVE('',#1677,#3340);
#3340 = DEFINITIONAL_REPRESENTATION('',(#3341),#3344);
#3341 = B_SPLINE_CURVE_WITH_KNOTS('',1,(#3342,#3343),.UNSPECIFIED.,.F.,
  .F.,(2,2),(0.,1.570796326795),.PIECEWISE_BEZIER_KNOTS.);
#3342 = CARTESIAN_POINT('',(0.,23.6));
#3343 = CARTESIAN_POINT('',(1.570796326795,23.6));
#3344 = ( GEOMETRIC_REPRESENTATION_CONTEXT(2)
PARAMETRIC_REPRESENTATION_CONTEXT() REPRESENTATION_CONTEXT('2D SPACE',''
  ) );
#3345 = PCURVE('',#1649,#3346);
#3346 = DEFINITIONAL_REPRESENTATION('',(#3347),#3350);
#3347 = B_SPLINE_CURVE_WITH_KNOTS('',1,(#3348,#3349),.UNSPECIFIED.,.F.,
  .F.,(2,2),(0.,1.570796326795),.PIECEWISE_BEZIER_KNOTS.);
#3348 = CARTESIAN_POINT('',(0.,0.));
#3349 = CARTESIAN_POINT('',(0.,1.570796326795));
#3350 = ( GEOMETRIC_REPRESENTATION_CONTEXT(2)
PARAMETRIC_REPRESENTATION_CONTEXT() REPRESENTATION_CONTEXT('2D SPACE',''
  ) );
#3351 = ORIENTED_EDGE('',*,*,#1995,.F.);
#3352 = ADVANCED_FACE('',(#3353),#1588,.T.);
#3353 = FACE_BOUND('',#3354,.F.);
#3354 = EDGE_LOOP('',(#3355,#3375,#3376,#3377));
#3355 = ORIENTED_EDGE('',*,*,#3356,.F.);
#3356 = EDGE_CURVE('',#3150,#1568,#3357,.T.);
#3357 = SURFACE_CURVE('',#3358,(#3363,#3369),.PCURVE_S1.);
#3358 = CIRCLE('',#3359,0.35);
#3359 = AXIS2_PLACEMENT_3D('',#3360,#3361,#3362);
#3360 = CARTESIAN_POINT('',(14.45,-11.8,5.15));
#3361 = DIRECTION('',(0.,-1.,-0.));
#3362 = DIRECTION('',(1.,0.,-0.));
#3363 = PCURVE('',#1588,#3364);
#3364 = DEFINITIONAL_REPRESENTATION('',(#3365),#3368);
#3365 = B_SPLINE_CURVE_WITH_KNOTS('',1,(#3366,#3367),.UNSPECIFIED.,.F.,
  .F.,(2,2),(0.,1.570796326795),.PIECEWISE_BEZIER_KNOTS.);
#3366 = CARTESIAN_POINT('',(0.,0.));
#3367 = CARTESIAN_POINT('',(0.,1.570796326795));
#3368 = ( GEOMETRIC_REPRESENTATION_CONTEXT(2)
PARAMETRIC_REPRESENTATION_CONTEXT() REPRESENTATION_CONTEXT('2D SPACE',''
  ) );
#3369 = PCURVE('',#1616,#3370);
#3370 = DEFINITIONAL_REPRESENTATION('',(#3371),#3374);
#3371 = B_SPLINE_CURVE_WITH_KNOTS('',1,(#3372,#3373),.UNSPECIFIED.,.F.,
  .F.,(2,2),(0.,1.570796326795),.PIECEWISE_BEZIER_KNOTS.);
#3372 = CARTESIAN_POINT('',(0.,23.6));
#3373 = CARTESIAN_POINT('',(1.570796326795,23.6));
#3374 = ( GEOMETRIC_REPRESENTATION_CONTEXT(2)
PARAMETRIC_REPRESENTATION_CONTEXT() REPRESENTATION_CONTEXT('2D SPACE',''
  ) );
#3375 = ORIENTED_EDGE('',*,*,#3305,.T.);
#3376 = ORIENTED_EDGE('',*,*,#2836,.T.);
#3377 = ORIENTED_EDGE('',*,*,#1567,.F.);
#3378 = ADVANCED_FACE('',(#3379),#1649,.T.);
#3379 = FACE_BOUND('',#3380,.F.);
#3380 = EDGE_LOOP('',(#3381,#3382,#3406,#3426));
#3381 = ORIENTED_EDGE('',*,*,#3332,.F.);
#3382 = ORIENTED_EDGE('',*,*,#3383,.T.);
#3383 = EDGE_CURVE('',#1996,#3384,#3386,.T.);
#3384 = VERTEX_POINT('',#3385);
#3385 = CARTESIAN_POINT('',(14.8,11.8,5.15));
#3386 = SURFACE_CURVE('',#3387,(#3392,#3399),.PCURVE_S1.);
#3387 = CIRCLE('',#3388,3.);
#3388 = AXIS2_PLACEMENT_3D('',#3389,#3390,#3391);
#3389 = CARTESIAN_POINT('',(11.8,11.8,5.15));
#3390 = DIRECTION('',(0.,-0.,-1.));
#3391 = DIRECTION('',(0.,1.,-0.));
#3392 = PCURVE('',#1649,#3393);
#3393 = DEFINITIONAL_REPRESENTATION('',(#3394),#3398);
#3394 = LINE('',#3395,#3396);
#3395 = CARTESIAN_POINT('',(-0.,0.));
#3396 = VECTOR('',#3397,1.);
#3397 = DIRECTION('',(-1.,0.));
#3398 = ( GEOMETRIC_REPRESENTATION_CONTEXT(2)
PARAMETRIC_REPRESENTATION_CONTEXT() REPRESENTATION_CONTEXT('2D SPACE',''
  ) );
#3399 = PCURVE('',#2034,#3400);
#3400 = DEFINITIONAL_REPRESENTATION('',(#3401),#3405);
#3401 = LINE('',#3402,#3403);
#3402 = CARTESIAN_POINT('',(1.570796326795,5.15));
#3403 = VECTOR('',#3404,1.);
#3404 = DIRECTION('',(-1.,-0.));
#3405 = ( GEOMETRIC_REPRESENTATION_CONTEXT(2)
PARAMETRIC_REPRESENTATION_CONTEXT() REPRESENTATION_CONTEXT('2D SPACE',''
  ) );
#3406 = ORIENTED_EDGE('',*,*,#3407,.T.);
#3407 = EDGE_CURVE('',#3384,#1601,#3408,.T.);
#3408 = SURFACE_CURVE('',#3409,(#3414,#3420),.PCURVE_S1.);
#3409 = CIRCLE('',#3410,0.35);
#3410 = AXIS2_PLACEMENT_3D('',#3411,#3412,#3413);
#3411 = CARTESIAN_POINT('',(14.45,11.8,5.15));
#3412 = DIRECTION('',(6.123233995737E-17,-1.,0.));
#3413 = DIRECTION('',(1.,6.123233995737E-17,0.));
#3414 = PCURVE('',#1649,#3415);
#3415 = DEFINITIONAL_REPRESENTATION('',(#3416),#3419);
#3416 = B_SPLINE_CURVE_WITH_KNOTS('',1,(#3417,#3418),.UNSPECIFIED.,.F.,
  .F.,(2,2),(0.,1.570796326795),.PIECEWISE_BEZIER_KNOTS.);
#3417 = CARTESIAN_POINT('',(-1.570796326795,0.));
#3418 = CARTESIAN_POINT('',(-1.570796326795,1.570796326795));
#3419 = ( GEOMETRIC_REPRESENTATION_CONTEXT(2)
PARAMETRIC_REPRESENTATION_CONTEXT() REPRESENTATION_CONTEXT('2D SPACE',''
  ) );
#3420 = PCURVE('',#1616,#3421);
#3421 = DEFINITIONAL_REPRESENTATION('',(#3422),#3425);
#3422 = B_SPLINE_CURVE_WITH_KNOTS('',1,(#3423,#3424),.UNSPECIFIED.,.F.,
  .F.,(2,2),(0.,1.570796326795),.PIECEWISE_BEZIER_KNOTS.);
#3423 = CARTESIAN_POINT('',(0.,0.));
#3424 = CARTESIAN_POINT('',(1.570796326795,0.));
#3425 = ( GEOMETRIC_REPRESENTATION_CONTEXT(2)
PARAMETRIC_REPRESENTATION_CONTEXT() REPRESENTATION_CONTEXT('2D SPACE',''
  ) );
#3426 = ORIENTED_EDGE('',*,*,#1628,.F.);
#3427 = ADVANCED_FACE('',(#3428),#1616,.T.);
#3428 = FACE_BOUND('',#3429,.T.);
#3429 = EDGE_LOOP('',(#3430,#3431,#3432,#3433));
#3430 = ORIENTED_EDGE('',*,*,#3407,.T.);
#3431 = ORIENTED_EDGE('',*,*,#1600,.T.);
#3432 = ORIENTED_EDGE('',*,*,#3356,.F.);
#3433 = ORIENTED_EDGE('',*,*,#3434,.F.);
#3434 = EDGE_CURVE('',#3384,#3150,#3435,.T.);
#3435 = SURFACE_CURVE('',#3436,(#3440,#3447),.PCURVE_S1.);
#3436 = LINE('',#3437,#3438);
#3437 = CARTESIAN_POINT('',(14.8,11.8,5.15));
#3438 = VECTOR('',#3439,1.);
#3439 = DIRECTION('',(-0.,-1.,-0.));
#3440 = PCURVE('',#1616,#3441);
#3441 = DEFINITIONAL_REPRESENTATION('',(#3442),#3446);
#3442 = LINE('',#3443,#3444);
#3443 = CARTESIAN_POINT('',(0.,0.));
#3444 = VECTOR('',#3445,1.);
#3445 = DIRECTION('',(0.,1.));
#3446 = ( GEOMETRIC_REPRESENTATION_CONTEXT(2)
PARAMETRIC_REPRESENTATION_CONTEXT() REPRESENTATION_CONTEXT('2D SPACE',''
  ) );
#3447 = PCURVE('',#3165,#3448);
#3448 = DEFINITIONAL_REPRESENTATION('',(#3449),#3453);
#3449 = LINE('',#3450,#3451);
#3450 = CARTESIAN_POINT('',(5.15,-26.6));
#3451 = VECTOR('',#3452,1.);
#3452 = DIRECTION('',(-0.,1.));
#3453 = ( GEOMETRIC_REPRESENTATION_CONTEXT(2)
PARAMETRIC_REPRESENTATION_CONTEXT() REPRESENTATION_CONTEXT('2D SPACE',''
  ) );
#3454 = ADVANCED_FACE('',(#3455),#1736,.F.);
#3455 = FACE_BOUND('',#3456,.F.);
#3456 = EDGE_LOOP('',(#3457,#3480,#3509,#3530));
#3457 = ORIENTED_EDGE('',*,*,#3458,.F.);
#3458 = EDGE_CURVE('',#3459,#1718,#3461,.T.);
#3459 = VERTEX_POINT('',#3460);
#3460 = CARTESIAN_POINT('',(-13.8,-11.8,4.7));
#3461 = SURFACE_CURVE('',#3462,(#3466,#3473),.PCURVE_S1.);
#3462 = LINE('',#3463,#3464);
#3463 = CARTESIAN_POINT('',(-13.8,-11.8,4.7));
#3464 = VECTOR('',#3465,1.);
#3465 = DIRECTION('',(0.,0.,1.));
#3466 = PCURVE('',#1736,#3467);
#3467 = DEFINITIONAL_REPRESENTATION('',(#3468),#3472);
#3468 = LINE('',#3469,#3470);
#3469 = CARTESIAN_POINT('',(0.,0.));
#3470 = VECTOR('',#3471,1.);
#3471 = DIRECTION('',(0.,1.));
#3472 = ( GEOMETRIC_REPRESENTATION_CONTEXT(2)
PARAMETRIC_REPRESENTATION_CONTEXT() REPRESENTATION_CONTEXT('2D SPACE',''
  ) );
#3473 = PCURVE('',#1763,#3474);
#3474 = DEFINITIONAL_REPRESENTATION('',(#3475),#3479);
#3475 = LINE('',#3476,#3477);
#3476 = CARTESIAN_POINT('',(0.,-2.));
#3477 = VECTOR('',#3478,1.);
#3478 = DIRECTION('',(1.,0.));
#3479 = ( GEOMETRIC_REPRESENTATION_CONTEXT(2)
PARAMETRIC_REPRESENTATION_CONTEXT() REPRESENTATION_CONTEXT('2D SPACE',''
  ) );
#3480 = ORIENTED_EDGE('',*,*,#3481,.T.);
#3481 = EDGE_CURVE('',#3459,#3482,#3484,.T.);
#3482 = VERTEX_POINT('',#3483);
#3483 = CARTESIAN_POINT('',(-11.8,-13.8,4.7));
#3484 = SURFACE_CURVE('',#3485,(#3490,#3497),.PCURVE_S1.);
#3485 = CIRCLE('',#3486,2.);
#3486 = AXIS2_PLACEMENT_3D('',#3487,#3488,#3489);
#3487 = CARTESIAN_POINT('',(-11.8,-11.8,4.7));
#3488 = DIRECTION('',(0.,0.,1.));
#3489 = DIRECTION('',(0.,-1.,0.));
#3490 = PCURVE('',#1736,#3491);
#3491 = DEFINITIONAL_REPRESENTATION('',(#3492),#3496);
#3492 = LINE('',#3493,#3494);
#3493 = CARTESIAN_POINT('',(-4.712388980385,0.));
#3494 = VECTOR('',#3495,1.);
#3495 = DIRECTION('',(1.,0.));
#3496 = ( GEOMETRIC_REPRESENTATION_CONTEXT(2)
PARAMETRIC_REPRESENTATION_CONTEXT() REPRESENTATION_CONTEXT('2D SPACE',''
  ) );
#3497 = PCURVE('',#3498,#3503);
#3498 = PLANE('',#3499);
#3499 = AXIS2_PLACEMENT_3D('',#3500,#3501,#3502);
#3500 = CARTESIAN_POINT('',(-13.8,-13.8,4.7));
#3501 = DIRECTION('',(0.,0.,1.));
#3502 = DIRECTION('',(1.,0.,0.));
#3503 = DEFINITIONAL_REPRESENTATION('',(#3504),#3508);
#3504 = CIRCLE('',#3505,2.);
#3505 = AXIS2_PLACEMENT_2D('',#3506,#3507);
#3506 = CARTESIAN_POINT('',(2.,2.));
#3507 = DIRECTION('',(0.,-1.));
#3508 = ( GEOMETRIC_REPRESENTATION_CONTEXT(2)
PARAMETRIC_REPRESENTATION_CONTEXT() REPRESENTATION_CONTEXT('2D SPACE',''
  ) );
#3509 = ORIENTED_EDGE('',*,*,#3510,.T.);
#3510 = EDGE_CURVE('',#3482,#1720,#3511,.T.);
#3511 = SURFACE_CURVE('',#3512,(#3516,#3523),.PCURVE_S1.);
#3512 = LINE('',#3513,#3514);
#3513 = CARTESIAN_POINT('',(-11.8,-13.8,4.7));
#3514 = VECTOR('',#3515,1.);
#3515 = DIRECTION('',(0.,0.,1.));
#3516 = PCURVE('',#1736,#3517);
#3517 = DEFINITIONAL_REPRESENTATION('',(#3518),#3522);
#3518 = LINE('',#3519,#3520);
#3519 = CARTESIAN_POINT('',(1.570796326795,0.));
#3520 = VECTOR('',#3521,1.);
#3521 = DIRECTION('',(0.,1.));
#3522 = ( GEOMETRIC_REPRESENTATION_CONTEXT(2)
PARAMETRIC_REPRESENTATION_CONTEXT() REPRESENTATION_CONTEXT('2D SPACE',''
  ) );
#3523 = PCURVE('',#1926,#3524);
#3524 = DEFINITIONAL_REPRESENTATION('',(#3525),#3529);
#3525 = LINE('',#3526,#3527);
#3526 = CARTESIAN_POINT('',(0.,2.));
#3527 = VECTOR('',#3528,1.);
#3528 = DIRECTION('',(1.,0.));
#3529 = ( GEOMETRIC_REPRESENTATION_CONTEXT(2)
PARAMETRIC_REPRESENTATION_CONTEXT() REPRESENTATION_CONTEXT('2D SPACE',''
  ) );
#3530 = ORIENTED_EDGE('',*,*,#1717,.F.);
#3531 = ADVANCED_FACE('',(#3532),#1926,.T.);
#3532 = FACE_BOUND('',#3533,.T.);
#3533 = EDGE_LOOP('',(#3534,#3557,#3558,#3559));
#3534 = ORIENTED_EDGE('',*,*,#3535,.F.);
#3535 = EDGE_CURVE('',#3482,#3536,#3538,.T.);
#3536 = VERTEX_POINT('',#3537);
#3537 = CARTESIAN_POINT('',(11.8,-13.8,4.7));
#3538 = SURFACE_CURVE('',#3539,(#3543,#3550),.PCURVE_S1.);
#3539 = LINE('',#3540,#3541);
#3540 = CARTESIAN_POINT('',(-13.8,-13.8,4.7));
#3541 = VECTOR('',#3542,1.);
#3542 = DIRECTION('',(1.,0.,0.));
#3543 = PCURVE('',#1926,#3544);
#3544 = DEFINITIONAL_REPRESENTATION('',(#3545),#3549);
#3545 = LINE('',#3546,#3547);
#3546 = CARTESIAN_POINT('',(0.,0.));
#3547 = VECTOR('',#3548,1.);
#3548 = DIRECTION('',(0.,1.));
#3549 = ( GEOMETRIC_REPRESENTATION_CONTEXT(2)
PARAMETRIC_REPRESENTATION_CONTEXT() REPRESENTATION_CONTEXT('2D SPACE',''
  ) );
#3550 = PCURVE('',#3498,#3551);
#3551 = DEFINITIONAL_REPRESENTATION('',(#3552),#3556);
#3552 = LINE('',#3553,#3554);
#3553 = CARTESIAN_POINT('',(0.,0.));
#3554 = VECTOR('',#3555,1.);
#3555 = DIRECTION('',(1.,0.));
#3556 = ( GEOMETRIC_REPRESENTATION_CONTEXT(2)
PARAMETRIC_REPRESENTATION_CONTEXT() REPRESENTATION_CONTEXT('2D SPACE',''
  ) );
#3557 = ORIENTED_EDGE('',*,*,#3510,.T.);
#3558 = ORIENTED_EDGE('',*,*,#1913,.F.);
#3559 = ORIENTED_EDGE('',*,*,#3560,.F.);
#3560 = EDGE_CURVE('',#3536,#1885,#3561,.T.);
#3561 = SURFACE_CURVE('',#3562,(#3566,#3573),.PCURVE_S1.);
#3562 = LINE('',#3563,#3564);
#3563 = CARTESIAN_POINT('',(11.8,-13.8,4.7));
#3564 = VECTOR('',#3565,1.);
#3565 = DIRECTION('',(0.,0.,1.));
#3566 = PCURVE('',#1926,#3567);
#3567 = DEFINITIONAL_REPRESENTATION('',(#3568),#3572);
#3568 = LINE('',#3569,#3570);
#3569 = CARTESIAN_POINT('',(0.,25.6));
#3570 = VECTOR('',#3571,1.);
#3571 = DIRECTION('',(1.,0.));
#3572 = ( GEOMETRIC_REPRESENTATION_CONTEXT(2)
PARAMETRIC_REPRESENTATION_CONTEXT() REPRESENTATION_CONTEXT('2D SPACE',''
  ) );
#3573 = PCURVE('',#1901,#3574);
#3574 = DEFINITIONAL_REPRESENTATION('',(#3575),#3579);
#3575 = LINE('',#3576,#3577);
#3576 = CARTESIAN_POINT('',(-1.570796326795,0.));
#3577 = VECTOR('',#3578,1.);
#3578 = DIRECTION('',(-0.,1.));
#3579 = ( GEOMETRIC_REPRESENTATION_CONTEXT(2)
PARAMETRIC_REPRESENTATION_CONTEXT() REPRESENTATION_CONTEXT('2D SPACE',''
  ) );
#3580 = ADVANCED_FACE('',(#3581),#1901,.F.);
#3581 = FACE_BOUND('',#3582,.T.);
#3582 = EDGE_LOOP('',(#3583,#3606,#3632,#3633));
#3583 = ORIENTED_EDGE('',*,*,#3584,.F.);
#3584 = EDGE_CURVE('',#3585,#1859,#3587,.T.);
#3585 = VERTEX_POINT('',#3586);
#3586 = CARTESIAN_POINT('',(13.8,-11.8,4.7));
#3587 = SURFACE_CURVE('',#3588,(#3592,#3599),.PCURVE_S1.);
#3588 = LINE('',#3589,#3590);
#3589 = CARTESIAN_POINT('',(13.8,-11.8,4.7));
#3590 = VECTOR('',#3591,1.);
#3591 = DIRECTION('',(0.,0.,1.));
#3592 = PCURVE('',#1901,#3593);
#3593 = DEFINITIONAL_REPRESENTATION('',(#3594),#3598);
#3594 = LINE('',#3595,#3596);
#3595 = CARTESIAN_POINT('',(-0.,0.));
#3596 = VECTOR('',#3597,1.);
#3597 = DIRECTION('',(-0.,1.));
#3598 = ( GEOMETRIC_REPRESENTATION_CONTEXT(2)
PARAMETRIC_REPRESENTATION_CONTEXT() REPRESENTATION_CONTEXT('2D SPACE',''
  ) );
#3599 = PCURVE('',#1873,#3600);
#3600 = DEFINITIONAL_REPRESENTATION('',(#3601),#3605);
#3601 = LINE('',#3602,#3603);
#3602 = CARTESIAN_POINT('',(0.,-2.));
#3603 = VECTOR('',#3604,1.);
#3604 = DIRECTION('',(1.,0.));
#3605 = ( GEOMETRIC_REPRESENTATION_CONTEXT(2)
PARAMETRIC_REPRESENTATION_CONTEXT() REPRESENTATION_CONTEXT('2D SPACE',''
  ) );
#3606 = ORIENTED_EDGE('',*,*,#3607,.T.);
#3607 = EDGE_CURVE('',#3585,#3536,#3608,.T.);
#3608 = SURFACE_CURVE('',#3609,(#3614,#3621),.PCURVE_S1.);
#3609 = CIRCLE('',#3610,2.);
#3610 = AXIS2_PLACEMENT_3D('',#3611,#3612,#3613);
#3611 = CARTESIAN_POINT('',(11.8,-11.8,4.7));
#3612 = DIRECTION('',(-0.,-0.,-1.));
#3613 = DIRECTION('',(0.,-1.,0.));
#3614 = PCURVE('',#1901,#3615);
#3615 = DEFINITIONAL_REPRESENTATION('',(#3616),#3620);
#3616 = LINE('',#3617,#3618);
#3617 = CARTESIAN_POINT('',(4.712388980385,-0.));
#3618 = VECTOR('',#3619,1.);
#3619 = DIRECTION('',(-1.,0.));
#3620 = ( GEOMETRIC_REPRESENTATION_CONTEXT(2)
PARAMETRIC_REPRESENTATION_CONTEXT() REPRESENTATION_CONTEXT('2D SPACE',''
  ) );
#3621 = PCURVE('',#3498,#3622);
#3622 = DEFINITIONAL_REPRESENTATION('',(#3623),#3631);
#3623 = ( BOUNDED_CURVE() B_SPLINE_CURVE(2,(#3624,#3625,#3626,#3627,
#3628,#3629,#3630),.UNSPECIFIED.,.T.,.F.) B_SPLINE_CURVE_WITH_KNOTS((1,2
    ,2,2,2,1),(-2.094395102393,0.,2.094395102393,4.188790204786,
6.28318530718,8.377580409573),.UNSPECIFIED.) CURVE()
GEOMETRIC_REPRESENTATION_ITEM() RATIONAL_B_SPLINE_CURVE((1.,0.5,1.,0.5,
1.,0.5,1.)) REPRESENTATION_ITEM('') );
#3624 = CARTESIAN_POINT('',(25.6,0.));
#3625 = CARTESIAN_POINT('',(22.135898384862,0.));
#3626 = CARTESIAN_POINT('',(23.867949192431,3.));
#3627 = CARTESIAN_POINT('',(25.6,6.));
#3628 = CARTESIAN_POINT('',(27.332050807569,3.));
#3629 = CARTESIAN_POINT('',(29.064101615138,3.10862446895E-15));
#3630 = CARTESIAN_POINT('',(25.6,0.));
#3631 = ( GEOMETRIC_REPRESENTATION_CONTEXT(2)
PARAMETRIC_REPRESENTATION_CONTEXT() REPRESENTATION_CONTEXT('2D SPACE',''
  ) );
#3632 = ORIENTED_EDGE('',*,*,#3560,.T.);
#3633 = ORIENTED_EDGE('',*,*,#1884,.T.);
#3634 = ADVANCED_FACE('',(#3635),#1873,.F.);
#3635 = FACE_BOUND('',#3636,.F.);
#3636 = EDGE_LOOP('',(#3637,#3638,#3639,#3662));
#3637 = ORIENTED_EDGE('',*,*,#1858,.F.);
#3638 = ORIENTED_EDGE('',*,*,#3584,.F.);
#3639 = ORIENTED_EDGE('',*,*,#3640,.T.);
#3640 = EDGE_CURVE('',#3585,#3641,#3643,.T.);
#3641 = VERTEX_POINT('',#3642);
#3642 = CARTESIAN_POINT('',(13.8,11.8,4.7));
#3643 = SURFACE_CURVE('',#3644,(#3648,#3655),.PCURVE_S1.);
#3644 = LINE('',#3645,#3646);
#3645 = CARTESIAN_POINT('',(13.8,-13.8,4.7));
#3646 = VECTOR('',#3647,1.);
#3647 = DIRECTION('',(0.,1.,0.));
#3648 = PCURVE('',#1873,#3649);
#3649 = DEFINITIONAL_REPRESENTATION('',(#3650),#3654);
#3650 = LINE('',#3651,#3652);
#3651 = CARTESIAN_POINT('',(0.,0.));
#3652 = VECTOR('',#3653,1.);
#3653 = DIRECTION('',(0.,-1.));
#3654 = ( GEOMETRIC_REPRESENTATION_CONTEXT(2)
PARAMETRIC_REPRESENTATION_CONTEXT() REPRESENTATION_CONTEXT('2D SPACE',''
  ) );
#3655 = PCURVE('',#3498,#3656);
#3656 = DEFINITIONAL_REPRESENTATION('',(#3657),#3661);
#3657 = LINE('',#3658,#3659);
#3658 = CARTESIAN_POINT('',(27.6,0.));
#3659 = VECTOR('',#3660,1.);
#3660 = DIRECTION('',(0.,1.));
#3661 = ( GEOMETRIC_REPRESENTATION_CONTEXT(2)
PARAMETRIC_REPRESENTATION_CONTEXT() REPRESENTATION_CONTEXT('2D SPACE',''
  ) );
#3662 = ORIENTED_EDGE('',*,*,#3663,.T.);
#3663 = EDGE_CURVE('',#3641,#1830,#3664,.T.);
#3664 = SURFACE_CURVE('',#3665,(#3669,#3676),.PCURVE_S1.);
#3665 = LINE('',#3666,#3667);
#3666 = CARTESIAN_POINT('',(13.8,11.8,4.7));
#3667 = VECTOR('',#3668,1.);
#3668 = DIRECTION('',(0.,0.,1.));
#3669 = PCURVE('',#1873,#3670);
#3670 = DEFINITIONAL_REPRESENTATION('',(#3671),#3675);
#3671 = LINE('',#3672,#3673);
#3672 = CARTESIAN_POINT('',(0.,-25.6));
#3673 = VECTOR('',#3674,1.);
#3674 = DIRECTION('',(1.,0.));
#3675 = ( GEOMETRIC_REPRESENTATION_CONTEXT(2)
PARAMETRIC_REPRESENTATION_CONTEXT() REPRESENTATION_CONTEXT('2D SPACE',''
  ) );
#3676 = PCURVE('',#1846,#3677);
#3677 = DEFINITIONAL_REPRESENTATION('',(#3678),#3682);
#3678 = LINE('',#3679,#3680);
#3679 = CARTESIAN_POINT('',(0.,0.));
#3680 = VECTOR('',#3681,1.);
#3681 = DIRECTION('',(0.,1.));
#3682 = ( GEOMETRIC_REPRESENTATION_CONTEXT(2)
PARAMETRIC_REPRESENTATION_CONTEXT() REPRESENTATION_CONTEXT('2D SPACE',''
  ) );
#3683 = ADVANCED_FACE('',(#3684),#1846,.F.);
#3684 = FACE_BOUND('',#3685,.F.);
#3685 = EDGE_LOOP('',(#3686,#3687,#3711,#3732));
#3686 = ORIENTED_EDGE('',*,*,#3663,.F.);
#3687 = ORIENTED_EDGE('',*,*,#3688,.T.);
#3688 = EDGE_CURVE('',#3641,#3689,#3691,.T.);
#3689 = VERTEX_POINT('',#3690);
#3690 = CARTESIAN_POINT('',(11.8,13.8,4.7));
#3691 = SURFACE_CURVE('',#3692,(#3697,#3704),.PCURVE_S1.);
#3692 = CIRCLE('',#3693,2.);
#3693 = AXIS2_PLACEMENT_3D('',#3694,#3695,#3696);
#3694 = CARTESIAN_POINT('',(11.8,11.8,4.7));
#3695 = DIRECTION('',(0.,0.,1.));
#3696 = DIRECTION('',(0.,-1.,0.));
#3697 = PCURVE('',#1846,#3698);
#3698 = DEFINITIONAL_REPRESENTATION('',(#3699),#3703);
#3699 = LINE('',#3700,#3701);
#3700 = CARTESIAN_POINT('',(-1.570796326795,0.));
#3701 = VECTOR('',#3702,1.);
#3702 = DIRECTION('',(1.,0.));
#3703 = ( GEOMETRIC_REPRESENTATION_CONTEXT(2)
PARAMETRIC_REPRESENTATION_CONTEXT() REPRESENTATION_CONTEXT('2D SPACE',''
  ) );
#3704 = PCURVE('',#3498,#3705);
#3705 = DEFINITIONAL_REPRESENTATION('',(#3706),#3710);
#3706 = CIRCLE('',#3707,2.);
#3707 = AXIS2_PLACEMENT_2D('',#3708,#3709);
#3708 = CARTESIAN_POINT('',(25.6,25.6));
#3709 = DIRECTION('',(0.,-1.));
#3710 = ( GEOMETRIC_REPRESENTATION_CONTEXT(2)
PARAMETRIC_REPRESENTATION_CONTEXT() REPRESENTATION_CONTEXT('2D SPACE',''
  ) );
#3711 = ORIENTED_EDGE('',*,*,#3712,.T.);
#3712 = EDGE_CURVE('',#3689,#1804,#3713,.T.);
#3713 = SURFACE_CURVE('',#3714,(#3718,#3725),.PCURVE_S1.);
#3714 = LINE('',#3715,#3716);
#3715 = CARTESIAN_POINT('',(11.8,13.8,4.7));
#3716 = VECTOR('',#3717,1.);
#3717 = DIRECTION('',(0.,0.,1.));
#3718 = PCURVE('',#1846,#3719);
#3719 = DEFINITIONAL_REPRESENTATION('',(#3720),#3724);
#3720 = LINE('',#3721,#3722);
#3721 = CARTESIAN_POINT('',(1.570796326795,0.));
#3722 = VECTOR('',#3723,1.);
#3723 = DIRECTION('',(0.,1.));
#3724 = ( GEOMETRIC_REPRESENTATION_CONTEXT(2)
PARAMETRIC_REPRESENTATION_CONTEXT() REPRESENTATION_CONTEXT('2D SPACE',''
  ) );
#3725 = PCURVE('',#1818,#3726);
#3726 = DEFINITIONAL_REPRESENTATION('',(#3727),#3731);
#3727 = LINE('',#3728,#3729);
#3728 = CARTESIAN_POINT('',(0.,25.6));
#3729 = VECTOR('',#3730,1.);
#3730 = DIRECTION('',(1.,0.));
#3731 = ( GEOMETRIC_REPRESENTATION_CONTEXT(2)
PARAMETRIC_REPRESENTATION_CONTEXT() REPRESENTATION_CONTEXT('2D SPACE',''
  ) );
#3732 = ORIENTED_EDGE('',*,*,#1829,.F.);
#3733 = ADVANCED_FACE('',(#3734),#1818,.F.);
#3734 = FACE_BOUND('',#3735,.F.);
#3735 = EDGE_LOOP('',(#3736,#3759,#3780,#3781));
#3736 = ORIENTED_EDGE('',*,*,#3737,.F.);
#3737 = EDGE_CURVE('',#3738,#3689,#3740,.T.);
#3738 = VERTEX_POINT('',#3739);
#3739 = CARTESIAN_POINT('',(-11.8,13.8,4.7));
#3740 = SURFACE_CURVE('',#3741,(#3745,#3752),.PCURVE_S1.);
#3741 = LINE('',#3742,#3743);
#3742 = CARTESIAN_POINT('',(-13.8,13.8,4.7));
#3743 = VECTOR('',#3744,1.);
#3744 = DIRECTION('',(1.,0.,0.));
#3745 = PCURVE('',#1818,#3746);
#3746 = DEFINITIONAL_REPRESENTATION('',(#3747),#3751);
#3747 = LINE('',#3748,#3749);
#3748 = CARTESIAN_POINT('',(0.,0.));
#3749 = VECTOR('',#3750,1.);
#3750 = DIRECTION('',(0.,1.));
#3751 = ( GEOMETRIC_REPRESENTATION_CONTEXT(2)
PARAMETRIC_REPRESENTATION_CONTEXT() REPRESENTATION_CONTEXT('2D SPACE',''
  ) );
#3752 = PCURVE('',#3498,#3753);
#3753 = DEFINITIONAL_REPRESENTATION('',(#3754),#3758);
#3754 = LINE('',#3755,#3756);
#3755 = CARTESIAN_POINT('',(0.,27.6));
#3756 = VECTOR('',#3757,1.);
#3757 = DIRECTION('',(1.,0.));
#3758 = ( GEOMETRIC_REPRESENTATION_CONTEXT(2)
PARAMETRIC_REPRESENTATION_CONTEXT() REPRESENTATION_CONTEXT('2D SPACE',''
  ) );
#3759 = ORIENTED_EDGE('',*,*,#3760,.T.);
#3760 = EDGE_CURVE('',#3738,#1775,#3761,.T.);
#3761 = SURFACE_CURVE('',#3762,(#3766,#3773),.PCURVE_S1.);
#3762 = LINE('',#3763,#3764);
#3763 = CARTESIAN_POINT('',(-11.8,13.8,4.7));
#3764 = VECTOR('',#3765,1.);
#3765 = DIRECTION('',(0.,0.,1.));
#3766 = PCURVE('',#1818,#3767);
#3767 = DEFINITIONAL_REPRESENTATION('',(#3768),#3772);
#3768 = LINE('',#3769,#3770);
#3769 = CARTESIAN_POINT('',(0.,2.));
#3770 = VECTOR('',#3771,1.);
#3771 = DIRECTION('',(1.,0.));
#3772 = ( GEOMETRIC_REPRESENTATION_CONTEXT(2)
PARAMETRIC_REPRESENTATION_CONTEXT() REPRESENTATION_CONTEXT('2D SPACE',''
  ) );
#3773 = PCURVE('',#1791,#3774);
#3774 = DEFINITIONAL_REPRESENTATION('',(#3775),#3779);
#3775 = LINE('',#3776,#3777);
#3776 = CARTESIAN_POINT('',(-1.570796326795,0.));
#3777 = VECTOR('',#3778,1.);
#3778 = DIRECTION('',(-0.,1.));
#3779 = ( GEOMETRIC_REPRESENTATION_CONTEXT(2)
PARAMETRIC_REPRESENTATION_CONTEXT() REPRESENTATION_CONTEXT('2D SPACE',''
  ) );
#3780 = ORIENTED_EDGE('',*,*,#1803,.F.);
#3781 = ORIENTED_EDGE('',*,*,#3712,.F.);
#3782 = ADVANCED_FACE('',(#3783),#1791,.F.);
#3783 = FACE_BOUND('',#3784,.T.);
#3784 = EDGE_LOOP('',(#3785,#3808,#3834,#3835));
#3785 = ORIENTED_EDGE('',*,*,#3786,.F.);
#3786 = EDGE_CURVE('',#3787,#1749,#3789,.T.);
#3787 = VERTEX_POINT('',#3788);
#3788 = CARTESIAN_POINT('',(-13.8,11.8,4.7));
#3789 = SURFACE_CURVE('',#3790,(#3794,#3801),.PCURVE_S1.);
#3790 = LINE('',#3791,#3792);
#3791 = CARTESIAN_POINT('',(-13.8,11.8,4.7));
#3792 = VECTOR('',#3793,1.);
#3793 = DIRECTION('',(0.,0.,1.));
#3794 = PCURVE('',#1791,#3795);
#3795 = DEFINITIONAL_REPRESENTATION('',(#3796),#3800);
#3796 = LINE('',#3797,#3798);
#3797 = CARTESIAN_POINT('',(-0.,0.));
#3798 = VECTOR('',#3799,1.);
#3799 = DIRECTION('',(-0.,1.));
#3800 = ( GEOMETRIC_REPRESENTATION_CONTEXT(2)
PARAMETRIC_REPRESENTATION_CONTEXT() REPRESENTATION_CONTEXT('2D SPACE',''
  ) );
#3801 = PCURVE('',#1763,#3802);
#3802 = DEFINITIONAL_REPRESENTATION('',(#3803),#3807);
#3803 = LINE('',#3804,#3805);
#3804 = CARTESIAN_POINT('',(0.,-25.6));
#3805 = VECTOR('',#3806,1.);
#3806 = DIRECTION('',(1.,0.));
#3807 = ( GEOMETRIC_REPRESENTATION_CONTEXT(2)
PARAMETRIC_REPRESENTATION_CONTEXT() REPRESENTATION_CONTEXT('2D SPACE',''
  ) );
#3808 = ORIENTED_EDGE('',*,*,#3809,.T.);
#3809 = EDGE_CURVE('',#3787,#3738,#3810,.T.);
#3810 = SURFACE_CURVE('',#3811,(#3816,#3823),.PCURVE_S1.);
#3811 = CIRCLE('',#3812,2.);
#3812 = AXIS2_PLACEMENT_3D('',#3813,#3814,#3815);
#3813 = CARTESIAN_POINT('',(-11.8,11.8,4.7));
#3814 = DIRECTION('',(-0.,-0.,-1.));
#3815 = DIRECTION('',(0.,-1.,0.));
#3816 = PCURVE('',#1791,#3817);
#3817 = DEFINITIONAL_REPRESENTATION('',(#3818),#3822);
#3818 = LINE('',#3819,#3820);
#3819 = CARTESIAN_POINT('',(1.570796326795,-0.));
#3820 = VECTOR('',#3821,1.);
#3821 = DIRECTION('',(-1.,0.));
#3822 = ( GEOMETRIC_REPRESENTATION_CONTEXT(2)
PARAMETRIC_REPRESENTATION_CONTEXT() REPRESENTATION_CONTEXT('2D SPACE',''
  ) );
#3823 = PCURVE('',#3498,#3824);
#3824 = DEFINITIONAL_REPRESENTATION('',(#3825),#3833);
#3825 = ( BOUNDED_CURVE() B_SPLINE_CURVE(2,(#3826,#3827,#3828,#3829,
#3830,#3831,#3832),.UNSPECIFIED.,.T.,.F.) B_SPLINE_CURVE_WITH_KNOTS((1,2
    ,2,2,2,1),(-2.094395102393,0.,2.094395102393,4.188790204786,
6.28318530718,8.377580409573),.UNSPECIFIED.) CURVE()
GEOMETRIC_REPRESENTATION_ITEM() RATIONAL_B_SPLINE_CURVE((1.,0.5,1.,0.5,
1.,0.5,1.)) REPRESENTATION_ITEM('') );
#3826 = CARTESIAN_POINT('',(2.,23.6));
#3827 = CARTESIAN_POINT('',(-1.464101615138,23.6));
#3828 = CARTESIAN_POINT('',(0.267949192431,26.6));
#3829 = CARTESIAN_POINT('',(2.,29.6));
#3830 = CARTESIAN_POINT('',(3.732050807569,26.6));
#3831 = CARTESIAN_POINT('',(5.464101615138,23.6));
#3832 = CARTESIAN_POINT('',(2.,23.6));
#3833 = ( GEOMETRIC_REPRESENTATION_CONTEXT(2)
PARAMETRIC_REPRESENTATION_CONTEXT() REPRESENTATION_CONTEXT('2D SPACE',''
  ) );
#3834 = ORIENTED_EDGE('',*,*,#3760,.T.);
#3835 = ORIENTED_EDGE('',*,*,#1774,.T.);
#3836 = ADVANCED_FACE('',(#3837),#1763,.T.);
#3837 = FACE_BOUND('',#3838,.T.);
#3838 = EDGE_LOOP('',(#3839,#3840,#3841,#3862));
#3839 = ORIENTED_EDGE('',*,*,#1748,.F.);
#3840 = ORIENTED_EDGE('',*,*,#3458,.F.);
#3841 = ORIENTED_EDGE('',*,*,#3842,.T.);
#3842 = EDGE_CURVE('',#3459,#3787,#3843,.T.);
#3843 = SURFACE_CURVE('',#3844,(#3848,#3855),.PCURVE_S1.);
#3844 = LINE('',#3845,#3846);
#3845 = CARTESIAN_POINT('',(-13.8,-13.8,4.7));
#3846 = VECTOR('',#3847,1.);
#3847 = DIRECTION('',(0.,1.,0.));
#3848 = PCURVE('',#1763,#3849);
#3849 = DEFINITIONAL_REPRESENTATION('',(#3850),#3854);
#3850 = LINE('',#3851,#3852);
#3851 = CARTESIAN_POINT('',(0.,0.));
#3852 = VECTOR('',#3853,1.);
#3853 = DIRECTION('',(0.,-1.));
#3854 = ( GEOMETRIC_REPRESENTATION_CONTEXT(2)
PARAMETRIC_REPRESENTATION_CONTEXT() REPRESENTATION_CONTEXT('2D SPACE',''
  ) );
#3855 = PCURVE('',#3498,#3856);
#3856 = DEFINITIONAL_REPRESENTATION('',(#3857),#3861);
#3857 = LINE('',#3858,#3859);
#3858 = CARTESIAN_POINT('',(0.,0.));
#3859 = VECTOR('',#3860,1.);
#3860 = DIRECTION('',(0.,1.));
#3861 = ( GEOMETRIC_REPRESENTATION_CONTEXT(2)
PARAMETRIC_REPRESENTATION_CONTEXT() REPRESENTATION_CONTEXT('2D SPACE',''
  ) );
#3862 = ORIENTED_EDGE('',*,*,#3786,.T.);
#3863 = ADVANCED_FACE('',(#3864),#1982,.T.);
#3864 = FACE_BOUND('',#3865,.F.);
#3865 = EDGE_LOOP('',(#3866,#3867,#3868,#3869,#3870));
#3866 = ORIENTED_EDGE('',*,*,#1966,.F.);
#3867 = ORIENTED_EDGE('',*,*,#2199,.T.);
#3868 = ORIENTED_EDGE('',*,*,#2369,.T.);
#3869 = ORIENTED_EDGE('',*,*,#2706,.T.);
#3870 = ORIENTED_EDGE('',*,*,#3871,.F.);
#3871 = EDGE_CURVE('',#1967,#2678,#3872,.T.);
#3872 = SURFACE_CURVE('',#3873,(#3896,#3922),.PCURVE_S1.);
#3873 = B_SPLINE_CURVE_WITH_KNOTS('',6,(#3874,#3875,#3876,#3877,#3878,
    #3879,#3880,#3881,#3882,#3883,#3884,#3885,#3886,#3887,#3888,#3889,
    #3890,#3891,#3892,#3893,#3894,#3895),.UNSPECIFIED.,.F.,.F.,(7,5,5,5,
    7),(0.,0.404000584149,0.655999141071,0.912998795662,1.),
  .UNSPECIFIED.);
#3874 = CARTESIAN_POINT('',(-2.842973795166,14.8,0.5));
#3875 = CARTESIAN_POINT('',(-2.842973795166,14.8,0.44490525682));
#3876 = CARTESIAN_POINT('',(-2.84976357674,14.792715216602,
    0.389791656955));
#3877 = CARTESIAN_POINT('',(-2.863357094536,14.778134622701,
    0.336177753015));
#3878 = CARTESIAN_POINT('',(-2.883117768914,14.756796800412,
    0.285430364195));
#3879 = CARTESIAN_POINT('',(-2.908082501091,14.729510843442,
    0.238552858763));
#3880 = CARTESIAN_POINT('',(-2.955459054145,14.676998679099,
    0.169886839879));
#3881 = CARTESIAN_POINT('',(-2.975303697158,14.654853007714,
    0.145285446452));
#3882 = CARTESIAN_POINT('',(-2.99656072306,14.630940586722,
    0.122625193652));
#3883 = CARTESIAN_POINT('',(-3.018998647761,14.605473342402,
    0.102030788116));
#3884 = CARTESIAN_POINT('',(-3.042397000727,14.578661159958,
    8.359632950353E-02));
#3885 = CARTESIAN_POINT('',(-3.091194475963,14.52219316334,
    5.08718351257E-02));
#3886 = CARTESIAN_POINT('',(-3.116622414459,14.492493334436,
    3.667235261924E-02));
#3887 = CARTESIAN_POINT('',(-3.142626239609,14.461819000907,
    2.487323681698E-02));
#3888 = CARTESIAN_POINT('',(-3.169006561689,14.430382429443,
    1.553290429393E-02));
#3889 = CARTESIAN_POINT('',(-3.195576839084,14.398395365625,
    8.693740706534E-03));
#3890 = CARTESIAN_POINT('',(-3.231161820911,14.355127223274,
    2.925694429899E-03));
#3891 = CARTESIAN_POINT('',(-3.240163229294,14.344145641581,
    1.756835701328E-03));
#3892 = CARTESIAN_POINT('',(-3.249159402731,14.333133723465,
    8.790261267272E-04));
#3893 = CARTESIAN_POINT('',(-3.258143586693,14.322099841049,
    2.931769461842E-04));
#3894 = CARTESIAN_POINT('',(-3.267109123165,14.311052432535,
    -1.545738218557E-09));
#3895 = CARTESIAN_POINT('',(-3.276049450648,14.300000002206,0.));
#3896 = PCURVE('',#1982,#3897);
#3897 = DEFINITIONAL_REPRESENTATION('',(#3898),#3921);
#3898 = B_SPLINE_CURVE_WITH_KNOTS('',6,(#3899,#3900,#3901,#3902,#3903,
    #3904,#3905,#3906,#3907,#3908,#3909,#3910,#3911,#3912,#3913,#3914,
    #3915,#3916,#3917,#3918,#3919,#3920),.UNSPECIFIED.,.F.,.F.,(7,5,5,5,
    7),(0.,0.404000584149,0.655999141071,0.912998795662,1.),
  .UNSPECIFIED.);
#3899 = CARTESIAN_POINT('',(8.881784197001E-16,8.957026204834));
#3900 = CARTESIAN_POINT('',(-0.11018948636,8.957026204834));
#3901 = CARTESIAN_POINT('',(-0.220416082345,8.95023642326));
#3902 = CARTESIAN_POINT('',(-0.33005501895,8.936642905464));
#3903 = CARTESIAN_POINT('',(-0.438774863888,8.916882231086));
#3904 = CARTESIAN_POINT('',(-0.546398984064,8.891917498909));
#3905 = CARTESIAN_POINT('',(-0.7192868038,8.844540945855));
#3906 = CARTESIAN_POINT('',(-0.785276034288,8.824696302842));
#3907 = CARTESIAN_POINT('',(-0.850856404261,8.80343927694));
#3908 = CARTESIAN_POINT('',(-0.916062730753,8.781001352239));
#3909 = CARTESIAN_POINT('',(-0.980945848203,8.757602999273));
#3910 = CARTESIAN_POINT('',(-1.111475954681,8.708805524037));
#3911 = CARTESIAN_POINT('',(-1.177108637774,8.683377585541));
#3912 = CARTESIAN_POINT('',(-1.242535838907,8.657373760391));
#3913 = CARTESIAN_POINT('',(-1.307825415782,8.630993438311));
#3914 = CARTESIAN_POINT('',(-1.373046056933,8.604423160916));
#3915 = CARTESIAN_POINT('',(-1.460347889684,8.568838179089));
#3916 = CARTESIAN_POINT('',(-1.482427367434,8.559836770706));
#3917 = CARTESIAN_POINT('',(-1.504509436765,8.550840597269));
#3918 = CARTESIAN_POINT('',(-1.526596641862,8.541856413307));
#3919 = CARTESIAN_POINT('',(-1.548691464167,8.532890876835));
#3920 = CARTESIAN_POINT('',(-1.570796322383,8.523950549352));
#3921 = ( GEOMETRIC_REPRESENTATION_CONTEXT(2)
PARAMETRIC_REPRESENTATION_CONTEXT() REPRESENTATION_CONTEXT('2D SPACE',''
  ) );
#3922 = PCURVE('',#2694,#3923);
#3923 = DEFINITIONAL_REPRESENTATION('',(#3924),#3947);
#3924 = B_SPLINE_CURVE_WITH_KNOTS('',6,(#3925,#3926,#3927,#3928,#3929,
    #3930,#3931,#3932,#3933,#3934,#3935,#3936,#3937,#3938,#3939,#3940,
    #3941,#3942,#3943,#3944,#3945,#3946),.UNSPECIFIED.,.F.,.F.,(7,5,5,5,
    7),(0.,0.404000584149,0.655999141071,0.912998795662,1.),
  .UNSPECIFIED.);
#3925 = CARTESIAN_POINT('',(-3.211825817771,3.14159265359));
#3926 = CARTESIAN_POINT('',(-3.211825817771,3.03140316723));
#3927 = CARTESIAN_POINT('',(-3.214207973763,2.921176571245));
#3928 = CARTESIAN_POINT('',(-3.218978733395,2.811537634639));
#3929 = CARTESIAN_POINT('',(-3.225863619143,2.702817789702));
#3930 = CARTESIAN_POINT('',(-3.234447781636,2.595193669526));
#3931 = CARTESIAN_POINT('',(-3.250492243467,2.42230584979));
#3932 = CARTESIAN_POINT('',(-3.257162313981,2.356316619302));
#3933 = CARTESIAN_POINT('',(-3.264243442478,2.290736249329));
#3934 = CARTESIAN_POINT('',(-3.271643326613,2.225529922836));
#3935 = CARTESIAN_POINT('',(-3.279277229783,2.160646805387));
#3936 = CARTESIAN_POINT('',(-3.295021929299,2.030116698909));
#3937 = CARTESIAN_POINT('',(-3.303138610946,1.964484015816));
#3938 = CARTESIAN_POINT('',(-3.311344109198,1.899056814683));
#3939 = CARTESIAN_POINT('',(-3.31956998911,1.833767237808));
#3940 = CARTESIAN_POINT('',(-3.327756602626,1.768546596656));
#3941 = CARTESIAN_POINT('',(-3.338592699494,1.681244763906));
#3942 = CARTESIAN_POINT('',(-3.341322787771,1.659165284695));
#3943 = CARTESIAN_POINT('',(-3.34404038093,1.637083215952));
#3944 = CARTESIAN_POINT('',(-3.346743532428,1.614996013487));
#3945 = CARTESIAN_POINT('',(-3.34943037698,1.592901192343));
#3946 = CARTESIAN_POINT('',(-3.35209913056,1.570796326795));
#3947 = ( GEOMETRIC_REPRESENTATION_CONTEXT(2)
PARAMETRIC_REPRESENTATION_CONTEXT() REPRESENTATION_CONTEXT('2D SPACE',''
  ) );
#3948 = ADVANCED_FACE('',(#3949),#2089,.F.);
#3949 = FACE_BOUND('',#3950,.F.);
#3950 = EDGE_LOOP('',(#3951,#3952,#3974,#3975));
#3951 = ORIENTED_EDGE('',*,*,#2126,.F.);
#3952 = ORIENTED_EDGE('',*,*,#3953,.T.);
#3953 = EDGE_CURVE('',#1967,#2047,#3954,.T.);
#3954 = SURFACE_CURVE('',#3955,(#3960,#3967),.PCURVE_S1.);
#3955 = CIRCLE('',#3956,2.85);
#3956 = AXIS2_PLACEMENT_3D('',#3957,#3958,#3959);
#3957 = CARTESIAN_POINT('',(0.,15.,0.5));
#3958 = DIRECTION('',(0.,0.,1.));
#3959 = DIRECTION('',(1.,0.,-0.));
#3960 = PCURVE('',#2089,#3961);
#3961 = DEFINITIONAL_REPRESENTATION('',(#3962),#3966);
#3962 = LINE('',#3963,#3964);
#3963 = CARTESIAN_POINT('',(0.,0.));
#3964 = VECTOR('',#3965,1.);
#3965 = DIRECTION('',(1.,0.));
#3966 = ( GEOMETRIC_REPRESENTATION_CONTEXT(2)
PARAMETRIC_REPRESENTATION_CONTEXT() REPRESENTATION_CONTEXT('2D SPACE',''
  ) );
#3967 = PCURVE('',#2694,#3968);
#3968 = DEFINITIONAL_REPRESENTATION('',(#3969),#3973);
#3969 = LINE('',#3970,#3971);
#3970 = CARTESIAN_POINT('',(-0.,3.14159265359));
#3971 = VECTOR('',#3972,1.);
#3972 = DIRECTION('',(-1.,0.));
#3973 = ( GEOMETRIC_REPRESENTATION_CONTEXT(2)
PARAMETRIC_REPRESENTATION_CONTEXT() REPRESENTATION_CONTEXT('2D SPACE',''
  ) );
#3974 = ORIENTED_EDGE('',*,*,#2074,.T.);
#3975 = ORIENTED_EDGE('',*,*,#3976,.F.);
#3976 = EDGE_CURVE('',#2101,#2075,#3977,.T.);
#3977 = SURFACE_CURVE('',#3978,(#3983,#3990),.PCURVE_S1.);
#3978 = CIRCLE('',#3979,2.85);
#3979 = AXIS2_PLACEMENT_3D('',#3980,#3981,#3982);
#3980 = CARTESIAN_POINT('',(0.,15.,3.2));
#3981 = DIRECTION('',(0.,0.,1.));
#3982 = DIRECTION('',(1.,0.,-0.));
#3983 = PCURVE('',#2089,#3984);
#3984 = DEFINITIONAL_REPRESENTATION('',(#3985),#3989);
#3985 = LINE('',#3986,#3987);
#3986 = CARTESIAN_POINT('',(0.,2.7));
#3987 = VECTOR('',#3988,1.);
#3988 = DIRECTION('',(1.,0.));
#3989 = ( GEOMETRIC_REPRESENTATION_CONTEXT(2)
PARAMETRIC_REPRESENTATION_CONTEXT() REPRESENTATION_CONTEXT('2D SPACE',''
  ) );
#3990 = PCURVE('',#2115,#3991);
#3991 = DEFINITIONAL_REPRESENTATION('',(#3992),#3996);
#3992 = CIRCLE('',#3993,2.85);
#3993 = AXIS2_PLACEMENT_2D('',#3994,#3995);
#3994 = CARTESIAN_POINT('',(0.,0.));
#3995 = DIRECTION('',(1.,0.));
#3996 = ( GEOMETRIC_REPRESENTATION_CONTEXT(2)
PARAMETRIC_REPRESENTATION_CONTEXT() REPRESENTATION_CONTEXT('2D SPACE',''
  ) );
#3997 = ADVANCED_FACE('',(#3998),#2115,.F.);
#3998 = FACE_BOUND('',#3999,.F.);
#3999 = EDGE_LOOP('',(#4000,#4001));
#4000 = ORIENTED_EDGE('',*,*,#2100,.F.);
#4001 = ORIENTED_EDGE('',*,*,#3976,.T.);
#4002 = ADVANCED_FACE('',(#4003),#2062,.T.);
#4003 = FACE_BOUND('',#4004,.F.);
#4004 = EDGE_LOOP('',(#4005,#4006,#4084,#4085,#4123));
#4005 = ORIENTED_EDGE('',*,*,#2046,.F.);
#4006 = ORIENTED_EDGE('',*,*,#4007,.T.);
#4007 = EDGE_CURVE('',#2047,#2655,#4008,.T.);
#4008 = SURFACE_CURVE('',#4009,(#4032,#4058),.PCURVE_S1.);
#4009 = B_SPLINE_CURVE_WITH_KNOTS('',6,(#4010,#4011,#4012,#4013,#4014,
    #4015,#4016,#4017,#4018,#4019,#4020,#4021,#4022,#4023,#4024,#4025,
    #4026,#4027,#4028,#4029,#4030,#4031),.UNSPECIFIED.,.F.,.F.,(7,5,5,5,
    7),(0.,0.404000581418,0.655999136643,0.912998789502,1.),
  .UNSPECIFIED.);
#4010 = CARTESIAN_POINT('',(2.842973795166,14.8,0.5));
#4011 = CARTESIAN_POINT('',(2.842973795166,14.8,0.444905256821));
#4012 = CARTESIAN_POINT('',(2.84976357674,14.792715216602,0.389791656957
    ));
#4013 = CARTESIAN_POINT('',(2.863357094535,14.778134622702,
    0.336177753018));
#4014 = CARTESIAN_POINT('',(2.883117768913,14.756796800414,
    0.285430364199));
#4015 = CARTESIAN_POINT('',(2.908082501089,14.729510843444,
    0.238552858767));
#4016 = CARTESIAN_POINT('',(2.955459054141,14.676998679103,
    0.169886839884));
#4017 = CARTESIAN_POINT('',(2.975303697154,14.654853007718,
    0.145285446456));
#4018 = CARTESIAN_POINT('',(2.996560723055,14.630940586727,
    0.122625193656));
#4019 = CARTESIAN_POINT('',(3.018998647757,14.605473342407,0.10203078812
    ));
#4020 = CARTESIAN_POINT('',(3.042397000722,14.578661159963,
    8.359632950708E-02));
#4021 = CARTESIAN_POINT('',(3.091194475958,14.522193163346,
    5.087183512853E-02));
#4022 = CARTESIAN_POINT('',(3.116622414454,14.492493334442,
    3.667235262168E-02));
#4023 = CARTESIAN_POINT('',(3.142626239604,14.461819000913,
    2.487323681903E-02));
#4024 = CARTESIAN_POINT('',(3.169006561684,14.430382429449,
    1.553290429559E-02));
#4025 = CARTESIAN_POINT('',(3.195576839079,14.398395365631,
    8.693740707785E-03));
#4026 = CARTESIAN_POINT('',(3.231161821603,14.355127222431,
    2.925694317484E-03));
#4027 = CARTESIAN_POINT('',(3.240163228519,14.34414563789,
    1.756835522226E-03));
#4028 = CARTESIAN_POINT('',(3.249159403509,14.333133719737,
    8.790259254684E-04));
#4029 = CARTESIAN_POINT('',(3.25814359204,14.322099840085,
    2.931767666551E-04));
#4030 = CARTESIAN_POINT('',(3.267109130915,14.311052432309,
    -1.658897721592E-09));
#4031 = CARTESIAN_POINT('',(3.276049448262,14.299999991043,0.));
#4032 = PCURVE('',#2062,#4033);
#4033 = DEFINITIONAL_REPRESENTATION('',(#4034),#4057);
#4034 = B_SPLINE_CURVE_WITH_KNOTS('',6,(#4035,#4036,#4037,#4038,#4039,
    #4040,#4041,#4042,#4043,#4044,#4045,#4046,#4047,#4048,#4049,#4050,
    #4051,#4052,#4053,#4054,#4055,#4056),.UNSPECIFIED.,.F.,.F.,(7,5,5,5,
    7),(0.,0.404000581418,0.655999136643,0.912998789502,1.),
  .UNSPECIFIED.);
#4035 = CARTESIAN_POINT('',(8.881784197001E-16,14.642973795166));
#4036 = CARTESIAN_POINT('',(-0.110189486358,14.642973795166));
#4037 = CARTESIAN_POINT('',(-0.220416082341,14.64976357674));
#4038 = CARTESIAN_POINT('',(-0.330055018944,14.663357094535));
#4039 = CARTESIAN_POINT('',(-0.438774863879,14.683117768913));
#4040 = CARTESIAN_POINT('',(-0.546398984053,14.708082501089));
#4041 = CARTESIAN_POINT('',(-0.719286803788,14.755459054141));
#4042 = CARTESIAN_POINT('',(-0.785276034275,14.775303697154));
#4043 = CARTESIAN_POINT('',(-0.850856404248,14.796560723055));
#4044 = CARTESIAN_POINT('',(-0.916062730741,14.818998647757));
#4045 = CARTESIAN_POINT('',(-0.98094584819,14.842397000722));
#4046 = CARTESIAN_POINT('',(-1.111475954668,14.891194475958));
#4047 = CARTESIAN_POINT('',(-1.177108637761,14.916622414454));
#4048 = CARTESIAN_POINT('',(-1.242535838894,14.942626239604));
#4049 = CARTESIAN_POINT('',(-1.307825415769,14.969006561684));
#4050 = CARTESIAN_POINT('',(-1.373046056921,14.995576839079));
#4051 = CARTESIAN_POINT('',(-1.460347891383,15.031161821603));
#4052 = CARTESIAN_POINT('',(-1.482427374834,15.040163228519));
#4053 = CARTESIAN_POINT('',(-1.504509444235,15.049159403509));
#4054 = CARTESIAN_POINT('',(-1.526596643796,15.05814359204));
#4055 = CARTESIAN_POINT('',(-1.548691464619,15.067109130915));
#4056 = CARTESIAN_POINT('',(-1.570796344709,15.076049448262));
#4057 = ( GEOMETRIC_REPRESENTATION_CONTEXT(2)
PARAMETRIC_REPRESENTATION_CONTEXT() REPRESENTATION_CONTEXT('2D SPACE',''
  ) );
#4058 = PCURVE('',#2694,#4059);
#4059 = DEFINITIONAL_REPRESENTATION('',(#4060),#4083);
#4060 = B_SPLINE_CURVE_WITH_KNOTS('',6,(#4061,#4062,#4063,#4064,#4065,
    #4066,#4067,#4068,#4069,#4070,#4071,#4072,#4073,#4074,#4075,#4076,
    #4077,#4078,#4079,#4080,#4081,#4082),.UNSPECIFIED.,.F.,.F.,(7,5,5,5,
    7),(0.,0.404000581418,0.655999136643,0.912998789502,1.),
  .UNSPECIFIED.);
#4061 = CARTESIAN_POINT('',(-6.212952142998,3.14159265359));
#4062 = CARTESIAN_POINT('',(-6.212952142998,3.031403167232));
#4063 = CARTESIAN_POINT('',(-6.210569987007,2.921176571249));
#4064 = CARTESIAN_POINT('',(-6.205799227375,2.811537634646));
#4065 = CARTESIAN_POINT('',(-6.198914341627,2.702817789711));
#4066 = CARTESIAN_POINT('',(-6.190330179135,2.595193669536));
#4067 = CARTESIAN_POINT('',(-6.174285717304,2.422305849802));
#4068 = CARTESIAN_POINT('',(-6.16761564679,2.356316619315));
#4069 = CARTESIAN_POINT('',(-6.160534518293,2.290736249341));
#4070 = CARTESIAN_POINT('',(-6.153134634157,2.225529922849));
#4071 = CARTESIAN_POINT('',(-6.145500730988,2.1606468054));
#4072 = CARTESIAN_POINT('',(-6.129756031472,2.030116698922));
#4073 = CARTESIAN_POINT('',(-6.121639349825,1.964484015829));
#4074 = CARTESIAN_POINT('',(-6.113433851573,1.899056814696));
#4075 = CARTESIAN_POINT('',(-6.105207971661,1.833767237821));
#4076 = CARTESIAN_POINT('',(-6.097021358145,1.768546596669));
#4077 = CARTESIAN_POINT('',(-6.086185261065,1.681244762206));
#4078 = CARTESIAN_POINT('',(-6.08345517186,1.659165284685));
#4079 = CARTESIAN_POINT('',(-6.080737578785,1.6370832129));
#4080 = CARTESIAN_POINT('',(-6.078034428381,1.614996002655));
#4081 = CARTESIAN_POINT('',(-6.075347584199,1.592901177113));
#4082 = CARTESIAN_POINT('',(-6.072678826802,1.570796326795));
#4083 = ( GEOMETRIC_REPRESENTATION_CONTEXT(2)
PARAMETRIC_REPRESENTATION_CONTEXT() REPRESENTATION_CONTEXT('2D SPACE',''
  ) );
#4084 = ORIENTED_EDGE('',*,*,#2654,.T.);
#4085 = ORIENTED_EDGE('',*,*,#4086,.F.);
#4086 = EDGE_CURVE('',#4087,#2626,#4089,.T.);
#4087 = VERTEX_POINT('',#4088);
#4088 = CARTESIAN_POINT('',(11.8,14.392924528302,8.710846812316E-03));
#4089 = SURFACE_CURVE('',#4090,(#4099,#4111),.PCURVE_S1.);
#4090 = B_SPLINE_CURVE_WITH_KNOTS('',4,(#4091,#4092,#4093,#4094,#4095,
    #4096,#4097,#4098),.UNSPECIFIED.,.F.,.F.,(5,3,5),(0.,0.291122695474,
    1.),.UNSPECIFIED.);
#4091 = CARTESIAN_POINT('',(11.8000006,14.39292525283,8.710983853233E-03
    ));
#4092 = CARTESIAN_POINT('',(11.794465755581,14.386241668458,
    7.446811826148E-03));
#4093 = CARTESIAN_POINT('',(11.788925432796,14.379536054854,
    6.304043421251E-03));
#4094 = CARTESIAN_POINT('',(11.783382041772,14.37281125425,
    5.28314042793E-03));
#4095 = CARTESIAN_POINT('',(11.764338282948,14.349655753659,
    2.196296581432E-03));
#4096 = CARTESIAN_POINT('',(11.750834554273,14.333144738656,
    7.329454569352E-04));
#4097 = CARTESIAN_POINT('',(11.737361040577,14.316578647699,
    -2.318608562741E-09));
#4098 = CARTESIAN_POINT('',(11.723950549352,14.300000002206,0.));
#4099 = PCURVE('',#2062,#4100);
#4100 = DEFINITIONAL_REPRESENTATION('',(#4101),#4110);
#4101 = B_SPLINE_CURVE_WITH_KNOTS('',4,(#4102,#4103,#4104,#4105,#4106,
    #4107,#4108,#4109),.UNSPECIFIED.,.F.,.F.,(5,3,5),(0.,0.291122695474,
    1.),.UNSPECIFIED.);
#4102 = CARTESIAN_POINT('',(-1.383858949333,23.6000006));
#4103 = CARTESIAN_POINT('',(-1.397463129716,23.594465755581));
#4104 = CARTESIAN_POINT('',(-1.411065475243,23.588925432796));
#4105 = CARTESIAN_POINT('',(-1.424666942207,23.583382041772));
#4106 = CARTESIAN_POINT('',(-1.471387636233,23.564338282948));
#4107 = CARTESIAN_POINT('',(-1.504506837511,23.550834554273));
#4108 = CARTESIAN_POINT('',(-1.53763903506,23.537361040577));
#4109 = CARTESIAN_POINT('',(-1.570796322383,23.523950549352));
#4110 = ( GEOMETRIC_REPRESENTATION_CONTEXT(2)
PARAMETRIC_REPRESENTATION_CONTEXT() REPRESENTATION_CONTEXT('2D SPACE',''
  ) );
#4111 = PCURVE('',#2642,#4112);
#4112 = DEFINITIONAL_REPRESENTATION('',(#4113),#4122);
#4113 = B_SPLINE_CURVE_WITH_KNOTS('',4,(#4114,#4115,#4116,#4117,#4118,
    #4119,#4120,#4121),.UNSPECIFIED.,.F.,.F.,(5,3,5),(0.,0.291122695474,
    1.),.UNSPECIFIED.);
#4114 = CARTESIAN_POINT('',(-3.329075547096,1.75773372188));
#4115 = CARTESIAN_POINT('',(-3.330774876959,1.744129541415));
#4116 = CARTESIAN_POINT('',(-3.332471251494,1.730527156385));
#4117 = CARTESIAN_POINT('',(-3.334163901254,1.716925711382));
#4118 = CARTESIAN_POINT('',(-3.33996297729,1.670205017357));
#4119 = CARTESIAN_POINT('',(-3.34404764239,1.637085812428));
#4120 = CARTESIAN_POINT('',(-3.34809600019,1.603953625117));
#4121 = CARTESIAN_POINT('',(-3.35209913056,1.570796326795));
#4122 = ( GEOMETRIC_REPRESENTATION_CONTEXT(2)
PARAMETRIC_REPRESENTATION_CONTEXT() REPRESENTATION_CONTEXT('2D SPACE',''
  ) );
#4123 = ORIENTED_EDGE('',*,*,#4124,.F.);
#4124 = EDGE_CURVE('',#2019,#4087,#4125,.T.);
#4125 = SURFACE_CURVE('',#4126,(#4131,#4137),.PCURVE_S1.);
#4126 = CIRCLE('',#4127,0.5);
#4127 = AXIS2_PLACEMENT_3D('',#4128,#4129,#4130);
#4128 = CARTESIAN_POINT('',(11.8,14.3,0.5));
#4129 = DIRECTION('',(-1.,0.,-0.));
#4130 = DIRECTION('',(-0.,1.,0.));
#4131 = PCURVE('',#2062,#4132);
#4132 = DEFINITIONAL_REPRESENTATION('',(#4133),#4136);
#4133 = B_SPLINE_CURVE_WITH_KNOTS('',1,(#4134,#4135),.UNSPECIFIED.,.F.,
  .F.,(2,2),(0.,1.570796326795),.PIECEWISE_BEZIER_KNOTS.);
#4134 = CARTESIAN_POINT('',(0.,23.6));
#4135 = CARTESIAN_POINT('',(-1.570796326795,23.6));
#4136 = ( GEOMETRIC_REPRESENTATION_CONTEXT(2)
PARAMETRIC_REPRESENTATION_CONTEXT() REPRESENTATION_CONTEXT('2D SPACE',''
  ) );
#4137 = PCURVE('',#4138,#4143);
#4138 = TOROIDAL_SURFACE('',#4139,2.5,0.5);
#4139 = AXIS2_PLACEMENT_3D('',#4140,#4141,#4142);
#4140 = CARTESIAN_POINT('',(11.8,11.8,0.5));
#4141 = DIRECTION('',(-0.,-0.,-1.));
#4142 = DIRECTION('',(0.,1.,-0.));
#4143 = DEFINITIONAL_REPRESENTATION('',(#4144),#4147);
#4144 = B_SPLINE_CURVE_WITH_KNOTS('',1,(#4145,#4146),.UNSPECIFIED.,.F.,
  .F.,(2,2),(0.,1.570796326795),.PIECEWISE_BEZIER_KNOTS.);
#4145 = CARTESIAN_POINT('',(0.,0.));
#4146 = CARTESIAN_POINT('',(0.,1.570796326795));
#4147 = ( GEOMETRIC_REPRESENTATION_CONTEXT(2)
PARAMETRIC_REPRESENTATION_CONTEXT() REPRESENTATION_CONTEXT('2D SPACE',''
  ) );
#4148 = ADVANCED_FACE('',(#4149),#2034,.T.);
#4149 = FACE_BOUND('',#4150,.T.);
#4150 = EDGE_LOOP('',(#4151,#4174,#4203,#4229,#4258,#4279,#4301,#4302));
#4151 = ORIENTED_EDGE('',*,*,#4152,.F.);
#4152 = EDGE_CURVE('',#4153,#3384,#4155,.T.);
#4153 = VERTEX_POINT('',#4154);
#4154 = CARTESIAN_POINT('',(14.8,11.8,0.5));
#4155 = SURFACE_CURVE('',#4156,(#4160,#4167),.PCURVE_S1.);
#4156 = LINE('',#4157,#4158);
#4157 = CARTESIAN_POINT('',(14.8,11.8,0.));
#4158 = VECTOR('',#4159,1.);
#4159 = DIRECTION('',(0.,0.,1.));
#4160 = PCURVE('',#2034,#4161);
#4161 = DEFINITIONAL_REPRESENTATION('',(#4162),#4166);
#4162 = LINE('',#4163,#4164);
#4163 = CARTESIAN_POINT('',(0.,0.));
#4164 = VECTOR('',#4165,1.);
#4165 = DIRECTION('',(0.,1.));
#4166 = ( GEOMETRIC_REPRESENTATION_CONTEXT(2)
PARAMETRIC_REPRESENTATION_CONTEXT() REPRESENTATION_CONTEXT('2D SPACE',''
  ) );
#4167 = PCURVE('',#3165,#4168);
#4168 = DEFINITIONAL_REPRESENTATION('',(#4169),#4173);
#4169 = LINE('',#4170,#4171);
#4170 = CARTESIAN_POINT('',(0.,-26.6));
#4171 = VECTOR('',#4172,1.);
#4172 = DIRECTION('',(1.,0.));
#4173 = ( GEOMETRIC_REPRESENTATION_CONTEXT(2)
PARAMETRIC_REPRESENTATION_CONTEXT() REPRESENTATION_CONTEXT('2D SPACE',''
  ) );
#4174 = ORIENTED_EDGE('',*,*,#4175,.F.);
#4175 = EDGE_CURVE('',#4176,#4153,#4178,.T.);
#4176 = VERTEX_POINT('',#4177);
#4177 = CARTESIAN_POINT('',(14.778487989169,12.158621385831,0.5));
#4178 = SURFACE_CURVE('',#4179,(#4184,#4191),.PCURVE_S1.);
#4179 = CIRCLE('',#4180,3.);
#4180 = AXIS2_PLACEMENT_3D('',#4181,#4182,#4183);
#4181 = CARTESIAN_POINT('',(11.8,11.8,0.5));
#4182 = DIRECTION('',(0.,-0.,-1.));
#4183 = DIRECTION('',(0.,1.,-0.));
#4184 = PCURVE('',#2034,#4185);
#4185 = DEFINITIONAL_REPRESENTATION('',(#4186),#4190);
#4186 = LINE('',#4187,#4188);
#4187 = CARTESIAN_POINT('',(1.570796326795,0.5));
#4188 = VECTOR('',#4189,1.);
#4189 = DIRECTION('',(-1.,-0.));
#4190 = ( GEOMETRIC_REPRESENTATION_CONTEXT(2)
PARAMETRIC_REPRESENTATION_CONTEXT() REPRESENTATION_CONTEXT('2D SPACE',''
  ) );
#4191 = PCURVE('',#4192,#4197);
#4192 = TOROIDAL_SURFACE('',#4193,2.5,0.5);
#4193 = AXIS2_PLACEMENT_3D('',#4194,#4195,#4196);
#4194 = CARTESIAN_POINT('',(11.8,11.8,0.5));
#4195 = DIRECTION('',(-0.,-0.,-1.));
#4196 = DIRECTION('',(0.,1.,-0.));
#4197 = DEFINITIONAL_REPRESENTATION('',(#4198),#4202);
#4198 = LINE('',#4199,#4200);
#4199 = CARTESIAN_POINT('',(0.,0.));
#4200 = VECTOR('',#4201,1.);
#4201 = DIRECTION('',(1.,0.));
#4202 = ( GEOMETRIC_REPRESENTATION_CONTEXT(2)
PARAMETRIC_REPRESENTATION_CONTEXT() REPRESENTATION_CONTEXT('2D SPACE',''
  ) );
#4203 = ORIENTED_EDGE('',*,*,#4204,.T.);
#4204 = EDGE_CURVE('',#4176,#4205,#4207,.T.);
#4205 = VERTEX_POINT('',#4206);
#4206 = CARTESIAN_POINT('',(14.778487989169,12.158621385831,3.2));
#4207 = SURFACE_CURVE('',#4208,(#4212,#4218),.PCURVE_S1.);
#4208 = LINE('',#4209,#4210);
#4209 = CARTESIAN_POINT('',(14.778487989169,12.158621385831,0.));
#4210 = VECTOR('',#4211,1.);
#4211 = DIRECTION('',(0.,0.,1.));
#4212 = PCURVE('',#2034,#4213);
#4213 = DEFINITIONAL_REPRESENTATION('',(#4214),#4217);
#4214 = B_SPLINE_CURVE_WITH_KNOTS('',1,(#4215,#4216),.UNSPECIFIED.,.F.,
  .F.,(2,2),(0.4999994,3.2000006),.PIECEWISE_BEZIER_KNOTS.);
#4215 = CARTESIAN_POINT('',(0.119827012428,0.4999994));
#4216 = CARTESIAN_POINT('',(0.119827012428,3.2000006));
#4217 = ( GEOMETRIC_REPRESENTATION_CONTEXT(2)
PARAMETRIC_REPRESENTATION_CONTEXT() REPRESENTATION_CONTEXT('2D SPACE',''
  ) );
#4218 = PCURVE('',#4219,#4224);
#4219 = CYLINDRICAL_SURFACE('',#4220,2.85);
#4220 = AXIS2_PLACEMENT_3D('',#4221,#4222,#4223);
#4221 = CARTESIAN_POINT('',(15.,15.,0.5));
#4222 = DIRECTION('',(0.,0.,1.));
#4223 = DIRECTION('',(1.,0.,-0.));
#4224 = DEFINITIONAL_REPRESENTATION('',(#4225),#4228);
#4225 = B_SPLINE_CURVE_WITH_KNOTS('',1,(#4226,#4227),.UNSPECIFIED.,.F.,
  .F.,(2,2),(0.4999994,3.2000006),.PIECEWISE_BEZIER_KNOTS.);
#4226 = CARTESIAN_POINT('',(4.634587000414,-6.000000000728E-07));
#4227 = CARTESIAN_POINT('',(4.634587000414,2.7000006));
#4228 = ( GEOMETRIC_REPRESENTATION_CONTEXT(2)
PARAMETRIC_REPRESENTATION_CONTEXT() REPRESENTATION_CONTEXT('2D SPACE',''
  ) );
#4229 = ORIENTED_EDGE('',*,*,#4230,.T.);
#4230 = EDGE_CURVE('',#4205,#4231,#4233,.T.);
#4231 = VERTEX_POINT('',#4232);
#4232 = CARTESIAN_POINT('',(12.158621385831,14.778487989169,3.2));
#4233 = SURFACE_CURVE('',#4234,(#4239,#4246),.PCURVE_S1.);
#4234 = CIRCLE('',#4235,3.);
#4235 = AXIS2_PLACEMENT_3D('',#4236,#4237,#4238);
#4236 = CARTESIAN_POINT('',(11.8,11.8,3.2));
#4237 = DIRECTION('',(0.,0.,1.));
#4238 = DIRECTION('',(1.,0.,-0.));
#4239 = PCURVE('',#2034,#4240);
#4240 = DEFINITIONAL_REPRESENTATION('',(#4241),#4245);
#4241 = LINE('',#4242,#4243);
#4242 = CARTESIAN_POINT('',(0.,3.2));
#4243 = VECTOR('',#4244,1.);
#4244 = DIRECTION('',(1.,0.));
#4245 = ( GEOMETRIC_REPRESENTATION_CONTEXT(2)
PARAMETRIC_REPRESENTATION_CONTEXT() REPRESENTATION_CONTEXT('2D SPACE',''
  ) );
#4246 = PCURVE('',#4247,#4252);
#4247 = PLANE('',#4248);
#4248 = AXIS2_PLACEMENT_3D('',#4249,#4250,#4251);
#4249 = CARTESIAN_POINT('',(15.,15.,3.2));
#4250 = DIRECTION('',(0.,0.,1.));
#4251 = DIRECTION('',(1.,0.,-0.));
#4252 = DEFINITIONAL_REPRESENTATION('',(#4253),#4257);
#4253 = CIRCLE('',#4254,3.);
#4254 = AXIS2_PLACEMENT_2D('',#4255,#4256);
#4255 = CARTESIAN_POINT('',(-3.2,-3.2));
#4256 = DIRECTION('',(1.,0.));
#4257 = ( GEOMETRIC_REPRESENTATION_CONTEXT(2)
PARAMETRIC_REPRESENTATION_CONTEXT() REPRESENTATION_CONTEXT('2D SPACE',''
  ) );
#4258 = ORIENTED_EDGE('',*,*,#4259,.F.);
#4259 = EDGE_CURVE('',#4260,#4231,#4262,.T.);
#4260 = VERTEX_POINT('',#4261);
#4261 = CARTESIAN_POINT('',(12.158621385831,14.778487989169,0.5));
#4262 = SURFACE_CURVE('',#4263,(#4267,#4273),.PCURVE_S1.);
#4263 = LINE('',#4264,#4265);
#4264 = CARTESIAN_POINT('',(12.158621385831,14.778487989169,0.));
#4265 = VECTOR('',#4266,1.);
#4266 = DIRECTION('',(0.,0.,1.));
#4267 = PCURVE('',#2034,#4268);
#4268 = DEFINITIONAL_REPRESENTATION('',(#4269),#4272);
#4269 = B_SPLINE_CURVE_WITH_KNOTS('',1,(#4270,#4271),.UNSPECIFIED.,.F.,
  .F.,(2,2),(0.4999994,3.2000006),.PIECEWISE_BEZIER_KNOTS.);
#4270 = CARTESIAN_POINT('',(1.450969314366,0.4999994));
#4271 = CARTESIAN_POINT('',(1.450969314366,3.2000006));
#4272 = ( GEOMETRIC_REPRESENTATION_CONTEXT(2)
PARAMETRIC_REPRESENTATION_CONTEXT() REPRESENTATION_CONTEXT('2D SPACE',''
  ) );
#4273 = PCURVE('',#4219,#4274);
#4274 = DEFINITIONAL_REPRESENTATION('',(#4275),#4278);
#4275 = B_SPLINE_CURVE_WITH_KNOTS('',1,(#4276,#4277),.UNSPECIFIED.,.F.,
  .F.,(2,2),(0.4999994,3.2000006),.PIECEWISE_BEZIER_KNOTS.);
#4276 = CARTESIAN_POINT('',(3.219394633561,-6.000000000728E-07));
#4277 = CARTESIAN_POINT('',(3.219394633561,2.7000006));
#4278 = ( GEOMETRIC_REPRESENTATION_CONTEXT(2)
PARAMETRIC_REPRESENTATION_CONTEXT() REPRESENTATION_CONTEXT('2D SPACE',''
  ) );
#4279 = ORIENTED_EDGE('',*,*,#4280,.F.);
#4280 = EDGE_CURVE('',#2019,#4260,#4281,.T.);
#4281 = SURFACE_CURVE('',#4282,(#4287,#4294),.PCURVE_S1.);
#4282 = CIRCLE('',#4283,3.);
#4283 = AXIS2_PLACEMENT_3D('',#4284,#4285,#4286);
#4284 = CARTESIAN_POINT('',(11.8,11.8,0.5));
#4285 = DIRECTION('',(0.,-0.,-1.));
#4286 = DIRECTION('',(0.,1.,-0.));
#4287 = PCURVE('',#2034,#4288);
#4288 = DEFINITIONAL_REPRESENTATION('',(#4289),#4293);
#4289 = LINE('',#4290,#4291);
#4290 = CARTESIAN_POINT('',(1.570796326795,0.5));
#4291 = VECTOR('',#4292,1.);
#4292 = DIRECTION('',(-1.,-0.));
#4293 = ( GEOMETRIC_REPRESENTATION_CONTEXT(2)
PARAMETRIC_REPRESENTATION_CONTEXT() REPRESENTATION_CONTEXT('2D SPACE',''
  ) );
#4294 = PCURVE('',#4138,#4295);
#4295 = DEFINITIONAL_REPRESENTATION('',(#4296),#4300);
#4296 = LINE('',#4297,#4298);
#4297 = CARTESIAN_POINT('',(0.,0.));
#4298 = VECTOR('',#4299,1.);
#4299 = DIRECTION('',(1.,0.));
#4300 = ( GEOMETRIC_REPRESENTATION_CONTEXT(2)
PARAMETRIC_REPRESENTATION_CONTEXT() REPRESENTATION_CONTEXT('2D SPACE',''
  ) );
#4301 = ORIENTED_EDGE('',*,*,#2018,.T.);
#4302 = ORIENTED_EDGE('',*,*,#3383,.T.);
#4303 = ADVANCED_FACE('',(#4304),#2694,.T.);
#4304 = FACE_BOUND('',#4305,.F.);
#4305 = EDGE_LOOP('',(#4306,#4307,#4308,#4309));
#4306 = ORIENTED_EDGE('',*,*,#4007,.F.);
#4307 = ORIENTED_EDGE('',*,*,#3953,.F.);
#4308 = ORIENTED_EDGE('',*,*,#3871,.T.);
#4309 = ORIENTED_EDGE('',*,*,#2677,.T.);
#4310 = ADVANCED_FACE('',(#4311),#2642,.T.);
#4311 = FACE_BOUND('',#4312,.F.);
#4312 = EDGE_LOOP('',(#4313,#4314,#4315,#4353,#4401,#4423));
#4313 = ORIENTED_EDGE('',*,*,#4086,.T.);
#4314 = ORIENTED_EDGE('',*,*,#2625,.T.);
#4315 = ORIENTED_EDGE('',*,*,#4316,.F.);
#4316 = EDGE_CURVE('',#4317,#2598,#4319,.T.);
#4317 = VERTEX_POINT('',#4318);
#4318 = CARTESIAN_POINT('',(14.392924528302,11.8,8.710846812316E-03));
#4319 = SURFACE_CURVE('',#4320,(#4329,#4341),.PCURVE_S1.);
#4320 = B_SPLINE_CURVE_WITH_KNOTS('',4,(#4321,#4322,#4323,#4324,#4325,
    #4326,#4327,#4328),.UNSPECIFIED.,.F.,.F.,(5,3,5),(0.,0.291122692309,
    1.),.UNSPECIFIED.);
#4321 = CARTESIAN_POINT('',(14.39292525283,11.8000006,8.710983853233E-03
    ));
#4322 = CARTESIAN_POINT('',(14.386241668458,11.794465755581,
    7.446811826178E-03));
#4323 = CARTESIAN_POINT('',(14.379536054854,11.788925432797,
    6.304043421305E-03));
#4324 = CARTESIAN_POINT('',(14.37281125425,11.783382041773,
    5.283140428002E-03));
#4325 = CARTESIAN_POINT('',(14.349655753408,11.764338282742,
    2.196296547985E-03));
#4326 = CARTESIAN_POINT('',(14.333144737166,11.75083455493,
    7.32945412951E-04));
#4327 = CARTESIAN_POINT('',(14.316578648735,11.737361038043,
    -2.352151618661E-09));
#4328 = CARTESIAN_POINT('',(14.3,11.723950549824,0.));
#4329 = PCURVE('',#2642,#4330);
#4330 = DEFINITIONAL_REPRESENTATION('',(#4331),#4340);
#4331 = B_SPLINE_CURVE_WITH_KNOTS('',4,(#4332,#4333,#4334,#4335,#4336,
    #4337,#4338,#4339),.UNSPECIFIED.,.F.,.F.,(5,3,5),(0.,0.291122692309,
    1.),.UNSPECIFIED.);
#4332 = CARTESIAN_POINT('',(-4.524906086878,1.75773372188));
#4333 = CARTESIAN_POINT('',(-4.523206757016,1.744129541415));
#4334 = CARTESIAN_POINT('',(-4.521510382481,1.730527156386));
#4335 = CARTESIAN_POINT('',(-4.519817732721,1.716925711383));
#4336 = CARTESIAN_POINT('',(-4.514018656622,1.670205016851));
#4337 = CARTESIAN_POINT('',(-4.509933991105,1.637085813096));
#4338 = CARTESIAN_POINT('',(-4.505885634242,1.603953620602));
#4339 = CARTESIAN_POINT('',(-4.501882502741,1.570796326795));
#4340 = ( GEOMETRIC_REPRESENTATION_CONTEXT(2)
PARAMETRIC_REPRESENTATION_CONTEXT() REPRESENTATION_CONTEXT('2D SPACE',''
  ) );
#4341 = PCURVE('',#2613,#4342);
#4342 = DEFINITIONAL_REPRESENTATION('',(#4343),#4352);
#4343 = B_SPLINE_CURVE_WITH_KNOTS('',4,(#4344,#4345,#4346,#4347,#4348,
    #4349,#4350,#4351),.UNSPECIFIED.,.F.,.F.,(5,3,5),(0.,0.291122692309,
    1.),.UNSPECIFIED.);
#4344 = CARTESIAN_POINT('',(-1.383858949333,-6.E-07));
#4345 = CARTESIAN_POINT('',(-1.397463129716,5.534244418752E-03));
#4346 = CARTESIAN_POINT('',(-1.411065475243,1.107456720341E-02));
#4347 = CARTESIAN_POINT('',(-1.424666942206,1.661795822712E-02));
#4348 = CARTESIAN_POINT('',(-1.471387636739,3.566171725805E-02));
#4349 = CARTESIAN_POINT('',(-1.504506840494,4.916544507032E-02));
#4350 = CARTESIAN_POINT('',(-1.537639032988,6.263896195659E-02));
#4351 = CARTESIAN_POINT('',(-1.570796326795,7.604945017624E-02));
#4352 = ( GEOMETRIC_REPRESENTATION_CONTEXT(2)
PARAMETRIC_REPRESENTATION_CONTEXT() REPRESENTATION_CONTEXT('2D SPACE',''
  ) );
#4353 = ORIENTED_EDGE('',*,*,#4354,.T.);
#4354 = EDGE_CURVE('',#4317,#4176,#4355,.T.);
#4355 = SURFACE_CURVE('',#4356,(#4369,#4385),.PCURVE_S1.);
#4356 = B_SPLINE_CURVE_WITH_KNOTS('',6,(#4357,#4358,#4359,#4360,#4361,
    #4362,#4363,#4364,#4365,#4366,#4367,#4368),.UNSPECIFIED.,.F.,.F.,(7,
    5,7),(0.,0.530196544774,1.),.UNSPECIFIED.);
#4357 = CARTESIAN_POINT('',(14.392924528302,11.8,8.710846812316E-03));
#4358 = CARTESIAN_POINT('',(14.451568613064,11.848564632693,
    1.980303942197E-02));
#4359 = CARTESIAN_POINT('',(14.507695780106,11.897040464375,
    3.932656514216E-02));
#4360 = CARTESIAN_POINT('',(14.560018132361,11.944143521111,
    6.710524508194E-02));
#4361 = CARTESIAN_POINT('',(14.607379345672,11.988412529287,
    0.10270425048));
#4362 = CARTESIAN_POINT('',(14.64876606576,12.028256756669,
    0.145334675221));
#4363 = CARTESIAN_POINT('',(14.714031618082,12.092444558577,
    0.236746556685));
#4364 = CARTESIAN_POINT('',(14.739373640697,12.118042217127,
    0.284282476208));
#4365 = CARTESIAN_POINT('',(14.75881198476,12.138099096122,
    0.335556585231));
#4366 = CARTESIAN_POINT('',(14.77193074798,12.151783015292,
    0.389477743529));
#4367 = CARTESIAN_POINT('',(14.778487989169,12.158621385831,
    0.444744462329));
#4368 = CARTESIAN_POINT('',(14.778487989169,12.158621385831,0.5));
#4369 = PCURVE('',#2642,#4370);
#4370 = DEFINITIONAL_REPRESENTATION('',(#4371),#4384);
#4371 = B_SPLINE_CURVE_WITH_KNOTS('',6,(#4372,#4373,#4374,#4375,#4376,
    #4377,#4378,#4379,#4380,#4381,#4382,#4383),.UNSPECIFIED.,.F.,.F.,(7,
    5,7),(0.,0.530196544774,1.),.UNSPECIFIED.);
#4372 = CARTESIAN_POINT('',(-4.524905897911,1.757732235448));
#4373 = CARTESIAN_POINT('',(-4.539816400635,1.877099993481));
#4374 = CARTESIAN_POINT('',(-4.554617196703,1.996800234309));
#4375 = CARTESIAN_POINT('',(-4.568960217143,2.117066838842));
#4376 = CARTESIAN_POINT('',(-4.582448704697,2.238062967399));
#4377 = CARTESIAN_POINT('',(-4.594612573856,2.359888013897));
#4378 = CARTESIAN_POINT('',(-4.614245981877,2.591149634865));
#4379 = CARTESIAN_POINT('',(-4.622094040225,2.700436853174));
#4380 = CARTESIAN_POINT('',(-4.628262833526,2.810275806665));
#4381 = CARTESIAN_POINT('',(-4.632479906197,2.920548315351));
#4382 = CARTESIAN_POINT('',(-4.634586995093,3.031081578248));
#4383 = CARTESIAN_POINT('',(-4.634586995093,3.14159265359));
#4384 = ( GEOMETRIC_REPRESENTATION_CONTEXT(2)
PARAMETRIC_REPRESENTATION_CONTEXT() REPRESENTATION_CONTEXT('2D SPACE',''
  ) );
#4385 = PCURVE('',#4192,#4386);
#4386 = DEFINITIONAL_REPRESENTATION('',(#4387),#4400);
#4387 = B_SPLINE_CURVE_WITH_KNOTS('',6,(#4388,#4389,#4390,#4391,#4392,
    #4393,#4394,#4395,#4396,#4397,#4398,#4399),.UNSPECIFIED.,.F.,.F.,(7,
    5,7),(0.,0.530196544774,1.),.UNSPECIFIED.);
#4388 = CARTESIAN_POINT('',(1.570796326795,1.383860424082));
#4389 = CARTESIAN_POINT('',(1.552066652189,1.264492666049));
#4390 = CARTESIAN_POINT('',(1.534387895104,1.144792396737));
#4391 = CARTESIAN_POINT('',(1.518090039829,1.024525837422));
#4392 = CARTESIAN_POINT('',(1.503444078532,0.903529677444));
#4393 = CARTESIAN_POINT('',(1.490703203489,0.781704639693));
#4394 = CARTESIAN_POINT('',(1.470666650456,0.550443018725));
#4395 = CARTESIAN_POINT('',(1.462914265857,0.441155800416));
#4396 = CARTESIAN_POINT('',(1.456976670545,0.331316846925));
#4397 = CARTESIAN_POINT('',(1.452971224569,0.221044338239));
#4398 = CARTESIAN_POINT('',(1.450969314366,0.110511075342));
#4399 = CARTESIAN_POINT('',(1.450969314366,0.));
#4400 = ( GEOMETRIC_REPRESENTATION_CONTEXT(2)
PARAMETRIC_REPRESENTATION_CONTEXT() REPRESENTATION_CONTEXT('2D SPACE',''
  ) );
#4401 = ORIENTED_EDGE('',*,*,#4402,.F.);
#4402 = EDGE_CURVE('',#4260,#4176,#4403,.T.);
#4403 = SURFACE_CURVE('',#4404,(#4409,#4416),.PCURVE_S1.);
#4404 = CIRCLE('',#4405,2.85);
#4405 = AXIS2_PLACEMENT_3D('',#4406,#4407,#4408);
#4406 = CARTESIAN_POINT('',(15.,15.,0.5));
#4407 = DIRECTION('',(0.,0.,1.));
#4408 = DIRECTION('',(1.,0.,-0.));
#4409 = PCURVE('',#2642,#4410);
#4410 = DEFINITIONAL_REPRESENTATION('',(#4411),#4415);
#4411 = LINE('',#4412,#4413);
#4412 = CARTESIAN_POINT('',(-0.,3.14159265359));
#4413 = VECTOR('',#4414,1.);
#4414 = DIRECTION('',(-1.,0.));
#4415 = ( GEOMETRIC_REPRESENTATION_CONTEXT(2)
PARAMETRIC_REPRESENTATION_CONTEXT() REPRESENTATION_CONTEXT('2D SPACE',''
  ) );
#4416 = PCURVE('',#4219,#4417);
#4417 = DEFINITIONAL_REPRESENTATION('',(#4418),#4422);
#4418 = LINE('',#4419,#4420);
#4419 = CARTESIAN_POINT('',(0.,0.));
#4420 = VECTOR('',#4421,1.);
#4421 = DIRECTION('',(1.,0.));
#4422 = ( GEOMETRIC_REPRESENTATION_CONTEXT(2)
PARAMETRIC_REPRESENTATION_CONTEXT() REPRESENTATION_CONTEXT('2D SPACE',''
  ) );
#4423 = ORIENTED_EDGE('',*,*,#4424,.T.);
#4424 = EDGE_CURVE('',#4260,#4087,#4425,.T.);
#4425 = SURFACE_CURVE('',#4426,(#4444,#4465),.PCURVE_S1.);
#4426 = B_SPLINE_CURVE_WITH_KNOTS('',6,(#4427,#4428,#4429,#4430,#4431,
    #4432,#4433,#4434,#4435,#4436,#4437,#4438,#4439,#4440,#4441,#4442,
    #4443),.UNSPECIFIED.,.F.,.F.,(7,5,5,7),(0.,0.47033550484,
    0.951384523505,1.),.UNSPECIFIED.);
#4427 = CARTESIAN_POINT('',(12.158621385831,14.778487989169,0.5));
#4428 = CARTESIAN_POINT('',(12.158621385831,14.778487989169,
    0.444682222737));
#4429 = CARTESIAN_POINT('',(12.151767602848,14.771915966914,
    0.38935321385));
#4430 = CARTESIAN_POINT('',(12.138052813732,14.758767619651,
    0.335374355902));
#4431 = CARTESIAN_POINT('',(12.117951799266,14.739286003746,
    0.28405147289));
#4432 = CARTESIAN_POINT('',(12.092300327054,14.713888824717,
    0.236478880623));
#4433 = CARTESIAN_POINT('',(12.03118137775,14.651735818679,
    0.149563837249));
#4434 = CARTESIAN_POINT('',(11.995497235653,14.614727518903,
    0.110423923344));
#4435 = CARTESIAN_POINT('',(11.95606922293,14.572741902535,
    7.698417517094E-02));
#4436 = CARTESIAN_POINT('',(11.914072800848,14.526523244417,
    4.986213976986E-02));
#4437 = CARTESIAN_POINT('',(11.870614268293,14.476915176145,
    2.942964844311E-02));
#4438 = CARTESIAN_POINT('',(11.822247987175,14.419589571165,
    1.45037136183E-02));
#4439 = CARTESIAN_POINT('',(11.817803884292,14.414302834984,
    1.320396279189E-02));
#4440 = CARTESIAN_POINT('',(11.813356023815,14.408991981132,
    1.197463665229E-02));
#4441 = CARTESIAN_POINT('',(11.808905421292,14.403657985247,
    1.081590868436E-02));
#4442 = CARTESIAN_POINT('',(11.804453081811,14.39830183464,
    9.727933494833E-03));
#4443 = CARTESIAN_POINT('',(11.8,14.392924528302,8.710846812316E-03));
#4444 = PCURVE('',#2642,#4445);
#4445 = DEFINITIONAL_REPRESENTATION('',(#4446),#4464);
#4446 = B_SPLINE_CURVE_WITH_KNOTS('',6,(#4447,#4448,#4449,#4450,#4451,
    #4452,#4453,#4454,#4455,#4456,#4457,#4458,#4459,#4460,#4461,#4462,
    #4463),.UNSPECIFIED.,.F.,.F.,(7,5,5,7),(0.,0.47033550484,
    0.951384523505,1.),.UNSPECIFIED.);
#4447 = CARTESIAN_POINT('',(-3.219394638532,3.14159265359));
#4448 = CARTESIAN_POINT('',(-3.219394638532,3.030957099064));
#4449 = CARTESIAN_POINT('',(-3.221506477725,2.920299257644));
#4450 = CARTESIAN_POINT('',(-3.225733063293,2.809903123157));
#4451 = CARTESIAN_POINT('',(-3.23191540248,2.699941954503));
#4452 = CARTESIAN_POINT('',(-3.239779872677,2.59053414255));
#4453 = CARTESIAN_POINT('',(-3.258474386361,2.370523785244));
#4454 = CARTESIAN_POINT('',(-3.269369794979,2.259926991045));
#4455 = CARTESIAN_POINT('',(-3.281387173258,2.150009448363));
#4456 = CARTESIAN_POINT('',(-3.294177584471,2.040707510957));
#4457 = CARTESIAN_POINT('',(-3.307435904923,1.931908489977));
#4458 = CARTESIAN_POINT('',(-3.322251650108,1.812488486026));
#4459 = CARTESIAN_POINT('',(-3.323613537863,1.801530942683));
#4460 = CARTESIAN_POINT('',(-3.324977164208,1.790576714282));
#4461 = CARTESIAN_POINT('',(-3.32634225326,1.779625636723));
#4462 = CARTESIAN_POINT('',(-3.327708533062,1.768677538373));
#4463 = CARTESIAN_POINT('',(-3.329075735587,1.757732240064));
#4464 = ( GEOMETRIC_REPRESENTATION_CONTEXT(2)
PARAMETRIC_REPRESENTATION_CONTEXT() REPRESENTATION_CONTEXT('2D SPACE',''
  ) );
#4465 = PCURVE('',#4138,#4466);
#4466 = DEFINITIONAL_REPRESENTATION('',(#4467),#4485);
#4467 = B_SPLINE_CURVE_WITH_KNOTS('',6,(#4468,#4469,#4470,#4471,#4472,
    #4473,#4474,#4475,#4476,#4477,#4478,#4479,#4480,#4481,#4482,#4483,
    #4484),.UNSPECIFIED.,.F.,.F.,(7,5,5,7),(0.,0.47033550484,
    0.951384523505,1.),.UNSPECIFIED.);
#4468 = CARTESIAN_POINT('',(0.119827012428,0.));
#4469 = CARTESIAN_POINT('',(0.119827012428,0.110635554526));
#4470 = CARTESIAN_POINT('',(0.117820589881,0.221293395945));
#4471 = CARTESIAN_POINT('',(0.113806109909,0.331689530433));
#4472 = CARTESIAN_POINT('',(0.107855292212,0.441650699087));
#4473 = CARTESIAN_POINT('',(0.100085994018,0.55105851104));
#4474 = CARTESIAN_POINT('',(8.100467884219E-02,0.771068868346));
#4475 = CARTESIAN_POINT('',(6.961392124178E-02,0.881665662544));
#4476 = CARTESIAN_POINT('',(5.66392861786E-02,0.991583205226));
#4477 = CARTESIAN_POINT('',(4.226755367716E-02,1.100885142632));
#4478 = CARTESIAN_POINT('',(2.669847323094E-02,1.209684163613));
#4479 = CARTESIAN_POINT('',(8.496107093298E-03,1.329104167564));
#4480 = CARTESIAN_POINT('',(6.815564536629E-03,1.34006170563));
#4481 = CARTESIAN_POINT('',(5.125433408725E-03,1.351015933504));
#4482 = CARTESIAN_POINT('',(3.425960543506E-03,1.361967017924));
#4483 = CARTESIAN_POINT('',(1.71739738753E-03,1.372915125773));
#4484 = CARTESIAN_POINT('',(0.,1.383860424082));
#4485 = ( GEOMETRIC_REPRESENTATION_CONTEXT(2)
PARAMETRIC_REPRESENTATION_CONTEXT() REPRESENTATION_CONTEXT('2D SPACE',''
  ) );
#4486 = ADVANCED_FACE('',(#4487),#2613,.T.);
#4487 = FACE_BOUND('',#4488,.F.);
#4488 = EDGE_LOOP('',(#4489,#4512,#4532,#4533,#4534));
#4489 = ORIENTED_EDGE('',*,*,#4490,.F.);
#4490 = EDGE_CURVE('',#4153,#4491,#4493,.T.);
#4491 = VERTEX_POINT('',#4492);
#4492 = CARTESIAN_POINT('',(14.8,2.842973795166,0.5));
#4493 = SURFACE_CURVE('',#4494,(#4498,#4505),.PCURVE_S1.);
#4494 = LINE('',#4495,#4496);
#4495 = CARTESIAN_POINT('',(14.8,11.8,0.5));
#4496 = VECTOR('',#4497,1.);
#4497 = DIRECTION('',(-0.,-1.,-0.));
#4498 = PCURVE('',#2613,#4499);
#4499 = DEFINITIONAL_REPRESENTATION('',(#4500),#4504);
#4500 = LINE('',#4501,#4502);
#4501 = CARTESIAN_POINT('',(-0.,0.));
#4502 = VECTOR('',#4503,1.);
#4503 = DIRECTION('',(-0.,1.));
#4504 = ( GEOMETRIC_REPRESENTATION_CONTEXT(2)
PARAMETRIC_REPRESENTATION_CONTEXT() REPRESENTATION_CONTEXT('2D SPACE',''
  ) );
#4505 = PCURVE('',#3165,#4506);
#4506 = DEFINITIONAL_REPRESENTATION('',(#4507),#4511);
#4507 = LINE('',#4508,#4509);
#4508 = CARTESIAN_POINT('',(0.5,-26.6));
#4509 = VECTOR('',#4510,1.);
#4510 = DIRECTION('',(-0.,1.));
#4511 = ( GEOMETRIC_REPRESENTATION_CONTEXT(2)
PARAMETRIC_REPRESENTATION_CONTEXT() REPRESENTATION_CONTEXT('2D SPACE',''
  ) );
#4512 = ORIENTED_EDGE('',*,*,#4513,.T.);
#4513 = EDGE_CURVE('',#4153,#4317,#4514,.T.);
#4514 = SURFACE_CURVE('',#4515,(#4520,#4526),.PCURVE_S1.);
#4515 = CIRCLE('',#4516,0.5);
#4516 = AXIS2_PLACEMENT_3D('',#4517,#4518,#4519);
#4517 = CARTESIAN_POINT('',(14.3,11.8,0.5));
#4518 = DIRECTION('',(-6.123233995737E-17,1.,0.));
#4519 = DIRECTION('',(1.,6.123233995737E-17,0.));
#4520 = PCURVE('',#2613,#4521);
#4521 = DEFINITIONAL_REPRESENTATION('',(#4522),#4525);
#4522 = B_SPLINE_CURVE_WITH_KNOTS('',1,(#4523,#4524),.UNSPECIFIED.,.F.,
  .F.,(2,2),(0.,1.570796326795),.PIECEWISE_BEZIER_KNOTS.);
#4523 = CARTESIAN_POINT('',(0.,0.));
#4524 = CARTESIAN_POINT('',(-1.570796326795,0.));
#4525 = ( GEOMETRIC_REPRESENTATION_CONTEXT(2)
PARAMETRIC_REPRESENTATION_CONTEXT() REPRESENTATION_CONTEXT('2D SPACE',''
  ) );
#4526 = PCURVE('',#4192,#4527);
#4527 = DEFINITIONAL_REPRESENTATION('',(#4528),#4531);
#4528 = B_SPLINE_CURVE_WITH_KNOTS('',1,(#4529,#4530),.UNSPECIFIED.,.F.,
  .F.,(2,2),(0.,1.570796326795),.PIECEWISE_BEZIER_KNOTS.);
#4529 = CARTESIAN_POINT('',(1.570796326795,0.));
#4530 = CARTESIAN_POINT('',(1.570796326795,1.570796326795));
#4531 = ( GEOMETRIC_REPRESENTATION_CONTEXT(2)
PARAMETRIC_REPRESENTATION_CONTEXT() REPRESENTATION_CONTEXT('2D SPACE',''
  ) );
#4532 = ORIENTED_EDGE('',*,*,#4316,.T.);
#4533 = ORIENTED_EDGE('',*,*,#2597,.T.);
#4534 = ORIENTED_EDGE('',*,*,#4535,.F.);
#4535 = EDGE_CURVE('',#4491,#2569,#4536,.T.);
#4536 = SURFACE_CURVE('',#4537,(#4560,#4586),.PCURVE_S1.);
#4537 = B_SPLINE_CURVE_WITH_KNOTS('',6,(#4538,#4539,#4540,#4541,#4542,
    #4543,#4544,#4545,#4546,#4547,#4548,#4549,#4550,#4551,#4552,#4553,
    #4554,#4555,#4556,#4557,#4558,#4559),.UNSPECIFIED.,.F.,.F.,(7,5,5,5,
    7),(0.,0.404000583613,0.6559991402,0.912998794449,1.),
  .UNSPECIFIED.);
#4538 = CARTESIAN_POINT('',(14.8,2.842973795166,0.5));
#4539 = CARTESIAN_POINT('',(14.8,2.842973795166,0.44490525682));
#4540 = CARTESIAN_POINT('',(14.792715216602,2.84976357674,0.389791656954
    ));
#4541 = CARTESIAN_POINT('',(14.778134622701,2.863357094536,
    0.336177753014));
#4542 = CARTESIAN_POINT('',(14.756796800411,2.883117768915,
    0.285430364194));
#4543 = CARTESIAN_POINT('',(14.729510843441,2.908082501092,
    0.238552858761));
#4544 = CARTESIAN_POINT('',(14.676998679097,2.955459054146,
    0.169886839878));
#4545 = CARTESIAN_POINT('',(14.654853007712,2.975303697159,0.14528544645
    ));
#4546 = CARTESIAN_POINT('',(14.630940586721,2.996560723061,0.12262519365
    ));
#4547 = CARTESIAN_POINT('',(14.605473342401,3.018998647763,
    0.102030788115));
#4548 = CARTESIAN_POINT('',(14.578661159956,3.042397000729,
    8.359632950232E-02));
#4549 = CARTESIAN_POINT('',(14.522193163338,3.091194475965,
    5.087183512475E-02));
#4550 = CARTESIAN_POINT('',(14.492493334434,3.11662241446,
    3.66723526184E-02));
#4551 = CARTESIAN_POINT('',(14.461819000905,3.142626239611,
    2.487323681628E-02));
#4552 = CARTESIAN_POINT('',(14.430382429441,3.169006561691,
    1.553290429337E-02));
#4553 = CARTESIAN_POINT('',(14.398395365623,3.195576839086,
    8.693740706107E-03));
#4554 = CARTESIAN_POINT('',(14.355127223104,3.23116182105,
    2.925694407381E-03));
#4555 = CARTESIAN_POINT('',(14.344145640849,3.240163229142,
    1.756835665751E-03));
#4556 = CARTESIAN_POINT('',(14.333133722727,3.249159402886,
    8.790260868627E-04));
#4557 = CARTESIAN_POINT('',(14.322099840857,3.258143587751,
    2.931769106746E-04));
#4558 = CARTESIAN_POINT('',(14.31105243249,3.267109124697,
    -1.56810104875E-09));
#4559 = CARTESIAN_POINT('',(14.3,3.276049450176,0.));
#4560 = PCURVE('',#2613,#4561);
#4561 = DEFINITIONAL_REPRESENTATION('',(#4562),#4585);
#4562 = B_SPLINE_CURVE_WITH_KNOTS('',6,(#4563,#4564,#4565,#4566,#4567,
    #4568,#4569,#4570,#4571,#4572,#4573,#4574,#4575,#4576,#4577,#4578,
    #4579,#4580,#4581,#4582,#4583,#4584),.UNSPECIFIED.,.F.,.F.,(7,5,5,5,
    7),(0.,0.404000583613,0.6559991402,0.912998794449,1.),
  .UNSPECIFIED.);
#4563 = CARTESIAN_POINT('',(8.881784197001E-16,8.957026204834));
#4564 = CARTESIAN_POINT('',(-0.110189486361,8.957026204834));
#4565 = CARTESIAN_POINT('',(-0.220416082347,8.95023642326));
#4566 = CARTESIAN_POINT('',(-0.330055018952,8.936642905464));
#4567 = CARTESIAN_POINT('',(-0.438774863891,8.916882231085));
#4568 = CARTESIAN_POINT('',(-0.546398984068,8.891917498908));
#4569 = CARTESIAN_POINT('',(-0.719286803805,8.844540945854));
#4570 = CARTESIAN_POINT('',(-0.785276034292,8.824696302841));
#4571 = CARTESIAN_POINT('',(-0.850856404266,8.803439276939));
#4572 = CARTESIAN_POINT('',(-0.916062730758,8.781001352237));
#4573 = CARTESIAN_POINT('',(-0.980945848207,8.757602999271));
#4574 = CARTESIAN_POINT('',(-1.111475954685,8.708805524035));
#4575 = CARTESIAN_POINT('',(-1.177108637778,8.68337758554));
#4576 = CARTESIAN_POINT('',(-1.242535838911,8.657373760389));
#4577 = CARTESIAN_POINT('',(-1.307825415786,8.630993438309));
#4578 = CARTESIAN_POINT('',(-1.373046056938,8.604423160914));
#4579 = CARTESIAN_POINT('',(-1.460347890025,8.56883817895));
#4580 = CARTESIAN_POINT('',(-1.482427368901,8.559836770858));
#4581 = CARTESIAN_POINT('',(-1.504509438245,8.550840597114));
#4582 = CARTESIAN_POINT('',(-1.526596642246,8.541856412249));
#4583 = CARTESIAN_POINT('',(-1.548691464258,8.532890875303));
#4584 = CARTESIAN_POINT('',(-1.570796326795,8.523950549824));
#4585 = ( GEOMETRIC_REPRESENTATION_CONTEXT(2)
PARAMETRIC_REPRESENTATION_CONTEXT() REPRESENTATION_CONTEXT('2D SPACE',''
  ) );
#4586 = PCURVE('',#2585,#4587);
#4587 = DEFINITIONAL_REPRESENTATION('',(#4588),#4611);
#4588 = B_SPLINE_CURVE_WITH_KNOTS('',6,(#4589,#4590,#4591,#4592,#4593,
    #4594,#4595,#4596,#4597,#4598,#4599,#4600,#4601,#4602,#4603,#4604,
    #4605,#4606,#4607,#4608,#4609,#4610),.UNSPECIFIED.,.F.,.F.,(7,5,5,5,
    7),(0.,0.404000583613,0.6559991402,0.912998794449,1.),
  .UNSPECIFIED.);
#4589 = CARTESIAN_POINT('',(-1.641029490976,3.14159265359));
#4590 = CARTESIAN_POINT('',(-1.641029490976,3.031403167229));
#4591 = CARTESIAN_POINT('',(-1.643411646968,2.921176571243));
#4592 = CARTESIAN_POINT('',(-1.6481824066,2.811537634637));
#4593 = CARTESIAN_POINT('',(-1.655067292349,2.702817789699));
#4594 = CARTESIAN_POINT('',(-1.663651454841,2.595193669522));
#4595 = CARTESIAN_POINT('',(-1.679695916672,2.422305849785));
#4596 = CARTESIAN_POINT('',(-1.686365987187,2.356316619298));
#4597 = CARTESIAN_POINT('',(-1.693447115684,2.290736249324));
#4598 = CARTESIAN_POINT('',(-1.700846999819,2.225529922832));
#4599 = CARTESIAN_POINT('',(-1.708480902989,2.160646805383));
#4600 = CARTESIAN_POINT('',(-1.724225602504,2.030116698905));
#4601 = CARTESIAN_POINT('',(-1.732342284152,1.964484015811));
#4602 = CARTESIAN_POINT('',(-1.740547782403,1.899056814679));
#4603 = CARTESIAN_POINT('',(-1.748773662315,1.833767237804));
#4604 = CARTESIAN_POINT('',(-1.756960275831,1.768546596652));
#4605 = CARTESIAN_POINT('',(-1.767796372741,1.681244763564));
#4606 = CARTESIAN_POINT('',(-1.770526461201,1.659165284689));
#4607 = CARTESIAN_POINT('',(-1.773244054344,1.637083215345));
#4608 = CARTESIAN_POINT('',(-1.775947205626,1.614996011344));
#4609 = CARTESIAN_POINT('',(-1.778634050104,1.592901189332));
#4610 = CARTESIAN_POINT('',(-1.781302804438,1.570796326795));
#4611 = ( GEOMETRIC_REPRESENTATION_CONTEXT(2)
PARAMETRIC_REPRESENTATION_CONTEXT() REPRESENTATION_CONTEXT('2D SPACE',''
  ) );
#4612 = ADVANCED_FACE('',(#4613),#2585,.T.);
#4613 = FACE_BOUND('',#4614,.F.);
#4614 = EDGE_LOOP('',(#4615,#4616,#4617,#4697));
#4615 = ORIENTED_EDGE('',*,*,#4535,.T.);
#4616 = ORIENTED_EDGE('',*,*,#2568,.T.);
#4617 = ORIENTED_EDGE('',*,*,#4618,.F.);
#4618 = EDGE_CURVE('',#4619,#2541,#4621,.T.);
#4619 = VERTEX_POINT('',#4620);
#4620 = CARTESIAN_POINT('',(14.8,-2.842973795166,0.5));
#4621 = SURFACE_CURVE('',#4622,(#4645,#4671),.PCURVE_S1.);
#4622 = B_SPLINE_CURVE_WITH_KNOTS('',6,(#4623,#4624,#4625,#4626,#4627,
    #4628,#4629,#4630,#4631,#4632,#4633,#4634,#4635,#4636,#4637,#4638,
    #4639,#4640,#4641,#4642,#4643,#4644),.UNSPECIFIED.,.F.,.F.,(7,5,5,5,
    7),(0.,0.40400058361,0.655999140197,0.912998794445,1.),
  .UNSPECIFIED.);
#4623 = CARTESIAN_POINT('',(14.8,-2.842973795166,0.5));
#4624 = CARTESIAN_POINT('',(14.8,-2.842973795166,0.44490525682));
#4625 = CARTESIAN_POINT('',(14.792715216602,-2.84976357674,
    0.389791656955));
#4626 = CARTESIAN_POINT('',(14.778134622702,-2.863357094536,
    0.336177753015));
#4627 = CARTESIAN_POINT('',(14.756796800412,-2.883117768914,
    0.285430364195));
#4628 = CARTESIAN_POINT('',(14.729510843442,-2.908082501091,
    0.238552858763));
#4629 = CARTESIAN_POINT('',(14.676998679099,-2.955459054144,
    0.16988683988));
#4630 = CARTESIAN_POINT('',(14.654853007714,-2.975303697157,
    0.145285446452));
#4631 = CARTESIAN_POINT('',(14.630940586723,-2.996560723059,
    0.122625193652));
#4632 = CARTESIAN_POINT('',(14.605473342403,-3.018998647761,
    0.102030788117));
#4633 = CARTESIAN_POINT('',(14.578661159958,-3.042397000727,
    8.359632950389E-02));
#4634 = CARTESIAN_POINT('',(14.52219316334,-3.091194475962,
    5.087183512599E-02));
#4635 = CARTESIAN_POINT('',(14.492493334437,-3.116622414458,
    3.667235261948E-02));
#4636 = CARTESIAN_POINT('',(14.461819000907,-3.142626239609,
    2.487323681719E-02));
#4637 = CARTESIAN_POINT('',(14.430382429444,-3.169006561688,
    1.553290429409E-02));
#4638 = CARTESIAN_POINT('',(14.398395365626,-3.195576839083,
    8.69374070666E-03));
#4639 = CARTESIAN_POINT('',(14.355127223107,-3.231161821048,
    2.925694407629E-03));
#4640 = CARTESIAN_POINT('',(14.344145640851,-3.240163229141,
    1.7568356659E-03));
#4641 = CARTESIAN_POINT('',(14.333133722728,-3.249159402885,
    8.790260869372E-04));
#4642 = CARTESIAN_POINT('',(14.322099840858,-3.25814358775,
    2.931769106995E-04));
#4643 = CARTESIAN_POINT('',(14.31105243249,-3.267109124696,
    -1.568101028222E-09));
#4644 = CARTESIAN_POINT('',(14.3,-3.276049450176,0.));
#4645 = PCURVE('',#2585,#4646);
#4646 = DEFINITIONAL_REPRESENTATION('',(#4647),#4670);
#4647 = B_SPLINE_CURVE_WITH_KNOTS('',6,(#4648,#4649,#4650,#4651,#4652,
    #4653,#4654,#4655,#4656,#4657,#4658,#4659,#4660,#4661,#4662,#4663,
    #4664,#4665,#4666,#4667,#4668,#4669),.UNSPECIFIED.,.F.,.F.,(7,5,5,5,
    7),(0.,0.40400058361,0.655999140197,0.912998794445,1.),
  .UNSPECIFIED.);
#4648 = CARTESIAN_POINT('',(-4.642155816203,3.14159265359));
#4649 = CARTESIAN_POINT('',(-4.642155816203,3.03140316723));
#4650 = CARTESIAN_POINT('',(-4.639773660212,2.921176571245));
#4651 = CARTESIAN_POINT('',(-4.63500290058,2.81153763464));
#4652 = CARTESIAN_POINT('',(-4.628118014831,2.702817789703));
#4653 = CARTESIAN_POINT('',(-4.619533852339,2.595193669527));
#4654 = CARTESIAN_POINT('',(-4.603489390508,2.422305849791));
#4655 = CARTESIAN_POINT('',(-4.596819319994,2.356316619304));
#4656 = CARTESIAN_POINT('',(-4.589738191497,2.29073624933));
#4657 = CARTESIAN_POINT('',(-4.582338307361,2.225529922838));
#4658 = CARTESIAN_POINT('',(-4.574704404192,2.160646805388));
#4659 = CARTESIAN_POINT('',(-4.558959704676,2.03011669891));
#4660 = CARTESIAN_POINT('',(-4.550843023029,1.964484015817));
#4661 = CARTESIAN_POINT('',(-4.542637524777,1.899056814684));
#4662 = CARTESIAN_POINT('',(-4.534411644865,1.833767237809));
#4663 = CARTESIAN_POINT('',(-4.526225031349,1.768546596658));
#4664 = CARTESIAN_POINT('',(-4.515388934439,1.681244763569));
#4665 = CARTESIAN_POINT('',(-4.512658845979,1.659165284693));
#4666 = CARTESIAN_POINT('',(-4.509941252836,1.637083215348));
#4667 = CARTESIAN_POINT('',(-4.507238101554,1.614996011346));
#4668 = CARTESIAN_POINT('',(-4.504551257075,1.592901189333));
#4669 = CARTESIAN_POINT('',(-4.501882502741,1.570796326795));
#4670 = ( GEOMETRIC_REPRESENTATION_CONTEXT(2)
PARAMETRIC_REPRESENTATION_CONTEXT() REPRESENTATION_CONTEXT('2D SPACE',''
  ) );
#4671 = PCURVE('',#2556,#4672);
#4672 = DEFINITIONAL_REPRESENTATION('',(#4673),#4696);
#4673 = B_SPLINE_CURVE_WITH_KNOTS('',6,(#4674,#4675,#4676,#4677,#4678,
    #4679,#4680,#4681,#4682,#4683,#4684,#4685,#4686,#4687,#4688,#4689,
    #4690,#4691,#4692,#4693,#4694,#4695),.UNSPECIFIED.,.F.,.F.,(7,5,5,5,
    7),(0.,0.40400058361,0.655999140197,0.912998794445,1.),
  .UNSPECIFIED.);
#4674 = CARTESIAN_POINT('',(8.881784197001E-16,14.642973795166));
#4675 = CARTESIAN_POINT('',(-0.11018948636,14.642973795166));
#4676 = CARTESIAN_POINT('',(-0.220416082345,14.64976357674));
#4677 = CARTESIAN_POINT('',(-0.330055018949,14.663357094536));
#4678 = CARTESIAN_POINT('',(-0.438774863887,14.683117768914));
#4679 = CARTESIAN_POINT('',(-0.546398984063,14.708082501091));
#4680 = CARTESIAN_POINT('',(-0.719286803799,14.755459054144));
#4681 = CARTESIAN_POINT('',(-0.785276034286,14.775303697157));
#4682 = CARTESIAN_POINT('',(-0.85085640426,14.796560723059));
#4683 = CARTESIAN_POINT('',(-0.916062730752,14.818998647761));
#4684 = CARTESIAN_POINT('',(-0.980945848201,14.842397000727));
#4685 = CARTESIAN_POINT('',(-1.11147595468,14.891194475962));
#4686 = CARTESIAN_POINT('',(-1.177108637773,14.916622414458));
#4687 = CARTESIAN_POINT('',(-1.242535838906,14.942626239609));
#4688 = CARTESIAN_POINT('',(-1.307825415781,14.969006561688));
#4689 = CARTESIAN_POINT('',(-1.373046056932,14.995576839083));
#4690 = CARTESIAN_POINT('',(-1.460347890021,15.031161821048));
#4691 = CARTESIAN_POINT('',(-1.482427368897,15.040163229141));
#4692 = CARTESIAN_POINT('',(-1.504509438242,15.049159402885));
#4693 = CARTESIAN_POINT('',(-1.526596642244,15.05814358775));
#4694 = CARTESIAN_POINT('',(-1.548691464257,15.067109124696));
#4695 = CARTESIAN_POINT('',(-1.570796326795,15.076049450176));
#4696 = ( GEOMETRIC_REPRESENTATION_CONTEXT(2)
PARAMETRIC_REPRESENTATION_CONTEXT() REPRESENTATION_CONTEXT('2D SPACE',''
  ) );
#4697 = ORIENTED_EDGE('',*,*,#4698,.F.);
#4698 = EDGE_CURVE('',#4491,#4619,#4699,.T.);
#4699 = SURFACE_CURVE('',#4700,(#4705,#4712),.PCURVE_S1.);
#4700 = CIRCLE('',#4701,2.85);
#4701 = AXIS2_PLACEMENT_3D('',#4702,#4703,#4704);
#4702 = CARTESIAN_POINT('',(15.,0.,0.5));
#4703 = DIRECTION('',(0.,0.,1.));
#4704 = DIRECTION('',(1.,0.,-0.));
#4705 = PCURVE('',#2585,#4706);
#4706 = DEFINITIONAL_REPRESENTATION('',(#4707),#4711);
#4707 = LINE('',#4708,#4709);
#4708 = CARTESIAN_POINT('',(-0.,3.14159265359));
#4709 = VECTOR('',#4710,1.);
#4710 = DIRECTION('',(-1.,0.));
#4711 = ( GEOMETRIC_REPRESENTATION_CONTEXT(2)
PARAMETRIC_REPRESENTATION_CONTEXT() REPRESENTATION_CONTEXT('2D SPACE',''
  ) );
#4712 = PCURVE('',#4713,#4718);
#4713 = CYLINDRICAL_SURFACE('',#4714,2.85);
#4714 = AXIS2_PLACEMENT_3D('',#4715,#4716,#4717);
#4715 = CARTESIAN_POINT('',(15.,0.,0.5));
#4716 = DIRECTION('',(0.,0.,1.));
#4717 = DIRECTION('',(1.,0.,-0.));
#4718 = DEFINITIONAL_REPRESENTATION('',(#4719),#4723);
#4719 = LINE('',#4720,#4721);
#4720 = CARTESIAN_POINT('',(0.,0.));
#4721 = VECTOR('',#4722,1.);
#4722 = DIRECTION('',(1.,0.));
#4723 = ( GEOMETRIC_REPRESENTATION_CONTEXT(2)
PARAMETRIC_REPRESENTATION_CONTEXT() REPRESENTATION_CONTEXT('2D SPACE',''
  ) );
#4724 = ADVANCED_FACE('',(#4725),#2556,.T.);
#4725 = FACE_BOUND('',#4726,.F.);
#4726 = EDGE_LOOP('',(#4727,#4748,#4749,#4750,#4788));
#4727 = ORIENTED_EDGE('',*,*,#4728,.F.);
#4728 = EDGE_CURVE('',#4619,#3148,#4729,.T.);
#4729 = SURFACE_CURVE('',#4730,(#4734,#4741),.PCURVE_S1.);
#4730 = LINE('',#4731,#4732);
#4731 = CARTESIAN_POINT('',(14.8,11.8,0.5));
#4732 = VECTOR('',#4733,1.);
#4733 = DIRECTION('',(-0.,-1.,-0.));
#4734 = PCURVE('',#2556,#4735);
#4735 = DEFINITIONAL_REPRESENTATION('',(#4736),#4740);
#4736 = LINE('',#4737,#4738);
#4737 = CARTESIAN_POINT('',(-0.,0.));
#4738 = VECTOR('',#4739,1.);
#4739 = DIRECTION('',(-0.,1.));
#4740 = ( GEOMETRIC_REPRESENTATION_CONTEXT(2)
PARAMETRIC_REPRESENTATION_CONTEXT() REPRESENTATION_CONTEXT('2D SPACE',''
  ) );
#4741 = PCURVE('',#3165,#4742);
#4742 = DEFINITIONAL_REPRESENTATION('',(#4743),#4747);
#4743 = LINE('',#4744,#4745);
#4744 = CARTESIAN_POINT('',(0.5,-26.6));
#4745 = VECTOR('',#4746,1.);
#4746 = DIRECTION('',(-0.,1.));
#4747 = ( GEOMETRIC_REPRESENTATION_CONTEXT(2)
PARAMETRIC_REPRESENTATION_CONTEXT() REPRESENTATION_CONTEXT('2D SPACE',''
  ) );
#4748 = ORIENTED_EDGE('',*,*,#4618,.T.);
#4749 = ORIENTED_EDGE('',*,*,#2540,.T.);
#4750 = ORIENTED_EDGE('',*,*,#4751,.F.);
#4751 = EDGE_CURVE('',#4752,#2512,#4754,.T.);
#4752 = VERTEX_POINT('',#4753);
#4753 = CARTESIAN_POINT('',(14.392924528302,-11.8,8.710846812316E-03));
#4754 = SURFACE_CURVE('',#4755,(#4764,#4776),.PCURVE_S1.);
#4755 = B_SPLINE_CURVE_WITH_KNOTS('',4,(#4756,#4757,#4758,#4759,#4760,
    #4761,#4762,#4763),.UNSPECIFIED.,.F.,.F.,(5,3,5),(0.,0.291122692339,
    1.),.UNSPECIFIED.);
#4756 = CARTESIAN_POINT('',(14.39292525283,-11.8000006,
    8.710983853234E-03));
#4757 = CARTESIAN_POINT('',(14.386241668457,-11.79446575558,
    7.446811826047E-03));
#4758 = CARTESIAN_POINT('',(14.379536054852,-11.78892543279,
    6.304043421069E-03));
#4759 = CARTESIAN_POINT('',(14.372811254248,-11.78338204177,
    5.283140427686E-03));
#4760 = CARTESIAN_POINT('',(14.349655753406,-11.76433828274,
    2.196296547799E-03));
#4761 = CARTESIAN_POINT('',(14.333144737164,-11.75083455492,
    7.32945412889E-04));
#4762 = CARTESIAN_POINT('',(14.316578648735,-11.73736103804,
    -2.35215172166E-09));
#4763 = CARTESIAN_POINT('',(14.3,-11.72395054982,0.));
#4764 = PCURVE('',#2556,#4765);
#4765 = DEFINITIONAL_REPRESENTATION('',(#4766),#4775);
#4766 = B_SPLINE_CURVE_WITH_KNOTS('',4,(#4767,#4768,#4769,#4770,#4771,
    #4772,#4773,#4774),.UNSPECIFIED.,.F.,.F.,(5,3,5),(0.,0.291122692339,
    1.),.UNSPECIFIED.);
#4767 = CARTESIAN_POINT('',(-1.383858949333,23.6000006));
#4768 = CARTESIAN_POINT('',(-1.397463129717,23.594465755581));
#4769 = CARTESIAN_POINT('',(-1.411065475245,23.588925432795));
#4770 = CARTESIAN_POINT('',(-1.424666942211,23.583382041771));
#4771 = CARTESIAN_POINT('',(-1.471387636743,23.56433828274));
#4772 = CARTESIAN_POINT('',(-1.504506840497,23.550834554929));
#4773 = CARTESIAN_POINT('',(-1.537639032989,23.537361038043));
#4774 = CARTESIAN_POINT('',(-1.570796326795,23.523950549824));
#4775 = ( GEOMETRIC_REPRESENTATION_CONTEXT(2)
PARAMETRIC_REPRESENTATION_CONTEXT() REPRESENTATION_CONTEXT('2D SPACE',''
  ) );
#4776 = PCURVE('',#2528,#4777);
#4777 = DEFINITIONAL_REPRESENTATION('',(#4778),#4787);
#4778 = B_SPLINE_CURVE_WITH_KNOTS('',4,(#4779,#4780,#4781,#4782,#4783,
    #4784,#4785,#4786),.UNSPECIFIED.,.F.,.F.,(5,3,5),(0.,0.291122692339,
    1.),.UNSPECIFIED.);
#4779 = CARTESIAN_POINT('',(-1.758279220301,1.75773372188));
#4780 = CARTESIAN_POINT('',(-1.759978550164,1.744129541414));
#4781 = CARTESIAN_POINT('',(-1.761674924699,1.730527156383));
#4782 = CARTESIAN_POINT('',(-1.763367574459,1.716925711379));
#4783 = CARTESIAN_POINT('',(-1.769166650558,1.670205016847));
#4784 = CARTESIAN_POINT('',(-1.773251316075,1.637085813093));
#4785 = CARTESIAN_POINT('',(-1.777299672937,1.6039536206));
#4786 = CARTESIAN_POINT('',(-1.781302804438,1.570796326795));
#4787 = ( GEOMETRIC_REPRESENTATION_CONTEXT(2)
PARAMETRIC_REPRESENTATION_CONTEXT() REPRESENTATION_CONTEXT('2D SPACE',''
  ) );
#4788 = ORIENTED_EDGE('',*,*,#4789,.F.);
#4789 = EDGE_CURVE('',#3148,#4752,#4790,.T.);
#4790 = SURFACE_CURVE('',#4791,(#4796,#4802),.PCURVE_S1.);
#4791 = CIRCLE('',#4792,0.5);
#4792 = AXIS2_PLACEMENT_3D('',#4793,#4794,#4795);
#4793 = CARTESIAN_POINT('',(14.3,-11.8,0.5));
#4794 = DIRECTION('',(0.,1.,0.));
#4795 = DIRECTION('',(1.,0.,-0.));
#4796 = PCURVE('',#2556,#4797);
#4797 = DEFINITIONAL_REPRESENTATION('',(#4798),#4801);
#4798 = B_SPLINE_CURVE_WITH_KNOTS('',1,(#4799,#4800),.UNSPECIFIED.,.F.,
  .F.,(2,2),(0.,1.570796326795),.PIECEWISE_BEZIER_KNOTS.);
#4799 = CARTESIAN_POINT('',(0.,23.6));
#4800 = CARTESIAN_POINT('',(-1.570796326795,23.6));
#4801 = ( GEOMETRIC_REPRESENTATION_CONTEXT(2)
PARAMETRIC_REPRESENTATION_CONTEXT() REPRESENTATION_CONTEXT('2D SPACE',''
  ) );
#4802 = PCURVE('',#3194,#4803);
#4803 = DEFINITIONAL_REPRESENTATION('',(#4804),#4807);
#4804 = B_SPLINE_CURVE_WITH_KNOTS('',1,(#4805,#4806),.UNSPECIFIED.,.F.,
  .F.,(2,2),(0.,1.570796326795),.PIECEWISE_BEZIER_KNOTS.);
#4805 = CARTESIAN_POINT('',(0.,0.));
#4806 = CARTESIAN_POINT('',(0.,1.570796326795));
#4807 = ( GEOMETRIC_REPRESENTATION_CONTEXT(2)
PARAMETRIC_REPRESENTATION_CONTEXT() REPRESENTATION_CONTEXT('2D SPACE',''
  ) );
#4808 = ADVANCED_FACE('',(#4809),#2528,.T.);
#4809 = FACE_BOUND('',#4810,.F.);
#4810 = EDGE_LOOP('',(#4811,#4812,#4813,#4814,#4862,#4884));
#4811 = ORIENTED_EDGE('',*,*,#4751,.T.);
#4812 = ORIENTED_EDGE('',*,*,#2511,.T.);
#4813 = ORIENTED_EDGE('',*,*,#3029,.F.);
#4814 = ORIENTED_EDGE('',*,*,#4815,.T.);
#4815 = EDGE_CURVE('',#3003,#3262,#4816,.T.);
#4816 = SURFACE_CURVE('',#4817,(#4830,#4846),.PCURVE_S1.);
#4817 = B_SPLINE_CURVE_WITH_KNOTS('',6,(#4818,#4819,#4820,#4821,#4822,
    #4823,#4824,#4825,#4826,#4827,#4828,#4829),.UNSPECIFIED.,.F.,.F.,(7,
    5,7),(0.,0.529667335294,1.),.UNSPECIFIED.);
#4818 = CARTESIAN_POINT('',(11.8,-14.3929245283,8.710846812316E-03));
#4819 = CARTESIAN_POINT('',(11.848516154764,-14.45151007367,
    1.979196703246E-02));
#4820 = CARTESIAN_POINT('',(11.896943683162,-14.50758372065,
    3.928759513367E-02));
#4821 = CARTESIAN_POINT('',(11.944002443657,-14.55986141487,
    6.702207755913E-02));
#4822 = CARTESIAN_POINT('',(11.98823573042,-14.60719018647,
    0.102562135096));
#4823 = CARTESIAN_POINT('',(12.028057829027,-14.64855942339,
    0.145121951781));
#4824 = CARTESIAN_POINT('',(12.092300327054,-14.71388882471,
    0.236478880623));
#4825 = CARTESIAN_POINT('',(12.117951799266,-14.73928600374,
    0.28405147289));
#4826 = CARTESIAN_POINT('',(12.138052813732,-14.75876761965,
    0.335374355902));
#4827 = CARTESIAN_POINT('',(12.151767602848,-14.77191596691,
    0.38935321385));
#4828 = CARTESIAN_POINT('',(12.158621385831,-14.77848798916,
    0.444682222737));
#4829 = CARTESIAN_POINT('',(12.158621385831,-14.77848798916,0.5));
#4830 = PCURVE('',#2528,#4831);
#4831 = DEFINITIONAL_REPRESENTATION('',(#4832),#4845);
#4832 = B_SPLINE_CURVE_WITH_KNOTS('',6,(#4833,#4834,#4835,#4836,#4837,
    #4838,#4839,#4840,#4841,#4842,#4843,#4844),.UNSPECIFIED.,.F.,.F.,(7,
    5,7),(0.,0.529667335294,1.),.UNSPECIFIED.);
#4833 = CARTESIAN_POINT('',(-2.954109571592,1.757732240064));
#4834 = CARTESIAN_POINT('',(-2.969005190434,1.876980843448));
#4835 = CARTESIAN_POINT('',(-2.983791318127,1.996561239374));
#4836 = CARTESIAN_POINT('',(-2.998120934363,2.116706658319));
#4837 = CARTESIAN_POINT('',(-3.011598506964,2.237579788578));
#4838 = CARTESIAN_POINT('',(-3.023755517871,2.359279922604));
#4839 = CARTESIAN_POINT('',(-3.043405434502,2.59053414255));
#4840 = CARTESIAN_POINT('',(-3.0512699047,2.699941954503));
#4841 = CARTESIAN_POINT('',(-3.057452243887,2.809903123157));
#4842 = CARTESIAN_POINT('',(-3.061678829454,2.920299257645));
#4843 = CARTESIAN_POINT('',(-3.063790668648,3.030957099064));
#4844 = CARTESIAN_POINT('',(-3.063790668648,3.14159265359));
#4845 = ( GEOMETRIC_REPRESENTATION_CONTEXT(2)
PARAMETRIC_REPRESENTATION_CONTEXT() REPRESENTATION_CONTEXT('2D SPACE',''
  ) );
#4846 = PCURVE('',#3018,#4847);
#4847 = DEFINITIONAL_REPRESENTATION('',(#4848),#4861);
#4848 = B_SPLINE_CURVE_WITH_KNOTS('',6,(#4849,#4850,#4851,#4852,#4853,
    #4854,#4855,#4856,#4857,#4858,#4859,#4860),.UNSPECIFIED.,.F.,.F.,(7,
    5,7),(0.,0.529667335294,1.),.UNSPECIFIED.);
#4849 = CARTESIAN_POINT('',(1.570796326795,1.383860424082));
#4850 = CARTESIAN_POINT('',(1.552085348425,1.264611820698));
#4851 = CARTESIAN_POINT('',(1.534423191582,1.145031374157));
#4852 = CARTESIAN_POINT('',(1.518138856123,1.024886035563));
#4853 = CARTESIAN_POINT('',(1.503502574874,0.904012849467));
#4854 = CARTESIAN_POINT('',(1.490766818801,0.782312730986));
#4855 = CARTESIAN_POINT('',(1.470710332777,0.55105851104));
#4856 = CARTESIAN_POINT('',(1.462941034582,0.441650699087));
#4857 = CARTESIAN_POINT('',(1.456990216886,0.331689530433));
#4858 = CARTESIAN_POINT('',(1.452975736914,0.221293395945));
#4859 = CARTESIAN_POINT('',(1.450969314366,0.110635554526));
#4860 = CARTESIAN_POINT('',(1.450969314366,0.));
#4861 = ( GEOMETRIC_REPRESENTATION_CONTEXT(2)
PARAMETRIC_REPRESENTATION_CONTEXT() REPRESENTATION_CONTEXT('2D SPACE',''
  ) );
#4862 = ORIENTED_EDGE('',*,*,#4863,.F.);
#4863 = EDGE_CURVE('',#3178,#3262,#4864,.T.);
#4864 = SURFACE_CURVE('',#4865,(#4870,#4877),.PCURVE_S1.);
#4865 = CIRCLE('',#4866,2.85);
#4866 = AXIS2_PLACEMENT_3D('',#4867,#4868,#4869);
#4867 = CARTESIAN_POINT('',(15.,-15.,0.5));
#4868 = DIRECTION('',(0.,0.,1.));
#4869 = DIRECTION('',(1.,0.,-0.));
#4870 = PCURVE('',#2528,#4871);
#4871 = DEFINITIONAL_REPRESENTATION('',(#4872),#4876);
#4872 = LINE('',#4873,#4874);
#4873 = CARTESIAN_POINT('',(-0.,3.14159265359));
#4874 = VECTOR('',#4875,1.);
#4875 = DIRECTION('',(-1.,0.));
#4876 = ( GEOMETRIC_REPRESENTATION_CONTEXT(2)
PARAMETRIC_REPRESENTATION_CONTEXT() REPRESENTATION_CONTEXT('2D SPACE',''
  ) );
#4877 = PCURVE('',#3221,#4878);
#4878 = DEFINITIONAL_REPRESENTATION('',(#4879),#4883);
#4879 = LINE('',#4880,#4881);
#4880 = CARTESIAN_POINT('',(0.,0.));
#4881 = VECTOR('',#4882,1.);
#4882 = DIRECTION('',(1.,0.));
#4883 = ( GEOMETRIC_REPRESENTATION_CONTEXT(2)
PARAMETRIC_REPRESENTATION_CONTEXT() REPRESENTATION_CONTEXT('2D SPACE',''
  ) );
#4884 = ORIENTED_EDGE('',*,*,#4885,.T.);
#4885 = EDGE_CURVE('',#3178,#4752,#4886,.T.);
#4886 = SURFACE_CURVE('',#4887,(#4905,#4926),.PCURVE_S1.);
#4887 = B_SPLINE_CURVE_WITH_KNOTS('',6,(#4888,#4889,#4890,#4891,#4892,
    #4893,#4894,#4895,#4896,#4897,#4898,#4899,#4900,#4901,#4902,#4903,
    #4904),.UNSPECIFIED.,.F.,.F.,(7,5,5,7),(0.,0.470211760549,
    0.951257577011,1.),.UNSPECIFIED.);
#4888 = CARTESIAN_POINT('',(14.778487989169,-12.15862138583,0.5));
#4889 = CARTESIAN_POINT('',(14.778487989169,-12.15862138583,
    0.444696777058));
#4890 = CARTESIAN_POINT('',(14.771919424867,-12.1517712085,
    0.389382334372));
#4891 = CARTESIAN_POINT('',(14.758777998624,-12.13806364124,
    0.335416968132));
#4892 = CARTESIAN_POINT('',(14.73930650572,-12.1179729516,0.284105487944
    ));
#4893 = CARTESIAN_POINT('',(14.713922229439,-12.09233406726,
    0.236541466459));
#4894 = CARTESIAN_POINT('',(14.651791718097,-12.03123543679,
    0.149625794345));
#4895 = CARTESIAN_POINT('',(14.614790259167,-11.99555664612,
    0.110479003749));
#4896 = CARTESIAN_POINT('',(14.572810812465,-11.95613285046,
    7.703158885669E-02));
#4897 = CARTESIAN_POINT('',(14.526597554675,-11.91413949186,
    4.99012903529E-02));
#4898 = CARTESIAN_POINT('',(14.476994025149,-11.87068291155,
    2.946010336684E-02));
#4899 = CARTESIAN_POINT('',(14.419658594331,-11.82230601011,
    1.452068825583E-02));
#4900 = CARTESIAN_POINT('',(14.414358305137,-11.81785034144,
    1.321680582369E-02));
#4901 = CARTESIAN_POINT('',(14.409033764888,-11.81339088786,
    1.198371507411E-02));
#4902 = CARTESIAN_POINT('',(14.403685957064,-11.80892867318,
    1.082159100216E-02));
#4903 = CARTESIAN_POINT('',(14.398315876282,-11.80446471004,
    9.730589391078E-03));
#4904 = CARTESIAN_POINT('',(14.392924528302,-11.8,8.710846812316E-03));
#4905 = PCURVE('',#2528,#4906);
#4906 = DEFINITIONAL_REPRESENTATION('',(#4907),#4925);
#4907 = B_SPLINE_CURVE_WITH_KNOTS('',6,(#4908,#4909,#4910,#4911,#4912,
    #4913,#4914,#4915,#4916,#4917,#4918,#4919,#4920,#4921,#4922,#4923,
    #4924),.UNSPECIFIED.,.F.,.F.,(7,5,5,7),(0.,0.470211760549,
    0.951257577011,1.),.UNSPECIFIED.);
#4908 = CARTESIAN_POINT('',(-1.648598312086,3.14159265359));
#4909 = CARTESIAN_POINT('',(-1.648598312086,3.030986207705));
#4910 = CARTESIAN_POINT('',(-1.650709038641,2.920357498303));
#4911 = CARTESIAN_POINT('',(-1.65493340089,2.809990272603));
#4912 = CARTESIAN_POINT('',(-1.66111256969,2.700057682849));
#4913 = CARTESIAN_POINT('',(-1.668973201367,2.59067807023));
#4914 = CARTESIAN_POINT('',(-1.68766154936,2.370695427286));
#4915 = CARTESIAN_POINT('',(-1.698555350044,2.260098491476));
#4916 = CARTESIAN_POINT('',(-1.710571461012,2.150180836389));
#4917 = CARTESIAN_POINT('',(-1.723360934508,2.040878872093));
#4918 = CARTESIAN_POINT('',(-1.73661862248,1.932079953768));
#4919 = CARTESIAN_POINT('',(-1.751437542328,1.812631550317));
#4920 = CARTESIAN_POINT('',(-1.752802968009,1.80164536045));
#4921 = CARTESIAN_POINT('',(-1.754170143654,1.790662502925));
#4922 = CARTESIAN_POINT('',(-1.755538791254,1.779682811674));
#4923 = CARTESIAN_POINT('',(-1.756908636597,1.768706114976));
#4924 = CARTESIAN_POINT('',(-1.758279409269,1.757732235448));
#4925 = ( GEOMETRIC_REPRESENTATION_CONTEXT(2)
PARAMETRIC_REPRESENTATION_CONTEXT() REPRESENTATION_CONTEXT('2D SPACE',''
  ) );
#4926 = PCURVE('',#3194,#4927);
#4927 = DEFINITIONAL_REPRESENTATION('',(#4928),#4946);
#4928 = B_SPLINE_CURVE_WITH_KNOTS('',6,(#4929,#4930,#4931,#4932,#4933,
    #4934,#4935,#4936,#4937,#4938,#4939,#4940,#4941,#4942,#4943,#4944,
    #4945),.UNSPECIFIED.,.F.,.F.,(7,5,5,7),(0.,0.470211760549,
    0.951257577011,1.),.UNSPECIFIED.);
#4929 = CARTESIAN_POINT('',(0.119827012428,0.));
#4930 = CARTESIAN_POINT('',(0.119827012428,0.110606445884));
#4931 = CARTESIAN_POINT('',(0.11782164552,0.221235155287));
#4932 = CARTESIAN_POINT('',(0.113809279002,0.331602380987));
#4933 = CARTESIAN_POINT('',(0.107861554546,0.441534970741));
#4934 = CARTESIAN_POINT('',(0.100096212971,0.55091458336));
#4935 = CARTESIAN_POINT('',(8.102187753383E-02,0.770897226304));
#4936 = CARTESIAN_POINT('',(6.963328540711E-02,0.881494162114));
#4937 = CARTESIAN_POINT('',(5.666064967253E-02,0.9914118172));
#4938 = CARTESIAN_POINT('',(4.229073421883E-02,1.100713781497));
#4939 = CARTESIAN_POINT('',(2.672326851669E-02,1.209512699822));
#4940 = CARTESIAN_POINT('',(8.518047979631E-03,1.328961103272));
#4941 = CARTESIAN_POINT('',(6.833217329334E-03,1.33994729017));
#4942 = CARTESIAN_POINT('',(5.138746155189E-03,1.350930147399));
#4943 = CARTESIAN_POINT('',(3.434883283399E-03,1.36190984251));
#4944 = CARTESIAN_POINT('',(1.721881989827E-03,1.372886544554));
#4945 = CARTESIAN_POINT('',(0.,1.383860424082));
#4946 = ( GEOMETRIC_REPRESENTATION_CONTEXT(2)
PARAMETRIC_REPRESENTATION_CONTEXT() REPRESENTATION_CONTEXT('2D SPACE',''
  ) );
#4947 = ADVANCED_FACE('',(#4948),#2476,.T.);
#4948 = FACE_BOUND('',#4949,.F.);
#4949 = EDGE_LOOP('',(#4950,#4951,#4952,#4953));
#4950 = ORIENTED_EDGE('',*,*,#2863,.F.);
#4951 = ORIENTED_EDGE('',*,*,#2948,.F.);
#4952 = ORIENTED_EDGE('',*,*,#3066,.T.);
#4953 = ORIENTED_EDGE('',*,*,#2459,.T.);
#4954 = ADVANCED_FACE('',(#4955),#2770,.T.);
#4955 = FACE_BOUND('',#4956,.F.);
#4956 = EDGE_LOOP('',(#4957,#4958,#4982,#5009));
#4957 = ORIENTED_EDGE('',*,*,#2753,.T.);
#4958 = ORIENTED_EDGE('',*,*,#4959,.T.);
#4959 = EDGE_CURVE('',#2754,#4960,#4962,.T.);
#4960 = VERTEX_POINT('',#4961);
#4961 = CARTESIAN_POINT('',(2.85,0.,0.5));
#4962 = SEAM_CURVE('',#4963,(#4968,#4975),.PCURVE_S1.);
#4963 = CIRCLE('',#4964,0.5);
#4964 = AXIS2_PLACEMENT_3D('',#4965,#4966,#4967);
#4965 = CARTESIAN_POINT('',(3.35,0.,0.5));
#4966 = DIRECTION('',(0.,1.,0.));
#4967 = DIRECTION('',(-8.881784197001E-16,0.,-1.));
#4968 = PCURVE('',#2770,#4969);
#4969 = DEFINITIONAL_REPRESENTATION('',(#4970),#4974);
#4970 = LINE('',#4971,#4972);
#4971 = CARTESIAN_POINT('',(-0.,1.570796326795));
#4972 = VECTOR('',#4973,1.);
#4973 = DIRECTION('',(-0.,1.));
#4974 = ( GEOMETRIC_REPRESENTATION_CONTEXT(2)
PARAMETRIC_REPRESENTATION_CONTEXT() REPRESENTATION_CONTEXT('2D SPACE',''
  ) );
#4975 = PCURVE('',#2770,#4976);
#4976 = DEFINITIONAL_REPRESENTATION('',(#4977),#4981);
#4977 = LINE('',#4978,#4979);
#4978 = CARTESIAN_POINT('',(-6.28318530718,1.570796326795));
#4979 = VECTOR('',#4980,1.);
#4980 = DIRECTION('',(-0.,1.));
#4981 = ( GEOMETRIC_REPRESENTATION_CONTEXT(2)
PARAMETRIC_REPRESENTATION_CONTEXT() REPRESENTATION_CONTEXT('2D SPACE',''
  ) );
#4982 = ORIENTED_EDGE('',*,*,#4983,.F.);
#4983 = EDGE_CURVE('',#4960,#4960,#4984,.T.);
#4984 = SURFACE_CURVE('',#4985,(#4990,#4997),.PCURVE_S1.);
#4985 = CIRCLE('',#4986,2.85);
#4986 = AXIS2_PLACEMENT_3D('',#4987,#4988,#4989);
#4987 = CARTESIAN_POINT('',(0.,0.,0.5));
#4988 = DIRECTION('',(0.,0.,1.));
#4989 = DIRECTION('',(1.,0.,-0.));
#4990 = PCURVE('',#2770,#4991);
#4991 = DEFINITIONAL_REPRESENTATION('',(#4992),#4996);
#4992 = LINE('',#4993,#4994);
#4993 = CARTESIAN_POINT('',(-0.,3.14159265359));
#4994 = VECTOR('',#4995,1.);
#4995 = DIRECTION('',(-1.,0.));
#4996 = ( GEOMETRIC_REPRESENTATION_CONTEXT(2)
PARAMETRIC_REPRESENTATION_CONTEXT() REPRESENTATION_CONTEXT('2D SPACE',''
  ) );
#4997 = PCURVE('',#4998,#5003);
#4998 = CYLINDRICAL_SURFACE('',#4999,2.85);
#4999 = AXIS2_PLACEMENT_3D('',#5000,#5001,#5002);
#5000 = CARTESIAN_POINT('',(0.,0.,0.5));
#5001 = DIRECTION('',(0.,0.,1.));
#5002 = DIRECTION('',(1.,0.,-0.));
#5003 = DEFINITIONAL_REPRESENTATION('',(#5004),#5008);
#5004 = LINE('',#5005,#5006);
#5005 = CARTESIAN_POINT('',(0.,0.));
#5006 = VECTOR('',#5007,1.);
#5007 = DIRECTION('',(1.,0.));
#5008 = ( GEOMETRIC_REPRESENTATION_CONTEXT(2)
PARAMETRIC_REPRESENTATION_CONTEXT() REPRESENTATION_CONTEXT('2D SPACE',''
  ) );
#5009 = ORIENTED_EDGE('',*,*,#4959,.F.);
#5010 = ADVANCED_FACE('',(#5011),#3018,.T.);
#5011 = FACE_BOUND('',#5012,.T.);
#5012 = EDGE_LOOP('',(#5013,#5014,#5015));
#5013 = ORIENTED_EDGE('',*,*,#4815,.T.);
#5014 = ORIENTED_EDGE('',*,*,#3282,.T.);
#5015 = ORIENTED_EDGE('',*,*,#3002,.T.);
#5016 = ADVANCED_FACE('',(#5017),#3165,.T.);
#5017 = FACE_BOUND('',#5018,.T.);
#5018 = EDGE_LOOP('',(#5019,#5020,#5021,#5042,#5068,#5087,#5088,#5089));
#5019 = ORIENTED_EDGE('',*,*,#3147,.F.);
#5020 = ORIENTED_EDGE('',*,*,#4728,.F.);
#5021 = ORIENTED_EDGE('',*,*,#5022,.T.);
#5022 = EDGE_CURVE('',#4619,#5023,#5025,.T.);
#5023 = VERTEX_POINT('',#5024);
#5024 = CARTESIAN_POINT('',(14.8,-2.842973795166,3.2));
#5025 = SURFACE_CURVE('',#5026,(#5030,#5036),.PCURVE_S1.);
#5026 = LINE('',#5027,#5028);
#5027 = CARTESIAN_POINT('',(14.8,-2.842973795166,0.5));
#5028 = VECTOR('',#5029,1.);
#5029 = DIRECTION('',(0.,0.,1.));
#5030 = PCURVE('',#3165,#5031);
#5031 = DEFINITIONAL_REPRESENTATION('',(#5032),#5035);
#5032 = B_SPLINE_CURVE_WITH_KNOTS('',1,(#5033,#5034),.UNSPECIFIED.,.F.,
  .F.,(2,2),(-6.000000000173E-07,2.7000006),.PIECEWISE_BEZIER_KNOTS.);
#5033 = CARTESIAN_POINT('',(0.4999994,-11.95702620483));
#5034 = CARTESIAN_POINT('',(3.2000006,-11.95702620483));
#5035 = ( GEOMETRIC_REPRESENTATION_CONTEXT(2)
PARAMETRIC_REPRESENTATION_CONTEXT() REPRESENTATION_CONTEXT('2D SPACE',''
  ) );
#5036 = PCURVE('',#4713,#5037);
#5037 = DEFINITIONAL_REPRESENTATION('',(#5038),#5041);
#5038 = B_SPLINE_CURVE_WITH_KNOTS('',1,(#5039,#5040),.UNSPECIFIED.,.F.,
  .F.,(2,2),(-6.000000000173E-07,2.7000006),.PIECEWISE_BEZIER_KNOTS.);
#5039 = CARTESIAN_POINT('',(4.642155816203,-6.000000000173E-07));
#5040 = CARTESIAN_POINT('',(4.642155816203,2.7000006));
#5041 = ( GEOMETRIC_REPRESENTATION_CONTEXT(2)
PARAMETRIC_REPRESENTATION_CONTEXT() REPRESENTATION_CONTEXT('2D SPACE',''
  ) );
#5042 = ORIENTED_EDGE('',*,*,#5043,.F.);
#5043 = EDGE_CURVE('',#5044,#5023,#5046,.T.);
#5044 = VERTEX_POINT('',#5045);
#5045 = CARTESIAN_POINT('',(14.8,2.842973795166,3.2));
#5046 = SURFACE_CURVE('',#5047,(#5051,#5057),.PCURVE_S1.);
#5047 = LINE('',#5048,#5049);
#5048 = CARTESIAN_POINT('',(14.8,-7.4,3.2));
#5049 = VECTOR('',#5050,1.);
#5050 = DIRECTION('',(0.,-1.,0.));
#5051 = PCURVE('',#3165,#5052);
#5052 = DEFINITIONAL_REPRESENTATION('',(#5053),#5056);
#5053 = B_SPLINE_CURVE_WITH_KNOTS('',1,(#5054,#5055),.UNSPECIFIED.,.F.,
  .F.,(2,2),(-10.25,-4.55),.PIECEWISE_BEZIER_KNOTS.);
#5054 = CARTESIAN_POINT('',(3.2,-17.65));
#5055 = CARTESIAN_POINT('',(3.2,-11.95));
#5056 = ( GEOMETRIC_REPRESENTATION_CONTEXT(2)
PARAMETRIC_REPRESENTATION_CONTEXT() REPRESENTATION_CONTEXT('2D SPACE',''
  ) );
#5057 = PCURVE('',#5058,#5063);
#5058 = PLANE('',#5059);
#5059 = AXIS2_PLACEMENT_3D('',#5060,#5061,#5062);
#5060 = CARTESIAN_POINT('',(15.,0.,3.2));
#5061 = DIRECTION('',(0.,0.,1.));
#5062 = DIRECTION('',(1.,0.,-0.));
#5063 = DEFINITIONAL_REPRESENTATION('',(#5064),#5067);
#5064 = B_SPLINE_CURVE_WITH_KNOTS('',1,(#5065,#5066),.UNSPECIFIED.,.F.,
  .F.,(2,2),(-10.25,-4.55),.PIECEWISE_BEZIER_KNOTS.);
#5065 = CARTESIAN_POINT('',(-0.2,2.85));
#5066 = CARTESIAN_POINT('',(-0.2,-2.85));
#5067 = ( GEOMETRIC_REPRESENTATION_CONTEXT(2)
PARAMETRIC_REPRESENTATION_CONTEXT() REPRESENTATION_CONTEXT('2D SPACE',''
  ) );
#5068 = ORIENTED_EDGE('',*,*,#5069,.F.);
#5069 = EDGE_CURVE('',#4491,#5044,#5070,.T.);
#5070 = SURFACE_CURVE('',#5071,(#5075,#5081),.PCURVE_S1.);
#5071 = LINE('',#5072,#5073);
#5072 = CARTESIAN_POINT('',(14.8,2.842973795166,0.5));
#5073 = VECTOR('',#5074,1.);
#5074 = DIRECTION('',(0.,0.,1.));
#5075 = PCURVE('',#3165,#5076);
#5076 = DEFINITIONAL_REPRESENTATION('',(#5077),#5080);
#5077 = B_SPLINE_CURVE_WITH_KNOTS('',1,(#5078,#5079),.UNSPECIFIED.,.F.,
  .F.,(2,2),(-6.000000000173E-07,2.7000006),.PIECEWISE_BEZIER_KNOTS.);
#5078 = CARTESIAN_POINT('',(0.4999994,-17.64297379516));
#5079 = CARTESIAN_POINT('',(3.2000006,-17.64297379516));
#5080 = ( GEOMETRIC_REPRESENTATION_CONTEXT(2)
PARAMETRIC_REPRESENTATION_CONTEXT() REPRESENTATION_CONTEXT('2D SPACE',''
  ) );
#5081 = PCURVE('',#4713,#5082);
#5082 = DEFINITIONAL_REPRESENTATION('',(#5083),#5086);
#5083 = B_SPLINE_CURVE_WITH_KNOTS('',1,(#5084,#5085),.UNSPECIFIED.,.F.,
  .F.,(2,2),(-6.000000000173E-07,2.7000006),.PIECEWISE_BEZIER_KNOTS.);
#5084 = CARTESIAN_POINT('',(1.641029490976,-6.000000000173E-07));
#5085 = CARTESIAN_POINT('',(1.641029490976,2.7000006));
#5086 = ( GEOMETRIC_REPRESENTATION_CONTEXT(2)
PARAMETRIC_REPRESENTATION_CONTEXT() REPRESENTATION_CONTEXT('2D SPACE',''
  ) );
#5087 = ORIENTED_EDGE('',*,*,#4490,.F.);
#5088 = ORIENTED_EDGE('',*,*,#4152,.T.);
#5089 = ORIENTED_EDGE('',*,*,#3434,.T.);
#5090 = ADVANCED_FACE('',(#5091),#3221,.F.);
#5091 = FACE_BOUND('',#5092,.F.);
#5092 = EDGE_LOOP('',(#5093,#5094,#5095,#5096));
#5093 = ORIENTED_EDGE('',*,*,#3206,.F.);
#5094 = ORIENTED_EDGE('',*,*,#4863,.T.);
#5095 = ORIENTED_EDGE('',*,*,#3261,.T.);
#5096 = ORIENTED_EDGE('',*,*,#5097,.F.);
#5097 = EDGE_CURVE('',#3207,#3233,#5098,.T.);
#5098 = SURFACE_CURVE('',#5099,(#5104,#5111),.PCURVE_S1.);
#5099 = CIRCLE('',#5100,2.85);
#5100 = AXIS2_PLACEMENT_3D('',#5101,#5102,#5103);
#5101 = CARTESIAN_POINT('',(15.,-15.,3.2));
#5102 = DIRECTION('',(0.,0.,1.));
#5103 = DIRECTION('',(1.,0.,-0.));
#5104 = PCURVE('',#3221,#5105);
#5105 = DEFINITIONAL_REPRESENTATION('',(#5106),#5110);
#5106 = LINE('',#5107,#5108);
#5107 = CARTESIAN_POINT('',(0.,2.7));
#5108 = VECTOR('',#5109,1.);
#5109 = DIRECTION('',(1.,0.));
#5110 = ( GEOMETRIC_REPRESENTATION_CONTEXT(2)
PARAMETRIC_REPRESENTATION_CONTEXT() REPRESENTATION_CONTEXT('2D SPACE',''
  ) );
#5111 = PCURVE('',#3249,#5112);
#5112 = DEFINITIONAL_REPRESENTATION('',(#5113),#5117);
#5113 = CIRCLE('',#5114,2.85);
#5114 = AXIS2_PLACEMENT_2D('',#5115,#5116);
#5115 = CARTESIAN_POINT('',(0.,0.));
#5116 = DIRECTION('',(1.,0.));
#5117 = ( GEOMETRIC_REPRESENTATION_CONTEXT(2)
PARAMETRIC_REPRESENTATION_CONTEXT() REPRESENTATION_CONTEXT('2D SPACE',''
  ) );
#5118 = ADVANCED_FACE('',(#5119),#3249,.F.);
#5119 = FACE_BOUND('',#5120,.F.);
#5120 = EDGE_LOOP('',(#5121,#5122));
#5121 = ORIENTED_EDGE('',*,*,#3232,.T.);
#5122 = ORIENTED_EDGE('',*,*,#5097,.T.);
#5123 = ADVANCED_FACE('',(#5124),#3194,.T.);
#5124 = FACE_BOUND('',#5125,.T.);
#5125 = EDGE_LOOP('',(#5126,#5127,#5128));
#5126 = ORIENTED_EDGE('',*,*,#4789,.F.);
#5127 = ORIENTED_EDGE('',*,*,#3177,.T.);
#5128 = ORIENTED_EDGE('',*,*,#4885,.T.);
#5129 = ADVANCED_FACE('',(#5130),#3498,.T.);
#5130 = FACE_BOUND('',#5131,.T.);
#5131 = EDGE_LOOP('',(#5132,#5133,#5134,#5135,#5136,#5137,#5138,#5139));
#5132 = ORIENTED_EDGE('',*,*,#3842,.F.);
#5133 = ORIENTED_EDGE('',*,*,#3481,.T.);
#5134 = ORIENTED_EDGE('',*,*,#3535,.T.);
#5135 = ORIENTED_EDGE('',*,*,#3607,.F.);
#5136 = ORIENTED_EDGE('',*,*,#3640,.T.);
#5137 = ORIENTED_EDGE('',*,*,#3688,.T.);
#5138 = ORIENTED_EDGE('',*,*,#3737,.F.);
#5139 = ORIENTED_EDGE('',*,*,#3809,.F.);
#5140 = ADVANCED_FACE('',(#5141),#4138,.T.);
#5141 = FACE_BOUND('',#5142,.T.);
#5142 = EDGE_LOOP('',(#5143,#5144,#5145));
#5143 = ORIENTED_EDGE('',*,*,#4124,.F.);
#5144 = ORIENTED_EDGE('',*,*,#4280,.T.);
#5145 = ORIENTED_EDGE('',*,*,#4424,.T.);
#5146 = ADVANCED_FACE('',(#5147),#4219,.F.);
#5147 = FACE_BOUND('',#5148,.F.);
#5148 = EDGE_LOOP('',(#5149,#5150,#5151,#5152));
#5149 = ORIENTED_EDGE('',*,*,#4259,.F.);
#5150 = ORIENTED_EDGE('',*,*,#4402,.T.);
#5151 = ORIENTED_EDGE('',*,*,#4204,.T.);
#5152 = ORIENTED_EDGE('',*,*,#5153,.F.);
#5153 = EDGE_CURVE('',#4231,#4205,#5154,.T.);
#5154 = SURFACE_CURVE('',#5155,(#5160,#5167),.PCURVE_S1.);
#5155 = CIRCLE('',#5156,2.85);
#5156 = AXIS2_PLACEMENT_3D('',#5157,#5158,#5159);
#5157 = CARTESIAN_POINT('',(15.,15.,3.2));
#5158 = DIRECTION('',(0.,0.,1.));
#5159 = DIRECTION('',(1.,0.,-0.));
#5160 = PCURVE('',#4219,#5161);
#5161 = DEFINITIONAL_REPRESENTATION('',(#5162),#5166);
#5162 = LINE('',#5163,#5164);
#5163 = CARTESIAN_POINT('',(0.,2.7));
#5164 = VECTOR('',#5165,1.);
#5165 = DIRECTION('',(1.,0.));
#5166 = ( GEOMETRIC_REPRESENTATION_CONTEXT(2)
PARAMETRIC_REPRESENTATION_CONTEXT() REPRESENTATION_CONTEXT('2D SPACE',''
  ) );
#5167 = PCURVE('',#4247,#5168);
#5168 = DEFINITIONAL_REPRESENTATION('',(#5169),#5173);
#5169 = CIRCLE('',#5170,2.85);
#5170 = AXIS2_PLACEMENT_2D('',#5171,#5172);
#5171 = CARTESIAN_POINT('',(0.,0.));
#5172 = DIRECTION('',(1.,0.));
#5173 = ( GEOMETRIC_REPRESENTATION_CONTEXT(2)
PARAMETRIC_REPRESENTATION_CONTEXT() REPRESENTATION_CONTEXT('2D SPACE',''
  ) );
#5174 = ADVANCED_FACE('',(#5175),#4247,.F.);
#5175 = FACE_BOUND('',#5176,.F.);
#5176 = EDGE_LOOP('',(#5177,#5178));
#5177 = ORIENTED_EDGE('',*,*,#4230,.T.);
#5178 = ORIENTED_EDGE('',*,*,#5153,.T.);
#5179 = ADVANCED_FACE('',(#5180),#4192,.T.);
#5180 = FACE_BOUND('',#5181,.T.);
#5181 = EDGE_LOOP('',(#5182,#5183,#5184));
#5182 = ORIENTED_EDGE('',*,*,#4354,.T.);
#5183 = ORIENTED_EDGE('',*,*,#4175,.T.);
#5184 = ORIENTED_EDGE('',*,*,#4513,.T.);
#5185 = ADVANCED_FACE('',(#5186),#4713,.F.);
#5186 = FACE_BOUND('',#5187,.F.);
#5187 = EDGE_LOOP('',(#5188,#5189,#5190,#5191));
#5188 = ORIENTED_EDGE('',*,*,#5069,.F.);
#5189 = ORIENTED_EDGE('',*,*,#4698,.T.);
#5190 = ORIENTED_EDGE('',*,*,#5022,.T.);
#5191 = ORIENTED_EDGE('',*,*,#5192,.F.);
#5192 = EDGE_CURVE('',#5044,#5023,#5193,.T.);
#5193 = SURFACE_CURVE('',#5194,(#5199,#5206),.PCURVE_S1.);
#5194 = CIRCLE('',#5195,2.85);
#5195 = AXIS2_PLACEMENT_3D('',#5196,#5197,#5198);
#5196 = CARTESIAN_POINT('',(15.,0.,3.2));
#5197 = DIRECTION('',(0.,0.,1.));
#5198 = DIRECTION('',(1.,0.,-0.));
#5199 = PCURVE('',#4713,#5200);
#5200 = DEFINITIONAL_REPRESENTATION('',(#5201),#5205);
#5201 = LINE('',#5202,#5203);
#5202 = CARTESIAN_POINT('',(0.,2.7));
#5203 = VECTOR('',#5204,1.);
#5204 = DIRECTION('',(1.,0.));
#5205 = ( GEOMETRIC_REPRESENTATION_CONTEXT(2)
PARAMETRIC_REPRESENTATION_CONTEXT() REPRESENTATION_CONTEXT('2D SPACE',''
  ) );
#5206 = PCURVE('',#5058,#5207);
#5207 = DEFINITIONAL_REPRESENTATION('',(#5208),#5212);
#5208 = CIRCLE('',#5209,2.85);
#5209 = AXIS2_PLACEMENT_2D('',#5210,#5211);
#5210 = CARTESIAN_POINT('',(0.,0.));
#5211 = DIRECTION('',(1.,0.));
#5212 = ( GEOMETRIC_REPRESENTATION_CONTEXT(2)
PARAMETRIC_REPRESENTATION_CONTEXT() REPRESENTATION_CONTEXT('2D SPACE',''
  ) );
#5213 = ADVANCED_FACE('',(#5214),#4998,.F.);
#5214 = FACE_BOUND('',#5215,.F.);
#5215 = EDGE_LOOP('',(#5216,#5217,#5240,#5267));
#5216 = ORIENTED_EDGE('',*,*,#4983,.T.);
#5217 = ORIENTED_EDGE('',*,*,#5218,.T.);
#5218 = EDGE_CURVE('',#4960,#5219,#5221,.T.);
#5219 = VERTEX_POINT('',#5220);
#5220 = CARTESIAN_POINT('',(2.85,0.,3.2));
#5221 = SEAM_CURVE('',#5222,(#5226,#5233),.PCURVE_S1.);
#5222 = LINE('',#5223,#5224);
#5223 = CARTESIAN_POINT('',(2.85,0.,0.5));
#5224 = VECTOR('',#5225,1.);
#5225 = DIRECTION('',(0.,0.,1.));
#5226 = PCURVE('',#4998,#5227);
#5227 = DEFINITIONAL_REPRESENTATION('',(#5228),#5232);
#5228 = LINE('',#5229,#5230);
#5229 = CARTESIAN_POINT('',(0.,0.));
#5230 = VECTOR('',#5231,1.);
#5231 = DIRECTION('',(0.,1.));
#5232 = ( GEOMETRIC_REPRESENTATION_CONTEXT(2)
PARAMETRIC_REPRESENTATION_CONTEXT() REPRESENTATION_CONTEXT('2D SPACE',''
  ) );
#5233 = PCURVE('',#4998,#5234);
#5234 = DEFINITIONAL_REPRESENTATION('',(#5235),#5239);
#5235 = LINE('',#5236,#5237);
#5236 = CARTESIAN_POINT('',(6.28318530718,0.));
#5237 = VECTOR('',#5238,1.);
#5238 = DIRECTION('',(0.,1.));
#5239 = ( GEOMETRIC_REPRESENTATION_CONTEXT(2)
PARAMETRIC_REPRESENTATION_CONTEXT() REPRESENTATION_CONTEXT('2D SPACE',''
  ) );
#5240 = ORIENTED_EDGE('',*,*,#5241,.F.);
#5241 = EDGE_CURVE('',#5219,#5219,#5242,.T.);
#5242 = SURFACE_CURVE('',#5243,(#5248,#5255),.PCURVE_S1.);
#5243 = CIRCLE('',#5244,2.85);
#5244 = AXIS2_PLACEMENT_3D('',#5245,#5246,#5247);
#5245 = CARTESIAN_POINT('',(0.,0.,3.2));
#5246 = DIRECTION('',(0.,0.,1.));
#5247 = DIRECTION('',(1.,0.,-0.));
#5248 = PCURVE('',#4998,#5249);
#5249 = DEFINITIONAL_REPRESENTATION('',(#5250),#5254);
#5250 = LINE('',#5251,#5252);
#5251 = CARTESIAN_POINT('',(0.,2.7));
#5252 = VECTOR('',#5253,1.);
#5253 = DIRECTION('',(1.,0.));
#5254 = ( GEOMETRIC_REPRESENTATION_CONTEXT(2)
PARAMETRIC_REPRESENTATION_CONTEXT() REPRESENTATION_CONTEXT('2D SPACE',''
  ) );
#5255 = PCURVE('',#5256,#5261);
#5256 = PLANE('',#5257);
#5257 = AXIS2_PLACEMENT_3D('',#5258,#5259,#5260);
#5258 = CARTESIAN_POINT('',(0.,0.,3.2));
#5259 = DIRECTION('',(0.,0.,1.));
#5260 = DIRECTION('',(1.,0.,-0.));
#5261 = DEFINITIONAL_REPRESENTATION('',(#5262),#5266);
#5262 = CIRCLE('',#5263,2.85);
#5263 = AXIS2_PLACEMENT_2D('',#5264,#5265);
#5264 = CARTESIAN_POINT('',(0.,0.));
#5265 = DIRECTION('',(1.,0.));
#5266 = ( GEOMETRIC_REPRESENTATION_CONTEXT(2)
PARAMETRIC_REPRESENTATION_CONTEXT() REPRESENTATION_CONTEXT('2D SPACE',''
  ) );
#5267 = ORIENTED_EDGE('',*,*,#5218,.F.);
#5268 = ADVANCED_FACE('',(#5269),#5058,.F.);
#5269 = FACE_BOUND('',#5270,.F.);
#5270 = EDGE_LOOP('',(#5271,#5272));
#5271 = ORIENTED_EDGE('',*,*,#5043,.F.);
#5272 = ORIENTED_EDGE('',*,*,#5192,.T.);
#5273 = ADVANCED_FACE('',(#5274),#5256,.F.);
#5274 = FACE_BOUND('',#5275,.F.);
#5275 = EDGE_LOOP('',(#5276));
#5276 = ORIENTED_EDGE('',*,*,#5241,.T.);
#5277 = ( GEOMETRIC_REPRESENTATION_CONTEXT(3)
GLOBAL_UNCERTAINTY_ASSIGNED_CONTEXT((#5281))
GLOBAL_UNIT_ASSIGNED_CONTEXT((#5278,#5279,#5280)) REPRESENTATION_CONTEXT
('Context #1','3D Context with UNIT and UNCERTAINTY') );
#5278 = ( LENGTH_UNIT() NAMED_UNIT(*) SI_UNIT(.MILLI.,.METRE.) );
#5279 = ( NAMED_UNIT(*) PLANE_ANGLE_UNIT() SI_UNIT($,.RADIAN.) );
#5280 = ( NAMED_UNIT(*) SI_UNIT($,.STERADIAN.) SOLID_ANGLE_UNIT() );
#5281 = UNCERTAINTY_MEASURE_WITH_UNIT(LENGTH_MEASURE(1.E-07),#5278,
  'distance_accuracy_value','confusion accuracy');
#5282 = PRODUCT_RELATED_PRODUCT_CATEGORY('part',$,(#7));
ENDSEC;
END-ISO-10303-21;
