ISO-10303-21;
HEADER;
FILE_DESCRIPTION(('Open CASCADE Model'),'2;1');
FILE_NAME('Open CASCADE Shape Model','2026-10-07T09:13:20',('Author'),(
    'Open CASCADE'),'Open CASCADE STEP processor 7.9','Open CASCADE 7.9'
  ,'Unknown');
FILE_SCHEMA(('AUTOMOTIVE_DESIGN { 1 0 10303 214 1 1 1 1 }'));
ENDSEC;
DATA;
#1 = APPLICATION_PROTOCOL_DEFINITION('international standard',
  'automotive_design',2000,#2);
#2 = APPLICATION_CONTEXT(
  'core data for automotive mechanical design processes');
#3 = SHAPE_DEFINITION_REPRESENTATION(#4,#10);
#4 = PRODUCT_DEFINITION_SHAPE('','',#5);
#5 = PRODUCT_DEFINITION('design','',#6,#9);
#6 = PRODUCT_DEFINITION_FORMATION('','',#7);
#7 = PRODUCT('Open CASCADE STEP translator 7.9 2',
  'Open CASCADE STEP translator 7.9 2','',(#8));
#8 = PRODUCT_CONTEXT('',#2,'mechanical');
#9 = PRODUCT_DEFINITION_CONTEXT('part definition',#2,'design');
#10 = ADVANCED_BREP_SHAPE_REPRESENTATION('',(#11,#15),#3942);
#11 = AXIS2_PLACEMENT_3D('',#12,#13,#14);
#12 = CARTESIAN_POINT('',(0.,0.,0.));
#13 = DIRECTION('',(0.,0.,1.));
#14 = DIRECTION('',(1.,0.,-0.));
#15 = MANIFOLD_SOLID_BREP('',#16);
#16 = CLOSED_SHELL('',(#17,#249,#330,#421,#470,#548,#602,#769,#861,#911,
    #1016,#1074,#1134,#1217,#2127,#2185,#3100,#3128,#3161,#3266,#3294,
    #3322,#3350,#3378,#3385,#3434,#3462,#3467,#3472,#3521,#3549,#3554,
    #3559,#3608,#3613,#3641,#3646,#3674,#3723,#3751,#3756,#3761,#3810,
    #3838,#3843,#3848,#3897,#3902,#3930,#3935));
#17 = ADVANCED_FACE('',(#18),#32,.F.);
#18 = FACE_BOUND('',#19,.F.);
#19 = EDGE_LOOP('',(#20,#55,#83,#111,#139,#167,#195,#223));
#20 = ORIENTED_EDGE('',*,*,#21,.T.);
#21 = EDGE_CURVE('',#22,#24,#26,.T.);
#22 = VERTEX_POINT('',#23);
#23 = CARTESIAN_POINT('',(30.,239.89194872391,7.6962969542));
#24 = VERTEX_POINT('',#25);
#25 = CARTESIAN_POINT('',(30.,243.17895059671,19.963554948071));
#26 = SURFACE_CURVE('',#27,(#31,#43),.PCURVE_S1.);
#27 = LINE('',#28,#29);
#28 = CARTESIAN_POINT('',(30.,239.76253920136,7.213334041055));
#29 = VECTOR('',#30,1.);
#30 = DIRECTION('',(0.,0.258819045103,0.965925826289));
#31 = PCURVE('',#32,#37);
#32 = PLANE('',#33);
#33 = AXIS2_PLACEMENT_3D('',#34,#35,#36);
#34 = CARTESIAN_POINT('',(30.,237.07342623914,7.416241597432));
#35 = DIRECTION('',(1.,0.,0.));
#36 = DIRECTION('',(0.,0.258819045103,0.965925826289));
#37 = DEFINITIONAL_REPRESENTATION('',(#38),#42);
#38 = LINE('',#39,#40);
#39 = CARTESIAN_POINT('',(0.5,-2.65));
#40 = VECTOR('',#41,1.);
#41 = DIRECTION('',(1.,0.));
#42 = ( GEOMETRIC_REPRESENTATION_CONTEXT(2) 
PARAMETRIC_REPRESENTATION_CONTEXT() REPRESENTATION_CONTEXT('2D SPACE',''
  ) );
#43 = PCURVE('',#44,#49);
#44 = PLANE('',#45);
#45 = AXIS2_PLACEMENT_3D('',#46,#47,#48);
#46 = CARTESIAN_POINT('',(28.,239.89194872391,7.6962969542));
#47 = DIRECTION('',(0.,0.965925826289,-0.258819045103));
#48 = DIRECTION('',(0.,0.258819045103,0.965925826289));
#49 = DEFINITIONAL_REPRESENTATION('',(#50),#54);
#50 = LINE('',#51,#52);
#51 = CARTESIAN_POINT('',(-0.5,2.));
#52 = VECTOR('',#53,1.);
#53 = DIRECTION('',(1.,0.));
#54 = ( GEOMETRIC_REPRESENTATION_CONTEXT(2) 
PARAMETRIC_REPRESENTATION_CONTEXT() REPRESENTATION_CONTEXT('2D SPACE',''
  ) );
#55 = ORIENTED_EDGE('',*,*,#56,.F.);
#56 = EDGE_CURVE('',#57,#24,#59,.T.);
#57 = VERTEX_POINT('',#58);
#58 = CARTESIAN_POINT('',(30.,241.19880265282,20.494133990531));
#59 = SURFACE_CURVE('',#60,(#64,#71),.PCURVE_S1.);
#60 = LINE('',#61,#62);
#61 = CARTESIAN_POINT('',(30.,241.19880265282,20.494133990531));
#62 = VECTOR('',#63,1.);
#63 = DIRECTION('',(0.,0.965925826289,-0.258819045103));
#64 = PCURVE('',#32,#65);
#65 = DEFINITIONAL_REPRESENTATION('',(#66),#70);
#66 = LINE('',#67,#68);
#67 = CARTESIAN_POINT('',(13.7,-0.6));
#68 = VECTOR('',#69,1.);
#69 = DIRECTION('',(0.,-1.));
#70 = ( GEOMETRIC_REPRESENTATION_CONTEXT(2) 
PARAMETRIC_REPRESENTATION_CONTEXT() REPRESENTATION_CONTEXT('2D SPACE',''
  ) );
#71 = PCURVE('',#72,#77);
#72 = CYLINDRICAL_SURFACE('',#73,0.3);
#73 = AXIS2_PLACEMENT_3D('',#74,#75,#76);
#74 = CARTESIAN_POINT('',(30.3,241.19880265282,20.494133990531));
#75 = DIRECTION('',(0.,0.965925826289,-0.258819045103));
#76 = DIRECTION('',(-1.,0.,0.));
#77 = DEFINITIONAL_REPRESENTATION('',(#78),#82);
#78 = LINE('',#79,#80);
#79 = CARTESIAN_POINT('',(0.,0.));
#80 = VECTOR('',#81,1.);
#81 = DIRECTION('',(0.,1.));
#82 = ( GEOMETRIC_REPRESENTATION_CONTEXT(2) 
PARAMETRIC_REPRESENTATION_CONTEXT() REPRESENTATION_CONTEXT('2D SPACE',''
  ) );
#83 = ORIENTED_EDGE('',*,*,#84,.F.);
#84 = EDGE_CURVE('',#85,#57,#87,.T.);
#85 = VERTEX_POINT('',#86);
#86 = CARTESIAN_POINT('',(30.,237.65298173492,7.260950170371));
#87 = SURFACE_CURVE('',#88,(#92,#99),.PCURVE_S1.);
#88 = LINE('',#89,#90);
#89 = CARTESIAN_POINT('',(30.,237.65298173492,7.260950170371));
#90 = VECTOR('',#91,1.);
#91 = DIRECTION('',(0.,0.258819045103,0.965925826289));
#92 = PCURVE('',#32,#93);
#93 = DEFINITIONAL_REPRESENTATION('',(#94),#98);
#94 = LINE('',#95,#96);
#95 = CARTESIAN_POINT('',(-1.831867990632E-15,-0.6));
#96 = VECTOR('',#97,1.);
#97 = DIRECTION('',(1.,0.));
#98 = ( GEOMETRIC_REPRESENTATION_CONTEXT(2) 
PARAMETRIC_REPRESENTATION_CONTEXT() REPRESENTATION_CONTEXT('2D SPACE',''
  ) );
#99 = PCURVE('',#100,#105);
#100 = CYLINDRICAL_SURFACE('',#101,0.6);
#101 = AXIS2_PLACEMENT_3D('',#102,#103,#104);
#102 = CARTESIAN_POINT('',(30.6,237.65298173492,7.260950170371));
#103 = DIRECTION('',(0.,0.258819045103,0.965925826289));
#104 = DIRECTION('',(-1.,0.,0.));
#105 = DEFINITIONAL_REPRESENTATION('',(#106),#110);
#106 = LINE('',#107,#108);
#107 = CARTESIAN_POINT('',(0.,0.));
#108 = VECTOR('',#109,1.);
#109 = DIRECTION('',(0.,1.));
#110 = ( GEOMETRIC_REPRESENTATION_CONTEXT(2) 
PARAMETRIC_REPRESENTATION_CONTEXT() REPRESENTATION_CONTEXT('2D SPACE',''
  ) );
#111 = ORIENTED_EDGE('',*,*,#112,.T.);
#112 = EDGE_CURVE('',#85,#113,#115,.T.);
#113 = VERTEX_POINT('',#114);
#114 = CARTESIAN_POINT('',(30.,248.76112873724,4.284531151692));
#115 = SURFACE_CURVE('',#116,(#120,#127),.PCURVE_S1.);
#116 = LINE('',#117,#118);
#117 = CARTESIAN_POINT('',(30.,237.07342623914,7.416241597432));
#118 = VECTOR('',#119,1.);
#119 = DIRECTION('',(0.,0.965925826289,-0.258819045103));
#120 = PCURVE('',#32,#121);
#121 = DEFINITIONAL_REPRESENTATION('',(#122),#126);
#122 = LINE('',#123,#124);
#123 = CARTESIAN_POINT('',(0.,0.));
#124 = VECTOR('',#125,1.);
#125 = DIRECTION('',(0.,-1.));
#126 = ( GEOMETRIC_REPRESENTATION_CONTEXT(2) 
PARAMETRIC_REPRESENTATION_CONTEXT() REPRESENTATION_CONTEXT('2D SPACE',''
  ) );
#127 = PCURVE('',#128,#133);
#128 = PLANE('',#129);
#129 = AXIS2_PLACEMENT_3D('',#130,#131,#132);
#130 = CARTESIAN_POINT('',(30.,237.07342623914,7.416241597432));
#131 = DIRECTION('',(0.,0.258819045103,0.965925826289));
#132 = DIRECTION('',(1.,0.,0.));
#133 = DEFINITIONAL_REPRESENTATION('',(#134),#138);
#134 = LINE('',#135,#136);
#135 = CARTESIAN_POINT('',(0.,0.));
#136 = VECTOR('',#137,1.);
#137 = DIRECTION('',(0.,1.));
#138 = ( GEOMETRIC_REPRESENTATION_CONTEXT(2) 
PARAMETRIC_REPRESENTATION_CONTEXT() REPRESENTATION_CONTEXT('2D SPACE',''
  ) );
#139 = ORIENTED_EDGE('',*,*,#140,.T.);
#140 = EDGE_CURVE('',#113,#141,#143,.T.);
#141 = VERTEX_POINT('',#142);
#142 = CARTESIAN_POINT('',(30.,252.30694965514,17.517714971852));
#143 = SURFACE_CURVE('',#144,(#148,#155),.PCURVE_S1.);
#144 = LINE('',#145,#146);
#145 = CARTESIAN_POINT('',(30.,248.76112873724,4.284531151692));
#146 = VECTOR('',#147,1.);
#147 = DIRECTION('',(0.,0.258819045103,0.965925826289));
#148 = PCURVE('',#32,#149);
#149 = DEFINITIONAL_REPRESENTATION('',(#150),#154);
#150 = LINE('',#151,#152);
#151 = CARTESIAN_POINT('',(-4.884981308351E-15,-12.1));
#152 = VECTOR('',#153,1.);
#153 = DIRECTION('',(1.,0.));
#154 = ( GEOMETRIC_REPRESENTATION_CONTEXT(2) 
PARAMETRIC_REPRESENTATION_CONTEXT() REPRESENTATION_CONTEXT('2D SPACE',''
  ) );
#155 = PCURVE('',#156,#161);
#156 = CYLINDRICAL_SURFACE('',#157,0.6);
#157 = AXIS2_PLACEMENT_3D('',#158,#159,#160);
#158 = CARTESIAN_POINT('',(30.6,248.76112873724,4.284531151692));
#159 = DIRECTION('',(0.,0.258819045103,0.965925826289));
#160 = DIRECTION('',(-1.,0.,0.));
#161 = DEFINITIONAL_REPRESENTATION('',(#162),#166);
#162 = LINE('',#163,#164);
#163 = CARTESIAN_POINT('',(-0.,0.));
#164 = VECTOR('',#165,1.);
#165 = DIRECTION('',(-0.,1.));
#166 = ( GEOMETRIC_REPRESENTATION_CONTEXT(2) 
PARAMETRIC_REPRESENTATION_CONTEXT() REPRESENTATION_CONTEXT('2D SPACE',''
  ) );
#167 = ORIENTED_EDGE('',*,*,#168,.F.);
#168 = EDGE_CURVE('',#169,#141,#171,.T.);
#169 = VERTEX_POINT('',#170);
#170 = CARTESIAN_POINT('',(30.,250.32680171125,18.048294014312));
#171 = SURFACE_CURVE('',#172,(#176,#183),.PCURVE_S1.);
#172 = LINE('',#173,#174);
#173 = CARTESIAN_POINT('',(30.,250.32680171125,18.048294014312));
#174 = VECTOR('',#175,1.);
#175 = DIRECTION('',(0.,0.965925826289,-0.258819045103));
#176 = PCURVE('',#32,#177);
#177 = DEFINITIONAL_REPRESENTATION('',(#178),#182);
#178 = LINE('',#179,#180);
#179 = CARTESIAN_POINT('',(13.7,-10.05));
#180 = VECTOR('',#181,1.);
#181 = DIRECTION('',(0.,-1.));
#182 = ( GEOMETRIC_REPRESENTATION_CONTEXT(2) 
PARAMETRIC_REPRESENTATION_CONTEXT() REPRESENTATION_CONTEXT('2D SPACE',''
  ) );
#183 = PCURVE('',#184,#189);
#184 = CYLINDRICAL_SURFACE('',#185,0.3);
#185 = AXIS2_PLACEMENT_3D('',#186,#187,#188);
#186 = CARTESIAN_POINT('',(30.3,250.32680171125,18.048294014312));
#187 = DIRECTION('',(0.,0.965925826289,-0.258819045103));
#188 = DIRECTION('',(-1.,0.,0.));
#189 = DEFINITIONAL_REPRESENTATION('',(#190),#194);
#190 = LINE('',#191,#192);
#191 = CARTESIAN_POINT('',(0.,0.));
#192 = VECTOR('',#193,1.);
#193 = DIRECTION('',(0.,1.));
#194 = ( GEOMETRIC_REPRESENTATION_CONTEXT(2) 
PARAMETRIC_REPRESENTATION_CONTEXT() REPRESENTATION_CONTEXT('2D SPACE',''
  ) );
#195 = ORIENTED_EDGE('',*,*,#196,.F.);
#196 = EDGE_CURVE('',#197,#169,#199,.T.);
#197 = VERTEX_POINT('',#198);
#198 = CARTESIAN_POINT('',(30.,247.03979983845,5.781036020441));
#199 = SURFACE_CURVE('',#200,(#204,#211),.PCURVE_S1.);
#200 = LINE('',#201,#202);
#201 = CARTESIAN_POINT('',(30.,246.9103903159,5.298073107296));
#202 = VECTOR('',#203,1.);
#203 = DIRECTION('',(0.,0.258819045103,0.965925826289));
#204 = PCURVE('',#32,#205);
#205 = DEFINITIONAL_REPRESENTATION('',(#206),#210);
#206 = LINE('',#207,#208);
#207 = CARTESIAN_POINT('',(0.5,-10.05));
#208 = VECTOR('',#209,1.);
#209 = DIRECTION('',(1.,0.));
#210 = ( GEOMETRIC_REPRESENTATION_CONTEXT(2) 
PARAMETRIC_REPRESENTATION_CONTEXT() REPRESENTATION_CONTEXT('2D SPACE',''
  ) );
#211 = PCURVE('',#212,#217);
#212 = PLANE('',#213);
#213 = AXIS2_PLACEMENT_3D('',#214,#215,#216);
#214 = CARTESIAN_POINT('',(28.,247.03979983845,5.781036020441));
#215 = DIRECTION('',(0.,0.965925826289,-0.258819045103));
#216 = DIRECTION('',(0.,0.258819045103,0.965925826289));
#217 = DEFINITIONAL_REPRESENTATION('',(#218),#222);
#218 = LINE('',#219,#220);
#219 = CARTESIAN_POINT('',(-0.5,2.));
#220 = VECTOR('',#221,1.);
#221 = DIRECTION('',(1.,0.));
#222 = ( GEOMETRIC_REPRESENTATION_CONTEXT(2) 
PARAMETRIC_REPRESENTATION_CONTEXT() REPRESENTATION_CONTEXT('2D SPACE',''
  ) );
#223 = ORIENTED_EDGE('',*,*,#224,.T.);
#224 = EDGE_CURVE('',#197,#22,#225,.T.);
#225 = SURFACE_CURVE('',#226,(#230,#237),.PCURVE_S1.);
#226 = LINE('',#227,#228);
#227 = CARTESIAN_POINT('',(30.,238.61209700408,8.03923218896));
#228 = VECTOR('',#229,1.);
#229 = DIRECTION('',(0.,-0.965925826289,0.258819045103));
#230 = PCURVE('',#32,#231);
#231 = DEFINITIONAL_REPRESENTATION('',(#232),#236);
#232 = LINE('',#233,#234);
#233 = CARTESIAN_POINT('',(1.,-1.325));
#234 = VECTOR('',#235,1.);
#235 = DIRECTION('',(0.,1.));
#236 = ( GEOMETRIC_REPRESENTATION_CONTEXT(2) 
PARAMETRIC_REPRESENTATION_CONTEXT() REPRESENTATION_CONTEXT('2D SPACE',''
  ) );
#237 = PCURVE('',#238,#243);
#238 = PLANE('',#239);
#239 = AXIS2_PLACEMENT_3D('',#240,#241,#242);
#240 = CARTESIAN_POINT('',(28.,239.89194872391,7.6962969542));
#241 = DIRECTION('',(0.,0.258819045103,0.965925826289));
#242 = DIRECTION('',(1.,0.,0.));
#243 = DEFINITIONAL_REPRESENTATION('',(#244),#248);
#244 = LINE('',#245,#246);
#245 = CARTESIAN_POINT('',(2.,-1.325));
#246 = VECTOR('',#247,1.);
#247 = DIRECTION('',(0.,-1.));
#248 = ( GEOMETRIC_REPRESENTATION_CONTEXT(2) 
PARAMETRIC_REPRESENTATION_CONTEXT() REPRESENTATION_CONTEXT('2D SPACE',''
  ) );
#249 = ADVANCED_FACE('',(#250),#44,.T.);
#250 = FACE_BOUND('',#251,.T.);
#251 = EDGE_LOOP('',(#252,#282,#303,#304));
#252 = ORIENTED_EDGE('',*,*,#253,.F.);
#253 = EDGE_CURVE('',#254,#256,#258,.T.);
#254 = VERTEX_POINT('',#255);
#255 = CARTESIAN_POINT('',(60.,239.89194872391,7.6962969542));
#256 = VERTEX_POINT('',#257);
#257 = CARTESIAN_POINT('',(60.,243.17895059671,19.963554948071));
#258 = SURFACE_CURVE('',#259,(#263,#270),.PCURVE_S1.);
#259 = LINE('',#260,#261);
#260 = CARTESIAN_POINT('',(60.,239.76253920136,7.213334041055));
#261 = VECTOR('',#262,1.);
#262 = DIRECTION('',(0.,0.258819045103,0.965925826289));
#263 = PCURVE('',#44,#264);
#264 = DEFINITIONAL_REPRESENTATION('',(#265),#269);
#265 = LINE('',#266,#267);
#266 = CARTESIAN_POINT('',(-0.5,32.));
#267 = VECTOR('',#268,1.);
#268 = DIRECTION('',(1.,0.));
#269 = ( GEOMETRIC_REPRESENTATION_CONTEXT(2) 
PARAMETRIC_REPRESENTATION_CONTEXT() REPRESENTATION_CONTEXT('2D SPACE',''
  ) );
#270 = PCURVE('',#271,#276);
#271 = PLANE('',#272);
#272 = AXIS2_PLACEMENT_3D('',#273,#274,#275);
#273 = CARTESIAN_POINT('',(60.,237.07342623914,7.416241597432));
#274 = DIRECTION('',(1.,0.,0.));
#275 = DIRECTION('',(0.,0.258819045103,0.965925826289));
#276 = DEFINITIONAL_REPRESENTATION('',(#277),#281);
#277 = LINE('',#278,#279);
#278 = CARTESIAN_POINT('',(0.5,-2.65));
#279 = VECTOR('',#280,1.);
#280 = DIRECTION('',(1.,0.));
#281 = ( GEOMETRIC_REPRESENTATION_CONTEXT(2) 
PARAMETRIC_REPRESENTATION_CONTEXT() REPRESENTATION_CONTEXT('2D SPACE',''
  ) );
#282 = ORIENTED_EDGE('',*,*,#283,.F.);
#283 = EDGE_CURVE('',#22,#254,#284,.T.);
#284 = SURFACE_CURVE('',#285,(#289,#296),.PCURVE_S1.);
#285 = LINE('',#286,#287);
#286 = CARTESIAN_POINT('',(28.,239.89194872391,7.6962969542));
#287 = VECTOR('',#288,1.);
#288 = DIRECTION('',(1.,0.,0.));
#289 = PCURVE('',#44,#290);
#290 = DEFINITIONAL_REPRESENTATION('',(#291),#295);
#291 = LINE('',#292,#293);
#292 = CARTESIAN_POINT('',(0.,0.));
#293 = VECTOR('',#294,1.);
#294 = DIRECTION('',(0.,1.));
#295 = ( GEOMETRIC_REPRESENTATION_CONTEXT(2) 
PARAMETRIC_REPRESENTATION_CONTEXT() REPRESENTATION_CONTEXT('2D SPACE',''
  ) );
#296 = PCURVE('',#238,#297);
#297 = DEFINITIONAL_REPRESENTATION('',(#298),#302);
#298 = LINE('',#299,#300);
#299 = CARTESIAN_POINT('',(0.,0.));
#300 = VECTOR('',#301,1.);
#301 = DIRECTION('',(1.,0.));
#302 = ( GEOMETRIC_REPRESENTATION_CONTEXT(2) 
PARAMETRIC_REPRESENTATION_CONTEXT() REPRESENTATION_CONTEXT('2D SPACE',''
  ) );
#303 = ORIENTED_EDGE('',*,*,#21,.T.);
#304 = ORIENTED_EDGE('',*,*,#305,.F.);
#305 = EDGE_CURVE('',#256,#24,#306,.T.);
#306 = SURFACE_CURVE('',#307,(#311,#318),.PCURVE_S1.);
#307 = LINE('',#308,#309);
#308 = CARTESIAN_POINT('',(60.,243.17895059671,19.963554948071));
#309 = VECTOR('',#310,1.);
#310 = DIRECTION('',(-1.,0.,0.));
#311 = PCURVE('',#44,#312);
#312 = DEFINITIONAL_REPRESENTATION('',(#313),#317);
#313 = LINE('',#314,#315);
#314 = CARTESIAN_POINT('',(12.7,32.));
#315 = VECTOR('',#316,1.);
#316 = DIRECTION('',(0.,-1.));
#317 = ( GEOMETRIC_REPRESENTATION_CONTEXT(2) 
PARAMETRIC_REPRESENTATION_CONTEXT() REPRESENTATION_CONTEXT('2D SPACE',''
  ) );
#318 = PCURVE('',#319,#324);
#319 = CYLINDRICAL_SURFACE('',#320,0.3);
#320 = AXIS2_PLACEMENT_3D('',#321,#322,#323);
#321 = CARTESIAN_POINT('',(60.,242.88917284883,20.041200661602));
#322 = DIRECTION('',(-1.,0.,0.));
#323 = DIRECTION('',(0.,0.258819045103,0.965925826289));
#324 = DEFINITIONAL_REPRESENTATION('',(#325),#329);
#325 = LINE('',#326,#327);
#326 = CARTESIAN_POINT('',(1.570796326795,0.));
#327 = VECTOR('',#328,1.);
#328 = DIRECTION('',(0.,1.));
#329 = ( GEOMETRIC_REPRESENTATION_CONTEXT(2) 
PARAMETRIC_REPRESENTATION_CONTEXT() REPRESENTATION_CONTEXT('2D SPACE',''
  ) );
#330 = ADVANCED_FACE('',(#331),#72,.T.);
#331 = FACE_BOUND('',#332,.T.);
#332 = EDGE_LOOP('',(#333,#362,#390,#420));
#333 = ORIENTED_EDGE('',*,*,#334,.T.);
#334 = EDGE_CURVE('',#57,#335,#337,.T.);
#335 = VERTEX_POINT('',#336);
#336 = CARTESIAN_POINT('',(30.3,241.27644836635,20.783911738418));
#337 = SURFACE_CURVE('',#338,(#343,#350),.PCURVE_S1.);
#338 = CIRCLE('',#339,0.3);
#339 = AXIS2_PLACEMENT_3D('',#340,#341,#342);
#340 = CARTESIAN_POINT('',(30.3,241.19880265282,20.494133990531));
#341 = DIRECTION('',(-6.123233995737E-17,0.965925826289,-0.258819045103)
  );
#342 = DIRECTION('',(-1.,-5.914589856893E-17,1.584809575716E-17));
#343 = PCURVE('',#72,#344);
#344 = DEFINITIONAL_REPRESENTATION('',(#345),#349);
#345 = LINE('',#346,#347);
#346 = CARTESIAN_POINT('',(0.,0.));
#347 = VECTOR('',#348,1.);
#348 = DIRECTION('',(1.,0.));
#349 = ( GEOMETRIC_REPRESENTATION_CONTEXT(2) 
PARAMETRIC_REPRESENTATION_CONTEXT() REPRESENTATION_CONTEXT('2D SPACE',''
  ) );
#350 = PCURVE('',#351,#356);
#351 = TOROIDAL_SURFACE('',#352,0.3,0.3);
#352 = AXIS2_PLACEMENT_3D('',#353,#354,#355);
#353 = CARTESIAN_POINT('',(30.6,241.19880265282,20.494133990531));
#354 = DIRECTION('',(0.,0.258819045103,0.965925826289));
#355 = DIRECTION('',(0.,-0.965925826289,0.258819045103));
#356 = DEFINITIONAL_REPRESENTATION('',(#357),#361);
#357 = LINE('',#358,#359);
#358 = CARTESIAN_POINT('',(-1.570796326795,0.));
#359 = VECTOR('',#360,1.);
#360 = DIRECTION('',(-0.,1.));
#361 = ( GEOMETRIC_REPRESENTATION_CONTEXT(2) 
PARAMETRIC_REPRESENTATION_CONTEXT() REPRESENTATION_CONTEXT('2D SPACE',''
  ) );
#362 = ORIENTED_EDGE('',*,*,#363,.T.);
#363 = EDGE_CURVE('',#335,#364,#366,.T.);
#364 = VERTEX_POINT('',#365);
#365 = CARTESIAN_POINT('',(30.3,242.96681856236,20.330978409488));
#366 = SURFACE_CURVE('',#367,(#371,#378),.PCURVE_S1.);
#367 = LINE('',#368,#369);
#368 = CARTESIAN_POINT('',(30.3,241.27644836635,20.783911738418));
#369 = VECTOR('',#370,1.);
#370 = DIRECTION('',(0.,0.965925826289,-0.258819045103));
#371 = PCURVE('',#72,#372);
#372 = DEFINITIONAL_REPRESENTATION('',(#373),#377);
#373 = LINE('',#374,#375);
#374 = CARTESIAN_POINT('',(1.570796326795,0.));
#375 = VECTOR('',#376,1.);
#376 = DIRECTION('',(0.,1.));
#377 = ( GEOMETRIC_REPRESENTATION_CONTEXT(2) 
PARAMETRIC_REPRESENTATION_CONTEXT() REPRESENTATION_CONTEXT('2D SPACE',''
  ) );
#378 = PCURVE('',#379,#384);
#379 = PLANE('',#380);
#380 = AXIS2_PLACEMENT_3D('',#381,#382,#383);
#381 = CARTESIAN_POINT('',(30.,240.69689287058,20.939203165479));
#382 = DIRECTION('',(0.,0.258819045103,0.965925826289));
#383 = DIRECTION('',(1.,0.,0.));
#384 = DEFINITIONAL_REPRESENTATION('',(#385),#389);
#385 = LINE('',#386,#387);
#386 = CARTESIAN_POINT('',(0.3,0.6));
#387 = VECTOR('',#388,1.);
#388 = DIRECTION('',(0.,1.));
#389 = ( GEOMETRIC_REPRESENTATION_CONTEXT(2) 
PARAMETRIC_REPRESENTATION_CONTEXT() REPRESENTATION_CONTEXT('2D SPACE',''
  ) );
#390 = ORIENTED_EDGE('',*,*,#391,.F.);
#391 = EDGE_CURVE('',#24,#364,#392,.T.);
#392 = SURFACE_CURVE('',#393,(#398,#409),.PCURVE_S1.);
#393 = ELLIPSE('',#394,0.424264068712,0.3);
#394 = AXIS2_PLACEMENT_3D('',#395,#396,#397);
#395 = CARTESIAN_POINT('',(30.3,242.88917284883,20.041200661602));
#396 = DIRECTION('',(0.707106781187,0.683012701892,-0.183012701892));
#397 = DIRECTION('',(-0.707106781187,0.683012701892,-0.183012701892));
#398 = PCURVE('',#72,#399);
#399 = DEFINITIONAL_REPRESENTATION('',(#400),#408);
#400 = B_SPLINE_CURVE_WITH_KNOTS('',6,(#401,#402,#403,#404,#405,#406,
    #407),.UNSPECIFIED.,.F.,.F.,(7,7),(0.,1.570796326795),
  .PIECEWISE_BEZIER_KNOTS.);
#401 = CARTESIAN_POINT('',(-1.110223024625E-16,2.05));
#402 = CARTESIAN_POINT('',(0.261799387799,2.05));
#403 = CARTESIAN_POINT('',(0.523597844939,2.025331756056));
#404 = CARTESIAN_POINT('',(0.78539804616,1.975956229113));
#405 = CARTESIAN_POINT('',(1.047198677875,1.907073720295));
#406 = CARTESIAN_POINT('',(1.308996938996,1.82853981634));
#407 = CARTESIAN_POINT('',(1.570796326795,1.75));
#408 = ( GEOMETRIC_REPRESENTATION_CONTEXT(2) 
PARAMETRIC_REPRESENTATION_CONTEXT() REPRESENTATION_CONTEXT('2D SPACE',''
  ) );
#409 = PCURVE('',#319,#410);
#410 = DEFINITIONAL_REPRESENTATION('',(#411),#419);
#411 = B_SPLINE_CURVE_WITH_KNOTS('',6,(#412,#413,#414,#415,#416,#417,
    #418),.UNSPECIFIED.,.F.,.F.,(7,7),(0.,1.570796326795),
  .PIECEWISE_BEZIER_KNOTS.);
#412 = CARTESIAN_POINT('',(1.570796326795,30.));
#413 = CARTESIAN_POINT('',(1.308996938996,30.));
#414 = CARTESIAN_POINT('',(1.047198481856,29.975331756056));
#415 = CARTESIAN_POINT('',(0.785398280635,29.925956229114));
#416 = CARTESIAN_POINT('',(0.52359764892,29.857073720295));
#417 = CARTESIAN_POINT('',(0.261799387799,29.77853981634));
#418 = CARTESIAN_POINT('',(2.22044604925E-16,29.7));
#419 = ( GEOMETRIC_REPRESENTATION_CONTEXT(2) 
PARAMETRIC_REPRESENTATION_CONTEXT() REPRESENTATION_CONTEXT('2D SPACE',''
  ) );
#420 = ORIENTED_EDGE('',*,*,#56,.F.);
#421 = ADVANCED_FACE('',(#422),#238,.T.);
#422 = FACE_BOUND('',#423,.T.);
#423 = EDGE_LOOP('',(#424,#447,#448,#449));
#424 = ORIENTED_EDGE('',*,*,#425,.F.);
#425 = EDGE_CURVE('',#197,#426,#428,.T.);
#426 = VERTEX_POINT('',#427);
#427 = CARTESIAN_POINT('',(60.,247.03979983845,5.781036020441));
#428 = SURFACE_CURVE('',#429,(#433,#440),.PCURVE_S1.);
#429 = LINE('',#430,#431);
#430 = CARTESIAN_POINT('',(28.,247.03979983845,5.781036020441));
#431 = VECTOR('',#432,1.);
#432 = DIRECTION('',(1.,0.,0.));
#433 = PCURVE('',#238,#434);
#434 = DEFINITIONAL_REPRESENTATION('',(#435),#439);
#435 = LINE('',#436,#437);
#436 = CARTESIAN_POINT('',(0.,7.4));
#437 = VECTOR('',#438,1.);
#438 = DIRECTION('',(1.,0.));
#439 = ( GEOMETRIC_REPRESENTATION_CONTEXT(2) 
PARAMETRIC_REPRESENTATION_CONTEXT() REPRESENTATION_CONTEXT('2D SPACE',''
  ) );
#440 = PCURVE('',#212,#441);
#441 = DEFINITIONAL_REPRESENTATION('',(#442),#446);
#442 = LINE('',#443,#444);
#443 = CARTESIAN_POINT('',(0.,0.));
#444 = VECTOR('',#445,1.);
#445 = DIRECTION('',(0.,1.));
#446 = ( GEOMETRIC_REPRESENTATION_CONTEXT(2) 
PARAMETRIC_REPRESENTATION_CONTEXT() REPRESENTATION_CONTEXT('2D SPACE',''
  ) );
#447 = ORIENTED_EDGE('',*,*,#224,.T.);
#448 = ORIENTED_EDGE('',*,*,#283,.T.);
#449 = ORIENTED_EDGE('',*,*,#450,.F.);
#450 = EDGE_CURVE('',#426,#254,#451,.T.);
#451 = SURFACE_CURVE('',#452,(#456,#463),.PCURVE_S1.);
#452 = LINE('',#453,#454);
#453 = CARTESIAN_POINT('',(60.,238.61209700408,8.03923218896));
#454 = VECTOR('',#455,1.);
#455 = DIRECTION('',(0.,-0.965925826289,0.258819045103));
#456 = PCURVE('',#238,#457);
#457 = DEFINITIONAL_REPRESENTATION('',(#458),#462);
#458 = LINE('',#459,#460);
#459 = CARTESIAN_POINT('',(32.,-1.325));
#460 = VECTOR('',#461,1.);
#461 = DIRECTION('',(0.,-1.));
#462 = ( GEOMETRIC_REPRESENTATION_CONTEXT(2) 
PARAMETRIC_REPRESENTATION_CONTEXT() REPRESENTATION_CONTEXT('2D SPACE',''
  ) );
#463 = PCURVE('',#271,#464);
#464 = DEFINITIONAL_REPRESENTATION('',(#465),#469);
#465 = LINE('',#466,#467);
#466 = CARTESIAN_POINT('',(1.,-1.325));
#467 = VECTOR('',#468,1.);
#468 = DIRECTION('',(0.,1.));
#469 = ( GEOMETRIC_REPRESENTATION_CONTEXT(2) 
PARAMETRIC_REPRESENTATION_CONTEXT() REPRESENTATION_CONTEXT('2D SPACE',''
  ) );
#470 = ADVANCED_FACE('',(#471),#100,.T.);
#471 = FACE_BOUND('',#472,.T.);
#472 = EDGE_LOOP('',(#473,#474,#498,#526));
#473 = ORIENTED_EDGE('',*,*,#84,.F.);
#474 = ORIENTED_EDGE('',*,*,#475,.T.);
#475 = EDGE_CURVE('',#85,#476,#478,.T.);
#476 = VERTEX_POINT('',#477);
#477 = CARTESIAN_POINT('',(30.6,237.07342623914,7.416241597432));
#478 = SURFACE_CURVE('',#479,(#484,#491),.PCURVE_S1.);
#479 = CIRCLE('',#480,0.6);
#480 = AXIS2_PLACEMENT_3D('',#481,#482,#483);
#481 = CARTESIAN_POINT('',(30.6,237.65298173492,7.260950170371));
#482 = DIRECTION('',(-0.,0.258819045103,0.965925826289));
#483 = DIRECTION('',(0.,-0.965925826289,0.258819045103));
#484 = PCURVE('',#100,#485);
#485 = DEFINITIONAL_REPRESENTATION('',(#486),#490);
#486 = LINE('',#487,#488);
#487 = CARTESIAN_POINT('',(-4.712388980385,0.));
#488 = VECTOR('',#489,1.);
#489 = DIRECTION('',(1.,0.));
#490 = ( GEOMETRIC_REPRESENTATION_CONTEXT(2) 
PARAMETRIC_REPRESENTATION_CONTEXT() REPRESENTATION_CONTEXT('2D SPACE',''
  ) );
#491 = PCURVE('',#128,#492);
#492 = DEFINITIONAL_REPRESENTATION('',(#493),#497);
#493 = CIRCLE('',#494,0.6);
#494 = AXIS2_PLACEMENT_2D('',#495,#496);
#495 = CARTESIAN_POINT('',(0.6,0.6));
#496 = DIRECTION('',(0.,-1.));
#497 = ( GEOMETRIC_REPRESENTATION_CONTEXT(2) 
PARAMETRIC_REPRESENTATION_CONTEXT() REPRESENTATION_CONTEXT('2D SPACE',''
  ) );
#498 = ORIENTED_EDGE('',*,*,#499,.T.);
#499 = EDGE_CURVE('',#476,#500,#502,.T.);
#500 = VERTEX_POINT('',#501);
#501 = CARTESIAN_POINT('',(30.6,240.61924715705,20.649425417592));
#502 = SURFACE_CURVE('',#503,(#507,#514),.PCURVE_S1.);
#503 = LINE('',#504,#505);
#504 = CARTESIAN_POINT('',(30.6,237.07342623914,7.416241597432));
#505 = VECTOR('',#506,1.);
#506 = DIRECTION('',(0.,0.258819045103,0.965925826289));
#507 = PCURVE('',#100,#508);
#508 = DEFINITIONAL_REPRESENTATION('',(#509),#513);
#509 = LINE('',#510,#511);
#510 = CARTESIAN_POINT('',(1.570796326795,0.));
#511 = VECTOR('',#512,1.);
#512 = DIRECTION('',(0.,1.));
#513 = ( GEOMETRIC_REPRESENTATION_CONTEXT(2) 
PARAMETRIC_REPRESENTATION_CONTEXT() REPRESENTATION_CONTEXT('2D SPACE',''
  ) );
#514 = PCURVE('',#515,#520);
#515 = PLANE('',#516);
#516 = AXIS2_PLACEMENT_3D('',#517,#518,#519);
#517 = CARTESIAN_POINT('',(30.,237.07342623914,7.416241597432));
#518 = DIRECTION('',(0.,0.965925826289,-0.258819045103));
#519 = DIRECTION('',(0.,0.258819045103,0.965925826289));
#520 = DEFINITIONAL_REPRESENTATION('',(#521),#525);
#521 = LINE('',#522,#523);
#522 = CARTESIAN_POINT('',(0.,0.6));
#523 = VECTOR('',#524,1.);
#524 = DIRECTION('',(1.,0.));
#525 = ( GEOMETRIC_REPRESENTATION_CONTEXT(2) 
PARAMETRIC_REPRESENTATION_CONTEXT() REPRESENTATION_CONTEXT('2D SPACE',''
  ) );
#526 = ORIENTED_EDGE('',*,*,#527,.T.);
#527 = EDGE_CURVE('',#500,#57,#528,.T.);
#528 = SURFACE_CURVE('',#529,(#534,#541),.PCURVE_S1.);
#529 = CIRCLE('',#530,0.6);
#530 = AXIS2_PLACEMENT_3D('',#531,#532,#533);
#531 = CARTESIAN_POINT('',(30.6,241.19880265282,20.494133990531));
#532 = DIRECTION('',(-0.,-0.258819045103,-0.965925826289));
#533 = DIRECTION('',(0.,-0.965925826289,0.258819045103));
#534 = PCURVE('',#100,#535);
#535 = DEFINITIONAL_REPRESENTATION('',(#536),#540);
#536 = LINE('',#537,#538);
#537 = CARTESIAN_POINT('',(1.570796326795,13.7));
#538 = VECTOR('',#539,1.);
#539 = DIRECTION('',(-1.,-0.));
#540 = ( GEOMETRIC_REPRESENTATION_CONTEXT(2) 
PARAMETRIC_REPRESENTATION_CONTEXT() REPRESENTATION_CONTEXT('2D SPACE',''
  ) );
#541 = PCURVE('',#351,#542);
#542 = DEFINITIONAL_REPRESENTATION('',(#543),#547);
#543 = LINE('',#544,#545);
#544 = CARTESIAN_POINT('',(-0.,0.));
#545 = VECTOR('',#546,1.);
#546 = DIRECTION('',(-1.,0.));
#547 = ( GEOMETRIC_REPRESENTATION_CONTEXT(2) 
PARAMETRIC_REPRESENTATION_CONTEXT() REPRESENTATION_CONTEXT('2D SPACE',''
  ) );
#548 = ADVANCED_FACE('',(#549),#212,.F.);
#549 = FACE_BOUND('',#550,.F.);
#550 = EDGE_LOOP('',(#551,#574,#575,#576));
#551 = ORIENTED_EDGE('',*,*,#552,.F.);
#552 = EDGE_CURVE('',#426,#553,#555,.T.);
#553 = VERTEX_POINT('',#554);
#554 = CARTESIAN_POINT('',(60.,250.32680171125,18.048294014312));
#555 = SURFACE_CURVE('',#556,(#560,#567),.PCURVE_S1.);
#556 = LINE('',#557,#558);
#557 = CARTESIAN_POINT('',(60.,246.9103903159,5.298073107296));
#558 = VECTOR('',#559,1.);
#559 = DIRECTION('',(0.,0.258819045103,0.965925826289));
#560 = PCURVE('',#212,#561);
#561 = DEFINITIONAL_REPRESENTATION('',(#562),#566);
#562 = LINE('',#563,#564);
#563 = CARTESIAN_POINT('',(-0.5,32.));
#564 = VECTOR('',#565,1.);
#565 = DIRECTION('',(1.,0.));
#566 = ( GEOMETRIC_REPRESENTATION_CONTEXT(2) 
PARAMETRIC_REPRESENTATION_CONTEXT() REPRESENTATION_CONTEXT('2D SPACE',''
  ) );
#567 = PCURVE('',#271,#568);
#568 = DEFINITIONAL_REPRESENTATION('',(#569),#573);
#569 = LINE('',#570,#571);
#570 = CARTESIAN_POINT('',(0.5,-10.05));
#571 = VECTOR('',#572,1.);
#572 = DIRECTION('',(1.,0.));
#573 = ( GEOMETRIC_REPRESENTATION_CONTEXT(2) 
PARAMETRIC_REPRESENTATION_CONTEXT() REPRESENTATION_CONTEXT('2D SPACE',''
  ) );
#574 = ORIENTED_EDGE('',*,*,#425,.F.);
#575 = ORIENTED_EDGE('',*,*,#196,.T.);
#576 = ORIENTED_EDGE('',*,*,#577,.F.);
#577 = EDGE_CURVE('',#553,#169,#578,.T.);
#578 = SURFACE_CURVE('',#579,(#583,#590),.PCURVE_S1.);
#579 = LINE('',#580,#581);
#580 = CARTESIAN_POINT('',(60.,250.32680171125,18.048294014312));
#581 = VECTOR('',#582,1.);
#582 = DIRECTION('',(-1.,0.,0.));
#583 = PCURVE('',#212,#584);
#584 = DEFINITIONAL_REPRESENTATION('',(#585),#589);
#585 = LINE('',#586,#587);
#586 = CARTESIAN_POINT('',(12.7,32.));
#587 = VECTOR('',#588,1.);
#588 = DIRECTION('',(0.,-1.));
#589 = ( GEOMETRIC_REPRESENTATION_CONTEXT(2) 
PARAMETRIC_REPRESENTATION_CONTEXT() REPRESENTATION_CONTEXT('2D SPACE',''
  ) );
#590 = PCURVE('',#591,#596);
#591 = CYLINDRICAL_SURFACE('',#592,0.3);
#592 = AXIS2_PLACEMENT_3D('',#593,#594,#595);
#593 = CARTESIAN_POINT('',(60.,250.61657945914,17.970648300781));
#594 = DIRECTION('',(-1.,0.,0.));
#595 = DIRECTION('',(-0.,-0.965925826289,0.258819045103));
#596 = DEFINITIONAL_REPRESENTATION('',(#597),#601);
#597 = LINE('',#598,#599);
#598 = CARTESIAN_POINT('',(0.,0.));
#599 = VECTOR('',#600,1.);
#600 = DIRECTION('',(0.,1.));
#601 = ( GEOMETRIC_REPRESENTATION_CONTEXT(2) 
PARAMETRIC_REPRESENTATION_CONTEXT() REPRESENTATION_CONTEXT('2D SPACE',''
  ) );
#602 = ADVANCED_FACE('',(#603),#128,.F.);
#603 = FACE_BOUND('',#604,.F.);
#604 = EDGE_LOOP('',(#605,#606,#607,#630,#663,#686,#715,#743));
#605 = ORIENTED_EDGE('',*,*,#112,.F.);
#606 = ORIENTED_EDGE('',*,*,#475,.T.);
#607 = ORIENTED_EDGE('',*,*,#608,.T.);
#608 = EDGE_CURVE('',#476,#609,#611,.T.);
#609 = VERTEX_POINT('',#610);
#610 = CARTESIAN_POINT('',(59.4,237.07342623914,7.416241597432));
#611 = SURFACE_CURVE('',#612,(#616,#623),.PCURVE_S1.);
#612 = LINE('',#613,#614);
#613 = CARTESIAN_POINT('',(30.,237.07342623914,7.416241597432));
#614 = VECTOR('',#615,1.);
#615 = DIRECTION('',(1.,0.,0.));
#616 = PCURVE('',#128,#617);
#617 = DEFINITIONAL_REPRESENTATION('',(#618),#622);
#618 = LINE('',#619,#620);
#619 = CARTESIAN_POINT('',(0.,0.));
#620 = VECTOR('',#621,1.);
#621 = DIRECTION('',(1.,0.));
#622 = ( GEOMETRIC_REPRESENTATION_CONTEXT(2) 
PARAMETRIC_REPRESENTATION_CONTEXT() REPRESENTATION_CONTEXT('2D SPACE',''
  ) );
#623 = PCURVE('',#515,#624);
#624 = DEFINITIONAL_REPRESENTATION('',(#625),#629);
#625 = LINE('',#626,#627);
#626 = CARTESIAN_POINT('',(0.,0.));
#627 = VECTOR('',#628,1.);
#628 = DIRECTION('',(0.,1.));
#629 = ( GEOMETRIC_REPRESENTATION_CONTEXT(2) 
PARAMETRIC_REPRESENTATION_CONTEXT() REPRESENTATION_CONTEXT('2D SPACE',''
  ) );
#630 = ORIENTED_EDGE('',*,*,#631,.F.);
#631 = EDGE_CURVE('',#632,#609,#634,.T.);
#632 = VERTEX_POINT('',#633);
#633 = CARTESIAN_POINT('',(60.,237.65298173492,7.260950170371));
#634 = SURFACE_CURVE('',#635,(#640,#651),.PCURVE_S1.);
#635 = CIRCLE('',#636,0.6);
#636 = AXIS2_PLACEMENT_3D('',#637,#638,#639);
#637 = CARTESIAN_POINT('',(59.4,237.65298173492,7.260950170371));
#638 = DIRECTION('',(-0.,-0.258819045103,-0.965925826289));
#639 = DIRECTION('',(0.,-0.965925826289,0.258819045103));
#640 = PCURVE('',#128,#641);
#641 = DEFINITIONAL_REPRESENTATION('',(#642),#650);
#642 = ( BOUNDED_CURVE() B_SPLINE_CURVE(2,(#643,#644,#645,#646,#647,#648
,#649),.UNSPECIFIED.,.T.,.F.) B_SPLINE_CURVE_WITH_KNOTS((1,2,2,2,2,1),(
    -2.094395102393,0.,2.094395102393,4.188790204786,6.28318530718,
8.377580409573),.UNSPECIFIED.) CURVE() GEOMETRIC_REPRESENTATION_ITEM() 
RATIONAL_B_SPLINE_CURVE((1.,0.5,1.,0.5,1.,0.5,1.)) REPRESENTATION_ITEM(
  '') );
#643 = CARTESIAN_POINT('',(29.4,0.));
#644 = CARTESIAN_POINT('',(28.360769515459,0.));
#645 = CARTESIAN_POINT('',(28.880384757729,0.9));
#646 = CARTESIAN_POINT('',(29.4,1.8));
#647 = CARTESIAN_POINT('',(29.919615242271,0.9));
#648 = CARTESIAN_POINT('',(30.439230484541,8.881784197001E-16));
#649 = CARTESIAN_POINT('',(29.4,0.));
#650 = ( GEOMETRIC_REPRESENTATION_CONTEXT(2) 
PARAMETRIC_REPRESENTATION_CONTEXT() REPRESENTATION_CONTEXT('2D SPACE',''
  ) );
#651 = PCURVE('',#652,#657);
#652 = CYLINDRICAL_SURFACE('',#653,0.6);
#653 = AXIS2_PLACEMENT_3D('',#654,#655,#656);
#654 = CARTESIAN_POINT('',(59.4,237.65298173492,7.260950170371));
#655 = DIRECTION('',(0.,0.258819045103,0.965925826289));
#656 = DIRECTION('',(1.,0.,0.));
#657 = DEFINITIONAL_REPRESENTATION('',(#658),#662);
#658 = LINE('',#659,#660);
#659 = CARTESIAN_POINT('',(4.712388980385,-0.));
#660 = VECTOR('',#661,1.);
#661 = DIRECTION('',(-1.,0.));
#662 = ( GEOMETRIC_REPRESENTATION_CONTEXT(2) 
PARAMETRIC_REPRESENTATION_CONTEXT() REPRESENTATION_CONTEXT('2D SPACE',''
  ) );
#663 = ORIENTED_EDGE('',*,*,#664,.T.);
#664 = EDGE_CURVE('',#632,#665,#667,.T.);
#665 = VERTEX_POINT('',#666);
#666 = CARTESIAN_POINT('',(60.,248.76112873724,4.284531151692));
#667 = SURFACE_CURVE('',#668,(#672,#679),.PCURVE_S1.);
#668 = LINE('',#669,#670);
#669 = CARTESIAN_POINT('',(60.,237.07342623914,7.416241597432));
#670 = VECTOR('',#671,1.);
#671 = DIRECTION('',(0.,0.965925826289,-0.258819045103));
#672 = PCURVE('',#128,#673);
#673 = DEFINITIONAL_REPRESENTATION('',(#674),#678);
#674 = LINE('',#675,#676);
#675 = CARTESIAN_POINT('',(30.,0.));
#676 = VECTOR('',#677,1.);
#677 = DIRECTION('',(0.,1.));
#678 = ( GEOMETRIC_REPRESENTATION_CONTEXT(2) 
PARAMETRIC_REPRESENTATION_CONTEXT() REPRESENTATION_CONTEXT('2D SPACE',''
  ) );
#679 = PCURVE('',#271,#680);
#680 = DEFINITIONAL_REPRESENTATION('',(#681),#685);
#681 = LINE('',#682,#683);
#682 = CARTESIAN_POINT('',(0.,0.));
#683 = VECTOR('',#684,1.);
#684 = DIRECTION('',(0.,-1.));
#685 = ( GEOMETRIC_REPRESENTATION_CONTEXT(2) 
PARAMETRIC_REPRESENTATION_CONTEXT() REPRESENTATION_CONTEXT('2D SPACE',''
  ) );
#686 = ORIENTED_EDGE('',*,*,#687,.T.);
#687 = EDGE_CURVE('',#665,#688,#690,.T.);
#688 = VERTEX_POINT('',#689);
#689 = CARTESIAN_POINT('',(59.4,249.34068423301,4.12923972463));
#690 = SURFACE_CURVE('',#691,(#696,#703),.PCURVE_S1.);
#691 = CIRCLE('',#692,0.6);
#692 = AXIS2_PLACEMENT_3D('',#693,#694,#695);
#693 = CARTESIAN_POINT('',(59.4,248.76112873724,4.284531151692));
#694 = DIRECTION('',(-0.,0.258819045103,0.965925826289));
#695 = DIRECTION('',(0.,-0.965925826289,0.258819045103));
#696 = PCURVE('',#128,#697);
#697 = DEFINITIONAL_REPRESENTATION('',(#698),#702);
#698 = CIRCLE('',#699,0.6);
#699 = AXIS2_PLACEMENT_2D('',#700,#701);
#700 = CARTESIAN_POINT('',(29.4,12.1));
#701 = DIRECTION('',(0.,-1.));
#702 = ( GEOMETRIC_REPRESENTATION_CONTEXT(2) 
PARAMETRIC_REPRESENTATION_CONTEXT() REPRESENTATION_CONTEXT('2D SPACE',''
  ) );
#703 = PCURVE('',#704,#709);
#704 = CYLINDRICAL_SURFACE('',#705,0.6);
#705 = AXIS2_PLACEMENT_3D('',#706,#707,#708);
#706 = CARTESIAN_POINT('',(59.4,248.76112873724,4.284531151692));
#707 = DIRECTION('',(0.,0.258819045103,0.965925826289));
#708 = DIRECTION('',(1.,0.,0.));
#709 = DEFINITIONAL_REPRESENTATION('',(#710),#714);
#710 = LINE('',#711,#712);
#711 = CARTESIAN_POINT('',(-1.570796326795,0.));
#712 = VECTOR('',#713,1.);
#713 = DIRECTION('',(1.,0.));
#714 = ( GEOMETRIC_REPRESENTATION_CONTEXT(2) 
PARAMETRIC_REPRESENTATION_CONTEXT() REPRESENTATION_CONTEXT('2D SPACE',''
  ) );
#715 = ORIENTED_EDGE('',*,*,#716,.F.);
#716 = EDGE_CURVE('',#717,#688,#719,.T.);
#717 = VERTEX_POINT('',#718);
#718 = CARTESIAN_POINT('',(30.6,249.34068423301,4.12923972463));
#719 = SURFACE_CURVE('',#720,(#724,#731),.PCURVE_S1.);
#720 = LINE('',#721,#722);
#721 = CARTESIAN_POINT('',(30.,249.34068423301,4.12923972463));
#722 = VECTOR('',#723,1.);
#723 = DIRECTION('',(1.,0.,0.));
#724 = PCURVE('',#128,#725);
#725 = DEFINITIONAL_REPRESENTATION('',(#726),#730);
#726 = LINE('',#727,#728);
#727 = CARTESIAN_POINT('',(0.,12.7));
#728 = VECTOR('',#729,1.);
#729 = DIRECTION('',(1.,0.));
#730 = ( GEOMETRIC_REPRESENTATION_CONTEXT(2) 
PARAMETRIC_REPRESENTATION_CONTEXT() REPRESENTATION_CONTEXT('2D SPACE',''
  ) );
#731 = PCURVE('',#732,#737);
#732 = PLANE('',#733);
#733 = AXIS2_PLACEMENT_3D('',#734,#735,#736);
#734 = CARTESIAN_POINT('',(30.,249.34068423301,4.12923972463));
#735 = DIRECTION('',(0.,0.965925826289,-0.258819045103));
#736 = DIRECTION('',(0.,0.258819045103,0.965925826289));
#737 = DEFINITIONAL_REPRESENTATION('',(#738),#742);
#738 = LINE('',#739,#740);
#739 = CARTESIAN_POINT('',(0.,0.));
#740 = VECTOR('',#741,1.);
#741 = DIRECTION('',(0.,1.));
#742 = ( GEOMETRIC_REPRESENTATION_CONTEXT(2) 
PARAMETRIC_REPRESENTATION_CONTEXT() REPRESENTATION_CONTEXT('2D SPACE',''
  ) );
#743 = ORIENTED_EDGE('',*,*,#744,.F.);
#744 = EDGE_CURVE('',#113,#717,#745,.T.);
#745 = SURFACE_CURVE('',#746,(#751,#762),.PCURVE_S1.);
#746 = CIRCLE('',#747,0.6);
#747 = AXIS2_PLACEMENT_3D('',#748,#749,#750);
#748 = CARTESIAN_POINT('',(30.6,248.76112873724,4.284531151692));
#749 = DIRECTION('',(-0.,-0.258819045103,-0.965925826289));
#750 = DIRECTION('',(0.,-0.965925826289,0.258819045103));
#751 = PCURVE('',#128,#752);
#752 = DEFINITIONAL_REPRESENTATION('',(#753),#761);
#753 = ( BOUNDED_CURVE() B_SPLINE_CURVE(2,(#754,#755,#756,#757,#758,#759
,#760),.UNSPECIFIED.,.T.,.F.) B_SPLINE_CURVE_WITH_KNOTS((1,2,2,2,2,1),(
    -2.094395102393,0.,2.094395102393,4.188790204786,6.28318530718,
8.377580409573),.UNSPECIFIED.) CURVE() GEOMETRIC_REPRESENTATION_ITEM() 
RATIONAL_B_SPLINE_CURVE((1.,0.5,1.,0.5,1.,0.5,1.)) REPRESENTATION_ITEM(
  '') );
#754 = CARTESIAN_POINT('',(0.6,11.5));
#755 = CARTESIAN_POINT('',(-0.439230484541,11.5));
#756 = CARTESIAN_POINT('',(8.038475772934E-02,12.4));
#757 = CARTESIAN_POINT('',(0.6,13.3));
#758 = CARTESIAN_POINT('',(1.119615242271,12.4));
#759 = CARTESIAN_POINT('',(1.639230484541,11.5));
#760 = CARTESIAN_POINT('',(0.6,11.5));
#761 = ( GEOMETRIC_REPRESENTATION_CONTEXT(2) 
PARAMETRIC_REPRESENTATION_CONTEXT() REPRESENTATION_CONTEXT('2D SPACE',''
  ) );
#762 = PCURVE('',#156,#763);
#763 = DEFINITIONAL_REPRESENTATION('',(#764),#768);
#764 = LINE('',#765,#766);
#765 = CARTESIAN_POINT('',(1.570796326795,-0.));
#766 = VECTOR('',#767,1.);
#767 = DIRECTION('',(-1.,0.));
#768 = ( GEOMETRIC_REPRESENTATION_CONTEXT(2) 
PARAMETRIC_REPRESENTATION_CONTEXT() REPRESENTATION_CONTEXT('2D SPACE',''
  ) );
#769 = ADVANCED_FACE('',(#770),#184,.T.);
#770 = FACE_BOUND('',#771,.T.);
#771 = EDGE_LOOP('',(#772,#805,#833,#860));
#772 = ORIENTED_EDGE('',*,*,#773,.T.);
#773 = EDGE_CURVE('',#169,#774,#776,.T.);
#774 = VERTEX_POINT('',#775);
#775 = CARTESIAN_POINT('',(30.3,250.69422517267,18.260426048668));
#776 = SURFACE_CURVE('',#777,(#782,#793),.PCURVE_S1.);
#777 = ELLIPSE('',#778,0.424264068712,0.3);
#778 = AXIS2_PLACEMENT_3D('',#779,#780,#781);
#779 = CARTESIAN_POINT('',(30.3,250.61657945914,17.970648300781));
#780 = DIRECTION('',(-0.707106781187,0.683012701892,-0.183012701892));
#781 = DIRECTION('',(0.707106781187,0.683012701892,-0.183012701892));
#782 = PCURVE('',#184,#783);
#783 = DEFINITIONAL_REPRESENTATION('',(#784),#792);
#784 = B_SPLINE_CURVE_WITH_KNOTS('',6,(#785,#786,#787,#788,#789,#790,
    #791),.UNSPECIFIED.,.F.,.F.,(7,7),(3.14159265359,4.712388980385),
  .PIECEWISE_BEZIER_KNOTS.);
#785 = CARTESIAN_POINT('',(0.,1.387778780781E-17));
#786 = CARTESIAN_POINT('',(0.261799387799,3.366906753399E-16));
#787 = CARTESIAN_POINT('',(0.523597844939,2.466824394364E-02));
#788 = CARTESIAN_POINT('',(0.78539804616,7.404377088656E-02));
#789 = CARTESIAN_POINT('',(1.047198677875,0.142926279705));
#790 = CARTESIAN_POINT('',(1.308996938996,0.22146018366));
#791 = CARTESIAN_POINT('',(1.570796326795,0.3));
#792 = ( GEOMETRIC_REPRESENTATION_CONTEXT(2) 
PARAMETRIC_REPRESENTATION_CONTEXT() REPRESENTATION_CONTEXT('2D SPACE',''
  ) );
#793 = PCURVE('',#591,#794);
#794 = DEFINITIONAL_REPRESENTATION('',(#795),#804);
#795 = B_SPLINE_CURVE_WITH_KNOTS('',7,(#796,#797,#798,#799,#800,#801,
    #802,#803),.UNSPECIFIED.,.F.,.F.,(8,8),(3.14159265359,4.712388980385
    ),.PIECEWISE_BEZIER_KNOTS.);
#796 = CARTESIAN_POINT('',(0.,30.));
#797 = CARTESIAN_POINT('',(0.224399475256,30.));
#798 = CARTESIAN_POINT('',(0.448798950513,29.982375398224));
#799 = CARTESIAN_POINT('',(0.67319842577,29.947128751366));
#800 = CARTESIAN_POINT('',(0.897597901025,29.896424047751));
#801 = CARTESIAN_POINT('',(1.121997376282,29.834639411789));
#802 = CARTESIAN_POINT('',(1.346396851538,29.767319842577));
#803 = CARTESIAN_POINT('',(1.570796326795,29.7));
#804 = ( GEOMETRIC_REPRESENTATION_CONTEXT(2) 
PARAMETRIC_REPRESENTATION_CONTEXT() REPRESENTATION_CONTEXT('2D SPACE',''
  ) );
#805 = ORIENTED_EDGE('',*,*,#806,.T.);
#806 = EDGE_CURVE('',#774,#807,#809,.T.);
#807 = VERTEX_POINT('',#808);
#808 = CARTESIAN_POINT('',(30.3,252.38459536867,17.807492719739));
#809 = SURFACE_CURVE('',#810,(#814,#821),.PCURVE_S1.);
#810 = LINE('',#811,#812);
#811 = CARTESIAN_POINT('',(30.3,250.40444742478,18.338071762199));
#812 = VECTOR('',#813,1.);
#813 = DIRECTION('',(0.,0.965925826289,-0.258819045103));
#814 = PCURVE('',#184,#815);
#815 = DEFINITIONAL_REPRESENTATION('',(#816),#820);
#816 = LINE('',#817,#818);
#817 = CARTESIAN_POINT('',(1.570796326795,0.));
#818 = VECTOR('',#819,1.);
#819 = DIRECTION('',(0.,1.));
#820 = ( GEOMETRIC_REPRESENTATION_CONTEXT(2) 
PARAMETRIC_REPRESENTATION_CONTEXT() REPRESENTATION_CONTEXT('2D SPACE',''
  ) );
#821 = PCURVE('',#822,#827);
#822 = PLANE('',#823);
#823 = AXIS2_PLACEMENT_3D('',#824,#825,#826);
#824 = CARTESIAN_POINT('',(30.,240.69689287058,20.939203165479));
#825 = DIRECTION('',(0.,0.258819045103,0.965925826289));
#826 = DIRECTION('',(1.,0.,0.));
#827 = DEFINITIONAL_REPRESENTATION('',(#828),#832);
#828 = LINE('',#829,#830);
#829 = CARTESIAN_POINT('',(0.3,10.05));
#830 = VECTOR('',#831,1.);
#831 = DIRECTION('',(0.,1.));
#832 = ( GEOMETRIC_REPRESENTATION_CONTEXT(2) 
PARAMETRIC_REPRESENTATION_CONTEXT() REPRESENTATION_CONTEXT('2D SPACE',''
  ) );
#833 = ORIENTED_EDGE('',*,*,#834,.F.);
#834 = EDGE_CURVE('',#141,#807,#835,.T.);
#835 = SURFACE_CURVE('',#836,(#841,#848),.PCURVE_S1.);
#836 = CIRCLE('',#837,0.3);
#837 = AXIS2_PLACEMENT_3D('',#838,#839,#840);
#838 = CARTESIAN_POINT('',(30.3,252.30694965514,17.517714971852));
#839 = DIRECTION('',(0.,0.965925826289,-0.258819045103));
#840 = DIRECTION('',(-1.,0.,0.));
#841 = PCURVE('',#184,#842);
#842 = DEFINITIONAL_REPRESENTATION('',(#843),#847);
#843 = LINE('',#844,#845);
#844 = CARTESIAN_POINT('',(0.,2.05));
#845 = VECTOR('',#846,1.);
#846 = DIRECTION('',(1.,0.));
#847 = ( GEOMETRIC_REPRESENTATION_CONTEXT(2) 
PARAMETRIC_REPRESENTATION_CONTEXT() REPRESENTATION_CONTEXT('2D SPACE',''
  ) );
#848 = PCURVE('',#849,#854);
#849 = TOROIDAL_SURFACE('',#850,0.3,0.3);
#850 = AXIS2_PLACEMENT_3D('',#851,#852,#853);
#851 = CARTESIAN_POINT('',(30.6,252.30694965514,17.517714971852));
#852 = DIRECTION('',(0.,0.258819045103,0.965925826289));
#853 = DIRECTION('',(-1.,0.,0.));
#854 = DEFINITIONAL_REPRESENTATION('',(#855),#859);
#855 = LINE('',#856,#857);
#856 = CARTESIAN_POINT('',(-0.,0.));
#857 = VECTOR('',#858,1.);
#858 = DIRECTION('',(-0.,1.));
#859 = ( GEOMETRIC_REPRESENTATION_CONTEXT(2) 
PARAMETRIC_REPRESENTATION_CONTEXT() REPRESENTATION_CONTEXT('2D SPACE',''
  ) );
#860 = ORIENTED_EDGE('',*,*,#168,.F.);
#861 = ADVANCED_FACE('',(#862),#156,.T.);
#862 = FACE_BOUND('',#863,.F.);
#863 = EDGE_LOOP('',(#864,#865,#866,#889));
#864 = ORIENTED_EDGE('',*,*,#140,.F.);
#865 = ORIENTED_EDGE('',*,*,#744,.T.);
#866 = ORIENTED_EDGE('',*,*,#867,.T.);
#867 = EDGE_CURVE('',#717,#868,#870,.T.);
#868 = VERTEX_POINT('',#869);
#869 = CARTESIAN_POINT('',(30.6,252.88650515092,17.36242354479));
#870 = SURFACE_CURVE('',#871,(#875,#882),.PCURVE_S1.);
#871 = LINE('',#872,#873);
#872 = CARTESIAN_POINT('',(30.6,249.34068423301,4.12923972463));
#873 = VECTOR('',#874,1.);
#874 = DIRECTION('',(0.,0.258819045103,0.965925826289));
#875 = PCURVE('',#156,#876);
#876 = DEFINITIONAL_REPRESENTATION('',(#877),#881);
#877 = LINE('',#878,#879);
#878 = CARTESIAN_POINT('',(-1.570796326795,0.));
#879 = VECTOR('',#880,1.);
#880 = DIRECTION('',(-0.,1.));
#881 = ( GEOMETRIC_REPRESENTATION_CONTEXT(2) 
PARAMETRIC_REPRESENTATION_CONTEXT() REPRESENTATION_CONTEXT('2D SPACE',''
  ) );
#882 = PCURVE('',#732,#883);
#883 = DEFINITIONAL_REPRESENTATION('',(#884),#888);
#884 = LINE('',#885,#886);
#885 = CARTESIAN_POINT('',(0.,0.6));
#886 = VECTOR('',#887,1.);
#887 = DIRECTION('',(1.,0.));
#888 = ( GEOMETRIC_REPRESENTATION_CONTEXT(2) 
PARAMETRIC_REPRESENTATION_CONTEXT() REPRESENTATION_CONTEXT('2D SPACE',''
  ) );
#889 = ORIENTED_EDGE('',*,*,#890,.F.);
#890 = EDGE_CURVE('',#141,#868,#891,.T.);
#891 = SURFACE_CURVE('',#892,(#897,#904),.PCURVE_S1.);
#892 = CIRCLE('',#893,0.6);
#893 = AXIS2_PLACEMENT_3D('',#894,#895,#896);
#894 = CARTESIAN_POINT('',(30.6,252.30694965514,17.517714971852));
#895 = DIRECTION('',(-0.,-0.258819045103,-0.965925826289));
#896 = DIRECTION('',(-1.,0.,0.));
#897 = PCURVE('',#156,#898);
#898 = DEFINITIONAL_REPRESENTATION('',(#899),#903);
#899 = LINE('',#900,#901);
#900 = CARTESIAN_POINT('',(-0.,13.7));
#901 = VECTOR('',#902,1.);
#902 = DIRECTION('',(-1.,0.));
#903 = ( GEOMETRIC_REPRESENTATION_CONTEXT(2) 
PARAMETRIC_REPRESENTATION_CONTEXT() REPRESENTATION_CONTEXT('2D SPACE',''
  ) );
#904 = PCURVE('',#849,#905);
#905 = DEFINITIONAL_REPRESENTATION('',(#906),#910);
#906 = LINE('',#907,#908);
#907 = CARTESIAN_POINT('',(-0.,0.));
#908 = VECTOR('',#909,1.);
#909 = DIRECTION('',(-1.,0.));
#910 = ( GEOMETRIC_REPRESENTATION_CONTEXT(2) 
PARAMETRIC_REPRESENTATION_CONTEXT() REPRESENTATION_CONTEXT('2D SPACE',''
  ) );
#911 = ADVANCED_FACE('',(#912),#271,.T.);
#912 = FACE_BOUND('',#913,.T.);
#913 = EDGE_LOOP('',(#914,#915,#943,#964,#965,#988,#1014,#1015));
#914 = ORIENTED_EDGE('',*,*,#253,.T.);
#915 = ORIENTED_EDGE('',*,*,#916,.T.);
#916 = EDGE_CURVE('',#256,#917,#919,.T.);
#917 = VERTEX_POINT('',#918);
#918 = CARTESIAN_POINT('',(60.,241.19880265282,20.494133990531));
#919 = SURFACE_CURVE('',#920,(#924,#931),.PCURVE_S1.);
#920 = LINE('',#921,#922);
#921 = CARTESIAN_POINT('',(60.,243.17895059671,19.963554948071));
#922 = VECTOR('',#923,1.);
#923 = DIRECTION('',(-0.,-0.965925826289,0.258819045103));
#924 = PCURVE('',#271,#925);
#925 = DEFINITIONAL_REPRESENTATION('',(#926),#930);
#926 = LINE('',#927,#928);
#927 = CARTESIAN_POINT('',(13.7,-2.65));
#928 = VECTOR('',#929,1.);
#929 = DIRECTION('',(0.,1.));
#930 = ( GEOMETRIC_REPRESENTATION_CONTEXT(2) 
PARAMETRIC_REPRESENTATION_CONTEXT() REPRESENTATION_CONTEXT('2D SPACE',''
  ) );
#931 = PCURVE('',#932,#937);
#932 = CYLINDRICAL_SURFACE('',#933,0.3);
#933 = AXIS2_PLACEMENT_3D('',#934,#935,#936);
#934 = CARTESIAN_POINT('',(59.7,243.17895059671,19.963554948071));
#935 = DIRECTION('',(-0.,-0.965925826289,0.258819045103));
#936 = DIRECTION('',(1.,0.,0.));
#937 = DEFINITIONAL_REPRESENTATION('',(#938),#942);
#938 = LINE('',#939,#940);
#939 = CARTESIAN_POINT('',(0.,0.));
#940 = VECTOR('',#941,1.);
#941 = DIRECTION('',(0.,1.));
#942 = ( GEOMETRIC_REPRESENTATION_CONTEXT(2) 
PARAMETRIC_REPRESENTATION_CONTEXT() REPRESENTATION_CONTEXT('2D SPACE',''
  ) );
#943 = ORIENTED_EDGE('',*,*,#944,.F.);
#944 = EDGE_CURVE('',#632,#917,#945,.T.);
#945 = SURFACE_CURVE('',#946,(#950,#957),.PCURVE_S1.);
#946 = LINE('',#947,#948);
#947 = CARTESIAN_POINT('',(60.,237.65298173492,7.260950170371));
#948 = VECTOR('',#949,1.);
#949 = DIRECTION('',(0.,0.258819045103,0.965925826289));
#950 = PCURVE('',#271,#951);
#951 = DEFINITIONAL_REPRESENTATION('',(#952),#956);
#952 = LINE('',#953,#954);
#953 = CARTESIAN_POINT('',(-1.831867990632E-15,-0.6));
#954 = VECTOR('',#955,1.);
#955 = DIRECTION('',(1.,0.));
#956 = ( GEOMETRIC_REPRESENTATION_CONTEXT(2) 
PARAMETRIC_REPRESENTATION_CONTEXT() REPRESENTATION_CONTEXT('2D SPACE',''
  ) );
#957 = PCURVE('',#652,#958);
#958 = DEFINITIONAL_REPRESENTATION('',(#959),#963);
#959 = LINE('',#960,#961);
#960 = CARTESIAN_POINT('',(-0.,0.));
#961 = VECTOR('',#962,1.);
#962 = DIRECTION('',(-0.,1.));
#963 = ( GEOMETRIC_REPRESENTATION_CONTEXT(2) 
PARAMETRIC_REPRESENTATION_CONTEXT() REPRESENTATION_CONTEXT('2D SPACE',''
  ) );
#964 = ORIENTED_EDGE('',*,*,#664,.T.);
#965 = ORIENTED_EDGE('',*,*,#966,.T.);
#966 = EDGE_CURVE('',#665,#967,#969,.T.);
#967 = VERTEX_POINT('',#968);
#968 = CARTESIAN_POINT('',(60.,252.30694965514,17.517714971852));
#969 = SURFACE_CURVE('',#970,(#974,#981),.PCURVE_S1.);
#970 = LINE('',#971,#972);
#971 = CARTESIAN_POINT('',(60.,248.76112873724,4.284531151692));
#972 = VECTOR('',#973,1.);
#973 = DIRECTION('',(0.,0.258819045103,0.965925826289));
#974 = PCURVE('',#271,#975);
#975 = DEFINITIONAL_REPRESENTATION('',(#976),#980);
#976 = LINE('',#977,#978);
#977 = CARTESIAN_POINT('',(-4.884981308351E-15,-12.1));
#978 = VECTOR('',#979,1.);
#979 = DIRECTION('',(1.,0.));
#980 = ( GEOMETRIC_REPRESENTATION_CONTEXT(2) 
PARAMETRIC_REPRESENTATION_CONTEXT() REPRESENTATION_CONTEXT('2D SPACE',''
  ) );
#981 = PCURVE('',#704,#982);
#982 = DEFINITIONAL_REPRESENTATION('',(#983),#987);
#983 = LINE('',#984,#985);
#984 = CARTESIAN_POINT('',(0.,0.));
#985 = VECTOR('',#986,1.);
#986 = DIRECTION('',(0.,1.));
#987 = ( GEOMETRIC_REPRESENTATION_CONTEXT(2) 
PARAMETRIC_REPRESENTATION_CONTEXT() REPRESENTATION_CONTEXT('2D SPACE',''
  ) );
#988 = ORIENTED_EDGE('',*,*,#989,.T.);
#989 = EDGE_CURVE('',#967,#553,#990,.T.);
#990 = SURFACE_CURVE('',#991,(#995,#1002),.PCURVE_S1.);
#991 = LINE('',#992,#993);
#992 = CARTESIAN_POINT('',(60.,252.30694965514,17.517714971852));
#993 = VECTOR('',#994,1.);
#994 = DIRECTION('',(-0.,-0.965925826289,0.258819045103));
#995 = PCURVE('',#271,#996);
#996 = DEFINITIONAL_REPRESENTATION('',(#997),#1001);
#997 = LINE('',#998,#999);
#998 = CARTESIAN_POINT('',(13.7,-12.1));
#999 = VECTOR('',#1000,1.);
#1000 = DIRECTION('',(0.,1.));
#1001 = ( GEOMETRIC_REPRESENTATION_CONTEXT(2) 
PARAMETRIC_REPRESENTATION_CONTEXT() REPRESENTATION_CONTEXT('2D SPACE',''
  ) );
#1002 = PCURVE('',#1003,#1008);
#1003 = CYLINDRICAL_SURFACE('',#1004,0.3);
#1004 = AXIS2_PLACEMENT_3D('',#1005,#1006,#1007);
#1005 = CARTESIAN_POINT('',(59.7,252.30694965514,17.517714971852));
#1006 = DIRECTION('',(-0.,-0.965925826289,0.258819045103));
#1007 = DIRECTION('',(1.,0.,0.));
#1008 = DEFINITIONAL_REPRESENTATION('',(#1009),#1013);
#1009 = LINE('',#1010,#1011);
#1010 = CARTESIAN_POINT('',(0.,0.));
#1011 = VECTOR('',#1012,1.);
#1012 = DIRECTION('',(0.,1.));
#1013 = ( GEOMETRIC_REPRESENTATION_CONTEXT(2) 
PARAMETRIC_REPRESENTATION_CONTEXT() REPRESENTATION_CONTEXT('2D SPACE',''
  ) );
#1014 = ORIENTED_EDGE('',*,*,#552,.F.);
#1015 = ORIENTED_EDGE('',*,*,#450,.T.);
#1016 = ADVANCED_FACE('',(#1017),#319,.T.);
#1017 = FACE_BOUND('',#1018,.T.);
#1018 = EDGE_LOOP('',(#1019,#1051,#1052,#1053));
#1019 = ORIENTED_EDGE('',*,*,#1020,.F.);
#1020 = EDGE_CURVE('',#256,#1021,#1023,.T.);
#1021 = VERTEX_POINT('',#1022);
#1022 = CARTESIAN_POINT('',(59.7,242.96681856236,20.330978409488));
#1023 = SURFACE_CURVE('',#1024,(#1029,#1040),.PCURVE_S1.);
#1024 = ELLIPSE('',#1025,0.424264068712,0.3);
#1025 = AXIS2_PLACEMENT_3D('',#1026,#1027,#1028);
#1026 = CARTESIAN_POINT('',(59.7,242.88917284883,20.041200661602));
#1027 = DIRECTION('',(0.707106781187,-0.683012701892,0.183012701892));
#1028 = DIRECTION('',(-0.707106781187,-0.683012701892,0.183012701892));
#1029 = PCURVE('',#319,#1030);
#1030 = DEFINITIONAL_REPRESENTATION('',(#1031),#1039);
#1031 = B_SPLINE_CURVE_WITH_KNOTS('',6,(#1032,#1033,#1034,#1035,#1036,
    #1037,#1038),.UNSPECIFIED.,.F.,.F.,(7,7),(3.14159265359,
    4.712388980385),.PIECEWISE_BEZIER_KNOTS.);
#1032 = CARTESIAN_POINT('',(1.570796326795,-2.775557561563E-17));
#1033 = CARTESIAN_POINT('',(1.308996938996,4.143885234953E-16));
#1034 = CARTESIAN_POINT('',(1.047198481856,2.466824394366E-02));
#1035 = CARTESIAN_POINT('',(0.785398280635,7.404377088653E-02));
#1036 = CARTESIAN_POINT('',(0.52359764892,0.142926279705));
#1037 = CARTESIAN_POINT('',(0.261799387799,0.22146018366));
#1038 = CARTESIAN_POINT('',(-9.481100726456E-17,0.3));
#1039 = ( GEOMETRIC_REPRESENTATION_CONTEXT(2) 
PARAMETRIC_REPRESENTATION_CONTEXT() REPRESENTATION_CONTEXT('2D SPACE',''
  ) );
#1040 = PCURVE('',#932,#1041);
#1041 = DEFINITIONAL_REPRESENTATION('',(#1042),#1050);
#1042 = B_SPLINE_CURVE_WITH_KNOTS('',6,(#1043,#1044,#1045,#1046,#1047,
    #1048,#1049),.UNSPECIFIED.,.F.,.F.,(7,7),(3.14159265359,
    4.712388980385),.PIECEWISE_BEZIER_KNOTS.);
#1043 = CARTESIAN_POINT('',(0.,1.387778780781E-17));
#1044 = CARTESIAN_POINT('',(0.261799387799,3.366906753399E-16));
#1045 = CARTESIAN_POINT('',(0.523597844939,2.466824394364E-02));
#1046 = CARTESIAN_POINT('',(0.78539804616,7.404377088656E-02));
#1047 = CARTESIAN_POINT('',(1.047198677875,0.142926279705));
#1048 = CARTESIAN_POINT('',(1.308996938996,0.22146018366));
#1049 = CARTESIAN_POINT('',(1.570796326795,0.3));
#1050 = ( GEOMETRIC_REPRESENTATION_CONTEXT(2) 
PARAMETRIC_REPRESENTATION_CONTEXT() REPRESENTATION_CONTEXT('2D SPACE',''
  ) );
#1051 = ORIENTED_EDGE('',*,*,#305,.T.);
#1052 = ORIENTED_EDGE('',*,*,#391,.T.);
#1053 = ORIENTED_EDGE('',*,*,#1054,.F.);
#1054 = EDGE_CURVE('',#1021,#364,#1055,.T.);
#1055 = SURFACE_CURVE('',#1056,(#1060,#1067),.PCURVE_S1.);
#1056 = LINE('',#1057,#1058);
#1057 = CARTESIAN_POINT('',(60.,242.96681856236,20.330978409488));
#1058 = VECTOR('',#1059,1.);
#1059 = DIRECTION('',(-1.,0.,0.));
#1060 = PCURVE('',#319,#1061);
#1061 = DEFINITIONAL_REPRESENTATION('',(#1062),#1066);
#1062 = LINE('',#1063,#1064);
#1063 = CARTESIAN_POINT('',(0.,0.));
#1064 = VECTOR('',#1065,1.);
#1065 = DIRECTION('',(0.,1.));
#1066 = ( GEOMETRIC_REPRESENTATION_CONTEXT(2) 
PARAMETRIC_REPRESENTATION_CONTEXT() REPRESENTATION_CONTEXT('2D SPACE',''
  ) );
#1067 = PCURVE('',#379,#1068);
#1068 = DEFINITIONAL_REPRESENTATION('',(#1069),#1073);
#1069 = LINE('',#1070,#1071);
#1070 = CARTESIAN_POINT('',(30.,2.35));
#1071 = VECTOR('',#1072,1.);
#1072 = DIRECTION('',(-1.,0.));
#1073 = ( GEOMETRIC_REPRESENTATION_CONTEXT(2) 
PARAMETRIC_REPRESENTATION_CONTEXT() REPRESENTATION_CONTEXT('2D SPACE',''
  ) );
#1074 = ADVANCED_FACE('',(#1075),#351,.T.);
#1075 = FACE_BOUND('',#1076,.F.);
#1076 = EDGE_LOOP('',(#1077,#1106,#1107,#1108));
#1077 = ORIENTED_EDGE('',*,*,#1078,.F.);
#1078 = EDGE_CURVE('',#500,#1079,#1081,.T.);
#1079 = VERTEX_POINT('',#1080);
#1080 = CARTESIAN_POINT('',(30.6,240.98667061846,20.861557451948));
#1081 = SURFACE_CURVE('',#1082,(#1087,#1094),.PCURVE_S1.);
#1082 = CIRCLE('',#1083,0.3);
#1083 = AXIS2_PLACEMENT_3D('',#1084,#1085,#1086);
#1084 = CARTESIAN_POINT('',(30.6,240.90902490493,20.571779704062));
#1085 = DIRECTION('',(-1.,0.,0.));
#1086 = DIRECTION('',(0.,-0.965925826289,0.258819045103));
#1087 = PCURVE('',#351,#1088);
#1088 = DEFINITIONAL_REPRESENTATION('',(#1089),#1093);
#1089 = LINE('',#1090,#1091);
#1090 = CARTESIAN_POINT('',(-0.,0.));
#1091 = VECTOR('',#1092,1.);
#1092 = DIRECTION('',(-0.,1.));
#1093 = ( GEOMETRIC_REPRESENTATION_CONTEXT(2) 
PARAMETRIC_REPRESENTATION_CONTEXT() REPRESENTATION_CONTEXT('2D SPACE',''
  ) );
#1094 = PCURVE('',#1095,#1100);
#1095 = CYLINDRICAL_SURFACE('',#1096,0.3);
#1096 = AXIS2_PLACEMENT_3D('',#1097,#1098,#1099);
#1097 = CARTESIAN_POINT('',(59.4,240.90902490493,20.571779704062));
#1098 = DIRECTION('',(-1.,-0.,0.));
#1099 = DIRECTION('',(0.,-0.965925826289,0.258819045103));
#1100 = DEFINITIONAL_REPRESENTATION('',(#1101),#1105);
#1101 = LINE('',#1102,#1103);
#1102 = CARTESIAN_POINT('',(0.,28.8));
#1103 = VECTOR('',#1104,1.);
#1104 = DIRECTION('',(1.,0.));
#1105 = ( GEOMETRIC_REPRESENTATION_CONTEXT(2) 
PARAMETRIC_REPRESENTATION_CONTEXT() REPRESENTATION_CONTEXT('2D SPACE',''
  ) );
#1106 = ORIENTED_EDGE('',*,*,#527,.T.);
#1107 = ORIENTED_EDGE('',*,*,#334,.T.);
#1108 = ORIENTED_EDGE('',*,*,#1109,.F.);
#1109 = EDGE_CURVE('',#1079,#335,#1110,.T.);
#1110 = SURFACE_CURVE('',#1111,(#1116,#1123),.PCURVE_S1.);
#1111 = CIRCLE('',#1112,0.3);
#1112 = AXIS2_PLACEMENT_3D('',#1113,#1114,#1115);
#1113 = CARTESIAN_POINT('',(30.6,241.27644836635,20.783911738418));
#1114 = DIRECTION('',(-0.,-0.258819045103,-0.965925826289));
#1115 = DIRECTION('',(0.,-0.965925826289,0.258819045103));
#1116 = PCURVE('',#351,#1117);
#1117 = DEFINITIONAL_REPRESENTATION('',(#1118),#1122);
#1118 = LINE('',#1119,#1120);
#1119 = CARTESIAN_POINT('',(-0.,1.570796326795));
#1120 = VECTOR('',#1121,1.);
#1121 = DIRECTION('',(-1.,0.));
#1122 = ( GEOMETRIC_REPRESENTATION_CONTEXT(2) 
PARAMETRIC_REPRESENTATION_CONTEXT() REPRESENTATION_CONTEXT('2D SPACE',''
  ) );
#1123 = PCURVE('',#379,#1124);
#1124 = DEFINITIONAL_REPRESENTATION('',(#1125),#1133);
#1125 = ( BOUNDED_CURVE() B_SPLINE_CURVE(2,(#1126,#1127,#1128,#1129,
#1130,#1131,#1132),.UNSPECIFIED.,.T.,.F.) B_SPLINE_CURVE_WITH_KNOTS((1,2
    ,2,2,2,1),(-2.094395102393,0.,2.094395102393,4.188790204786,
6.28318530718,8.377580409573),.UNSPECIFIED.) CURVE() 
GEOMETRIC_REPRESENTATION_ITEM() RATIONAL_B_SPLINE_CURVE((1.,0.5,1.,0.5,
1.,0.5,1.)) REPRESENTATION_ITEM('') );
#1126 = CARTESIAN_POINT('',(0.6,0.3));
#1127 = CARTESIAN_POINT('',(8.038475772935E-02,0.3));
#1128 = CARTESIAN_POINT('',(0.340192378865,0.75));
#1129 = CARTESIAN_POINT('',(0.6,1.2));
#1130 = CARTESIAN_POINT('',(0.859807621135,0.75));
#1131 = CARTESIAN_POINT('',(1.119615242271,0.3));
#1132 = CARTESIAN_POINT('',(0.6,0.3));
#1133 = ( GEOMETRIC_REPRESENTATION_CONTEXT(2) 
PARAMETRIC_REPRESENTATION_CONTEXT() REPRESENTATION_CONTEXT('2D SPACE',''
  ) );
#1134 = ADVANCED_FACE('',(#1135),#379,.T.);
#1135 = FACE_BOUND('',#1136,.T.);
#1136 = EDGE_LOOP('',(#1137,#1160,#1161,#1162,#1163,#1186));
#1137 = ORIENTED_EDGE('',*,*,#1138,.F.);
#1138 = EDGE_CURVE('',#1021,#1139,#1141,.T.);
#1139 = VERTEX_POINT('',#1140);
#1140 = CARTESIAN_POINT('',(59.7,241.27644836635,20.783911738418));
#1141 = SURFACE_CURVE('',#1142,(#1146,#1153),.PCURVE_S1.);
#1142 = LINE('',#1143,#1144);
#1143 = CARTESIAN_POINT('',(59.7,243.25659631024,20.253332695958));
#1144 = VECTOR('',#1145,1.);
#1145 = DIRECTION('',(-0.,-0.965925826289,0.258819045103));
#1146 = PCURVE('',#379,#1147);
#1147 = DEFINITIONAL_REPRESENTATION('',(#1148),#1152);
#1148 = LINE('',#1149,#1150);
#1149 = CARTESIAN_POINT('',(29.7,2.65));
#1150 = VECTOR('',#1151,1.);
#1151 = DIRECTION('',(0.,-1.));
#1152 = ( GEOMETRIC_REPRESENTATION_CONTEXT(2) 
PARAMETRIC_REPRESENTATION_CONTEXT() REPRESENTATION_CONTEXT('2D SPACE',''
  ) );
#1153 = PCURVE('',#932,#1154);
#1154 = DEFINITIONAL_REPRESENTATION('',(#1155),#1159);
#1155 = LINE('',#1156,#1157);
#1156 = CARTESIAN_POINT('',(1.570796326795,0.));
#1157 = VECTOR('',#1158,1.);
#1158 = DIRECTION('',(0.,1.));
#1159 = ( GEOMETRIC_REPRESENTATION_CONTEXT(2) 
PARAMETRIC_REPRESENTATION_CONTEXT() REPRESENTATION_CONTEXT('2D SPACE',''
  ) );
#1160 = ORIENTED_EDGE('',*,*,#1054,.T.);
#1161 = ORIENTED_EDGE('',*,*,#363,.F.);
#1162 = ORIENTED_EDGE('',*,*,#1109,.F.);
#1163 = ORIENTED_EDGE('',*,*,#1164,.F.);
#1164 = EDGE_CURVE('',#1165,#1079,#1167,.T.);
#1165 = VERTEX_POINT('',#1166);
#1166 = CARTESIAN_POINT('',(59.4,240.98667061846,20.861557451948));
#1167 = SURFACE_CURVE('',#1168,(#1172,#1179),.PCURVE_S1.);
#1168 = LINE('',#1169,#1170);
#1169 = CARTESIAN_POINT('',(59.4,240.98667061846,20.861557451948));
#1170 = VECTOR('',#1171,1.);
#1171 = DIRECTION('',(-1.,-0.,0.));
#1172 = PCURVE('',#379,#1173);
#1173 = DEFINITIONAL_REPRESENTATION('',(#1174),#1178);
#1174 = LINE('',#1175,#1176);
#1175 = CARTESIAN_POINT('',(29.4,0.3));
#1176 = VECTOR('',#1177,1.);
#1177 = DIRECTION('',(-1.,0.));
#1178 = ( GEOMETRIC_REPRESENTATION_CONTEXT(2) 
PARAMETRIC_REPRESENTATION_CONTEXT() REPRESENTATION_CONTEXT('2D SPACE',''
  ) );
#1179 = PCURVE('',#1095,#1180);
#1180 = DEFINITIONAL_REPRESENTATION('',(#1181),#1185);
#1181 = LINE('',#1182,#1183);
#1182 = CARTESIAN_POINT('',(1.570796326795,0.));
#1183 = VECTOR('',#1184,1.);
#1184 = DIRECTION('',(0.,1.));
#1185 = ( GEOMETRIC_REPRESENTATION_CONTEXT(2) 
PARAMETRIC_REPRESENTATION_CONTEXT() REPRESENTATION_CONTEXT('2D SPACE',''
  ) );
#1186 = ORIENTED_EDGE('',*,*,#1187,.F.);
#1187 = EDGE_CURVE('',#1139,#1165,#1188,.T.);
#1188 = SURFACE_CURVE('',#1189,(#1194,#1205),.PCURVE_S1.);
#1189 = CIRCLE('',#1190,0.3);
#1190 = AXIS2_PLACEMENT_3D('',#1191,#1192,#1193);
#1191 = CARTESIAN_POINT('',(59.4,241.27644836635,20.783911738418));
#1192 = DIRECTION('',(0.,-0.258819045103,-0.965925826289));
#1193 = DIRECTION('',(1.,0.,0.));
#1194 = PCURVE('',#379,#1195);
#1195 = DEFINITIONAL_REPRESENTATION('',(#1196),#1204);
#1196 = ( BOUNDED_CURVE() B_SPLINE_CURVE(2,(#1197,#1198,#1199,#1200,
#1201,#1202,#1203),.UNSPECIFIED.,.T.,.F.) B_SPLINE_CURVE_WITH_KNOTS((1,2
    ,2,2,2,1),(-2.094395102393,0.,2.094395102393,4.188790204786,
6.28318530718,8.377580409573),.UNSPECIFIED.) CURVE() 
GEOMETRIC_REPRESENTATION_ITEM() RATIONAL_B_SPLINE_CURVE((1.,0.5,1.,0.5,
1.,0.5,1.)) REPRESENTATION_ITEM('') );
#1197 = CARTESIAN_POINT('',(29.7,0.6));
#1198 = CARTESIAN_POINT('',(29.7,8.038475772933E-02));
#1199 = CARTESIAN_POINT('',(29.25,0.340192378865));
#1200 = CARTESIAN_POINT('',(28.8,0.6));
#1201 = CARTESIAN_POINT('',(29.25,0.859807621135));
#1202 = CARTESIAN_POINT('',(29.7,1.119615242271));
#1203 = CARTESIAN_POINT('',(29.7,0.6));
#1204 = ( GEOMETRIC_REPRESENTATION_CONTEXT(2) 
PARAMETRIC_REPRESENTATION_CONTEXT() REPRESENTATION_CONTEXT('2D SPACE',''
  ) );
#1205 = PCURVE('',#1206,#1211);
#1206 = TOROIDAL_SURFACE('',#1207,0.3,0.3);
#1207 = AXIS2_PLACEMENT_3D('',#1208,#1209,#1210);
#1208 = CARTESIAN_POINT('',(59.4,241.19880265282,20.494133990531));
#1209 = DIRECTION('',(0.,0.258819045103,0.965925826289));
#1210 = DIRECTION('',(1.,0.,0.));
#1211 = DEFINITIONAL_REPRESENTATION('',(#1212),#1216);
#1212 = LINE('',#1213,#1214);
#1213 = CARTESIAN_POINT('',(-0.,1.570796326795));
#1214 = VECTOR('',#1215,1.);
#1215 = DIRECTION('',(-1.,0.));
#1216 = ( GEOMETRIC_REPRESENTATION_CONTEXT(2) 
PARAMETRIC_REPRESENTATION_CONTEXT() REPRESENTATION_CONTEXT('2D SPACE',''
  ) );
#1217 = ADVANCED_FACE('',(#1218,#1266,#1553,#1840),#515,.F.);
#1218 = FACE_BOUND('',#1219,.F.);
#1219 = EDGE_LOOP('',(#1220,#1221,#1244,#1265));
#1220 = ORIENTED_EDGE('',*,*,#499,.T.);
#1221 = ORIENTED_EDGE('',*,*,#1222,.F.);
#1222 = EDGE_CURVE('',#1223,#500,#1225,.T.);
#1223 = VERTEX_POINT('',#1224);
#1224 = CARTESIAN_POINT('',(59.4,240.61924715705,20.649425417592));
#1225 = SURFACE_CURVE('',#1226,(#1230,#1237),.PCURVE_S1.);
#1226 = LINE('',#1227,#1228);
#1227 = CARTESIAN_POINT('',(59.4,240.61924715705,20.649425417592));
#1228 = VECTOR('',#1229,1.);
#1229 = DIRECTION('',(-1.,-0.,0.));
#1230 = PCURVE('',#515,#1231);
#1231 = DEFINITIONAL_REPRESENTATION('',(#1232),#1236);
#1232 = LINE('',#1233,#1234);
#1233 = CARTESIAN_POINT('',(13.7,29.4));
#1234 = VECTOR('',#1235,1.);
#1235 = DIRECTION('',(0.,-1.));
#1236 = ( GEOMETRIC_REPRESENTATION_CONTEXT(2) 
PARAMETRIC_REPRESENTATION_CONTEXT() REPRESENTATION_CONTEXT('2D SPACE',''
  ) );
#1237 = PCURVE('',#1095,#1238);
#1238 = DEFINITIONAL_REPRESENTATION('',(#1239),#1243);
#1239 = LINE('',#1240,#1241);
#1240 = CARTESIAN_POINT('',(0.,0.));
#1241 = VECTOR('',#1242,1.);
#1242 = DIRECTION('',(0.,1.));
#1243 = ( GEOMETRIC_REPRESENTATION_CONTEXT(2) 
PARAMETRIC_REPRESENTATION_CONTEXT() REPRESENTATION_CONTEXT('2D SPACE',''
  ) );
#1244 = ORIENTED_EDGE('',*,*,#1245,.F.);
#1245 = EDGE_CURVE('',#609,#1223,#1246,.T.);
#1246 = SURFACE_CURVE('',#1247,(#1251,#1258),.PCURVE_S1.);
#1247 = LINE('',#1248,#1249);
#1248 = CARTESIAN_POINT('',(59.4,237.07342623914,7.416241597432));
#1249 = VECTOR('',#1250,1.);
#1250 = DIRECTION('',(0.,0.258819045103,0.965925826289));
#1251 = PCURVE('',#515,#1252);
#1252 = DEFINITIONAL_REPRESENTATION('',(#1253),#1257);
#1253 = LINE('',#1254,#1255);
#1254 = CARTESIAN_POINT('',(0.,29.4));
#1255 = VECTOR('',#1256,1.);
#1256 = DIRECTION('',(1.,0.));
#1257 = ( GEOMETRIC_REPRESENTATION_CONTEXT(2) 
PARAMETRIC_REPRESENTATION_CONTEXT() REPRESENTATION_CONTEXT('2D SPACE',''
  ) );
#1258 = PCURVE('',#652,#1259);
#1259 = DEFINITIONAL_REPRESENTATION('',(#1260),#1264);
#1260 = LINE('',#1261,#1262);
#1261 = CARTESIAN_POINT('',(-1.570796326795,0.));
#1262 = VECTOR('',#1263,1.);
#1263 = DIRECTION('',(-0.,1.));
#1264 = ( GEOMETRIC_REPRESENTATION_CONTEXT(2) 
PARAMETRIC_REPRESENTATION_CONTEXT() REPRESENTATION_CONTEXT('2D SPACE',''
  ) );
#1265 = ORIENTED_EDGE('',*,*,#608,.F.);
#1266 = FACE_BOUND('',#1267,.F.);
#1267 = EDGE_LOOP('',(#1268,#1365,#1393,#1421,#1444,#1527));
#1268 = ORIENTED_EDGE('',*,*,#1269,.F.);
#1269 = EDGE_CURVE('',#1270,#1272,#1274,.T.);
#1270 = VERTEX_POINT('',#1271);
#1271 = CARTESIAN_POINT('',(34.780227390242,239.93337668752,
    18.089721977926));
#1272 = VERTEX_POINT('',#1273);
#1273 = CARTESIAN_POINT('',(34.930717967697,239.97219954429,
    18.23461085187));
#1274 = SURFACE_CURVE('',#1275,(#1299,#1326),.PCURVE_S1.);
#1275 = B_SPLINE_CURVE_WITH_KNOTS('',8,(#1276,#1277,#1278,#1279,#1280,
    #1281,#1282,#1283,#1284,#1285,#1286,#1287,#1288,#1289,#1290,#1291,
    #1292,#1293,#1294,#1295,#1296,#1297,#1298),.UNSPECIFIED.,.F.,.F.,(9,
    7,7,9),(0.,0.430740214439,0.86413044504,1.),.UNSPECIFIED.);
#1276 = CARTESIAN_POINT('',(34.780227390242,239.93337668752,
    18.089721977926));
#1277 = CARTESIAN_POINT('',(34.780227390242,239.93667493379,
    18.102031200576));
#1278 = CARTESIAN_POINT('',(34.781465968757,239.93997316924,
    18.114340382851));
#1279 = CARTESIAN_POINT('',(34.783943112542,239.94323509148,
    18.126514042367));
#1280 = CARTESIAN_POINT('',(34.787639750613,239.94642439304,
    18.13841667782));
#1281 = CARTESIAN_POINT('',(34.792517778037,239.949505612,
    18.149915943548));
#1282 = CARTESIAN_POINT('',(34.79852073473,239.95244494093,
    18.160885668449));
#1283 = CARTESIAN_POINT('',(34.805575139252,239.95521099406,
    18.171208719255));
#1284 = CARTESIAN_POINT('',(34.821659140552,239.96035584921,
    18.190409580064));
#1285 = CARTESIAN_POINT('',(34.830694342451,239.96273015756,
    18.199270619486));
#1286 = CARTESIAN_POINT('',(34.84061164878,239.96487225904,
    18.207265051047));
#1287 = CARTESIAN_POINT('',(34.851310242538,239.96675734582,
    18.214300290676));
#1288 = CARTESIAN_POINT('',(34.862672937202,239.96836290953,
    18.220292336033));
#1289 = CARTESIAN_POINT('',(34.874562827126,239.96967055785,18.225172546
    ));
#1290 = CARTESIAN_POINT('',(34.886827697172,239.97066771241,
    18.228893977483));
#1291 = CARTESIAN_POINT('',(34.903209883242,239.97156480805,
    18.232241983989));
#1292 = CARTESIAN_POINT('',(34.907138227311,239.97174793194,
    18.232925411651));
#1293 = CARTESIAN_POINT('',(34.911080362988,239.97190004743,
    18.233493114379));
#1294 = CARTESIAN_POINT('',(34.915030149361,239.97202110957,
    18.233944924445));
#1295 = CARTESIAN_POINT('',(34.918979644591,239.97211115789,
    18.234280989328));
#1296 = CARTESIAN_POINT('',(34.922918997133,239.97217043987,
    18.234502232691));
#1297 = CARTESIAN_POINT('',(34.926836379949,239.97219954429,
    18.23461085187));
#1298 = CARTESIAN_POINT('',(34.930717967697,239.97219954429,
    18.23461085187));
#1299 = PCURVE('',#515,#1300);
#1300 = DEFINITIONAL_REPRESENTATION('',(#1301),#1325);
#1301 = B_SPLINE_CURVE_WITH_KNOTS('',8,(#1302,#1303,#1304,#1305,#1306,
    #1307,#1308,#1309,#1310,#1311,#1312,#1313,#1314,#1315,#1316,#1317,
    #1318,#1319,#1320,#1321,#1322,#1323,#1324),.UNSPECIFIED.,.F.,.F.,(9,
    7,7,9),(0.,0.430740214439,0.86413044504,1.),.UNSPECIFIED.);
#1302 = CARTESIAN_POINT('',(11.05,4.780227390242));
#1303 = CARTESIAN_POINT('',(11.062743445008,4.780227390242));
#1304 = CARTESIAN_POINT('',(11.075486848218,4.781465968757));
#1305 = CARTESIAN_POINT('',(11.088089947944,4.783943112542));
#1306 = CARTESIAN_POINT('',(11.100412462912,4.787639750613));
#1307 = CARTESIAN_POINT('',(11.112317378812,4.792517778037));
#1308 = CARTESIAN_POINT('',(11.123674073708,4.79852073473));
#1309 = CARTESIAN_POINT('',(11.134361282317,4.805575139252));
#1310 = CARTESIAN_POINT('',(11.154239476155,4.821659140552));
#1311 = CARTESIAN_POINT('',(11.163413099203,4.830694342451));
#1312 = CARTESIAN_POINT('',(11.171689543774,4.84061164878));
#1313 = CARTESIAN_POINT('',(11.178972959786,4.851310242538));
#1314 = CARTESIAN_POINT('',(11.185176381615,4.862672937202));
#1315 = CARTESIAN_POINT('',(11.190228746749,4.874562827126));
#1316 = CARTESIAN_POINT('',(11.194081456121,4.886827697172));
#1317 = CARTESIAN_POINT('',(11.197547567509,4.903209883242));
#1318 = CARTESIAN_POINT('',(11.198255103888,4.907138227311));
#1319 = CARTESIAN_POINT('',(11.198842832999,4.911080362988));
#1320 = CARTESIAN_POINT('',(11.199310581199,4.915030149361));
#1321 = CARTESIAN_POINT('',(11.199658501168,4.918979644591));
#1322 = CARTESIAN_POINT('',(11.199887549152,4.922918997133));
#1323 = CARTESIAN_POINT('',(11.2,4.926836379949));
#1324 = CARTESIAN_POINT('',(11.2,4.930717967697));
#1325 = ( GEOMETRIC_REPRESENTATION_CONTEXT(2) 
PARAMETRIC_REPRESENTATION_CONTEXT() REPRESENTATION_CONTEXT('2D SPACE',''
  ) );
#1326 = PCURVE('',#1327,#1339);
#1327 = SURFACE_OF_REVOLUTION('',#1328,#1336);
#1328 = B_SPLINE_CURVE_WITH_KNOTS('',6,(#1329,#1330,#1331,#1332,#1333,
    #1334,#1335),.UNSPECIFIED.,.F.,.F.,(7,7),(0.,1.570796326795),
  .PIECEWISE_BEZIER_KNOTS.);
#1329 = CARTESIAN_POINT('',(35.22,239.94303594579,18.087133787475));
#1330 = CARTESIAN_POINT('',(35.22,239.95319974592,18.125065605973));
#1331 = CARTESIAN_POINT('',(35.207665847097,239.96336268128,
    18.162994197086));
#1332 = CARTESIAN_POINT('',(35.182978522446,239.97227693909,
    18.196262660122));
#1333 = CARTESIAN_POINT('',(35.148536475106,239.97866648888,
    18.220108784584));
#1334 = CARTESIAN_POINT('',(35.10926990817,239.98185880255,
    18.232022661419));
#1335 = CARTESIAN_POINT('',(35.07,239.98185880255,18.232022661419));
#1336 = AXIS1_PLACEMENT('',#1337,#1338);
#1337 = CARTESIAN_POINT('',(35.,239.94303594579,18.087133787475));
#1338 = DIRECTION('',(0.,0.258819045103,0.965925826289));
#1339 = DEFINITIONAL_REPRESENTATION('',(#1340),#1364);
#1340 = B_SPLINE_CURVE_WITH_KNOTS('',8,(#1341,#1342,#1343,#1344,#1345,
    #1346,#1347,#1348,#1349,#1350,#1351,#1352,#1353,#1354,#1355,#1356,
    #1357,#1358,#1359,#1360,#1361,#1362,#1363),.UNSPECIFIED.,.F.,.F.,(9,
    7,7,9),(0.,0.430740214439,0.86413044504,1.),.UNSPECIFIED.);
#1341 = CARTESIAN_POINT('',(3.187062866007,0.));
#1342 = CARTESIAN_POINT('',(3.187062866007,8.49563000551E-02));
#1343 = CARTESIAN_POINT('',(3.187318968873,0.169912343194));
#1344 = CARTESIAN_POINT('',(3.187830311303,0.25486731771));
#1345 = CARTESIAN_POINT('',(3.188610335829,0.339820532282));
#1346 = CARTESIAN_POINT('',(3.189683205154,0.424771005645));
#1347 = CARTESIAN_POINT('',(3.191087401176,0.509716923909));
#1348 = CARTESIAN_POINT('',(3.192886508692,0.594654965524));
#1349 = CARTESIAN_POINT('',(3.19750201318,0.765026498135));
#1350 = CARTESIAN_POINT('',(3.200323839071,0.850393295032));
#1351 = CARTESIAN_POINT('',(3.203757426081,0.935741670522));
#1352 = CARTESIAN_POINT('',(3.207983114639,1.021090189825));
#1353 = CARTESIAN_POINT('',(3.213187616644,1.106423914522));
#1354 = CARTESIAN_POINT('',(3.219829836577,1.19166723294));
#1355 = CARTESIAN_POINT('',(3.228393649357,1.276707245224));
#1356 = CARTESIAN_POINT('',(3.244391056597,1.387816645481));
#1357 = CARTESIAN_POINT('',(3.248562713765,1.414277588619));
#1358 = CARTESIAN_POINT('',(3.253140267667,1.440677477724));
#1359 = CARTESIAN_POINT('',(3.258187278837,1.467001818154));
#1360 = CARTESIAN_POINT('',(3.263781093294,1.493223742561));
#1361 = CARTESIAN_POINT('',(3.27001767946,1.519303000661));
#1362 = CARTESIAN_POINT('',(3.277018614846,1.545184489867));
#1363 = CARTESIAN_POINT('',(3.284940222495,1.570796326795));
#1364 = ( GEOMETRIC_REPRESENTATION_CONTEXT(2) 
PARAMETRIC_REPRESENTATION_CONTEXT() REPRESENTATION_CONTEXT('2D SPACE',''
  ) );
#1365 = ORIENTED_EDGE('',*,*,#1366,.T.);
#1366 = EDGE_CURVE('',#1270,#1367,#1369,.T.);
#1367 = VERTEX_POINT('',#1368);
#1368 = CARTESIAN_POINT('',(34.780227390242,237.38400909326,
    8.575352588979));
#1369 = SURFACE_CURVE('',#1370,(#1374,#1381),.PCURVE_S1.);
#1370 = LINE('',#1371,#1372);
#1371 = CARTESIAN_POINT('',(34.780227390242,237.38400909326,
    8.575352588979));
#1372 = VECTOR('',#1373,1.);
#1373 = DIRECTION('',(-0.,-0.258819045103,-0.965925826289));
#1374 = PCURVE('',#515,#1375);
#1375 = DEFINITIONAL_REPRESENTATION('',(#1376),#1380);
#1376 = LINE('',#1377,#1378);
#1377 = CARTESIAN_POINT('',(1.2,4.780227390242));
#1378 = VECTOR('',#1379,1.);
#1379 = DIRECTION('',(-1.,0.));
#1380 = ( GEOMETRIC_REPRESENTATION_CONTEXT(2) 
PARAMETRIC_REPRESENTATION_CONTEXT() REPRESENTATION_CONTEXT('2D SPACE',''
  ) );
#1381 = PCURVE('',#1382,#1387);
#1382 = CYLINDRICAL_SURFACE('',#1383,0.22);
#1383 = AXIS2_PLACEMENT_3D('',#1384,#1385,#1386);
#1384 = CARTESIAN_POINT('',(35.,237.39366835153,8.572764398528));
#1385 = DIRECTION('',(-0.,-0.258819045103,-0.965925826289));
#1386 = DIRECTION('',(1.,0.,0.));
#1387 = DEFINITIONAL_REPRESENTATION('',(#1388),#1392);
#1388 = LINE('',#1389,#1390);
#1389 = CARTESIAN_POINT('',(-3.187062866007,0.));
#1390 = VECTOR('',#1391,1.);
#1391 = DIRECTION('',(-0.,1.));
#1392 = ( GEOMETRIC_REPRESENTATION_CONTEXT(2) 
PARAMETRIC_REPRESENTATION_CONTEXT() REPRESENTATION_CONTEXT('2D SPACE',''
  ) );
#1393 = ORIENTED_EDGE('',*,*,#1394,.T.);
#1394 = EDGE_CURVE('',#1367,#1395,#1397,.T.);
#1395 = VERTEX_POINT('',#1396);
#1396 = CARTESIAN_POINT('',(35.219772609758,237.38400909326,
    8.575352588979));
#1397 = SURFACE_CURVE('',#1398,(#1402,#1409),.PCURVE_S1.);
#1398 = LINE('',#1399,#1400);
#1399 = CARTESIAN_POINT('',(32.5,237.38400909326,8.575352588979));
#1400 = VECTOR('',#1401,1.);
#1401 = DIRECTION('',(1.,0.,0.));
#1402 = PCURVE('',#515,#1403);
#1403 = DEFINITIONAL_REPRESENTATION('',(#1404),#1408);
#1404 = LINE('',#1405,#1406);
#1405 = CARTESIAN_POINT('',(1.2,2.5));
#1406 = VECTOR('',#1407,1.);
#1407 = DIRECTION('',(0.,1.));
#1408 = ( GEOMETRIC_REPRESENTATION_CONTEXT(2) 
PARAMETRIC_REPRESENTATION_CONTEXT() REPRESENTATION_CONTEXT('2D SPACE',''
  ) );
#1409 = PCURVE('',#1410,#1415);
#1410 = PLANE('',#1411);
#1411 = AXIS2_PLACEMENT_3D('',#1412,#1413,#1414);
#1412 = CARTESIAN_POINT('',(35.,237.39366835153,8.572764398528));
#1413 = DIRECTION('',(0.,0.258819045103,0.965925826289));
#1414 = DIRECTION('',(1.,0.,0.));
#1415 = DEFINITIONAL_REPRESENTATION('',(#1416),#1420);
#1416 = LINE('',#1417,#1418);
#1417 = CARTESIAN_POINT('',(-2.5,-9.99999999998E-03));
#1418 = VECTOR('',#1419,1.);
#1419 = DIRECTION('',(1.,0.));
#1420 = ( GEOMETRIC_REPRESENTATION_CONTEXT(2) 
PARAMETRIC_REPRESENTATION_CONTEXT() REPRESENTATION_CONTEXT('2D SPACE',''
  ) );
#1421 = ORIENTED_EDGE('',*,*,#1422,.F.);
#1422 = EDGE_CURVE('',#1423,#1395,#1425,.T.);
#1423 = VERTEX_POINT('',#1424);
#1424 = CARTESIAN_POINT('',(35.219772609758,239.93337668752,
    18.089721977926));
#1425 = SURFACE_CURVE('',#1426,(#1430,#1437),.PCURVE_S1.);
#1426 = LINE('',#1427,#1428);
#1427 = CARTESIAN_POINT('',(35.219772609758,237.38400909326,
    8.575352588979));
#1428 = VECTOR('',#1429,1.);
#1429 = DIRECTION('',(-0.,-0.258819045103,-0.965925826289));
#1430 = PCURVE('',#515,#1431);
#1431 = DEFINITIONAL_REPRESENTATION('',(#1432),#1436);
#1432 = LINE('',#1433,#1434);
#1433 = CARTESIAN_POINT('',(1.2,5.219772609758));
#1434 = VECTOR('',#1435,1.);
#1435 = DIRECTION('',(-1.,0.));
#1436 = ( GEOMETRIC_REPRESENTATION_CONTEXT(2) 
PARAMETRIC_REPRESENTATION_CONTEXT() REPRESENTATION_CONTEXT('2D SPACE',''
  ) );
#1437 = PCURVE('',#1382,#1438);
#1438 = DEFINITIONAL_REPRESENTATION('',(#1439),#1443);
#1439 = LINE('',#1440,#1441);
#1440 = CARTESIAN_POINT('',(-6.237715094763,0.));
#1441 = VECTOR('',#1442,1.);
#1442 = DIRECTION('',(-0.,1.));
#1443 = ( GEOMETRIC_REPRESENTATION_CONTEXT(2) 
PARAMETRIC_REPRESENTATION_CONTEXT() REPRESENTATION_CONTEXT('2D SPACE',''
  ) );
#1444 = ORIENTED_EDGE('',*,*,#1445,.T.);
#1445 = EDGE_CURVE('',#1423,#1446,#1448,.T.);
#1446 = VERTEX_POINT('',#1447);
#1447 = CARTESIAN_POINT('',(35.069282032303,239.97219954429,
    18.23461085187));
#1448 = SURFACE_CURVE('',#1449,(#1473,#1500),.PCURVE_S1.);
#1449 = B_SPLINE_CURVE_WITH_KNOTS('',8,(#1450,#1451,#1452,#1453,#1454,
    #1455,#1456,#1457,#1458,#1459,#1460,#1461,#1462,#1463,#1464,#1465,
    #1466,#1467,#1468,#1469,#1470,#1471,#1472),.UNSPECIFIED.,.F.,.F.,(9,
    7,7,9),(0.,0.430740214429,0.86413044503,1.),.UNSPECIFIED.);
#1450 = CARTESIAN_POINT('',(35.219772609758,239.93337668752,
    18.089721977926));
#1451 = CARTESIAN_POINT('',(35.219772609758,239.93667493379,
    18.102031200576));
#1452 = CARTESIAN_POINT('',(35.218534031243,239.93997316924,
    18.114340382851));
#1453 = CARTESIAN_POINT('',(35.216056887458,239.94323509148,
    18.126514042366));
#1454 = CARTESIAN_POINT('',(35.212360249387,239.94642439304,
    18.138416677819));
#1455 = CARTESIAN_POINT('',(35.207482221963,239.949505612,
    18.149915943547));
#1456 = CARTESIAN_POINT('',(35.201479265271,239.95244494093,
    18.160885668448));
#1457 = CARTESIAN_POINT('',(35.194424860749,239.95521099406,
    18.171208719254));
#1458 = CARTESIAN_POINT('',(35.178340859449,239.9603558492,
    18.190409580062));
#1459 = CARTESIAN_POINT('',(35.16930565755,239.96273015756,
    18.199270619485));
#1460 = CARTESIAN_POINT('',(35.159388351222,239.96487225904,
    18.207265051045));
#1461 = CARTESIAN_POINT('',(35.148689757464,239.96675734582,
    18.214300290676));
#1462 = CARTESIAN_POINT('',(35.137327062801,239.96836290953,
    18.220292336031));
#1463 = CARTESIAN_POINT('',(35.125437172876,239.96967055785,
    18.225172545999));
#1464 = CARTESIAN_POINT('',(35.11317230283,239.97066771241,
    18.228893977482));
#1465 = CARTESIAN_POINT('',(35.09679011676,239.97156480805,
    18.232241983989));
#1466 = CARTESIAN_POINT('',(35.092861772691,239.97174793194,
    18.232925411651));
#1467 = CARTESIAN_POINT('',(35.088919637014,239.97190004743,
    18.233493114378));
#1468 = CARTESIAN_POINT('',(35.08496985064,239.97202110957,
    18.233944924445));
#1469 = CARTESIAN_POINT('',(35.08102035541,239.97211115789,
    18.234280989328));
#1470 = CARTESIAN_POINT('',(35.077081002868,239.97217043987,
    18.234502232691));
#1471 = CARTESIAN_POINT('',(35.073163620051,239.97219954429,
    18.23461085187));
#1472 = CARTESIAN_POINT('',(35.069282032303,239.97219954429,
    18.23461085187));
#1473 = PCURVE('',#515,#1474);
#1474 = DEFINITIONAL_REPRESENTATION('',(#1475),#1499);
#1475 = B_SPLINE_CURVE_WITH_KNOTS('',8,(#1476,#1477,#1478,#1479,#1480,
    #1481,#1482,#1483,#1484,#1485,#1486,#1487,#1488,#1489,#1490,#1491,
    #1492,#1493,#1494,#1495,#1496,#1497,#1498),.UNSPECIFIED.,.F.,.F.,(9,
    7,7,9),(0.,0.430740214429,0.86413044503,1.),.UNSPECIFIED.);
#1476 = CARTESIAN_POINT('',(11.05,5.219772609758));
#1477 = CARTESIAN_POINT('',(11.062743445008,5.219772609758));
#1478 = CARTESIAN_POINT('',(11.075486848218,5.218534031243));
#1479 = CARTESIAN_POINT('',(11.088089947943,5.216056887458));
#1480 = CARTESIAN_POINT('',(11.100412462911,5.212360249387));
#1481 = CARTESIAN_POINT('',(11.112317378811,5.207482221963));
#1482 = CARTESIAN_POINT('',(11.123674073707,5.201479265271));
#1483 = CARTESIAN_POINT('',(11.134361282315,5.194424860749));
#1484 = CARTESIAN_POINT('',(11.154239476154,5.178340859449));
#1485 = CARTESIAN_POINT('',(11.163413099202,5.16930565755));
#1486 = CARTESIAN_POINT('',(11.171689543772,5.159388351222));
#1487 = CARTESIAN_POINT('',(11.178972959785,5.148689757464));
#1488 = CARTESIAN_POINT('',(11.185176381614,5.137327062801));
#1489 = CARTESIAN_POINT('',(11.190228746748,5.125437172876));
#1490 = CARTESIAN_POINT('',(11.19408145612,5.11317230283));
#1491 = CARTESIAN_POINT('',(11.197547567508,5.09679011676));
#1492 = CARTESIAN_POINT('',(11.198255103888,5.092861772691));
#1493 = CARTESIAN_POINT('',(11.198842832999,5.088919637014));
#1494 = CARTESIAN_POINT('',(11.199310581199,5.08496985064));
#1495 = CARTESIAN_POINT('',(11.199658501168,5.08102035541));
#1496 = CARTESIAN_POINT('',(11.199887549152,5.077081002868));
#1497 = CARTESIAN_POINT('',(11.2,5.073163620051));
#1498 = CARTESIAN_POINT('',(11.2,5.069282032303));
#1499 = ( GEOMETRIC_REPRESENTATION_CONTEXT(2) 
PARAMETRIC_REPRESENTATION_CONTEXT() REPRESENTATION_CONTEXT('2D SPACE',''
  ) );
#1500 = PCURVE('',#1327,#1501);
#1501 = DEFINITIONAL_REPRESENTATION('',(#1502),#1526);
#1502 = B_SPLINE_CURVE_WITH_KNOTS('',8,(#1503,#1504,#1505,#1506,#1507,
    #1508,#1509,#1510,#1511,#1512,#1513,#1514,#1515,#1516,#1517,#1518,
    #1519,#1520,#1521,#1522,#1523,#1524,#1525),.UNSPECIFIED.,.F.,.F.,(9,
    7,7,9),(0.,0.430740214429,0.86413044503,1.),.UNSPECIFIED.);
#1503 = CARTESIAN_POINT('',(6.237715094763,0.));
#1504 = CARTESIAN_POINT('',(6.237715094763,8.495630005317E-02));
#1505 = CARTESIAN_POINT('',(6.237458991896,0.16991234319));
#1506 = CARTESIAN_POINT('',(6.236947649466,0.254867317704));
#1507 = CARTESIAN_POINT('',(6.23616762494,0.339820532274));
#1508 = CARTESIAN_POINT('',(6.235094755615,0.424771005635));
#1509 = CARTESIAN_POINT('',(6.233690559593,0.509716923897));
#1510 = CARTESIAN_POINT('',(6.231891452078,0.594654965511));
#1511 = CARTESIAN_POINT('',(6.22727594759,0.76502649812));
#1512 = CARTESIAN_POINT('',(6.224454121699,0.850393295016));
#1513 = CARTESIAN_POINT('',(6.221020534689,0.935741670506));
#1514 = CARTESIAN_POINT('',(6.21679484613,1.021090189811));
#1515 = CARTESIAN_POINT('',(6.211590344127,1.106423914504));
#1516 = CARTESIAN_POINT('',(6.204948124194,1.191667232926));
#1517 = CARTESIAN_POINT('',(6.196384311414,1.276707245208));
#1518 = CARTESIAN_POINT('',(6.180386904174,1.387816645467));
#1519 = CARTESIAN_POINT('',(6.176215247006,1.414277588607));
#1520 = CARTESIAN_POINT('',(6.171637693104,1.440677477715));
#1521 = CARTESIAN_POINT('',(6.166590681934,1.467001818146));
#1522 = CARTESIAN_POINT('',(6.160996867477,1.493223742555));
#1523 = CARTESIAN_POINT('',(6.15476028131,1.519303000657));
#1524 = CARTESIAN_POINT('',(6.147759345924,1.545184489865));
#1525 = CARTESIAN_POINT('',(6.139837738274,1.570796326795));
#1526 = ( GEOMETRIC_REPRESENTATION_CONTEXT(2) 
PARAMETRIC_REPRESENTATION_CONTEXT() REPRESENTATION_CONTEXT('2D SPACE',''
  ) );
#1527 = ORIENTED_EDGE('',*,*,#1528,.F.);
#1528 = EDGE_CURVE('',#1272,#1446,#1529,.T.);
#1529 = SURFACE_CURVE('',#1530,(#1534,#1541),.PCURVE_S1.);
#1530 = LINE('',#1531,#1532);
#1531 = CARTESIAN_POINT('',(32.5,239.97219954429,18.23461085187));
#1532 = VECTOR('',#1533,1.);
#1533 = DIRECTION('',(1.,0.,0.));
#1534 = PCURVE('',#515,#1535);
#1535 = DEFINITIONAL_REPRESENTATION('',(#1536),#1540);
#1536 = LINE('',#1537,#1538);
#1537 = CARTESIAN_POINT('',(11.2,2.5));
#1538 = VECTOR('',#1539,1.);
#1539 = DIRECTION('',(0.,1.));
#1540 = ( GEOMETRIC_REPRESENTATION_CONTEXT(2) 
PARAMETRIC_REPRESENTATION_CONTEXT() REPRESENTATION_CONTEXT('2D SPACE',''
  ) );
#1541 = PCURVE('',#1542,#1547);
#1542 = PLANE('',#1543);
#1543 = AXIS2_PLACEMENT_3D('',#1544,#1545,#1546);
#1544 = CARTESIAN_POINT('',(35.,239.98185880255,18.232022661419));
#1545 = DIRECTION('',(0.,0.258819045103,0.965925826289));
#1546 = DIRECTION('',(1.,0.,0.));
#1547 = DEFINITIONAL_REPRESENTATION('',(#1548),#1552);
#1548 = LINE('',#1549,#1550);
#1549 = CARTESIAN_POINT('',(-2.5,-1.000000000001E-02));
#1550 = VECTOR('',#1551,1.);
#1551 = DIRECTION('',(1.,0.));
#1552 = ( GEOMETRIC_REPRESENTATION_CONTEXT(2) 
PARAMETRIC_REPRESENTATION_CONTEXT() REPRESENTATION_CONTEXT('2D SPACE',''
  ) );
#1553 = FACE_BOUND('',#1554,.F.);
#1554 = EDGE_LOOP('',(#1555,#1652,#1680,#1708,#1731,#1814));
#1555 = ORIENTED_EDGE('',*,*,#1556,.F.);
#1556 = EDGE_CURVE('',#1557,#1559,#1561,.T.);
#1557 = VERTEX_POINT('',#1558);
#1558 = CARTESIAN_POINT('',(44.780227390242,239.93337668752,
    18.089721977926));
#1559 = VERTEX_POINT('',#1560);
#1560 = CARTESIAN_POINT('',(44.930717967697,239.97219954429,
    18.23461085187));
#1561 = SURFACE_CURVE('',#1562,(#1586,#1613),.PCURVE_S1.);
#1562 = B_SPLINE_CURVE_WITH_KNOTS('',8,(#1563,#1564,#1565,#1566,#1567,
    #1568,#1569,#1570,#1571,#1572,#1573,#1574,#1575,#1576,#1577,#1578,
    #1579,#1580,#1581,#1582,#1583,#1584,#1585),.UNSPECIFIED.,.F.,.F.,(9,
    7,7,9),(0.,0.430740214439,0.86413044504,1.),.UNSPECIFIED.);
#1563 = CARTESIAN_POINT('',(44.780227390242,239.93337668752,
    18.089721977926));
#1564 = CARTESIAN_POINT('',(44.780227390242,239.93667493379,
    18.102031200576));
#1565 = CARTESIAN_POINT('',(44.781465968757,239.93997316924,
    18.114340382851));
#1566 = CARTESIAN_POINT('',(44.783943112542,239.94323509148,
    18.126514042367));
#1567 = CARTESIAN_POINT('',(44.787639750613,239.94642439304,
    18.13841667782));
#1568 = CARTESIAN_POINT('',(44.792517778037,239.949505612,
    18.149915943548));
#1569 = CARTESIAN_POINT('',(44.79852073473,239.95244494093,
    18.160885668449));
#1570 = CARTESIAN_POINT('',(44.805575139252,239.95521099406,
    18.171208719255));
#1571 = CARTESIAN_POINT('',(44.821659140552,239.96035584921,
    18.190409580064));
#1572 = CARTESIAN_POINT('',(44.830694342451,239.96273015756,
    18.199270619486));
#1573 = CARTESIAN_POINT('',(44.84061164878,239.96487225904,
    18.207265051047));
#1574 = CARTESIAN_POINT('',(44.851310242538,239.96675734582,
    18.214300290676));
#1575 = CARTESIAN_POINT('',(44.862672937202,239.96836290953,
    18.220292336033));
#1576 = CARTESIAN_POINT('',(44.874562827126,239.96967055785,18.225172546
    ));
#1577 = CARTESIAN_POINT('',(44.886827697172,239.97066771241,
    18.228893977483));
#1578 = CARTESIAN_POINT('',(44.903209883242,239.97156480805,
    18.232241983989));
#1579 = CARTESIAN_POINT('',(44.907138227311,239.97174793194,
    18.232925411651));
#1580 = CARTESIAN_POINT('',(44.911080362988,239.97190004743,
    18.233493114379));
#1581 = CARTESIAN_POINT('',(44.915030149361,239.97202110957,
    18.233944924445));
#1582 = CARTESIAN_POINT('',(44.918979644591,239.97211115789,
    18.234280989328));
#1583 = CARTESIAN_POINT('',(44.922918997133,239.97217043987,
    18.234502232691));
#1584 = CARTESIAN_POINT('',(44.926836379949,239.97219954429,
    18.23461085187));
#1585 = CARTESIAN_POINT('',(44.930717967697,239.97219954429,
    18.23461085187));
#1586 = PCURVE('',#515,#1587);
#1587 = DEFINITIONAL_REPRESENTATION('',(#1588),#1612);
#1588 = B_SPLINE_CURVE_WITH_KNOTS('',8,(#1589,#1590,#1591,#1592,#1593,
    #1594,#1595,#1596,#1597,#1598,#1599,#1600,#1601,#1602,#1603,#1604,
    #1605,#1606,#1607,#1608,#1609,#1610,#1611),.UNSPECIFIED.,.F.,.F.,(9,
    7,7,9),(0.,0.430740214439,0.86413044504,1.),.UNSPECIFIED.);
#1589 = CARTESIAN_POINT('',(11.05,14.780227390242));
#1590 = CARTESIAN_POINT('',(11.062743445008,14.780227390242));
#1591 = CARTESIAN_POINT('',(11.075486848218,14.781465968757));
#1592 = CARTESIAN_POINT('',(11.088089947944,14.783943112542));
#1593 = CARTESIAN_POINT('',(11.100412462912,14.787639750613));
#1594 = CARTESIAN_POINT('',(11.112317378812,14.792517778037));
#1595 = CARTESIAN_POINT('',(11.123674073708,14.79852073473));
#1596 = CARTESIAN_POINT('',(11.134361282317,14.805575139252));
#1597 = CARTESIAN_POINT('',(11.154239476155,14.821659140552));
#1598 = CARTESIAN_POINT('',(11.163413099203,14.830694342451));
#1599 = CARTESIAN_POINT('',(11.171689543774,14.84061164878));
#1600 = CARTESIAN_POINT('',(11.178972959786,14.851310242538));
#1601 = CARTESIAN_POINT('',(11.185176381615,14.862672937202));
#1602 = CARTESIAN_POINT('',(11.190228746749,14.874562827126));
#1603 = CARTESIAN_POINT('',(11.194081456121,14.886827697172));
#1604 = CARTESIAN_POINT('',(11.197547567509,14.903209883242));
#1605 = CARTESIAN_POINT('',(11.198255103888,14.907138227311));
#1606 = CARTESIAN_POINT('',(11.198842832999,14.911080362988));
#1607 = CARTESIAN_POINT('',(11.199310581199,14.915030149361));
#1608 = CARTESIAN_POINT('',(11.199658501168,14.918979644591));
#1609 = CARTESIAN_POINT('',(11.199887549152,14.922918997133));
#1610 = CARTESIAN_POINT('',(11.2,14.926836379949));
#1611 = CARTESIAN_POINT('',(11.2,14.930717967697));
#1612 = ( GEOMETRIC_REPRESENTATION_CONTEXT(2) 
PARAMETRIC_REPRESENTATION_CONTEXT() REPRESENTATION_CONTEXT('2D SPACE',''
  ) );
#1613 = PCURVE('',#1614,#1626);
#1614 = SURFACE_OF_REVOLUTION('',#1615,#1623);
#1615 = B_SPLINE_CURVE_WITH_KNOTS('',6,(#1616,#1617,#1618,#1619,#1620,
    #1621,#1622),.UNSPECIFIED.,.F.,.F.,(7,7),(0.,1.570796326795),
  .PIECEWISE_BEZIER_KNOTS.);
#1616 = CARTESIAN_POINT('',(45.22,239.94303594579,18.087133787475));
#1617 = CARTESIAN_POINT('',(45.22,239.95319974592,18.125065605973));
#1618 = CARTESIAN_POINT('',(45.207665847097,239.96336268128,
    18.162994197086));
#1619 = CARTESIAN_POINT('',(45.182978522446,239.97227693909,
    18.196262660122));
#1620 = CARTESIAN_POINT('',(45.148536475106,239.97866648888,
    18.220108784584));
#1621 = CARTESIAN_POINT('',(45.10926990817,239.98185880255,
    18.232022661419));
#1622 = CARTESIAN_POINT('',(45.07,239.98185880255,18.232022661419));
#1623 = AXIS1_PLACEMENT('',#1624,#1625);
#1624 = CARTESIAN_POINT('',(45.,239.94303594579,18.087133787475));
#1625 = DIRECTION('',(0.,0.258819045103,0.965925826289));
#1626 = DEFINITIONAL_REPRESENTATION('',(#1627),#1651);
#1627 = B_SPLINE_CURVE_WITH_KNOTS('',8,(#1628,#1629,#1630,#1631,#1632,
    #1633,#1634,#1635,#1636,#1637,#1638,#1639,#1640,#1641,#1642,#1643,
    #1644,#1645,#1646,#1647,#1648,#1649,#1650),.UNSPECIFIED.,.F.,.F.,(9,
    7,7,9),(0.,0.430740214439,0.86413044504,1.),.UNSPECIFIED.);
#1628 = CARTESIAN_POINT('',(3.187062866007,0.));
#1629 = CARTESIAN_POINT('',(3.187062866007,8.49563000551E-02));
#1630 = CARTESIAN_POINT('',(3.187318968873,0.169912343194));
#1631 = CARTESIAN_POINT('',(3.187830311303,0.25486731771));
#1632 = CARTESIAN_POINT('',(3.188610335829,0.339820532282));
#1633 = CARTESIAN_POINT('',(3.189683205154,0.424771005645));
#1634 = CARTESIAN_POINT('',(3.191087401176,0.509716923909));
#1635 = CARTESIAN_POINT('',(3.192886508692,0.594654965524));
#1636 = CARTESIAN_POINT('',(3.19750201318,0.765026498135));
#1637 = CARTESIAN_POINT('',(3.200323839071,0.850393295032));
#1638 = CARTESIAN_POINT('',(3.203757426081,0.935741670522));
#1639 = CARTESIAN_POINT('',(3.207983114639,1.021090189825));
#1640 = CARTESIAN_POINT('',(3.213187616644,1.106423914522));
#1641 = CARTESIAN_POINT('',(3.219829836577,1.19166723294));
#1642 = CARTESIAN_POINT('',(3.228393649357,1.276707245224));
#1643 = CARTESIAN_POINT('',(3.244391056597,1.387816645481));
#1644 = CARTESIAN_POINT('',(3.248562713765,1.414277588619));
#1645 = CARTESIAN_POINT('',(3.253140267667,1.440677477724));
#1646 = CARTESIAN_POINT('',(3.258187278837,1.467001818154));
#1647 = CARTESIAN_POINT('',(3.263781093294,1.493223742561));
#1648 = CARTESIAN_POINT('',(3.27001767946,1.519303000661));
#1649 = CARTESIAN_POINT('',(3.277018614846,1.545184489867));
#1650 = CARTESIAN_POINT('',(3.284940222495,1.570796326795));
#1651 = ( GEOMETRIC_REPRESENTATION_CONTEXT(2) 
PARAMETRIC_REPRESENTATION_CONTEXT() REPRESENTATION_CONTEXT('2D SPACE',''
  ) );
#1652 = ORIENTED_EDGE('',*,*,#1653,.T.);
#1653 = EDGE_CURVE('',#1557,#1654,#1656,.T.);
#1654 = VERTEX_POINT('',#1655);
#1655 = CARTESIAN_POINT('',(44.780227390242,237.38400909326,
    8.575352588979));
#1656 = SURFACE_CURVE('',#1657,(#1661,#1668),.PCURVE_S1.);
#1657 = LINE('',#1658,#1659);
#1658 = CARTESIAN_POINT('',(44.780227390242,237.38400909326,
    8.575352588979));
#1659 = VECTOR('',#1660,1.);
#1660 = DIRECTION('',(-0.,-0.258819045103,-0.965925826289));
#1661 = PCURVE('',#515,#1662);
#1662 = DEFINITIONAL_REPRESENTATION('',(#1663),#1667);
#1663 = LINE('',#1664,#1665);
#1664 = CARTESIAN_POINT('',(1.2,14.780227390242));
#1665 = VECTOR('',#1666,1.);
#1666 = DIRECTION('',(-1.,0.));
#1667 = ( GEOMETRIC_REPRESENTATION_CONTEXT(2) 
PARAMETRIC_REPRESENTATION_CONTEXT() REPRESENTATION_CONTEXT('2D SPACE',''
  ) );
#1668 = PCURVE('',#1669,#1674);
#1669 = CYLINDRICAL_SURFACE('',#1670,0.22);
#1670 = AXIS2_PLACEMENT_3D('',#1671,#1672,#1673);
#1671 = CARTESIAN_POINT('',(45.,237.39366835153,8.572764398528));
#1672 = DIRECTION('',(-0.,-0.258819045103,-0.965925826289));
#1673 = DIRECTION('',(1.,0.,0.));
#1674 = DEFINITIONAL_REPRESENTATION('',(#1675),#1679);
#1675 = LINE('',#1676,#1677);
#1676 = CARTESIAN_POINT('',(-3.187062866007,0.));
#1677 = VECTOR('',#1678,1.);
#1678 = DIRECTION('',(-0.,1.));
#1679 = ( GEOMETRIC_REPRESENTATION_CONTEXT(2) 
PARAMETRIC_REPRESENTATION_CONTEXT() REPRESENTATION_CONTEXT('2D SPACE',''
  ) );
#1680 = ORIENTED_EDGE('',*,*,#1681,.T.);
#1681 = EDGE_CURVE('',#1654,#1682,#1684,.T.);
#1682 = VERTEX_POINT('',#1683);
#1683 = CARTESIAN_POINT('',(45.219772609758,237.38400909326,
    8.575352588979));
#1684 = SURFACE_CURVE('',#1685,(#1689,#1696),.PCURVE_S1.);
#1685 = LINE('',#1686,#1687);
#1686 = CARTESIAN_POINT('',(37.5,237.38400909326,8.575352588979));
#1687 = VECTOR('',#1688,1.);
#1688 = DIRECTION('',(1.,0.,0.));
#1689 = PCURVE('',#515,#1690);
#1690 = DEFINITIONAL_REPRESENTATION('',(#1691),#1695);
#1691 = LINE('',#1692,#1693);
#1692 = CARTESIAN_POINT('',(1.2,7.5));
#1693 = VECTOR('',#1694,1.);
#1694 = DIRECTION('',(0.,1.));
#1695 = ( GEOMETRIC_REPRESENTATION_CONTEXT(2) 
PARAMETRIC_REPRESENTATION_CONTEXT() REPRESENTATION_CONTEXT('2D SPACE',''
  ) );
#1696 = PCURVE('',#1697,#1702);
#1697 = PLANE('',#1698);
#1698 = AXIS2_PLACEMENT_3D('',#1699,#1700,#1701);
#1699 = CARTESIAN_POINT('',(45.,237.39366835153,8.572764398528));
#1700 = DIRECTION('',(0.,0.258819045103,0.965925826289));
#1701 = DIRECTION('',(1.,0.,0.));
#1702 = DEFINITIONAL_REPRESENTATION('',(#1703),#1707);
#1703 = LINE('',#1704,#1705);
#1704 = CARTESIAN_POINT('',(-7.5,-9.99999999998E-03));
#1705 = VECTOR('',#1706,1.);
#1706 = DIRECTION('',(1.,0.));
#1707 = ( GEOMETRIC_REPRESENTATION_CONTEXT(2) 
PARAMETRIC_REPRESENTATION_CONTEXT() REPRESENTATION_CONTEXT('2D SPACE',''
  ) );
#1708 = ORIENTED_EDGE('',*,*,#1709,.F.);
#1709 = EDGE_CURVE('',#1710,#1682,#1712,.T.);
#1710 = VERTEX_POINT('',#1711);
#1711 = CARTESIAN_POINT('',(45.219772609758,239.93337668752,
    18.089721977926));
#1712 = SURFACE_CURVE('',#1713,(#1717,#1724),.PCURVE_S1.);
#1713 = LINE('',#1714,#1715);
#1714 = CARTESIAN_POINT('',(45.219772609758,237.38400909326,
    8.575352588979));
#1715 = VECTOR('',#1716,1.);
#1716 = DIRECTION('',(-0.,-0.258819045103,-0.965925826289));
#1717 = PCURVE('',#515,#1718);
#1718 = DEFINITIONAL_REPRESENTATION('',(#1719),#1723);
#1719 = LINE('',#1720,#1721);
#1720 = CARTESIAN_POINT('',(1.2,15.219772609758));
#1721 = VECTOR('',#1722,1.);
#1722 = DIRECTION('',(-1.,0.));
#1723 = ( GEOMETRIC_REPRESENTATION_CONTEXT(2) 
PARAMETRIC_REPRESENTATION_CONTEXT() REPRESENTATION_CONTEXT('2D SPACE',''
  ) );
#1724 = PCURVE('',#1669,#1725);
#1725 = DEFINITIONAL_REPRESENTATION('',(#1726),#1730);
#1726 = LINE('',#1727,#1728);
#1727 = CARTESIAN_POINT('',(-6.237715094763,0.));
#1728 = VECTOR('',#1729,1.);
#1729 = DIRECTION('',(-0.,1.));
#1730 = ( GEOMETRIC_REPRESENTATION_CONTEXT(2) 
PARAMETRIC_REPRESENTATION_CONTEXT() REPRESENTATION_CONTEXT('2D SPACE',''
  ) );
#1731 = ORIENTED_EDGE('',*,*,#1732,.T.);
#1732 = EDGE_CURVE('',#1710,#1733,#1735,.T.);
#1733 = VERTEX_POINT('',#1734);
#1734 = CARTESIAN_POINT('',(45.069282032303,239.97219954429,
    18.23461085187));
#1735 = SURFACE_CURVE('',#1736,(#1760,#1787),.PCURVE_S1.);
#1736 = B_SPLINE_CURVE_WITH_KNOTS('',8,(#1737,#1738,#1739,#1740,#1741,
    #1742,#1743,#1744,#1745,#1746,#1747,#1748,#1749,#1750,#1751,#1752,
    #1753,#1754,#1755,#1756,#1757,#1758,#1759),.UNSPECIFIED.,.F.,.F.,(9,
    7,7,9),(0.,0.430740214429,0.86413044503,1.),.UNSPECIFIED.);
#1737 = CARTESIAN_POINT('',(45.219772609758,239.93337668752,
    18.089721977926));
#1738 = CARTESIAN_POINT('',(45.219772609758,239.93667493379,
    18.102031200576));
#1739 = CARTESIAN_POINT('',(45.218534031243,239.93997316924,
    18.114340382851));
#1740 = CARTESIAN_POINT('',(45.216056887458,239.94323509148,
    18.126514042366));
#1741 = CARTESIAN_POINT('',(45.212360249387,239.94642439304,
    18.138416677819));
#1742 = CARTESIAN_POINT('',(45.207482221963,239.949505612,
    18.149915943547));
#1743 = CARTESIAN_POINT('',(45.201479265271,239.95244494093,
    18.160885668448));
#1744 = CARTESIAN_POINT('',(45.194424860749,239.95521099406,
    18.171208719254));
#1745 = CARTESIAN_POINT('',(45.178340859449,239.9603558492,
    18.190409580062));
#1746 = CARTESIAN_POINT('',(45.16930565755,239.96273015756,
    18.199270619485));
#1747 = CARTESIAN_POINT('',(45.159388351222,239.96487225904,
    18.207265051045));
#1748 = CARTESIAN_POINT('',(45.148689757464,239.96675734582,
    18.214300290676));
#1749 = CARTESIAN_POINT('',(45.137327062801,239.96836290953,
    18.220292336031));
#1750 = CARTESIAN_POINT('',(45.125437172876,239.96967055785,
    18.225172545999));
#1751 = CARTESIAN_POINT('',(45.11317230283,239.97066771241,
    18.228893977482));
#1752 = CARTESIAN_POINT('',(45.09679011676,239.97156480805,
    18.232241983989));
#1753 = CARTESIAN_POINT('',(45.092861772691,239.97174793194,
    18.232925411651));
#1754 = CARTESIAN_POINT('',(45.088919637014,239.97190004743,
    18.233493114378));
#1755 = CARTESIAN_POINT('',(45.08496985064,239.97202110957,
    18.233944924445));
#1756 = CARTESIAN_POINT('',(45.08102035541,239.97211115789,
    18.234280989328));
#1757 = CARTESIAN_POINT('',(45.077081002868,239.97217043987,
    18.234502232691));
#1758 = CARTESIAN_POINT('',(45.073163620051,239.97219954429,
    18.23461085187));
#1759 = CARTESIAN_POINT('',(45.069282032303,239.97219954429,
    18.23461085187));
#1760 = PCURVE('',#515,#1761);
#1761 = DEFINITIONAL_REPRESENTATION('',(#1762),#1786);
#1762 = B_SPLINE_CURVE_WITH_KNOTS('',8,(#1763,#1764,#1765,#1766,#1767,
    #1768,#1769,#1770,#1771,#1772,#1773,#1774,#1775,#1776,#1777,#1778,
    #1779,#1780,#1781,#1782,#1783,#1784,#1785),.UNSPECIFIED.,.F.,.F.,(9,
    7,7,9),(0.,0.430740214429,0.86413044503,1.),.UNSPECIFIED.);
#1763 = CARTESIAN_POINT('',(11.05,15.219772609758));
#1764 = CARTESIAN_POINT('',(11.062743445008,15.219772609758));
#1765 = CARTESIAN_POINT('',(11.075486848218,15.218534031243));
#1766 = CARTESIAN_POINT('',(11.088089947943,15.216056887458));
#1767 = CARTESIAN_POINT('',(11.100412462911,15.212360249387));
#1768 = CARTESIAN_POINT('',(11.112317378811,15.207482221963));
#1769 = CARTESIAN_POINT('',(11.123674073707,15.201479265271));
#1770 = CARTESIAN_POINT('',(11.134361282315,15.194424860749));
#1771 = CARTESIAN_POINT('',(11.154239476154,15.178340859449));
#1772 = CARTESIAN_POINT('',(11.163413099202,15.16930565755));
#1773 = CARTESIAN_POINT('',(11.171689543772,15.159388351222));
#1774 = CARTESIAN_POINT('',(11.178972959785,15.148689757464));
#1775 = CARTESIAN_POINT('',(11.185176381614,15.137327062801));
#1776 = CARTESIAN_POINT('',(11.190228746748,15.125437172876));
#1777 = CARTESIAN_POINT('',(11.19408145612,15.11317230283));
#1778 = CARTESIAN_POINT('',(11.197547567508,15.09679011676));
#1779 = CARTESIAN_POINT('',(11.198255103888,15.092861772691));
#1780 = CARTESIAN_POINT('',(11.198842832999,15.088919637014));
#1781 = CARTESIAN_POINT('',(11.199310581199,15.08496985064));
#1782 = CARTESIAN_POINT('',(11.199658501168,15.08102035541));
#1783 = CARTESIAN_POINT('',(11.199887549152,15.077081002868));
#1784 = CARTESIAN_POINT('',(11.2,15.073163620051));
#1785 = CARTESIAN_POINT('',(11.2,15.069282032303));
#1786 = ( GEOMETRIC_REPRESENTATION_CONTEXT(2) 
PARAMETRIC_REPRESENTATION_CONTEXT() REPRESENTATION_CONTEXT('2D SPACE',''
  ) );
#1787 = PCURVE('',#1614,#1788);
#1788 = DEFINITIONAL_REPRESENTATION('',(#1789),#1813);
#1789 = B_SPLINE_CURVE_WITH_KNOTS('',8,(#1790,#1791,#1792,#1793,#1794,
    #1795,#1796,#1797,#1798,#1799,#1800,#1801,#1802,#1803,#1804,#1805,
    #1806,#1807,#1808,#1809,#1810,#1811,#1812),.UNSPECIFIED.,.F.,.F.,(9,
    7,7,9),(0.,0.430740214429,0.86413044503,1.),.UNSPECIFIED.);
#1790 = CARTESIAN_POINT('',(6.237715094763,0.));
#1791 = CARTESIAN_POINT('',(6.237715094763,8.495630005317E-02));
#1792 = CARTESIAN_POINT('',(6.237458991896,0.16991234319));
#1793 = CARTESIAN_POINT('',(6.236947649466,0.254867317704));
#1794 = CARTESIAN_POINT('',(6.23616762494,0.339820532274));
#1795 = CARTESIAN_POINT('',(6.235094755615,0.424771005635));
#1796 = CARTESIAN_POINT('',(6.233690559593,0.509716923897));
#1797 = CARTESIAN_POINT('',(6.231891452078,0.594654965511));
#1798 = CARTESIAN_POINT('',(6.22727594759,0.76502649812));
#1799 = CARTESIAN_POINT('',(6.224454121699,0.850393295016));
#1800 = CARTESIAN_POINT('',(6.221020534689,0.935741670506));
#1801 = CARTESIAN_POINT('',(6.21679484613,1.021090189811));
#1802 = CARTESIAN_POINT('',(6.211590344127,1.106423914504));
#1803 = CARTESIAN_POINT('',(6.204948124194,1.191667232926));
#1804 = CARTESIAN_POINT('',(6.196384311414,1.276707245208));
#1805 = CARTESIAN_POINT('',(6.180386904174,1.387816645467));
#1806 = CARTESIAN_POINT('',(6.176215247006,1.414277588607));
#1807 = CARTESIAN_POINT('',(6.171637693104,1.440677477715));
#1808 = CARTESIAN_POINT('',(6.166590681934,1.467001818146));
#1809 = CARTESIAN_POINT('',(6.160996867477,1.493223742555));
#1810 = CARTESIAN_POINT('',(6.15476028131,1.519303000657));
#1811 = CARTESIAN_POINT('',(6.147759345924,1.545184489865));
#1812 = CARTESIAN_POINT('',(6.139837738274,1.570796326795));
#1813 = ( GEOMETRIC_REPRESENTATION_CONTEXT(2) 
PARAMETRIC_REPRESENTATION_CONTEXT() REPRESENTATION_CONTEXT('2D SPACE',''
  ) );
#1814 = ORIENTED_EDGE('',*,*,#1815,.F.);
#1815 = EDGE_CURVE('',#1559,#1733,#1816,.T.);
#1816 = SURFACE_CURVE('',#1817,(#1821,#1828),.PCURVE_S1.);
#1817 = LINE('',#1818,#1819);
#1818 = CARTESIAN_POINT('',(37.5,239.97219954429,18.23461085187));
#1819 = VECTOR('',#1820,1.);
#1820 = DIRECTION('',(1.,0.,0.));
#1821 = PCURVE('',#515,#1822);
#1822 = DEFINITIONAL_REPRESENTATION('',(#1823),#1827);
#1823 = LINE('',#1824,#1825);
#1824 = CARTESIAN_POINT('',(11.2,7.5));
#1825 = VECTOR('',#1826,1.);
#1826 = DIRECTION('',(0.,1.));
#1827 = ( GEOMETRIC_REPRESENTATION_CONTEXT(2) 
PARAMETRIC_REPRESENTATION_CONTEXT() REPRESENTATION_CONTEXT('2D SPACE',''
  ) );
#1828 = PCURVE('',#1829,#1834);
#1829 = PLANE('',#1830);
#1830 = AXIS2_PLACEMENT_3D('',#1831,#1832,#1833);
#1831 = CARTESIAN_POINT('',(45.,239.98185880255,18.232022661419));
#1832 = DIRECTION('',(0.,0.258819045103,0.965925826289));
#1833 = DIRECTION('',(1.,0.,0.));
#1834 = DEFINITIONAL_REPRESENTATION('',(#1835),#1839);
#1835 = LINE('',#1836,#1837);
#1836 = CARTESIAN_POINT('',(-7.5,-1.000000000001E-02));
#1837 = VECTOR('',#1838,1.);
#1838 = DIRECTION('',(1.,0.));
#1839 = ( GEOMETRIC_REPRESENTATION_CONTEXT(2) 
PARAMETRIC_REPRESENTATION_CONTEXT() REPRESENTATION_CONTEXT('2D SPACE',''
  ) );
#1840 = FACE_BOUND('',#1841,.F.);
#1841 = EDGE_LOOP('',(#1842,#1939,#1967,#1995,#2018,#2101));
#1842 = ORIENTED_EDGE('',*,*,#1843,.F.);
#1843 = EDGE_CURVE('',#1844,#1846,#1848,.T.);
#1844 = VERTEX_POINT('',#1845);
#1845 = CARTESIAN_POINT('',(54.780227390242,239.93337668752,
    18.089721977926));
#1846 = VERTEX_POINT('',#1847);
#1847 = CARTESIAN_POINT('',(54.930717967697,239.97219954429,
    18.23461085187));
#1848 = SURFACE_CURVE('',#1849,(#1873,#1900),.PCURVE_S1.);
#1849 = B_SPLINE_CURVE_WITH_KNOTS('',8,(#1850,#1851,#1852,#1853,#1854,
    #1855,#1856,#1857,#1858,#1859,#1860,#1861,#1862,#1863,#1864,#1865,
    #1866,#1867,#1868,#1869,#1870,#1871,#1872),.UNSPECIFIED.,.F.,.F.,(9,
    7,7,9),(0.,0.430740214441,0.864130445041,1.),.UNSPECIFIED.);
#1850 = CARTESIAN_POINT('',(54.780227390242,239.93337668752,
    18.089721977926));
#1851 = CARTESIAN_POINT('',(54.780227390242,239.93667493379,
    18.102031200576));
#1852 = CARTESIAN_POINT('',(54.781465968757,239.93997316924,
    18.114340382851));
#1853 = CARTESIAN_POINT('',(54.783943112542,239.94323509148,
    18.126514042367));
#1854 = CARTESIAN_POINT('',(54.787639750613,239.94642439304,
    18.13841667782));
#1855 = CARTESIAN_POINT('',(54.792517778037,239.949505612,
    18.149915943548));
#1856 = CARTESIAN_POINT('',(54.79852073473,239.95244494093,
    18.160885668449));
#1857 = CARTESIAN_POINT('',(54.805575139252,239.95521099406,
    18.171208719255));
#1858 = CARTESIAN_POINT('',(54.821659140552,239.96035584921,
    18.190409580064));
#1859 = CARTESIAN_POINT('',(54.830694342452,239.96273015756,
    18.199270619486));
#1860 = CARTESIAN_POINT('',(54.84061164878,239.96487225904,
    18.207265051047));
#1861 = CARTESIAN_POINT('',(54.851310242539,239.96675734582,
    18.214300290677));
#1862 = CARTESIAN_POINT('',(54.862672937201,239.96836290953,
    18.220292336032));
#1863 = CARTESIAN_POINT('',(54.874562827127,239.96967055785,18.225172546
    ));
#1864 = CARTESIAN_POINT('',(54.886827697172,239.97066771241,
    18.228893977483));
#1865 = CARTESIAN_POINT('',(54.903209883242,239.97156480805,
    18.232241983989));
#1866 = CARTESIAN_POINT('',(54.907138227311,239.97174793194,
    18.232925411651));
#1867 = CARTESIAN_POINT('',(54.911080362988,239.97190004743,
    18.233493114379));
#1868 = CARTESIAN_POINT('',(54.915030149361,239.97202110957,
    18.233944924445));
#1869 = CARTESIAN_POINT('',(54.918979644591,239.97211115789,
    18.234280989328));
#1870 = CARTESIAN_POINT('',(54.922918997133,239.97217043987,
    18.234502232691));
#1871 = CARTESIAN_POINT('',(54.926836379949,239.97219954429,
    18.23461085187));
#1872 = CARTESIAN_POINT('',(54.930717967697,239.97219954429,
    18.23461085187));
#1873 = PCURVE('',#515,#1874);
#1874 = DEFINITIONAL_REPRESENTATION('',(#1875),#1899);
#1875 = B_SPLINE_CURVE_WITH_KNOTS('',8,(#1876,#1877,#1878,#1879,#1880,
    #1881,#1882,#1883,#1884,#1885,#1886,#1887,#1888,#1889,#1890,#1891,
    #1892,#1893,#1894,#1895,#1896,#1897,#1898),.UNSPECIFIED.,.F.,.F.,(9,
    7,7,9),(0.,0.430740214441,0.864130445041,1.),.UNSPECIFIED.);
#1876 = CARTESIAN_POINT('',(11.05,24.780227390242));
#1877 = CARTESIAN_POINT('',(11.062743445008,24.780227390242));
#1878 = CARTESIAN_POINT('',(11.075486848218,24.781465968757));
#1879 = CARTESIAN_POINT('',(11.088089947944,24.783943112542));
#1880 = CARTESIAN_POINT('',(11.100412462912,24.787639750613));
#1881 = CARTESIAN_POINT('',(11.112317378812,24.792517778037));
#1882 = CARTESIAN_POINT('',(11.123674073708,24.79852073473));
#1883 = CARTESIAN_POINT('',(11.134361282317,24.805575139252));
#1884 = CARTESIAN_POINT('',(11.154239476155,24.821659140552));
#1885 = CARTESIAN_POINT('',(11.163413099203,24.830694342452));
#1886 = CARTESIAN_POINT('',(11.171689543773,24.84061164878));
#1887 = CARTESIAN_POINT('',(11.178972959786,24.851310242539));
#1888 = CARTESIAN_POINT('',(11.185176381614,24.862672937201));
#1889 = CARTESIAN_POINT('',(11.190228746749,24.874562827127));
#1890 = CARTESIAN_POINT('',(11.194081456121,24.886827697172));
#1891 = CARTESIAN_POINT('',(11.197547567509,24.903209883242));
#1892 = CARTESIAN_POINT('',(11.198255103888,24.907138227311));
#1893 = CARTESIAN_POINT('',(11.198842832999,24.911080362988));
#1894 = CARTESIAN_POINT('',(11.199310581199,24.915030149361));
#1895 = CARTESIAN_POINT('',(11.199658501168,24.918979644591));
#1896 = CARTESIAN_POINT('',(11.199887549152,24.922918997133));
#1897 = CARTESIAN_POINT('',(11.2,24.926836379949));
#1898 = CARTESIAN_POINT('',(11.2,24.930717967697));
#1899 = ( GEOMETRIC_REPRESENTATION_CONTEXT(2) 
PARAMETRIC_REPRESENTATION_CONTEXT() REPRESENTATION_CONTEXT('2D SPACE',''
  ) );
#1900 = PCURVE('',#1901,#1913);
#1901 = SURFACE_OF_REVOLUTION('',#1902,#1910);
#1902 = B_SPLINE_CURVE_WITH_KNOTS('',6,(#1903,#1904,#1905,#1906,#1907,
    #1908,#1909),.UNSPECIFIED.,.F.,.F.,(7,7),(0.,1.570796326795),
  .PIECEWISE_BEZIER_KNOTS.);
#1903 = CARTESIAN_POINT('',(55.22,239.94303594579,18.087133787475));
#1904 = CARTESIAN_POINT('',(55.22,239.95319974592,18.125065605973));
#1905 = CARTESIAN_POINT('',(55.207665847097,239.96336268128,
    18.162994197086));
#1906 = CARTESIAN_POINT('',(55.182978522446,239.97227693909,
    18.196262660122));
#1907 = CARTESIAN_POINT('',(55.148536475106,239.97866648888,
    18.220108784584));
#1908 = CARTESIAN_POINT('',(55.10926990817,239.98185880255,
    18.232022661419));
#1909 = CARTESIAN_POINT('',(55.07,239.98185880255,18.232022661419));
#1910 = AXIS1_PLACEMENT('',#1911,#1912);
#1911 = CARTESIAN_POINT('',(55.,239.94303594579,18.087133787475));
#1912 = DIRECTION('',(0.,0.258819045103,0.965925826289));
#1913 = DEFINITIONAL_REPRESENTATION('',(#1914),#1938);
#1914 = B_SPLINE_CURVE_WITH_KNOTS('',8,(#1915,#1916,#1917,#1918,#1919,
    #1920,#1921,#1922,#1923,#1924,#1925,#1926,#1927,#1928,#1929,#1930,
    #1931,#1932,#1933,#1934,#1935,#1936,#1937),.UNSPECIFIED.,.F.,.F.,(9,
    7,7,9),(0.,0.430740214441,0.864130445041,1.),.UNSPECIFIED.);
#1915 = CARTESIAN_POINT('',(3.187062866007,0.));
#1916 = CARTESIAN_POINT('',(3.187062866007,8.49563000551E-02));
#1917 = CARTESIAN_POINT('',(3.187318968873,0.169912343194));
#1918 = CARTESIAN_POINT('',(3.187830311303,0.25486731771));
#1919 = CARTESIAN_POINT('',(3.188610335829,0.339820532282));
#1920 = CARTESIAN_POINT('',(3.189683205154,0.424771005645));
#1921 = CARTESIAN_POINT('',(3.191087401176,0.509716923909));
#1922 = CARTESIAN_POINT('',(3.192886508692,0.594654965524));
#1923 = CARTESIAN_POINT('',(3.19750201318,0.765026498135));
#1924 = CARTESIAN_POINT('',(3.200323839071,0.850393295034));
#1925 = CARTESIAN_POINT('',(3.203757426081,0.935741670517));
#1926 = CARTESIAN_POINT('',(3.20798311464,1.021090189831));
#1927 = CARTESIAN_POINT('',(3.213187616643,1.106423914516));
#1928 = CARTESIAN_POINT('',(3.219829836577,1.191667232943));
#1929 = CARTESIAN_POINT('',(3.228393649357,1.276707245223));
#1930 = CARTESIAN_POINT('',(3.244391056597,1.387816645481));
#1931 = CARTESIAN_POINT('',(3.248562713765,1.414277588619));
#1932 = CARTESIAN_POINT('',(3.253140267667,1.440677477724));
#1933 = CARTESIAN_POINT('',(3.258187278837,1.467001818154));
#1934 = CARTESIAN_POINT('',(3.263781093294,1.493223742561));
#1935 = CARTESIAN_POINT('',(3.27001767946,1.519303000661));
#1936 = CARTESIAN_POINT('',(3.277018614846,1.545184489867));
#1937 = CARTESIAN_POINT('',(3.284940222495,1.570796326795));
#1938 = ( GEOMETRIC_REPRESENTATION_CONTEXT(2) 
PARAMETRIC_REPRESENTATION_CONTEXT() REPRESENTATION_CONTEXT('2D SPACE',''
  ) );
#1939 = ORIENTED_EDGE('',*,*,#1940,.T.);
#1940 = EDGE_CURVE('',#1844,#1941,#1943,.T.);
#1941 = VERTEX_POINT('',#1942);
#1942 = CARTESIAN_POINT('',(54.780227390242,237.38400909326,
    8.575352588979));
#1943 = SURFACE_CURVE('',#1944,(#1948,#1955),.PCURVE_S1.);
#1944 = LINE('',#1945,#1946);
#1945 = CARTESIAN_POINT('',(54.780227390242,237.38400909326,
    8.575352588979));
#1946 = VECTOR('',#1947,1.);
#1947 = DIRECTION('',(-0.,-0.258819045103,-0.965925826289));
#1948 = PCURVE('',#515,#1949);
#1949 = DEFINITIONAL_REPRESENTATION('',(#1950),#1954);
#1950 = LINE('',#1951,#1952);
#1951 = CARTESIAN_POINT('',(1.2,24.780227390242));
#1952 = VECTOR('',#1953,1.);
#1953 = DIRECTION('',(-1.,0.));
#1954 = ( GEOMETRIC_REPRESENTATION_CONTEXT(2) 
PARAMETRIC_REPRESENTATION_CONTEXT() REPRESENTATION_CONTEXT('2D SPACE',''
  ) );
#1955 = PCURVE('',#1956,#1961);
#1956 = CYLINDRICAL_SURFACE('',#1957,0.22);
#1957 = AXIS2_PLACEMENT_3D('',#1958,#1959,#1960);
#1958 = CARTESIAN_POINT('',(55.,237.39366835153,8.572764398528));
#1959 = DIRECTION('',(-0.,-0.258819045103,-0.965925826289));
#1960 = DIRECTION('',(1.,0.,0.));
#1961 = DEFINITIONAL_REPRESENTATION('',(#1962),#1966);
#1962 = LINE('',#1963,#1964);
#1963 = CARTESIAN_POINT('',(-3.187062866007,0.));
#1964 = VECTOR('',#1965,1.);
#1965 = DIRECTION('',(-0.,1.));
#1966 = ( GEOMETRIC_REPRESENTATION_CONTEXT(2) 
PARAMETRIC_REPRESENTATION_CONTEXT() REPRESENTATION_CONTEXT('2D SPACE',''
  ) );
#1967 = ORIENTED_EDGE('',*,*,#1968,.T.);
#1968 = EDGE_CURVE('',#1941,#1969,#1971,.T.);
#1969 = VERTEX_POINT('',#1970);
#1970 = CARTESIAN_POINT('',(55.219772609758,237.38400909326,
    8.575352588979));
#1971 = SURFACE_CURVE('',#1972,(#1976,#1983),.PCURVE_S1.);
#1972 = LINE('',#1973,#1974);
#1973 = CARTESIAN_POINT('',(42.5,237.38400909326,8.575352588979));
#1974 = VECTOR('',#1975,1.);
#1975 = DIRECTION('',(1.,0.,0.));
#1976 = PCURVE('',#515,#1977);
#1977 = DEFINITIONAL_REPRESENTATION('',(#1978),#1982);
#1978 = LINE('',#1979,#1980);
#1979 = CARTESIAN_POINT('',(1.2,12.5));
#1980 = VECTOR('',#1981,1.);
#1981 = DIRECTION('',(0.,1.));
#1982 = ( GEOMETRIC_REPRESENTATION_CONTEXT(2) 
PARAMETRIC_REPRESENTATION_CONTEXT() REPRESENTATION_CONTEXT('2D SPACE',''
  ) );
#1983 = PCURVE('',#1984,#1989);
#1984 = PLANE('',#1985);
#1985 = AXIS2_PLACEMENT_3D('',#1986,#1987,#1988);
#1986 = CARTESIAN_POINT('',(55.,237.39366835153,8.572764398528));
#1987 = DIRECTION('',(0.,0.258819045103,0.965925826289));
#1988 = DIRECTION('',(1.,0.,0.));
#1989 = DEFINITIONAL_REPRESENTATION('',(#1990),#1994);
#1990 = LINE('',#1991,#1992);
#1991 = CARTESIAN_POINT('',(-12.5,-9.99999999998E-03));
#1992 = VECTOR('',#1993,1.);
#1993 = DIRECTION('',(1.,0.));
#1994 = ( GEOMETRIC_REPRESENTATION_CONTEXT(2) 
PARAMETRIC_REPRESENTATION_CONTEXT() REPRESENTATION_CONTEXT('2D SPACE',''
  ) );
#1995 = ORIENTED_EDGE('',*,*,#1996,.F.);
#1996 = EDGE_CURVE('',#1997,#1969,#1999,.T.);
#1997 = VERTEX_POINT('',#1998);
#1998 = CARTESIAN_POINT('',(55.219772609758,239.93337668752,
    18.089721977926));
#1999 = SURFACE_CURVE('',#2000,(#2004,#2011),.PCURVE_S1.);
#2000 = LINE('',#2001,#2002);
#2001 = CARTESIAN_POINT('',(55.219772609758,237.38400909326,
    8.575352588979));
#2002 = VECTOR('',#2003,1.);
#2003 = DIRECTION('',(-0.,-0.258819045103,-0.965925826289));
#2004 = PCURVE('',#515,#2005);
#2005 = DEFINITIONAL_REPRESENTATION('',(#2006),#2010);
#2006 = LINE('',#2007,#2008);
#2007 = CARTESIAN_POINT('',(1.2,25.219772609758));
#2008 = VECTOR('',#2009,1.);
#2009 = DIRECTION('',(-1.,0.));
#2010 = ( GEOMETRIC_REPRESENTATION_CONTEXT(2) 
PARAMETRIC_REPRESENTATION_CONTEXT() REPRESENTATION_CONTEXT('2D SPACE',''
  ) );
#2011 = PCURVE('',#1956,#2012);
#2012 = DEFINITIONAL_REPRESENTATION('',(#2013),#2017);
#2013 = LINE('',#2014,#2015);
#2014 = CARTESIAN_POINT('',(-6.237715094763,0.));
#2015 = VECTOR('',#2016,1.);
#2016 = DIRECTION('',(-0.,1.));
#2017 = ( GEOMETRIC_REPRESENTATION_CONTEXT(2) 
PARAMETRIC_REPRESENTATION_CONTEXT() REPRESENTATION_CONTEXT('2D SPACE',''
  ) );
#2018 = ORIENTED_EDGE('',*,*,#2019,.T.);
#2019 = EDGE_CURVE('',#1997,#2020,#2022,.T.);
#2020 = VERTEX_POINT('',#2021);
#2021 = CARTESIAN_POINT('',(55.069282032303,239.97219954429,
    18.23461085187));
#2022 = SURFACE_CURVE('',#2023,(#2047,#2074),.PCURVE_S1.);
#2023 = B_SPLINE_CURVE_WITH_KNOTS('',8,(#2024,#2025,#2026,#2027,#2028,
    #2029,#2030,#2031,#2032,#2033,#2034,#2035,#2036,#2037,#2038,#2039,
    #2040,#2041,#2042,#2043,#2044,#2045,#2046),.UNSPECIFIED.,.F.,.F.,(9,
    7,7,9),(0.,0.43074021443,0.86413044503,1.),.UNSPECIFIED.);
#2024 = CARTESIAN_POINT('',(55.219772609758,239.93337668752,
    18.089721977926));
#2025 = CARTESIAN_POINT('',(55.219772609758,239.93667493379,
    18.102031200576));
#2026 = CARTESIAN_POINT('',(55.218534031243,239.93997316924,
    18.114340382851));
#2027 = CARTESIAN_POINT('',(55.216056887458,239.94323509148,
    18.126514042366));
#2028 = CARTESIAN_POINT('',(55.212360249387,239.94642439304,
    18.138416677819));
#2029 = CARTESIAN_POINT('',(55.207482221963,239.949505612,
    18.149915943547));
#2030 = CARTESIAN_POINT('',(55.201479265271,239.95244494093,
    18.160885668448));
#2031 = CARTESIAN_POINT('',(55.194424860749,239.95521099406,
    18.171208719254));
#2032 = CARTESIAN_POINT('',(55.178340859449,239.9603558492,
    18.190409580062));
#2033 = CARTESIAN_POINT('',(55.16930565755,239.96273015756,
    18.199270619485));
#2034 = CARTESIAN_POINT('',(55.159388351222,239.96487225904,
    18.207265051045));
#2035 = CARTESIAN_POINT('',(55.148689757464,239.96675734582,
    18.214300290675));
#2036 = CARTESIAN_POINT('',(55.137327062801,239.96836290953,
    18.220292336031));
#2037 = CARTESIAN_POINT('',(55.125437172876,239.96967055785,
    18.225172545999));
#2038 = CARTESIAN_POINT('',(55.11317230283,239.97066771241,
    18.228893977482));
#2039 = CARTESIAN_POINT('',(55.09679011676,239.97156480805,
    18.232241983989));
#2040 = CARTESIAN_POINT('',(55.092861772691,239.97174793194,
    18.232925411651));
#2041 = CARTESIAN_POINT('',(55.088919637014,239.97190004743,
    18.233493114378));
#2042 = CARTESIAN_POINT('',(55.08496985064,239.97202110957,
    18.233944924445));
#2043 = CARTESIAN_POINT('',(55.08102035541,239.97211115789,
    18.234280989328));
#2044 = CARTESIAN_POINT('',(55.077081002868,239.97217043987,
    18.234502232691));
#2045 = CARTESIAN_POINT('',(55.073163620051,239.97219954429,
    18.23461085187));
#2046 = CARTESIAN_POINT('',(55.069282032303,239.97219954429,
    18.23461085187));
#2047 = PCURVE('',#515,#2048);
#2048 = DEFINITIONAL_REPRESENTATION('',(#2049),#2073);
#2049 = B_SPLINE_CURVE_WITH_KNOTS('',8,(#2050,#2051,#2052,#2053,#2054,
    #2055,#2056,#2057,#2058,#2059,#2060,#2061,#2062,#2063,#2064,#2065,
    #2066,#2067,#2068,#2069,#2070,#2071,#2072),.UNSPECIFIED.,.F.,.F.,(9,
    7,7,9),(0.,0.43074021443,0.86413044503,1.),.UNSPECIFIED.);
#2050 = CARTESIAN_POINT('',(11.05,25.219772609758));
#2051 = CARTESIAN_POINT('',(11.062743445008,25.219772609758));
#2052 = CARTESIAN_POINT('',(11.075486848218,25.218534031243));
#2053 = CARTESIAN_POINT('',(11.088089947943,25.216056887458));
#2054 = CARTESIAN_POINT('',(11.100412462911,25.212360249387));
#2055 = CARTESIAN_POINT('',(11.112317378811,25.207482221963));
#2056 = CARTESIAN_POINT('',(11.123674073707,25.201479265271));
#2057 = CARTESIAN_POINT('',(11.134361282315,25.194424860749));
#2058 = CARTESIAN_POINT('',(11.154239476154,25.178340859449));
#2059 = CARTESIAN_POINT('',(11.163413099202,25.16930565755));
#2060 = CARTESIAN_POINT('',(11.171689543772,25.159388351222));
#2061 = CARTESIAN_POINT('',(11.178972959785,25.148689757464));
#2062 = CARTESIAN_POINT('',(11.185176381614,25.137327062801));
#2063 = CARTESIAN_POINT('',(11.190228746748,25.125437172876));
#2064 = CARTESIAN_POINT('',(11.19408145612,25.11317230283));
#2065 = CARTESIAN_POINT('',(11.197547567508,25.09679011676));
#2066 = CARTESIAN_POINT('',(11.198255103888,25.092861772691));
#2067 = CARTESIAN_POINT('',(11.198842832999,25.088919637014));
#2068 = CARTESIAN_POINT('',(11.199310581199,25.08496985064));
#2069 = CARTESIAN_POINT('',(11.199658501168,25.08102035541));
#2070 = CARTESIAN_POINT('',(11.199887549152,25.077081002868));
#2071 = CARTESIAN_POINT('',(11.2,25.073163620051));
#2072 = CARTESIAN_POINT('',(11.2,25.069282032303));
#2073 = ( GEOMETRIC_REPRESENTATION_CONTEXT(2) 
PARAMETRIC_REPRESENTATION_CONTEXT() REPRESENTATION_CONTEXT('2D SPACE',''
  ) );
#2074 = PCURVE('',#1901,#2075);
#2075 = DEFINITIONAL_REPRESENTATION('',(#2076),#2100);
#2076 = B_SPLINE_CURVE_WITH_KNOTS('',8,(#2077,#2078,#2079,#2080,#2081,
    #2082,#2083,#2084,#2085,#2086,#2087,#2088,#2089,#2090,#2091,#2092,
    #2093,#2094,#2095,#2096,#2097,#2098,#2099),.UNSPECIFIED.,.F.,.F.,(9,
    7,7,9),(0.,0.43074021443,0.86413044503,1.),.UNSPECIFIED.);
#2077 = CARTESIAN_POINT('',(6.237715094763,0.));
#2078 = CARTESIAN_POINT('',(6.237715094763,8.495630005315E-02));
#2079 = CARTESIAN_POINT('',(6.237458991896,0.16991234319));
#2080 = CARTESIAN_POINT('',(6.236947649466,0.254867317704));
#2081 = CARTESIAN_POINT('',(6.23616762494,0.339820532274));
#2082 = CARTESIAN_POINT('',(6.235094755615,0.424771005635));
#2083 = CARTESIAN_POINT('',(6.233690559593,0.509716923897));
#2084 = CARTESIAN_POINT('',(6.231891452078,0.594654965511));
#2085 = CARTESIAN_POINT('',(6.22727594759,0.765026498119));
#2086 = CARTESIAN_POINT('',(6.224454121699,0.850393295017));
#2087 = CARTESIAN_POINT('',(6.221020534689,0.935741670505));
#2088 = CARTESIAN_POINT('',(6.216794846131,1.021090189812));
#2089 = CARTESIAN_POINT('',(6.211590344127,1.106423914504));
#2090 = CARTESIAN_POINT('',(6.204948124194,1.191667232926));
#2091 = CARTESIAN_POINT('',(6.196384311414,1.276707245208));
#2092 = CARTESIAN_POINT('',(6.180386904174,1.387816645467));
#2093 = CARTESIAN_POINT('',(6.176215247006,1.414277588607));
#2094 = CARTESIAN_POINT('',(6.171637693104,1.440677477715));
#2095 = CARTESIAN_POINT('',(6.166590681934,1.467001818146));
#2096 = CARTESIAN_POINT('',(6.160996867477,1.493223742555));
#2097 = CARTESIAN_POINT('',(6.154760281311,1.519303000657));
#2098 = CARTESIAN_POINT('',(6.147759345924,1.545184489865));
#2099 = CARTESIAN_POINT('',(6.139837738274,1.570796326795));
#2100 = ( GEOMETRIC_REPRESENTATION_CONTEXT(2) 
PARAMETRIC_REPRESENTATION_CONTEXT() REPRESENTATION_CONTEXT('2D SPACE',''
  ) );
#2101 = ORIENTED_EDGE('',*,*,#2102,.F.);
#2102 = EDGE_CURVE('',#1846,#2020,#2103,.T.);
#2103 = SURFACE_CURVE('',#2104,(#2108,#2115),.PCURVE_S1.);
#2104 = LINE('',#2105,#2106);
#2105 = CARTESIAN_POINT('',(42.5,239.97219954429,18.23461085187));
#2106 = VECTOR('',#2107,1.);
#2107 = DIRECTION('',(1.,0.,0.));
#2108 = PCURVE('',#515,#2109);
#2109 = DEFINITIONAL_REPRESENTATION('',(#2110),#2114);
#2110 = LINE('',#2111,#2112);
#2111 = CARTESIAN_POINT('',(11.2,12.5));
#2112 = VECTOR('',#2113,1.);
#2113 = DIRECTION('',(0.,1.));
#2114 = ( GEOMETRIC_REPRESENTATION_CONTEXT(2) 
PARAMETRIC_REPRESENTATION_CONTEXT() REPRESENTATION_CONTEXT('2D SPACE',''
  ) );
#2115 = PCURVE('',#2116,#2121);
#2116 = PLANE('',#2117);
#2117 = AXIS2_PLACEMENT_3D('',#2118,#2119,#2120);
#2118 = CARTESIAN_POINT('',(55.,239.98185880255,18.232022661419));
#2119 = DIRECTION('',(0.,0.258819045103,0.965925826289));
#2120 = DIRECTION('',(1.,0.,0.));
#2121 = DEFINITIONAL_REPRESENTATION('',(#2122),#2126);
#2122 = LINE('',#2123,#2124);
#2123 = CARTESIAN_POINT('',(-12.5,-1.000000000001E-02));
#2124 = VECTOR('',#2125,1.);
#2125 = DIRECTION('',(1.,0.));
#2126 = ( GEOMETRIC_REPRESENTATION_CONTEXT(2) 
PARAMETRIC_REPRESENTATION_CONTEXT() REPRESENTATION_CONTEXT('2D SPACE',''
  ) );
#2127 = ADVANCED_FACE('',(#2128),#591,.T.);
#2128 = FACE_BOUND('',#2129,.T.);
#2129 = EDGE_LOOP('',(#2130,#2162,#2183,#2184));
#2130 = ORIENTED_EDGE('',*,*,#2131,.T.);
#2131 = EDGE_CURVE('',#553,#2132,#2134,.T.);
#2132 = VERTEX_POINT('',#2133);
#2133 = CARTESIAN_POINT('',(59.7,250.69422517267,18.260426048668));
#2134 = SURFACE_CURVE('',#2135,(#2140,#2151),.PCURVE_S1.);
#2135 = ELLIPSE('',#2136,0.424264068712,0.3);
#2136 = AXIS2_PLACEMENT_3D('',#2137,#2138,#2139);
#2137 = CARTESIAN_POINT('',(59.7,250.61657945914,17.970648300781));
#2138 = DIRECTION('',(-0.707106781187,-0.683012701892,0.183012701892));
#2139 = DIRECTION('',(0.707106781187,-0.683012701892,0.183012701892));
#2140 = PCURVE('',#591,#2141);
#2141 = DEFINITIONAL_REPRESENTATION('',(#2142),#2150);
#2142 = B_SPLINE_CURVE_WITH_KNOTS('',6,(#2143,#2144,#2145,#2146,#2147,
    #2148,#2149),.UNSPECIFIED.,.F.,.F.,(7,7),(0.,1.570796326795),
  .PIECEWISE_BEZIER_KNOTS.);
#2143 = CARTESIAN_POINT('',(0.,1.387778780781E-17));
#2144 = CARTESIAN_POINT('',(0.261799387799,3.410072224597E-16));
#2145 = CARTESIAN_POINT('',(0.523597844939,2.466824394366E-02));
#2146 = CARTESIAN_POINT('',(0.78539804616,7.404377088654E-02));
#2147 = CARTESIAN_POINT('',(1.047198677875,0.142926279705));
#2148 = CARTESIAN_POINT('',(1.308996938996,0.22146018366));
#2149 = CARTESIAN_POINT('',(1.570796326795,0.3));
#2150 = ( GEOMETRIC_REPRESENTATION_CONTEXT(2) 
PARAMETRIC_REPRESENTATION_CONTEXT() REPRESENTATION_CONTEXT('2D SPACE',''
  ) );
#2151 = PCURVE('',#1003,#2152);
#2152 = DEFINITIONAL_REPRESENTATION('',(#2153),#2161);
#2153 = B_SPLINE_CURVE_WITH_KNOTS('',6,(#2154,#2155,#2156,#2157,#2158,
    #2159,#2160),.UNSPECIFIED.,.F.,.F.,(7,7),(0.,1.570796326795),
  .PIECEWISE_BEZIER_KNOTS.);
#2154 = CARTESIAN_POINT('',(0.,2.05));
#2155 = CARTESIAN_POINT('',(0.261799387799,2.05));
#2156 = CARTESIAN_POINT('',(0.523597844939,2.025331756056));
#2157 = CARTESIAN_POINT('',(0.78539804616,1.975956229113));
#2158 = CARTESIAN_POINT('',(1.047198677875,1.907073720295));
#2159 = CARTESIAN_POINT('',(1.308996938996,1.82853981634));
#2160 = CARTESIAN_POINT('',(1.570796326795,1.75));
#2161 = ( GEOMETRIC_REPRESENTATION_CONTEXT(2) 
PARAMETRIC_REPRESENTATION_CONTEXT() REPRESENTATION_CONTEXT('2D SPACE',''
  ) );
#2162 = ORIENTED_EDGE('',*,*,#2163,.T.);
#2163 = EDGE_CURVE('',#2132,#774,#2164,.T.);
#2164 = SURFACE_CURVE('',#2165,(#2169,#2176),.PCURVE_S1.);
#2165 = LINE('',#2166,#2167);
#2166 = CARTESIAN_POINT('',(60.,250.69422517267,18.260426048668));
#2167 = VECTOR('',#2168,1.);
#2168 = DIRECTION('',(-1.,0.,0.));
#2169 = PCURVE('',#591,#2170);
#2170 = DEFINITIONAL_REPRESENTATION('',(#2171),#2175);
#2171 = LINE('',#2172,#2173);
#2172 = CARTESIAN_POINT('',(1.570796326795,0.));
#2173 = VECTOR('',#2174,1.);
#2174 = DIRECTION('',(0.,1.));
#2175 = ( GEOMETRIC_REPRESENTATION_CONTEXT(2) 
PARAMETRIC_REPRESENTATION_CONTEXT() REPRESENTATION_CONTEXT('2D SPACE',''
  ) );
#2176 = PCURVE('',#822,#2177);
#2177 = DEFINITIONAL_REPRESENTATION('',(#2178),#2182);
#2178 = LINE('',#2179,#2180);
#2179 = CARTESIAN_POINT('',(30.,10.35));
#2180 = VECTOR('',#2181,1.);
#2181 = DIRECTION('',(-1.,0.));
#2182 = ( GEOMETRIC_REPRESENTATION_CONTEXT(2) 
PARAMETRIC_REPRESENTATION_CONTEXT() REPRESENTATION_CONTEXT('2D SPACE',''
  ) );
#2183 = ORIENTED_EDGE('',*,*,#773,.F.);
#2184 = ORIENTED_EDGE('',*,*,#577,.F.);
#2185 = ADVANCED_FACE('',(#2186,#2239,#2526,#2813),#732,.T.);
#2186 = FACE_BOUND('',#2187,.T.);
#2187 = EDGE_LOOP('',(#2188,#2189,#2217,#2238));
#2188 = ORIENTED_EDGE('',*,*,#867,.T.);
#2189 = ORIENTED_EDGE('',*,*,#2190,.T.);
#2190 = EDGE_CURVE('',#868,#2191,#2193,.T.);
#2191 = VERTEX_POINT('',#2192);
#2192 = CARTESIAN_POINT('',(59.4,252.88650515092,17.36242354479));
#2193 = SURFACE_CURVE('',#2194,(#2198,#2205),.PCURVE_S1.);
#2194 = LINE('',#2195,#2196);
#2195 = CARTESIAN_POINT('',(30.6,252.88650515092,17.36242354479));
#2196 = VECTOR('',#2197,1.);
#2197 = DIRECTION('',(1.,0.,0.));
#2198 = PCURVE('',#732,#2199);
#2199 = DEFINITIONAL_REPRESENTATION('',(#2200),#2204);
#2200 = LINE('',#2201,#2202);
#2201 = CARTESIAN_POINT('',(13.7,0.6));
#2202 = VECTOR('',#2203,1.);
#2203 = DIRECTION('',(0.,1.));
#2204 = ( GEOMETRIC_REPRESENTATION_CONTEXT(2) 
PARAMETRIC_REPRESENTATION_CONTEXT() REPRESENTATION_CONTEXT('2D SPACE',''
  ) );
#2205 = PCURVE('',#2206,#2211);
#2206 = CYLINDRICAL_SURFACE('',#2207,0.3);
#2207 = AXIS2_PLACEMENT_3D('',#2208,#2209,#2210);
#2208 = CARTESIAN_POINT('',(30.6,252.59672740303,17.440069258321));
#2209 = DIRECTION('',(1.,0.,0.));
#2210 = DIRECTION('',(0.,0.965925826289,-0.258819045103));
#2211 = DEFINITIONAL_REPRESENTATION('',(#2212),#2216);
#2212 = LINE('',#2213,#2214);
#2213 = CARTESIAN_POINT('',(0.,0.));
#2214 = VECTOR('',#2215,1.);
#2215 = DIRECTION('',(0.,1.));
#2216 = ( GEOMETRIC_REPRESENTATION_CONTEXT(2) 
PARAMETRIC_REPRESENTATION_CONTEXT() REPRESENTATION_CONTEXT('2D SPACE',''
  ) );
#2217 = ORIENTED_EDGE('',*,*,#2218,.F.);
#2218 = EDGE_CURVE('',#688,#2191,#2219,.T.);
#2219 = SURFACE_CURVE('',#2220,(#2224,#2231),.PCURVE_S1.);
#2220 = LINE('',#2221,#2222);
#2221 = CARTESIAN_POINT('',(59.4,249.34068423301,4.12923972463));
#2222 = VECTOR('',#2223,1.);
#2223 = DIRECTION('',(0.,0.258819045103,0.965925826289));
#2224 = PCURVE('',#732,#2225);
#2225 = DEFINITIONAL_REPRESENTATION('',(#2226),#2230);
#2226 = LINE('',#2227,#2228);
#2227 = CARTESIAN_POINT('',(0.,29.4));
#2228 = VECTOR('',#2229,1.);
#2229 = DIRECTION('',(1.,0.));
#2230 = ( GEOMETRIC_REPRESENTATION_CONTEXT(2) 
PARAMETRIC_REPRESENTATION_CONTEXT() REPRESENTATION_CONTEXT('2D SPACE',''
  ) );
#2231 = PCURVE('',#704,#2232);
#2232 = DEFINITIONAL_REPRESENTATION('',(#2233),#2237);
#2233 = LINE('',#2234,#2235);
#2234 = CARTESIAN_POINT('',(1.570796326795,0.));
#2235 = VECTOR('',#2236,1.);
#2236 = DIRECTION('',(0.,1.));
#2237 = ( GEOMETRIC_REPRESENTATION_CONTEXT(2) 
PARAMETRIC_REPRESENTATION_CONTEXT() REPRESENTATION_CONTEXT('2D SPACE',''
  ) );
#2238 = ORIENTED_EDGE('',*,*,#716,.F.);
#2239 = FACE_BOUND('',#2240,.T.);
#2240 = EDGE_LOOP('',(#2241,#2338,#2366,#2394,#2417,#2500));
#2241 = ORIENTED_EDGE('',*,*,#2242,.F.);
#2242 = EDGE_CURVE('',#2243,#2245,#2247,.T.);
#2243 = VERTEX_POINT('',#2244);
#2244 = CARTESIAN_POINT('',(34.780227390242,252.2006346814,
    14.802720105124));
#2245 = VERTEX_POINT('',#2246);
#2246 = CARTESIAN_POINT('',(34.930717967697,252.23945753816,
    14.947608979068));
#2247 = SURFACE_CURVE('',#2248,(#2272,#2299),.PCURVE_S1.);
#2248 = B_SPLINE_CURVE_WITH_KNOTS('',8,(#2249,#2250,#2251,#2252,#2253,
    #2254,#2255,#2256,#2257,#2258,#2259,#2260,#2261,#2262,#2263,#2264,
    #2265,#2266,#2267,#2268,#2269,#2270,#2271),.UNSPECIFIED.,.F.,.F.,(9,
    7,7,9),(0.,0.43074021444,0.86413044504,1.),.UNSPECIFIED.);
#2249 = CARTESIAN_POINT('',(34.780227390242,252.2006346814,
    14.802720105124));
#2250 = CARTESIAN_POINT('',(34.780227390242,252.20393292766,
    14.815029327774));
#2251 = CARTESIAN_POINT('',(34.781465968757,252.20723116311,
    14.827338510049));
#2252 = CARTESIAN_POINT('',(34.783943112542,252.21049308535,
    14.839512169565));
#2253 = CARTESIAN_POINT('',(34.787639750613,252.21368238691,
    14.851414805018));
#2254 = CARTESIAN_POINT('',(34.792517778037,252.21676360587,
    14.862914070746));
#2255 = CARTESIAN_POINT('',(34.79852073473,252.2197029348,
    14.873883795647));
#2256 = CARTESIAN_POINT('',(34.805575139252,252.22246898793,
    14.884206846453));
#2257 = CARTESIAN_POINT('',(34.821659140552,252.22761384308,
    14.903407707262));
#2258 = CARTESIAN_POINT('',(34.830694342452,252.22998815143,
    14.912268746684));
#2259 = CARTESIAN_POINT('',(34.84061164878,252.23213025291,
    14.920263178245));
#2260 = CARTESIAN_POINT('',(34.851310242539,252.23401533969,
    14.927298417875));
#2261 = CARTESIAN_POINT('',(34.862672937201,252.23562090341,
    14.93329046323));
#2262 = CARTESIAN_POINT('',(34.874562827127,252.23692855173,
    14.938170673198));
#2263 = CARTESIAN_POINT('',(34.886827697172,252.23792570629,
    14.941892104681));
#2264 = CARTESIAN_POINT('',(34.903209883242,252.23882280193,
    14.945240111187));
#2265 = CARTESIAN_POINT('',(34.907138227311,252.23900592582,
    14.945923538849));
#2266 = CARTESIAN_POINT('',(34.911080362988,252.2391580413,
    14.946491241577));
#2267 = CARTESIAN_POINT('',(34.915030149361,252.23927910345,
    14.946943051643));
#2268 = CARTESIAN_POINT('',(34.918979644591,252.23936915176,
    14.947279116526));
#2269 = CARTESIAN_POINT('',(34.922918997133,252.23942843374,
    14.947500359889));
#2270 = CARTESIAN_POINT('',(34.926836379949,252.23945753816,
    14.947608979068));
#2271 = CARTESIAN_POINT('',(34.930717967697,252.23945753816,
    14.947608979068));
#2272 = PCURVE('',#732,#2273);
#2273 = DEFINITIONAL_REPRESENTATION('',(#2274),#2298);
#2274 = B_SPLINE_CURVE_WITH_KNOTS('',8,(#2275,#2276,#2277,#2278,#2279,
    #2280,#2281,#2282,#2283,#2284,#2285,#2286,#2287,#2288,#2289,#2290,
    #2291,#2292,#2293,#2294,#2295,#2296,#2297),.UNSPECIFIED.,.F.,.F.,(9,
    7,7,9),(0.,0.43074021444,0.86413044504,1.),.UNSPECIFIED.);
#2275 = CARTESIAN_POINT('',(11.05,4.780227390242));
#2276 = CARTESIAN_POINT('',(11.062743445008,4.780227390242));
#2277 = CARTESIAN_POINT('',(11.075486848218,4.781465968757));
#2278 = CARTESIAN_POINT('',(11.088089947944,4.783943112542));
#2279 = CARTESIAN_POINT('',(11.100412462912,4.787639750613));
#2280 = CARTESIAN_POINT('',(11.112317378812,4.792517778037));
#2281 = CARTESIAN_POINT('',(11.123674073708,4.79852073473));
#2282 = CARTESIAN_POINT('',(11.134361282317,4.805575139252));
#2283 = CARTESIAN_POINT('',(11.154239476155,4.821659140552));
#2284 = CARTESIAN_POINT('',(11.163413099203,4.830694342452));
#2285 = CARTESIAN_POINT('',(11.171689543774,4.84061164878));
#2286 = CARTESIAN_POINT('',(11.178972959786,4.851310242539));
#2287 = CARTESIAN_POINT('',(11.185176381615,4.862672937201));
#2288 = CARTESIAN_POINT('',(11.190228746749,4.874562827127));
#2289 = CARTESIAN_POINT('',(11.194081456121,4.886827697172));
#2290 = CARTESIAN_POINT('',(11.197547567509,4.903209883242));
#2291 = CARTESIAN_POINT('',(11.198255103888,4.907138227311));
#2292 = CARTESIAN_POINT('',(11.198842832999,4.911080362988));
#2293 = CARTESIAN_POINT('',(11.199310581199,4.915030149361));
#2294 = CARTESIAN_POINT('',(11.199658501168,4.918979644591));
#2295 = CARTESIAN_POINT('',(11.199887549152,4.922918997133));
#2296 = CARTESIAN_POINT('',(11.2,4.926836379949));
#2297 = CARTESIAN_POINT('',(11.2,4.930717967697));
#2298 = ( GEOMETRIC_REPRESENTATION_CONTEXT(2) 
PARAMETRIC_REPRESENTATION_CONTEXT() REPRESENTATION_CONTEXT('2D SPACE',''
  ) );
#2299 = PCURVE('',#2300,#2312);
#2300 = SURFACE_OF_REVOLUTION('',#2301,#2309);
#2301 = B_SPLINE_CURVE_WITH_KNOTS('',6,(#2302,#2303,#2304,#2305,#2306,
    #2307,#2308),.UNSPECIFIED.,.F.,.F.,(7,7),(0.,1.570796326795),
  .PIECEWISE_BEZIER_KNOTS.);
#2302 = CARTESIAN_POINT('',(35.22,252.19097542313,14.805308295575));
#2303 = CARTESIAN_POINT('',(35.22,252.20113922327,14.843240114073));
#2304 = CARTESIAN_POINT('',(35.207665847097,252.21130215862,
    14.881168705186));
#2305 = CARTESIAN_POINT('',(35.182978522446,252.22021641643,
    14.914437168222));
#2306 = CARTESIAN_POINT('',(35.148536475106,252.22660596622,
    14.938283292684));
#2307 = CARTESIAN_POINT('',(35.10926990817,252.2297982799,
    14.950197169519));
#2308 = CARTESIAN_POINT('',(35.07,252.2297982799,14.950197169519));
#2309 = AXIS1_PLACEMENT('',#2310,#2311);
#2310 = CARTESIAN_POINT('',(35.,252.19097542313,14.805308295575));
#2311 = DIRECTION('',(0.,0.258819045103,0.965925826289));
#2312 = DEFINITIONAL_REPRESENTATION('',(#2313),#2337);
#2313 = B_SPLINE_CURVE_WITH_KNOTS('',8,(#2314,#2315,#2316,#2317,#2318,
    #2319,#2320,#2321,#2322,#2323,#2324,#2325,#2326,#2327,#2328,#2329,
    #2330,#2331,#2332,#2333,#2334,#2335,#2336),.UNSPECIFIED.,.F.,.F.,(9,
    7,7,9),(0.,0.43074021444,0.86413044504,1.),.UNSPECIFIED.);
#2314 = CARTESIAN_POINT('',(3.096122441173,0.));
#2315 = CARTESIAN_POINT('',(3.096122441173,8.495630005512E-02));
#2316 = CARTESIAN_POINT('',(3.095866338307,0.169912343194));
#2317 = CARTESIAN_POINT('',(3.095354995876,0.25486731771));
#2318 = CARTESIAN_POINT('',(3.094574971351,0.339820532282));
#2319 = CARTESIAN_POINT('',(3.093502102025,0.424771005645));
#2320 = CARTESIAN_POINT('',(3.092097906003,0.509716923909));
#2321 = CARTESIAN_POINT('',(3.090298798488,0.594654965524));
#2322 = CARTESIAN_POINT('',(3.085683294,0.765026498135));
#2323 = CARTESIAN_POINT('',(3.082861468108,0.850393295033));
#2324 = CARTESIAN_POINT('',(3.079427881099,0.935741670519));
#2325 = CARTESIAN_POINT('',(3.07520219254,1.021090189829));
#2326 = CARTESIAN_POINT('',(3.069997690536,1.106423914519));
#2327 = CARTESIAN_POINT('',(3.063355470602,1.191667232942));
#2328 = CARTESIAN_POINT('',(3.054791657823,1.276707245223));
#2329 = CARTESIAN_POINT('',(3.038794250582,1.387816645481));
#2330 = CARTESIAN_POINT('',(3.034622593414,1.414277588619));
#2331 = CARTESIAN_POINT('',(3.030045039513,1.440677477724));
#2332 = CARTESIAN_POINT('',(3.024998028343,1.467001818154));
#2333 = CARTESIAN_POINT('',(3.019404213886,1.493223742561));
#2334 = CARTESIAN_POINT('',(3.01316762772,1.519303000661));
#2335 = CARTESIAN_POINT('',(3.006166692333,1.545184489867));
#2336 = CARTESIAN_POINT('',(2.998245084684,1.570796326795));
#2337 = ( GEOMETRIC_REPRESENTATION_CONTEXT(2) 
PARAMETRIC_REPRESENTATION_CONTEXT() REPRESENTATION_CONTEXT('2D SPACE',''
  ) );
#2338 = ORIENTED_EDGE('',*,*,#2339,.T.);
#2339 = EDGE_CURVE('',#2243,#2340,#2342,.T.);
#2340 = VERTEX_POINT('',#2341);
#2341 = CARTESIAN_POINT('',(34.780227390242,249.65126708714,
    5.288350716177));
#2342 = SURFACE_CURVE('',#2343,(#2347,#2354),.PCURVE_S1.);
#2343 = LINE('',#2344,#2345);
#2344 = CARTESIAN_POINT('',(34.780227390242,249.65126708714,
    5.288350716177));
#2345 = VECTOR('',#2346,1.);
#2346 = DIRECTION('',(-0.,-0.258819045103,-0.965925826289));
#2347 = PCURVE('',#732,#2348);
#2348 = DEFINITIONAL_REPRESENTATION('',(#2349),#2353);
#2349 = LINE('',#2350,#2351);
#2350 = CARTESIAN_POINT('',(1.2,4.780227390242));
#2351 = VECTOR('',#2352,1.);
#2352 = DIRECTION('',(-1.,0.));
#2353 = ( GEOMETRIC_REPRESENTATION_CONTEXT(2) 
PARAMETRIC_REPRESENTATION_CONTEXT() REPRESENTATION_CONTEXT('2D SPACE',''
  ) );
#2354 = PCURVE('',#2355,#2360);
#2355 = CYLINDRICAL_SURFACE('',#2356,0.22);
#2356 = AXIS2_PLACEMENT_3D('',#2357,#2358,#2359);
#2357 = CARTESIAN_POINT('',(35.,249.64160782887,5.290938906628));
#2358 = DIRECTION('',(-0.,-0.258819045103,-0.965925826289));
#2359 = DIRECTION('',(1.,0.,0.));
#2360 = DEFINITIONAL_REPRESENTATION('',(#2361),#2365);
#2361 = LINE('',#2362,#2363);
#2362 = CARTESIAN_POINT('',(-3.096122441173,0.));
#2363 = VECTOR('',#2364,1.);
#2364 = DIRECTION('',(-0.,1.));
#2365 = ( GEOMETRIC_REPRESENTATION_CONTEXT(2) 
PARAMETRIC_REPRESENTATION_CONTEXT() REPRESENTATION_CONTEXT('2D SPACE',''
  ) );
#2366 = ORIENTED_EDGE('',*,*,#2367,.T.);
#2367 = EDGE_CURVE('',#2340,#2368,#2370,.T.);
#2368 = VERTEX_POINT('',#2369);
#2369 = CARTESIAN_POINT('',(35.219772609758,249.65126708714,
    5.288350716177));
#2370 = SURFACE_CURVE('',#2371,(#2375,#2382),.PCURVE_S1.);
#2371 = LINE('',#2372,#2373);
#2372 = CARTESIAN_POINT('',(32.5,249.65126708714,5.288350716177));
#2373 = VECTOR('',#2374,1.);
#2374 = DIRECTION('',(1.,0.,0.));
#2375 = PCURVE('',#732,#2376);
#2376 = DEFINITIONAL_REPRESENTATION('',(#2377),#2381);
#2377 = LINE('',#2378,#2379);
#2378 = CARTESIAN_POINT('',(1.2,2.5));
#2379 = VECTOR('',#2380,1.);
#2380 = DIRECTION('',(0.,1.));
#2381 = ( GEOMETRIC_REPRESENTATION_CONTEXT(2) 
PARAMETRIC_REPRESENTATION_CONTEXT() REPRESENTATION_CONTEXT('2D SPACE',''
  ) );
#2382 = PCURVE('',#2383,#2388);
#2383 = PLANE('',#2384);
#2384 = AXIS2_PLACEMENT_3D('',#2385,#2386,#2387);
#2385 = CARTESIAN_POINT('',(35.,249.64160782887,5.290938906628));
#2386 = DIRECTION('',(0.,0.258819045103,0.965925826289));
#2387 = DIRECTION('',(1.,0.,0.));
#2388 = DEFINITIONAL_REPRESENTATION('',(#2389),#2393);
#2389 = LINE('',#2390,#2391);
#2390 = CARTESIAN_POINT('',(-2.5,1.000000000001E-02));
#2391 = VECTOR('',#2392,1.);
#2392 = DIRECTION('',(1.,0.));
#2393 = ( GEOMETRIC_REPRESENTATION_CONTEXT(2) 
PARAMETRIC_REPRESENTATION_CONTEXT() REPRESENTATION_CONTEXT('2D SPACE',''
  ) );
#2394 = ORIENTED_EDGE('',*,*,#2395,.F.);
#2395 = EDGE_CURVE('',#2396,#2368,#2398,.T.);
#2396 = VERTEX_POINT('',#2397);
#2397 = CARTESIAN_POINT('',(35.219772609758,252.2006346814,
    14.802720105124));
#2398 = SURFACE_CURVE('',#2399,(#2403,#2410),.PCURVE_S1.);
#2399 = LINE('',#2400,#2401);
#2400 = CARTESIAN_POINT('',(35.219772609758,249.65126708714,
    5.288350716177));
#2401 = VECTOR('',#2402,1.);
#2402 = DIRECTION('',(-0.,-0.258819045103,-0.965925826289));
#2403 = PCURVE('',#732,#2404);
#2404 = DEFINITIONAL_REPRESENTATION('',(#2405),#2409);
#2405 = LINE('',#2406,#2407);
#2406 = CARTESIAN_POINT('',(1.2,5.219772609758));
#2407 = VECTOR('',#2408,1.);
#2408 = DIRECTION('',(-1.,0.));
#2409 = ( GEOMETRIC_REPRESENTATION_CONTEXT(2) 
PARAMETRIC_REPRESENTATION_CONTEXT() REPRESENTATION_CONTEXT('2D SPACE',''
  ) );
#2410 = PCURVE('',#2355,#2411);
#2411 = DEFINITIONAL_REPRESENTATION('',(#2412),#2416);
#2412 = LINE('',#2413,#2414);
#2413 = CARTESIAN_POINT('',(-4.5470212417E-02,0.));
#2414 = VECTOR('',#2415,1.);
#2415 = DIRECTION('',(-0.,1.));
#2416 = ( GEOMETRIC_REPRESENTATION_CONTEXT(2) 
PARAMETRIC_REPRESENTATION_CONTEXT() REPRESENTATION_CONTEXT('2D SPACE',''
  ) );
#2417 = ORIENTED_EDGE('',*,*,#2418,.T.);
#2418 = EDGE_CURVE('',#2396,#2419,#2421,.T.);
#2419 = VERTEX_POINT('',#2420);
#2420 = CARTESIAN_POINT('',(35.069282032303,252.23945753816,
    14.947608979068));
#2421 = SURFACE_CURVE('',#2422,(#2446,#2473),.PCURVE_S1.);
#2422 = B_SPLINE_CURVE_WITH_KNOTS('',8,(#2423,#2424,#2425,#2426,#2427,
    #2428,#2429,#2430,#2431,#2432,#2433,#2434,#2435,#2436,#2437,#2438,
    #2439,#2440,#2441,#2442,#2443,#2444,#2445),.UNSPECIFIED.,.F.,.F.,(9,
    7,7,9),(0.,0.430740214435,0.864130445035,1.),.UNSPECIFIED.);
#2423 = CARTESIAN_POINT('',(35.219772609758,252.2006346814,
    14.802720105124));
#2424 = CARTESIAN_POINT('',(35.219772609758,252.20393292766,
    14.815029327774));
#2425 = CARTESIAN_POINT('',(35.218534031243,252.20723116311,
    14.827338510049));
#2426 = CARTESIAN_POINT('',(35.216056887458,252.21049308535,
    14.839512169565));
#2427 = CARTESIAN_POINT('',(35.212360249387,252.21368238691,
    14.851414805017));
#2428 = CARTESIAN_POINT('',(35.207482221963,252.21676360587,
    14.862914070745));
#2429 = CARTESIAN_POINT('',(35.201479265271,252.2197029348,
    14.873883795646));
#2430 = CARTESIAN_POINT('',(35.194424860748,252.22246898793,
    14.884206846452));
#2431 = CARTESIAN_POINT('',(35.178340859449,252.22761384308,
    14.903407707261));
#2432 = CARTESIAN_POINT('',(35.169305657549,252.22998815143,
    14.912268746684));
#2433 = CARTESIAN_POINT('',(35.159388351221,252.23213025291,
    14.920263178244));
#2434 = CARTESIAN_POINT('',(35.148689757462,252.23401533969,
    14.927298417874));
#2435 = CARTESIAN_POINT('',(35.1373270628,252.23562090341,14.93329046323
    ));
#2436 = CARTESIAN_POINT('',(35.125437172874,252.23692855173,
    14.938170673197));
#2437 = CARTESIAN_POINT('',(35.113172302829,252.23792570629,
    14.94189210468));
#2438 = CARTESIAN_POINT('',(35.096790116759,252.23882280193,
    14.945240111187));
#2439 = CARTESIAN_POINT('',(35.09286177269,252.23900592582,
    14.945923538849));
#2440 = CARTESIAN_POINT('',(35.088919637013,252.2391580413,
    14.946491241576));
#2441 = CARTESIAN_POINT('',(35.08496985064,252.23927910345,
    14.946943051643));
#2442 = CARTESIAN_POINT('',(35.08102035541,252.23936915176,
    14.947279116526));
#2443 = CARTESIAN_POINT('',(35.077081002868,252.23942843374,
    14.947500359889));
#2444 = CARTESIAN_POINT('',(35.073163620051,252.23945753816,
    14.947608979068));
#2445 = CARTESIAN_POINT('',(35.069282032303,252.23945753816,
    14.947608979068));
#2446 = PCURVE('',#732,#2447);
#2447 = DEFINITIONAL_REPRESENTATION('',(#2448),#2472);
#2448 = B_SPLINE_CURVE_WITH_KNOTS('',8,(#2449,#2450,#2451,#2452,#2453,
    #2454,#2455,#2456,#2457,#2458,#2459,#2460,#2461,#2462,#2463,#2464,
    #2465,#2466,#2467,#2468,#2469,#2470,#2471),.UNSPECIFIED.,.F.,.F.,(9,
    7,7,9),(0.,0.430740214435,0.864130445035,1.),.UNSPECIFIED.);
#2449 = CARTESIAN_POINT('',(11.05,5.219772609758));
#2450 = CARTESIAN_POINT('',(11.062743445008,5.219772609758));
#2451 = CARTESIAN_POINT('',(11.075486848218,5.218534031243));
#2452 = CARTESIAN_POINT('',(11.088089947943,5.216056887458));
#2453 = CARTESIAN_POINT('',(11.100412462911,5.212360249387));
#2454 = CARTESIAN_POINT('',(11.112317378812,5.207482221963));
#2455 = CARTESIAN_POINT('',(11.123674073708,5.201479265271));
#2456 = CARTESIAN_POINT('',(11.134361282316,5.194424860748));
#2457 = CARTESIAN_POINT('',(11.154239476154,5.178340859449));
#2458 = CARTESIAN_POINT('',(11.163413099202,5.169305657549));
#2459 = CARTESIAN_POINT('',(11.171689543773,5.159388351221));
#2460 = CARTESIAN_POINT('',(11.178972959785,5.148689757462));
#2461 = CARTESIAN_POINT('',(11.185176381614,5.1373270628));
#2462 = CARTESIAN_POINT('',(11.190228746749,5.125437172874));
#2463 = CARTESIAN_POINT('',(11.19408145612,5.113172302829));
#2464 = CARTESIAN_POINT('',(11.197547567508,5.096790116759));
#2465 = CARTESIAN_POINT('',(11.198255103888,5.09286177269));
#2466 = CARTESIAN_POINT('',(11.198842832999,5.088919637013));
#2467 = CARTESIAN_POINT('',(11.199310581199,5.08496985064));
#2468 = CARTESIAN_POINT('',(11.199658501168,5.08102035541));
#2469 = CARTESIAN_POINT('',(11.199887549152,5.077081002868));
#2470 = CARTESIAN_POINT('',(11.2,5.073163620051));
#2471 = CARTESIAN_POINT('',(11.2,5.069282032303));
#2472 = ( GEOMETRIC_REPRESENTATION_CONTEXT(2) 
PARAMETRIC_REPRESENTATION_CONTEXT() REPRESENTATION_CONTEXT('2D SPACE',''
  ) );
#2473 = PCURVE('',#2300,#2474);
#2474 = DEFINITIONAL_REPRESENTATION('',(#2475),#2499);
#2475 = B_SPLINE_CURVE_WITH_KNOTS('',8,(#2476,#2477,#2478,#2479,#2480,
    #2481,#2482,#2483,#2484,#2485,#2486,#2487,#2488,#2489,#2490,#2491,
    #2492,#2493,#2494,#2495,#2496,#2497,#2498),.UNSPECIFIED.,.F.,.F.,(9,
    7,7,9),(0.,0.430740214435,0.864130445035,1.),.UNSPECIFIED.);
#2476 = CARTESIAN_POINT('',(4.5470212417E-02,0.));
#2477 = CARTESIAN_POINT('',(4.5470212417E-02,8.495630005406E-02));
#2478 = CARTESIAN_POINT('',(4.572631528328E-02,0.169912343192));
#2479 = CARTESIAN_POINT('',(4.623765771337E-02,0.254867317707));
#2480 = CARTESIAN_POINT('',(4.701768223916E-02,0.339820532278));
#2481 = CARTESIAN_POINT('',(4.809055156445E-02,0.424771005639));
#2482 = CARTESIAN_POINT('',(4.94947475865E-02,0.509716923902));
#2483 = CARTESIAN_POINT('',(5.129385510183E-02,0.594654965517));
#2484 = CARTESIAN_POINT('',(5.590935959E-02,0.765026498126));
#2485 = CARTESIAN_POINT('',(5.87311854812E-02,0.850393295025));
#2486 = CARTESIAN_POINT('',(6.216477249047E-02,0.93574167051));
#2487 = CARTESIAN_POINT('',(6.639046104973E-02,1.021090189821));
#2488 = CARTESIAN_POINT('',(7.159496305295E-02,1.106423914509));
#2489 = CARTESIAN_POINT('',(7.823718298671E-02,1.191667232934));
#2490 = CARTESIAN_POINT('',(8.680099576629E-02,1.276707245215));
#2491 = CARTESIAN_POINT('',(0.102798403006,1.387816645474));
#2492 = CARTESIAN_POINT('',(0.106970060174,1.414277588612));
#2493 = CARTESIAN_POINT('',(0.111547614076,1.440677477719));
#2494 = CARTESIAN_POINT('',(0.116594625246,1.46700181815));
#2495 = CARTESIAN_POINT('',(0.122188439703,1.493223742558));
#2496 = CARTESIAN_POINT('',(0.12842502587,1.519303000659));
#2497 = CARTESIAN_POINT('',(0.135425961256,1.545184489866));
#2498 = CARTESIAN_POINT('',(0.143347568905,1.570796326795));
#2499 = ( GEOMETRIC_REPRESENTATION_CONTEXT(2) 
PARAMETRIC_REPRESENTATION_CONTEXT() REPRESENTATION_CONTEXT('2D SPACE',''
  ) );
#2500 = ORIENTED_EDGE('',*,*,#2501,.F.);
#2501 = EDGE_CURVE('',#2245,#2419,#2502,.T.);
#2502 = SURFACE_CURVE('',#2503,(#2507,#2514),.PCURVE_S1.);
#2503 = LINE('',#2504,#2505);
#2504 = CARTESIAN_POINT('',(32.5,252.23945753816,14.947608979068));
#2505 = VECTOR('',#2506,1.);
#2506 = DIRECTION('',(1.,0.,0.));
#2507 = PCURVE('',#732,#2508);
#2508 = DEFINITIONAL_REPRESENTATION('',(#2509),#2513);
#2509 = LINE('',#2510,#2511);
#2510 = CARTESIAN_POINT('',(11.2,2.5));
#2511 = VECTOR('',#2512,1.);
#2512 = DIRECTION('',(0.,1.));
#2513 = ( GEOMETRIC_REPRESENTATION_CONTEXT(2) 
PARAMETRIC_REPRESENTATION_CONTEXT() REPRESENTATION_CONTEXT('2D SPACE',''
  ) );
#2514 = PCURVE('',#2515,#2520);
#2515 = PLANE('',#2516);
#2516 = AXIS2_PLACEMENT_3D('',#2517,#2518,#2519);
#2517 = CARTESIAN_POINT('',(35.,252.2297982799,14.950197169519));
#2518 = DIRECTION('',(0.,0.258819045103,0.965925826289));
#2519 = DIRECTION('',(1.,0.,0.));
#2520 = DEFINITIONAL_REPRESENTATION('',(#2521),#2525);
#2521 = LINE('',#2522,#2523);
#2522 = CARTESIAN_POINT('',(-2.5,9.99999999998E-03));
#2523 = VECTOR('',#2524,1.);
#2524 = DIRECTION('',(1.,0.));
#2525 = ( GEOMETRIC_REPRESENTATION_CONTEXT(2) 
PARAMETRIC_REPRESENTATION_CONTEXT() REPRESENTATION_CONTEXT('2D SPACE',''
  ) );
#2526 = FACE_BOUND('',#2527,.T.);
#2527 = EDGE_LOOP('',(#2528,#2625,#2653,#2681,#2704,#2787));
#2528 = ORIENTED_EDGE('',*,*,#2529,.F.);
#2529 = EDGE_CURVE('',#2530,#2532,#2534,.T.);
#2530 = VERTEX_POINT('',#2531);
#2531 = CARTESIAN_POINT('',(44.780227390242,252.2006346814,
    14.802720105124));
#2532 = VERTEX_POINT('',#2533);
#2533 = CARTESIAN_POINT('',(44.930717967697,252.23945753816,
    14.947608979068));
#2534 = SURFACE_CURVE('',#2535,(#2559,#2586),.PCURVE_S1.);
#2535 = B_SPLINE_CURVE_WITH_KNOTS('',8,(#2536,#2537,#2538,#2539,#2540,
    #2541,#2542,#2543,#2544,#2545,#2546,#2547,#2548,#2549,#2550,#2551,
    #2552,#2553,#2554,#2555,#2556,#2557,#2558),.UNSPECIFIED.,.F.,.F.,(9,
    7,7,9),(0.,0.43074021444,0.86413044504,1.),.UNSPECIFIED.);
#2536 = CARTESIAN_POINT('',(44.780227390242,252.2006346814,
    14.802720105124));
#2537 = CARTESIAN_POINT('',(44.780227390242,252.20393292766,
    14.815029327774));
#2538 = CARTESIAN_POINT('',(44.781465968757,252.20723116311,
    14.827338510049));
#2539 = CARTESIAN_POINT('',(44.783943112542,252.21049308535,
    14.839512169565));
#2540 = CARTESIAN_POINT('',(44.787639750613,252.21368238691,
    14.851414805018));
#2541 = CARTESIAN_POINT('',(44.792517778037,252.21676360587,
    14.862914070746));
#2542 = CARTESIAN_POINT('',(44.79852073473,252.2197029348,
    14.873883795647));
#2543 = CARTESIAN_POINT('',(44.805575139252,252.22246898793,
    14.884206846453));
#2544 = CARTESIAN_POINT('',(44.821659140552,252.22761384308,
    14.903407707262));
#2545 = CARTESIAN_POINT('',(44.830694342452,252.22998815143,
    14.912268746684));
#2546 = CARTESIAN_POINT('',(44.84061164878,252.23213025291,
    14.920263178245));
#2547 = CARTESIAN_POINT('',(44.851310242539,252.23401533969,
    14.927298417875));
#2548 = CARTESIAN_POINT('',(44.862672937201,252.23562090341,
    14.93329046323));
#2549 = CARTESIAN_POINT('',(44.874562827127,252.23692855173,
    14.938170673198));
#2550 = CARTESIAN_POINT('',(44.886827697172,252.23792570629,
    14.941892104681));
#2551 = CARTESIAN_POINT('',(44.903209883242,252.23882280193,
    14.945240111187));
#2552 = CARTESIAN_POINT('',(44.907138227311,252.23900592582,
    14.945923538849));
#2553 = CARTESIAN_POINT('',(44.911080362988,252.2391580413,
    14.946491241577));
#2554 = CARTESIAN_POINT('',(44.915030149361,252.23927910345,
    14.946943051643));
#2555 = CARTESIAN_POINT('',(44.918979644591,252.23936915176,
    14.947279116526));
#2556 = CARTESIAN_POINT('',(44.922918997133,252.23942843374,
    14.947500359889));
#2557 = CARTESIAN_POINT('',(44.926836379949,252.23945753816,
    14.947608979068));
#2558 = CARTESIAN_POINT('',(44.930717967697,252.23945753816,
    14.947608979068));
#2559 = PCURVE('',#732,#2560);
#2560 = DEFINITIONAL_REPRESENTATION('',(#2561),#2585);
#2561 = B_SPLINE_CURVE_WITH_KNOTS('',8,(#2562,#2563,#2564,#2565,#2566,
    #2567,#2568,#2569,#2570,#2571,#2572,#2573,#2574,#2575,#2576,#2577,
    #2578,#2579,#2580,#2581,#2582,#2583,#2584),.UNSPECIFIED.,.F.,.F.,(9,
    7,7,9),(0.,0.43074021444,0.86413044504,1.),.UNSPECIFIED.);
#2562 = CARTESIAN_POINT('',(11.05,14.780227390242));
#2563 = CARTESIAN_POINT('',(11.062743445008,14.780227390242));
#2564 = CARTESIAN_POINT('',(11.075486848218,14.781465968757));
#2565 = CARTESIAN_POINT('',(11.088089947944,14.783943112542));
#2566 = CARTESIAN_POINT('',(11.100412462912,14.787639750613));
#2567 = CARTESIAN_POINT('',(11.112317378812,14.792517778037));
#2568 = CARTESIAN_POINT('',(11.123674073708,14.79852073473));
#2569 = CARTESIAN_POINT('',(11.134361282317,14.805575139252));
#2570 = CARTESIAN_POINT('',(11.154239476155,14.821659140552));
#2571 = CARTESIAN_POINT('',(11.163413099203,14.830694342452));
#2572 = CARTESIAN_POINT('',(11.171689543774,14.84061164878));
#2573 = CARTESIAN_POINT('',(11.178972959786,14.851310242539));
#2574 = CARTESIAN_POINT('',(11.185176381615,14.862672937201));
#2575 = CARTESIAN_POINT('',(11.190228746749,14.874562827127));
#2576 = CARTESIAN_POINT('',(11.194081456121,14.886827697172));
#2577 = CARTESIAN_POINT('',(11.197547567509,14.903209883242));
#2578 = CARTESIAN_POINT('',(11.198255103888,14.907138227311));
#2579 = CARTESIAN_POINT('',(11.198842832999,14.911080362988));
#2580 = CARTESIAN_POINT('',(11.199310581199,14.915030149361));
#2581 = CARTESIAN_POINT('',(11.199658501168,14.918979644591));
#2582 = CARTESIAN_POINT('',(11.199887549152,14.922918997133));
#2583 = CARTESIAN_POINT('',(11.2,14.926836379949));
#2584 = CARTESIAN_POINT('',(11.2,14.930717967697));
#2585 = ( GEOMETRIC_REPRESENTATION_CONTEXT(2) 
PARAMETRIC_REPRESENTATION_CONTEXT() REPRESENTATION_CONTEXT('2D SPACE',''
  ) );
#2586 = PCURVE('',#2587,#2599);
#2587 = SURFACE_OF_REVOLUTION('',#2588,#2596);
#2588 = B_SPLINE_CURVE_WITH_KNOTS('',6,(#2589,#2590,#2591,#2592,#2593,
    #2594,#2595),.UNSPECIFIED.,.F.,.F.,(7,7),(0.,1.570796326795),
  .PIECEWISE_BEZIER_KNOTS.);
#2589 = CARTESIAN_POINT('',(45.22,252.19097542313,14.805308295575));
#2590 = CARTESIAN_POINT('',(45.22,252.20113922327,14.843240114073));
#2591 = CARTESIAN_POINT('',(45.207665847097,252.21130215862,
    14.881168705186));
#2592 = CARTESIAN_POINT('',(45.182978522446,252.22021641643,
    14.914437168222));
#2593 = CARTESIAN_POINT('',(45.148536475106,252.22660596622,
    14.938283292684));
#2594 = CARTESIAN_POINT('',(45.10926990817,252.2297982799,
    14.950197169519));
#2595 = CARTESIAN_POINT('',(45.07,252.2297982799,14.950197169519));
#2596 = AXIS1_PLACEMENT('',#2597,#2598);
#2597 = CARTESIAN_POINT('',(45.,252.19097542313,14.805308295575));
#2598 = DIRECTION('',(0.,0.258819045103,0.965925826289));
#2599 = DEFINITIONAL_REPRESENTATION('',(#2600),#2624);
#2600 = B_SPLINE_CURVE_WITH_KNOTS('',8,(#2601,#2602,#2603,#2604,#2605,
    #2606,#2607,#2608,#2609,#2610,#2611,#2612,#2613,#2614,#2615,#2616,
    #2617,#2618,#2619,#2620,#2621,#2622,#2623),.UNSPECIFIED.,.F.,.F.,(9,
    7,7,9),(0.,0.43074021444,0.86413044504,1.),.UNSPECIFIED.);
#2601 = CARTESIAN_POINT('',(3.096122441173,0.));
#2602 = CARTESIAN_POINT('',(3.096122441173,8.495630005512E-02));
#2603 = CARTESIAN_POINT('',(3.095866338307,0.169912343194));
#2604 = CARTESIAN_POINT('',(3.095354995876,0.25486731771));
#2605 = CARTESIAN_POINT('',(3.094574971351,0.339820532282));
#2606 = CARTESIAN_POINT('',(3.093502102025,0.424771005645));
#2607 = CARTESIAN_POINT('',(3.092097906003,0.509716923909));
#2608 = CARTESIAN_POINT('',(3.090298798488,0.594654965524));
#2609 = CARTESIAN_POINT('',(3.085683294,0.765026498135));
#2610 = CARTESIAN_POINT('',(3.082861468108,0.850393295033));
#2611 = CARTESIAN_POINT('',(3.079427881099,0.935741670519));
#2612 = CARTESIAN_POINT('',(3.07520219254,1.021090189829));
#2613 = CARTESIAN_POINT('',(3.069997690536,1.106423914519));
#2614 = CARTESIAN_POINT('',(3.063355470602,1.191667232942));
#2615 = CARTESIAN_POINT('',(3.054791657823,1.276707245223));
#2616 = CARTESIAN_POINT('',(3.038794250582,1.387816645481));
#2617 = CARTESIAN_POINT('',(3.034622593414,1.414277588619));
#2618 = CARTESIAN_POINT('',(3.030045039513,1.440677477724));
#2619 = CARTESIAN_POINT('',(3.024998028343,1.467001818154));
#2620 = CARTESIAN_POINT('',(3.019404213886,1.493223742561));
#2621 = CARTESIAN_POINT('',(3.01316762772,1.519303000661));
#2622 = CARTESIAN_POINT('',(3.006166692333,1.545184489867));
#2623 = CARTESIAN_POINT('',(2.998245084684,1.570796326795));
#2624 = ( GEOMETRIC_REPRESENTATION_CONTEXT(2) 
PARAMETRIC_REPRESENTATION_CONTEXT() REPRESENTATION_CONTEXT('2D SPACE',''
  ) );
#2625 = ORIENTED_EDGE('',*,*,#2626,.T.);
#2626 = EDGE_CURVE('',#2530,#2627,#2629,.T.);
#2627 = VERTEX_POINT('',#2628);
#2628 = CARTESIAN_POINT('',(44.780227390242,249.65126708714,
    5.288350716177));
#2629 = SURFACE_CURVE('',#2630,(#2634,#2641),.PCURVE_S1.);
#2630 = LINE('',#2631,#2632);
#2631 = CARTESIAN_POINT('',(44.780227390242,249.65126708714,
    5.288350716177));
#2632 = VECTOR('',#2633,1.);
#2633 = DIRECTION('',(-0.,-0.258819045103,-0.965925826289));
#2634 = PCURVE('',#732,#2635);
#2635 = DEFINITIONAL_REPRESENTATION('',(#2636),#2640);
#2636 = LINE('',#2637,#2638);
#2637 = CARTESIAN_POINT('',(1.2,14.780227390242));
#2638 = VECTOR('',#2639,1.);
#2639 = DIRECTION('',(-1.,0.));
#2640 = ( GEOMETRIC_REPRESENTATION_CONTEXT(2) 
PARAMETRIC_REPRESENTATION_CONTEXT() REPRESENTATION_CONTEXT('2D SPACE',''
  ) );
#2641 = PCURVE('',#2642,#2647);
#2642 = CYLINDRICAL_SURFACE('',#2643,0.22);
#2643 = AXIS2_PLACEMENT_3D('',#2644,#2645,#2646);
#2644 = CARTESIAN_POINT('',(45.,249.64160782887,5.290938906628));
#2645 = DIRECTION('',(-0.,-0.258819045103,-0.965925826289));
#2646 = DIRECTION('',(1.,0.,0.));
#2647 = DEFINITIONAL_REPRESENTATION('',(#2648),#2652);
#2648 = LINE('',#2649,#2650);
#2649 = CARTESIAN_POINT('',(-3.096122441173,0.));
#2650 = VECTOR('',#2651,1.);
#2651 = DIRECTION('',(-0.,1.));
#2652 = ( GEOMETRIC_REPRESENTATION_CONTEXT(2) 
PARAMETRIC_REPRESENTATION_CONTEXT() REPRESENTATION_CONTEXT('2D SPACE',''
  ) );
#2653 = ORIENTED_EDGE('',*,*,#2654,.T.);
#2654 = EDGE_CURVE('',#2627,#2655,#2657,.T.);
#2655 = VERTEX_POINT('',#2656);
#2656 = CARTESIAN_POINT('',(45.219772609758,249.65126708714,
    5.288350716177));
#2657 = SURFACE_CURVE('',#2658,(#2662,#2669),.PCURVE_S1.);
#2658 = LINE('',#2659,#2660);
#2659 = CARTESIAN_POINT('',(37.5,249.65126708714,5.288350716177));
#2660 = VECTOR('',#2661,1.);
#2661 = DIRECTION('',(1.,0.,0.));
#2662 = PCURVE('',#732,#2663);
#2663 = DEFINITIONAL_REPRESENTATION('',(#2664),#2668);
#2664 = LINE('',#2665,#2666);
#2665 = CARTESIAN_POINT('',(1.2,7.5));
#2666 = VECTOR('',#2667,1.);
#2667 = DIRECTION('',(0.,1.));
#2668 = ( GEOMETRIC_REPRESENTATION_CONTEXT(2) 
PARAMETRIC_REPRESENTATION_CONTEXT() REPRESENTATION_CONTEXT('2D SPACE',''
  ) );
#2669 = PCURVE('',#2670,#2675);
#2670 = PLANE('',#2671);
#2671 = AXIS2_PLACEMENT_3D('',#2672,#2673,#2674);
#2672 = CARTESIAN_POINT('',(45.,249.64160782887,5.290938906628));
#2673 = DIRECTION('',(0.,0.258819045103,0.965925826289));
#2674 = DIRECTION('',(1.,0.,0.));
#2675 = DEFINITIONAL_REPRESENTATION('',(#2676),#2680);
#2676 = LINE('',#2677,#2678);
#2677 = CARTESIAN_POINT('',(-7.5,1.000000000001E-02));
#2678 = VECTOR('',#2679,1.);
#2679 = DIRECTION('',(1.,0.));
#2680 = ( GEOMETRIC_REPRESENTATION_CONTEXT(2) 
PARAMETRIC_REPRESENTATION_CONTEXT() REPRESENTATION_CONTEXT('2D SPACE',''
  ) );
#2681 = ORIENTED_EDGE('',*,*,#2682,.F.);
#2682 = EDGE_CURVE('',#2683,#2655,#2685,.T.);
#2683 = VERTEX_POINT('',#2684);
#2684 = CARTESIAN_POINT('',(45.219772609758,252.2006346814,
    14.802720105124));
#2685 = SURFACE_CURVE('',#2686,(#2690,#2697),.PCURVE_S1.);
#2686 = LINE('',#2687,#2688);
#2687 = CARTESIAN_POINT('',(45.219772609758,249.65126708714,
    5.288350716177));
#2688 = VECTOR('',#2689,1.);
#2689 = DIRECTION('',(-0.,-0.258819045103,-0.965925826289));
#2690 = PCURVE('',#732,#2691);
#2691 = DEFINITIONAL_REPRESENTATION('',(#2692),#2696);
#2692 = LINE('',#2693,#2694);
#2693 = CARTESIAN_POINT('',(1.2,15.219772609758));
#2694 = VECTOR('',#2695,1.);
#2695 = DIRECTION('',(-1.,0.));
#2696 = ( GEOMETRIC_REPRESENTATION_CONTEXT(2) 
PARAMETRIC_REPRESENTATION_CONTEXT() REPRESENTATION_CONTEXT('2D SPACE',''
  ) );
#2697 = PCURVE('',#2642,#2698);
#2698 = DEFINITIONAL_REPRESENTATION('',(#2699),#2703);
#2699 = LINE('',#2700,#2701);
#2700 = CARTESIAN_POINT('',(-4.5470212417E-02,0.));
#2701 = VECTOR('',#2702,1.);
#2702 = DIRECTION('',(-0.,1.));
#2703 = ( GEOMETRIC_REPRESENTATION_CONTEXT(2) 
PARAMETRIC_REPRESENTATION_CONTEXT() REPRESENTATION_CONTEXT('2D SPACE',''
  ) );
#2704 = ORIENTED_EDGE('',*,*,#2705,.T.);
#2705 = EDGE_CURVE('',#2683,#2706,#2708,.T.);
#2706 = VERTEX_POINT('',#2707);
#2707 = CARTESIAN_POINT('',(45.069282032303,252.23945753816,
    14.947608979068));
#2708 = SURFACE_CURVE('',#2709,(#2733,#2760),.PCURVE_S1.);
#2709 = B_SPLINE_CURVE_WITH_KNOTS('',8,(#2710,#2711,#2712,#2713,#2714,
    #2715,#2716,#2717,#2718,#2719,#2720,#2721,#2722,#2723,#2724,#2725,
    #2726,#2727,#2728,#2729,#2730,#2731,#2732),.UNSPECIFIED.,.F.,.F.,(9,
    7,7,9),(0.,0.430740214435,0.864130445035,1.),.UNSPECIFIED.);
#2710 = CARTESIAN_POINT('',(45.219772609758,252.2006346814,
    14.802720105124));
#2711 = CARTESIAN_POINT('',(45.219772609758,252.20393292766,
    14.815029327774));
#2712 = CARTESIAN_POINT('',(45.218534031243,252.20723116311,
    14.827338510049));
#2713 = CARTESIAN_POINT('',(45.216056887458,252.21049308535,
    14.839512169565));
#2714 = CARTESIAN_POINT('',(45.212360249387,252.21368238691,
    14.851414805017));
#2715 = CARTESIAN_POINT('',(45.207482221963,252.21676360587,
    14.862914070745));
#2716 = CARTESIAN_POINT('',(45.201479265271,252.2197029348,
    14.873883795646));
#2717 = CARTESIAN_POINT('',(45.194424860748,252.22246898793,
    14.884206846452));
#2718 = CARTESIAN_POINT('',(45.178340859449,252.22761384308,
    14.903407707261));
#2719 = CARTESIAN_POINT('',(45.169305657549,252.22998815143,
    14.912268746684));
#2720 = CARTESIAN_POINT('',(45.159388351221,252.23213025291,
    14.920263178244));
#2721 = CARTESIAN_POINT('',(45.148689757462,252.23401533969,
    14.927298417874));
#2722 = CARTESIAN_POINT('',(45.1373270628,252.23562090341,14.93329046323
    ));
#2723 = CARTESIAN_POINT('',(45.125437172874,252.23692855173,
    14.938170673197));
#2724 = CARTESIAN_POINT('',(45.113172302829,252.23792570629,
    14.94189210468));
#2725 = CARTESIAN_POINT('',(45.096790116759,252.23882280193,
    14.945240111187));
#2726 = CARTESIAN_POINT('',(45.09286177269,252.23900592582,
    14.945923538849));
#2727 = CARTESIAN_POINT('',(45.088919637013,252.2391580413,
    14.946491241576));
#2728 = CARTESIAN_POINT('',(45.08496985064,252.23927910345,
    14.946943051643));
#2729 = CARTESIAN_POINT('',(45.08102035541,252.23936915176,
    14.947279116526));
#2730 = CARTESIAN_POINT('',(45.077081002868,252.23942843374,
    14.947500359889));
#2731 = CARTESIAN_POINT('',(45.073163620051,252.23945753816,
    14.947608979068));
#2732 = CARTESIAN_POINT('',(45.069282032303,252.23945753816,
    14.947608979068));
#2733 = PCURVE('',#732,#2734);
#2734 = DEFINITIONAL_REPRESENTATION('',(#2735),#2759);
#2735 = B_SPLINE_CURVE_WITH_KNOTS('',8,(#2736,#2737,#2738,#2739,#2740,
    #2741,#2742,#2743,#2744,#2745,#2746,#2747,#2748,#2749,#2750,#2751,
    #2752,#2753,#2754,#2755,#2756,#2757,#2758),.UNSPECIFIED.,.F.,.F.,(9,
    7,7,9),(0.,0.430740214435,0.864130445035,1.),.UNSPECIFIED.);
#2736 = CARTESIAN_POINT('',(11.05,15.219772609758));
#2737 = CARTESIAN_POINT('',(11.062743445008,15.219772609758));
#2738 = CARTESIAN_POINT('',(11.075486848218,15.218534031243));
#2739 = CARTESIAN_POINT('',(11.088089947943,15.216056887458));
#2740 = CARTESIAN_POINT('',(11.100412462911,15.212360249387));
#2741 = CARTESIAN_POINT('',(11.112317378812,15.207482221963));
#2742 = CARTESIAN_POINT('',(11.123674073708,15.201479265271));
#2743 = CARTESIAN_POINT('',(11.134361282316,15.194424860748));
#2744 = CARTESIAN_POINT('',(11.154239476154,15.178340859449));
#2745 = CARTESIAN_POINT('',(11.163413099202,15.169305657549));
#2746 = CARTESIAN_POINT('',(11.171689543773,15.159388351221));
#2747 = CARTESIAN_POINT('',(11.178972959785,15.148689757462));
#2748 = CARTESIAN_POINT('',(11.185176381614,15.1373270628));
#2749 = CARTESIAN_POINT('',(11.190228746749,15.125437172874));
#2750 = CARTESIAN_POINT('',(11.19408145612,15.113172302829));
#2751 = CARTESIAN_POINT('',(11.197547567508,15.096790116759));
#2752 = CARTESIAN_POINT('',(11.198255103888,15.09286177269));
#2753 = CARTESIAN_POINT('',(11.198842832999,15.088919637013));
#2754 = CARTESIAN_POINT('',(11.199310581199,15.08496985064));
#2755 = CARTESIAN_POINT('',(11.199658501168,15.08102035541));
#2756 = CARTESIAN_POINT('',(11.199887549152,15.077081002868));
#2757 = CARTESIAN_POINT('',(11.2,15.073163620051));
#2758 = CARTESIAN_POINT('',(11.2,15.069282032303));
#2759 = ( GEOMETRIC_REPRESENTATION_CONTEXT(2) 
PARAMETRIC_REPRESENTATION_CONTEXT() REPRESENTATION_CONTEXT('2D SPACE',''
  ) );
#2760 = PCURVE('',#2587,#2761);
#2761 = DEFINITIONAL_REPRESENTATION('',(#2762),#2786);
#2762 = B_SPLINE_CURVE_WITH_KNOTS('',8,(#2763,#2764,#2765,#2766,#2767,
    #2768,#2769,#2770,#2771,#2772,#2773,#2774,#2775,#2776,#2777,#2778,
    #2779,#2780,#2781,#2782,#2783,#2784,#2785),.UNSPECIFIED.,.F.,.F.,(9,
    7,7,9),(0.,0.430740214435,0.864130445035,1.),.UNSPECIFIED.);
#2763 = CARTESIAN_POINT('',(4.5470212417E-02,0.));
#2764 = CARTESIAN_POINT('',(4.5470212417E-02,8.495630005406E-02));
#2765 = CARTESIAN_POINT('',(4.572631528328E-02,0.169912343192));
#2766 = CARTESIAN_POINT('',(4.623765771337E-02,0.254867317707));
#2767 = CARTESIAN_POINT('',(4.701768223916E-02,0.339820532278));
#2768 = CARTESIAN_POINT('',(4.809055156445E-02,0.424771005639));
#2769 = CARTESIAN_POINT('',(4.94947475865E-02,0.509716923902));
#2770 = CARTESIAN_POINT('',(5.129385510183E-02,0.594654965517));
#2771 = CARTESIAN_POINT('',(5.590935959E-02,0.765026498126));
#2772 = CARTESIAN_POINT('',(5.87311854812E-02,0.850393295025));
#2773 = CARTESIAN_POINT('',(6.216477249047E-02,0.93574167051));
#2774 = CARTESIAN_POINT('',(6.639046104973E-02,1.021090189821));
#2775 = CARTESIAN_POINT('',(7.159496305295E-02,1.106423914509));
#2776 = CARTESIAN_POINT('',(7.823718298671E-02,1.191667232934));
#2777 = CARTESIAN_POINT('',(8.680099576629E-02,1.276707245215));
#2778 = CARTESIAN_POINT('',(0.102798403006,1.387816645474));
#2779 = CARTESIAN_POINT('',(0.106970060174,1.414277588612));
#2780 = CARTESIAN_POINT('',(0.111547614076,1.440677477719));
#2781 = CARTESIAN_POINT('',(0.116594625246,1.46700181815));
#2782 = CARTESIAN_POINT('',(0.122188439703,1.493223742558));
#2783 = CARTESIAN_POINT('',(0.12842502587,1.519303000659));
#2784 = CARTESIAN_POINT('',(0.135425961256,1.545184489866));
#2785 = CARTESIAN_POINT('',(0.143347568905,1.570796326795));
#2786 = ( GEOMETRIC_REPRESENTATION_CONTEXT(2) 
PARAMETRIC_REPRESENTATION_CONTEXT() REPRESENTATION_CONTEXT('2D SPACE',''
  ) );
#2787 = ORIENTED_EDGE('',*,*,#2788,.F.);
#2788 = EDGE_CURVE('',#2532,#2706,#2789,.T.);
#2789 = SURFACE_CURVE('',#2790,(#2794,#2801),.PCURVE_S1.);
#2790 = LINE('',#2791,#2792);
#2791 = CARTESIAN_POINT('',(37.5,252.23945753816,14.947608979068));
#2792 = VECTOR('',#2793,1.);
#2793 = DIRECTION('',(1.,0.,0.));
#2794 = PCURVE('',#732,#2795);
#2795 = DEFINITIONAL_REPRESENTATION('',(#2796),#2800);
#2796 = LINE('',#2797,#2798);
#2797 = CARTESIAN_POINT('',(11.2,7.5));
#2798 = VECTOR('',#2799,1.);
#2799 = DIRECTION('',(0.,1.));
#2800 = ( GEOMETRIC_REPRESENTATION_CONTEXT(2) 
PARAMETRIC_REPRESENTATION_CONTEXT() REPRESENTATION_CONTEXT('2D SPACE',''
  ) );
#2801 = PCURVE('',#2802,#2807);
#2802 = PLANE('',#2803);
#2803 = AXIS2_PLACEMENT_3D('',#2804,#2805,#2806);
#2804 = CARTESIAN_POINT('',(45.,252.2297982799,14.950197169519));
#2805 = DIRECTION('',(0.,0.258819045103,0.965925826289));
#2806 = DIRECTION('',(1.,0.,0.));
#2807 = DEFINITIONAL_REPRESENTATION('',(#2808),#2812);
#2808 = LINE('',#2809,#2810);
#2809 = CARTESIAN_POINT('',(-7.5,9.99999999998E-03));
#2810 = VECTOR('',#2811,1.);
#2811 = DIRECTION('',(1.,0.));
#2812 = ( GEOMETRIC_REPRESENTATION_CONTEXT(2) 
PARAMETRIC_REPRESENTATION_CONTEXT() REPRESENTATION_CONTEXT('2D SPACE',''
  ) );
#2813 = FACE_BOUND('',#2814,.T.);
#2814 = EDGE_LOOP('',(#2815,#2912,#2940,#2968,#2991,#3074));
#2815 = ORIENTED_EDGE('',*,*,#2816,.F.);
#2816 = EDGE_CURVE('',#2817,#2819,#2821,.T.);
#2817 = VERTEX_POINT('',#2818);
#2818 = CARTESIAN_POINT('',(54.780227390242,252.2006346814,
    14.802720105124));
#2819 = VERTEX_POINT('',#2820);
#2820 = CARTESIAN_POINT('',(54.930717967697,252.23945753816,
    14.947608979068));
#2821 = SURFACE_CURVE('',#2822,(#2846,#2873),.PCURVE_S1.);
#2822 = B_SPLINE_CURVE_WITH_KNOTS('',8,(#2823,#2824,#2825,#2826,#2827,
    #2828,#2829,#2830,#2831,#2832,#2833,#2834,#2835,#2836,#2837,#2838,
    #2839,#2840,#2841,#2842,#2843,#2844,#2845),.UNSPECIFIED.,.F.,.F.,(9,
    7,7,9),(0.,0.430740214441,0.864130445041,1.),.UNSPECIFIED.);
#2823 = CARTESIAN_POINT('',(54.780227390242,252.2006346814,
    14.802720105124));
#2824 = CARTESIAN_POINT('',(54.780227390242,252.20393292766,
    14.815029327774));
#2825 = CARTESIAN_POINT('',(54.781465968757,252.20723116311,
    14.827338510049));
#2826 = CARTESIAN_POINT('',(54.783943112542,252.21049308535,
    14.839512169565));
#2827 = CARTESIAN_POINT('',(54.787639750613,252.21368238691,
    14.851414805018));
#2828 = CARTESIAN_POINT('',(54.792517778037,252.21676360587,
    14.862914070746));
#2829 = CARTESIAN_POINT('',(54.79852073473,252.2197029348,
    14.873883795647));
#2830 = CARTESIAN_POINT('',(54.805575139252,252.22246898793,
    14.884206846453));
#2831 = CARTESIAN_POINT('',(54.821659140552,252.22761384308,
    14.903407707262));
#2832 = CARTESIAN_POINT('',(54.830694342452,252.22998815143,
    14.912268746684));
#2833 = CARTESIAN_POINT('',(54.84061164878,252.23213025291,
    14.920263178244));
#2834 = CARTESIAN_POINT('',(54.851310242539,252.23401533969,
    14.927298417875));
#2835 = CARTESIAN_POINT('',(54.862672937201,252.23562090341,
    14.93329046323));
#2836 = CARTESIAN_POINT('',(54.874562827127,252.23692855173,
    14.938170673198));
#2837 = CARTESIAN_POINT('',(54.886827697172,252.23792570629,
    14.941892104681));
#2838 = CARTESIAN_POINT('',(54.903209883242,252.23882280193,
    14.945240111187));
#2839 = CARTESIAN_POINT('',(54.907138227311,252.23900592582,
    14.945923538849));
#2840 = CARTESIAN_POINT('',(54.911080362988,252.2391580413,
    14.946491241577));
#2841 = CARTESIAN_POINT('',(54.915030149361,252.23927910345,
    14.946943051643));
#2842 = CARTESIAN_POINT('',(54.918979644591,252.23936915176,
    14.947279116526));
#2843 = CARTESIAN_POINT('',(54.922918997133,252.23942843374,
    14.947500359889));
#2844 = CARTESIAN_POINT('',(54.926836379949,252.23945753816,
    14.947608979068));
#2845 = CARTESIAN_POINT('',(54.930717967697,252.23945753816,
    14.947608979068));
#2846 = PCURVE('',#732,#2847);
#2847 = DEFINITIONAL_REPRESENTATION('',(#2848),#2872);
#2848 = B_SPLINE_CURVE_WITH_KNOTS('',8,(#2849,#2850,#2851,#2852,#2853,
    #2854,#2855,#2856,#2857,#2858,#2859,#2860,#2861,#2862,#2863,#2864,
    #2865,#2866,#2867,#2868,#2869,#2870,#2871),.UNSPECIFIED.,.F.,.F.,(9,
    7,7,9),(0.,0.430740214441,0.864130445041,1.),.UNSPECIFIED.);
#2849 = CARTESIAN_POINT('',(11.05,24.780227390242));
#2850 = CARTESIAN_POINT('',(11.062743445008,24.780227390242));
#2851 = CARTESIAN_POINT('',(11.075486848218,24.781465968757));
#2852 = CARTESIAN_POINT('',(11.088089947944,24.783943112542));
#2853 = CARTESIAN_POINT('',(11.100412462912,24.787639750613));
#2854 = CARTESIAN_POINT('',(11.112317378812,24.792517778037));
#2855 = CARTESIAN_POINT('',(11.123674073708,24.79852073473));
#2856 = CARTESIAN_POINT('',(11.134361282317,24.805575139252));
#2857 = CARTESIAN_POINT('',(11.154239476155,24.821659140552));
#2858 = CARTESIAN_POINT('',(11.163413099203,24.830694342452));
#2859 = CARTESIAN_POINT('',(11.171689543773,24.84061164878));
#2860 = CARTESIAN_POINT('',(11.178972959786,24.851310242539));
#2861 = CARTESIAN_POINT('',(11.185176381614,24.862672937201));
#2862 = CARTESIAN_POINT('',(11.190228746749,24.874562827127));
#2863 = CARTESIAN_POINT('',(11.194081456121,24.886827697172));
#2864 = CARTESIAN_POINT('',(11.197547567509,24.903209883242));
#2865 = CARTESIAN_POINT('',(11.198255103888,24.907138227311));
#2866 = CARTESIAN_POINT('',(11.198842832999,24.911080362988));
#2867 = CARTESIAN_POINT('',(11.199310581199,24.915030149361));
#2868 = CARTESIAN_POINT('',(11.199658501168,24.918979644591));
#2869 = CARTESIAN_POINT('',(11.199887549152,24.922918997133));
#2870 = CARTESIAN_POINT('',(11.2,24.926836379949));
#2871 = CARTESIAN_POINT('',(11.2,24.930717967697));
#2872 = ( GEOMETRIC_REPRESENTATION_CONTEXT(2) 
PARAMETRIC_REPRESENTATION_CONTEXT() REPRESENTATION_CONTEXT('2D SPACE',''
  ) );
#2873 = PCURVE('',#2874,#2886);
#2874 = SURFACE_OF_REVOLUTION('',#2875,#2883);
#2875 = B_SPLINE_CURVE_WITH_KNOTS('',6,(#2876,#2877,#2878,#2879,#2880,
    #2881,#2882),.UNSPECIFIED.,.F.,.F.,(7,7),(0.,1.570796326795),
  .PIECEWISE_BEZIER_KNOTS.);
#2876 = CARTESIAN_POINT('',(55.22,252.19097542313,14.805308295575));
#2877 = CARTESIAN_POINT('',(55.22,252.20113922327,14.843240114073));
#2878 = CARTESIAN_POINT('',(55.207665847097,252.21130215862,
    14.881168705186));
#2879 = CARTESIAN_POINT('',(55.182978522446,252.22021641643,
    14.914437168222));
#2880 = CARTESIAN_POINT('',(55.148536475106,252.22660596622,
    14.938283292684));
#2881 = CARTESIAN_POINT('',(55.10926990817,252.2297982799,
    14.950197169519));
#2882 = CARTESIAN_POINT('',(55.07,252.2297982799,14.950197169519));
#2883 = AXIS1_PLACEMENT('',#2884,#2885);
#2884 = CARTESIAN_POINT('',(55.,252.19097542313,14.805308295575));
#2885 = DIRECTION('',(0.,0.258819045103,0.965925826289));
#2886 = DEFINITIONAL_REPRESENTATION('',(#2887),#2911);
#2887 = B_SPLINE_CURVE_WITH_KNOTS('',8,(#2888,#2889,#2890,#2891,#2892,
    #2893,#2894,#2895,#2896,#2897,#2898,#2899,#2900,#2901,#2902,#2903,
    #2904,#2905,#2906,#2907,#2908,#2909,#2910),.UNSPECIFIED.,.F.,.F.,(9,
    7,7,9),(0.,0.430740214441,0.864130445041,1.),.UNSPECIFIED.);
#2888 = CARTESIAN_POINT('',(3.096122441173,0.));
#2889 = CARTESIAN_POINT('',(3.096122441173,8.495630005511E-02));
#2890 = CARTESIAN_POINT('',(3.095866338307,0.169912343194));
#2891 = CARTESIAN_POINT('',(3.095354995876,0.25486731771));
#2892 = CARTESIAN_POINT('',(3.094574971351,0.339820532282));
#2893 = CARTESIAN_POINT('',(3.093502102025,0.424771005645));
#2894 = CARTESIAN_POINT('',(3.092097906003,0.509716923909));
#2895 = CARTESIAN_POINT('',(3.090298798488,0.594654965524));
#2896 = CARTESIAN_POINT('',(3.085683294,0.765026498135));
#2897 = CARTESIAN_POINT('',(3.082861468108,0.850393295034));
#2898 = CARTESIAN_POINT('',(3.079427881099,0.935741670516));
#2899 = CARTESIAN_POINT('',(3.07520219254,1.021090189833));
#2900 = CARTESIAN_POINT('',(3.069997690536,1.106423914515));
#2901 = CARTESIAN_POINT('',(3.063355470602,1.191667232944));
#2902 = CARTESIAN_POINT('',(3.054791657823,1.276707245223));
#2903 = CARTESIAN_POINT('',(3.038794250582,1.387816645481));
#2904 = CARTESIAN_POINT('',(3.034622593414,1.414277588619));
#2905 = CARTESIAN_POINT('',(3.030045039513,1.440677477724));
#2906 = CARTESIAN_POINT('',(3.024998028343,1.467001818154));
#2907 = CARTESIAN_POINT('',(3.019404213886,1.493223742561));
#2908 = CARTESIAN_POINT('',(3.01316762772,1.519303000661));
#2909 = CARTESIAN_POINT('',(3.006166692333,1.545184489867));
#2910 = CARTESIAN_POINT('',(2.998245084684,1.570796326795));
#2911 = ( GEOMETRIC_REPRESENTATION_CONTEXT(2) 
PARAMETRIC_REPRESENTATION_CONTEXT() REPRESENTATION_CONTEXT('2D SPACE',''
  ) );
#2912 = ORIENTED_EDGE('',*,*,#2913,.T.);
#2913 = EDGE_CURVE('',#2817,#2914,#2916,.T.);
#2914 = VERTEX_POINT('',#2915);
#2915 = CARTESIAN_POINT('',(54.780227390242,249.65126708714,
    5.288350716177));
#2916 = SURFACE_CURVE('',#2917,(#2921,#2928),.PCURVE_S1.);
#2917 = LINE('',#2918,#2919);
#2918 = CARTESIAN_POINT('',(54.780227390242,249.65126708714,
    5.288350716177));
#2919 = VECTOR('',#2920,1.);
#2920 = DIRECTION('',(-0.,-0.258819045103,-0.965925826289));
#2921 = PCURVE('',#732,#2922);
#2922 = DEFINITIONAL_REPRESENTATION('',(#2923),#2927);
#2923 = LINE('',#2924,#2925);
#2924 = CARTESIAN_POINT('',(1.2,24.780227390242));
#2925 = VECTOR('',#2926,1.);
#2926 = DIRECTION('',(-1.,0.));
#2927 = ( GEOMETRIC_REPRESENTATION_CONTEXT(2) 
PARAMETRIC_REPRESENTATION_CONTEXT() REPRESENTATION_CONTEXT('2D SPACE',''
  ) );
#2928 = PCURVE('',#2929,#2934);
#2929 = CYLINDRICAL_SURFACE('',#2930,0.22);
#2930 = AXIS2_PLACEMENT_3D('',#2931,#2932,#2933);
#2931 = CARTESIAN_POINT('',(55.,249.64160782887,5.290938906628));
#2932 = DIRECTION('',(-0.,-0.258819045103,-0.965925826289));
#2933 = DIRECTION('',(1.,0.,0.));
#2934 = DEFINITIONAL_REPRESENTATION('',(#2935),#2939);
#2935 = LINE('',#2936,#2937);
#2936 = CARTESIAN_POINT('',(-3.096122441173,0.));
#2937 = VECTOR('',#2938,1.);
#2938 = DIRECTION('',(-0.,1.));
#2939 = ( GEOMETRIC_REPRESENTATION_CONTEXT(2) 
PARAMETRIC_REPRESENTATION_CONTEXT() REPRESENTATION_CONTEXT('2D SPACE',''
  ) );
#2940 = ORIENTED_EDGE('',*,*,#2941,.T.);
#2941 = EDGE_CURVE('',#2914,#2942,#2944,.T.);
#2942 = VERTEX_POINT('',#2943);
#2943 = CARTESIAN_POINT('',(55.219772609758,249.65126708714,
    5.288350716177));
#2944 = SURFACE_CURVE('',#2945,(#2949,#2956),.PCURVE_S1.);
#2945 = LINE('',#2946,#2947);
#2946 = CARTESIAN_POINT('',(42.5,249.65126708714,5.288350716177));
#2947 = VECTOR('',#2948,1.);
#2948 = DIRECTION('',(1.,0.,0.));
#2949 = PCURVE('',#732,#2950);
#2950 = DEFINITIONAL_REPRESENTATION('',(#2951),#2955);
#2951 = LINE('',#2952,#2953);
#2952 = CARTESIAN_POINT('',(1.2,12.5));
#2953 = VECTOR('',#2954,1.);
#2954 = DIRECTION('',(0.,1.));
#2955 = ( GEOMETRIC_REPRESENTATION_CONTEXT(2) 
PARAMETRIC_REPRESENTATION_CONTEXT() REPRESENTATION_CONTEXT('2D SPACE',''
  ) );
#2956 = PCURVE('',#2957,#2962);
#2957 = PLANE('',#2958);
#2958 = AXIS2_PLACEMENT_3D('',#2959,#2960,#2961);
#2959 = CARTESIAN_POINT('',(55.,249.64160782887,5.290938906628));
#2960 = DIRECTION('',(0.,0.258819045103,0.965925826289));
#2961 = DIRECTION('',(1.,0.,0.));
#2962 = DEFINITIONAL_REPRESENTATION('',(#2963),#2967);
#2963 = LINE('',#2964,#2965);
#2964 = CARTESIAN_POINT('',(-12.5,1.000000000001E-02));
#2965 = VECTOR('',#2966,1.);
#2966 = DIRECTION('',(1.,0.));
#2967 = ( GEOMETRIC_REPRESENTATION_CONTEXT(2) 
PARAMETRIC_REPRESENTATION_CONTEXT() REPRESENTATION_CONTEXT('2D SPACE',''
  ) );
#2968 = ORIENTED_EDGE('',*,*,#2969,.F.);
#2969 = EDGE_CURVE('',#2970,#2942,#2972,.T.);
#2970 = VERTEX_POINT('',#2971);
#2971 = CARTESIAN_POINT('',(55.219772609758,252.2006346814,
    14.802720105124));
#2972 = SURFACE_CURVE('',#2973,(#2977,#2984),.PCURVE_S1.);
#2973 = LINE('',#2974,#2975);
#2974 = CARTESIAN_POINT('',(55.219772609758,249.65126708714,
    5.288350716177));
#2975 = VECTOR('',#2976,1.);
#2976 = DIRECTION('',(-0.,-0.258819045103,-0.965925826289));
#2977 = PCURVE('',#732,#2978);
#2978 = DEFINITIONAL_REPRESENTATION('',(#2979),#2983);
#2979 = LINE('',#2980,#2981);
#2980 = CARTESIAN_POINT('',(1.2,25.219772609758));
#2981 = VECTOR('',#2982,1.);
#2982 = DIRECTION('',(-1.,0.));
#2983 = ( GEOMETRIC_REPRESENTATION_CONTEXT(2) 
PARAMETRIC_REPRESENTATION_CONTEXT() REPRESENTATION_CONTEXT('2D SPACE',''
  ) );
#2984 = PCURVE('',#2929,#2985);
#2985 = DEFINITIONAL_REPRESENTATION('',(#2986),#2990);
#2986 = LINE('',#2987,#2988);
#2987 = CARTESIAN_POINT('',(-4.5470212417E-02,0.));
#2988 = VECTOR('',#2989,1.);
#2989 = DIRECTION('',(-0.,1.));
#2990 = ( GEOMETRIC_REPRESENTATION_CONTEXT(2) 
PARAMETRIC_REPRESENTATION_CONTEXT() REPRESENTATION_CONTEXT('2D SPACE',''
  ) );
#2991 = ORIENTED_EDGE('',*,*,#2992,.T.);
#2992 = EDGE_CURVE('',#2970,#2993,#2995,.T.);
#2993 = VERTEX_POINT('',#2994);
#2994 = CARTESIAN_POINT('',(55.069282032303,252.23945753816,
    14.947608979068));
#2995 = SURFACE_CURVE('',#2996,(#3020,#3047),.PCURVE_S1.);
#2996 = B_SPLINE_CURVE_WITH_KNOTS('',8,(#2997,#2998,#2999,#3000,#3001,
    #3002,#3003,#3004,#3005,#3006,#3007,#3008,#3009,#3010,#3011,#3012,
    #3013,#3014,#3015,#3016,#3017,#3018,#3019),.UNSPECIFIED.,.F.,.F.,(9,
    7,7,9),(0.,0.430740214437,0.864130445036,1.),.UNSPECIFIED.);
#2997 = CARTESIAN_POINT('',(55.219772609758,252.2006346814,
    14.802720105124));
#2998 = CARTESIAN_POINT('',(55.219772609758,252.20393292766,
    14.815029327774));
#2999 = CARTESIAN_POINT('',(55.218534031243,252.20723116311,
    14.827338510049));
#3000 = CARTESIAN_POINT('',(55.216056887458,252.21049308535,
    14.839512169565));
#3001 = CARTESIAN_POINT('',(55.212360249387,252.21368238691,
    14.851414805017));
#3002 = CARTESIAN_POINT('',(55.207482221963,252.21676360587,
    14.862914070745));
#3003 = CARTESIAN_POINT('',(55.201479265271,252.2197029348,
    14.873883795647));
#3004 = CARTESIAN_POINT('',(55.194424860748,252.22246898793,
    14.884206846452));
#3005 = CARTESIAN_POINT('',(55.178340859449,252.22761384308,
    14.903407707261));
#3006 = CARTESIAN_POINT('',(55.169305657549,252.22998815143,
    14.912268746684));
#3007 = CARTESIAN_POINT('',(55.159388351222,252.23213025291,
    14.920263178244));
#3008 = CARTESIAN_POINT('',(55.148689757462,252.23401533969,
    14.927298417874));
#3009 = CARTESIAN_POINT('',(55.1373270628,252.23562090341,14.93329046323
    ));
#3010 = CARTESIAN_POINT('',(55.125437172874,252.23692855173,
    14.938170673197));
#3011 = CARTESIAN_POINT('',(55.113172302829,252.23792570629,
    14.94189210468));
#3012 = CARTESIAN_POINT('',(55.096790116759,252.23882280193,
    14.945240111187));
#3013 = CARTESIAN_POINT('',(55.09286177269,252.23900592582,
    14.945923538849));
#3014 = CARTESIAN_POINT('',(55.088919637013,252.2391580413,
    14.946491241576));
#3015 = CARTESIAN_POINT('',(55.08496985064,252.23927910345,
    14.946943051643));
#3016 = CARTESIAN_POINT('',(55.08102035541,252.23936915176,
    14.947279116526));
#3017 = CARTESIAN_POINT('',(55.077081002868,252.23942843374,
    14.947500359889));
#3018 = CARTESIAN_POINT('',(55.073163620051,252.23945753816,
    14.947608979068));
#3019 = CARTESIAN_POINT('',(55.069282032303,252.23945753816,
    14.947608979068));
#3020 = PCURVE('',#732,#3021);
#3021 = DEFINITIONAL_REPRESENTATION('',(#3022),#3046);
#3022 = B_SPLINE_CURVE_WITH_KNOTS('',8,(#3023,#3024,#3025,#3026,#3027,
    #3028,#3029,#3030,#3031,#3032,#3033,#3034,#3035,#3036,#3037,#3038,
    #3039,#3040,#3041,#3042,#3043,#3044,#3045),.UNSPECIFIED.,.F.,.F.,(9,
    7,7,9),(0.,0.430740214437,0.864130445036,1.),.UNSPECIFIED.);
#3023 = CARTESIAN_POINT('',(11.05,25.219772609758));
#3024 = CARTESIAN_POINT('',(11.062743445008,25.219772609758));
#3025 = CARTESIAN_POINT('',(11.075486848218,25.218534031243));
#3026 = CARTESIAN_POINT('',(11.088089947943,25.216056887458));
#3027 = CARTESIAN_POINT('',(11.100412462911,25.212360249387));
#3028 = CARTESIAN_POINT('',(11.112317378812,25.207482221963));
#3029 = CARTESIAN_POINT('',(11.123674073708,25.201479265271));
#3030 = CARTESIAN_POINT('',(11.134361282316,25.194424860748));
#3031 = CARTESIAN_POINT('',(11.154239476154,25.178340859449));
#3032 = CARTESIAN_POINT('',(11.163413099203,25.169305657549));
#3033 = CARTESIAN_POINT('',(11.171689543773,25.159388351222));
#3034 = CARTESIAN_POINT('',(11.178972959786,25.148689757462));
#3035 = CARTESIAN_POINT('',(11.185176381614,25.1373270628));
#3036 = CARTESIAN_POINT('',(11.190228746749,25.125437172874));
#3037 = CARTESIAN_POINT('',(11.19408145612,25.113172302829));
#3038 = CARTESIAN_POINT('',(11.197547567508,25.096790116759));
#3039 = CARTESIAN_POINT('',(11.198255103888,25.09286177269));
#3040 = CARTESIAN_POINT('',(11.198842832999,25.088919637013));
#3041 = CARTESIAN_POINT('',(11.199310581199,25.08496985064));
#3042 = CARTESIAN_POINT('',(11.199658501168,25.08102035541));
#3043 = CARTESIAN_POINT('',(11.199887549152,25.077081002868));
#3044 = CARTESIAN_POINT('',(11.2,25.073163620051));
#3045 = CARTESIAN_POINT('',(11.2,25.069282032303));
#3046 = ( GEOMETRIC_REPRESENTATION_CONTEXT(2) 
PARAMETRIC_REPRESENTATION_CONTEXT() REPRESENTATION_CONTEXT('2D SPACE',''
  ) );
#3047 = PCURVE('',#2874,#3048);
#3048 = DEFINITIONAL_REPRESENTATION('',(#3049),#3073);
#3049 = B_SPLINE_CURVE_WITH_KNOTS('',8,(#3050,#3051,#3052,#3053,#3054,
    #3055,#3056,#3057,#3058,#3059,#3060,#3061,#3062,#3063,#3064,#3065,
    #3066,#3067,#3068,#3069,#3070,#3071,#3072),.UNSPECIFIED.,.F.,.F.,(9,
    7,7,9),(0.,0.430740214437,0.864130445036,1.),.UNSPECIFIED.);
#3050 = CARTESIAN_POINT('',(4.5470212417E-02,0.));
#3051 = CARTESIAN_POINT('',(4.5470212417E-02,8.495630005403E-02));
#3052 = CARTESIAN_POINT('',(4.572631528328E-02,0.169912343192));
#3053 = CARTESIAN_POINT('',(4.623765771337E-02,0.254867317707));
#3054 = CARTESIAN_POINT('',(4.701768223916E-02,0.339820532278));
#3055 = CARTESIAN_POINT('',(4.809055156445E-02,0.424771005639));
#3056 = CARTESIAN_POINT('',(4.949474758651E-02,0.509716923902));
#3057 = CARTESIAN_POINT('',(5.129385510183E-02,0.594654965517));
#3058 = CARTESIAN_POINT('',(5.590935958999E-02,0.765026498126));
#3059 = CARTESIAN_POINT('',(5.873118548126E-02,0.850393295027));
#3060 = CARTESIAN_POINT('',(6.216477249037E-02,0.935741670506));
#3061 = CARTESIAN_POINT('',(6.639046104987E-02,1.021090189826));
#3062 = CARTESIAN_POINT('',(7.159496305284E-02,1.106423914506));
#3063 = CARTESIAN_POINT('',(7.823718298677E-02,1.191667232935));
#3064 = CARTESIAN_POINT('',(8.680099576627E-02,1.276707245214));
#3065 = CARTESIAN_POINT('',(0.102798403006,1.387816645474));
#3066 = CARTESIAN_POINT('',(0.106970060174,1.414277588612));
#3067 = CARTESIAN_POINT('',(0.111547614076,1.440677477719));
#3068 = CARTESIAN_POINT('',(0.116594625246,1.46700181815));
#3069 = CARTESIAN_POINT('',(0.122188439703,1.493223742558));
#3070 = CARTESIAN_POINT('',(0.12842502587,1.519303000659));
#3071 = CARTESIAN_POINT('',(0.135425961256,1.545184489866));
#3072 = CARTESIAN_POINT('',(0.143347568905,1.570796326795));
#3073 = ( GEOMETRIC_REPRESENTATION_CONTEXT(2) 
PARAMETRIC_REPRESENTATION_CONTEXT() REPRESENTATION_CONTEXT('2D SPACE',''
  ) );
#3074 = ORIENTED_EDGE('',*,*,#3075,.F.);
#3075 = EDGE_CURVE('',#2819,#2993,#3076,.T.);
#3076 = SURFACE_CURVE('',#3077,(#3081,#3088),.PCURVE_S1.);
#3077 = LINE('',#3078,#3079);
#3078 = CARTESIAN_POINT('',(42.5,252.23945753816,14.947608979068));
#3079 = VECTOR('',#3080,1.);
#3080 = DIRECTION('',(1.,0.,0.));
#3081 = PCURVE('',#732,#3082);
#3082 = DEFINITIONAL_REPRESENTATION('',(#3083),#3087);
#3083 = LINE('',#3084,#3085);
#3084 = CARTESIAN_POINT('',(11.2,12.5));
#3085 = VECTOR('',#3086,1.);
#3086 = DIRECTION('',(0.,1.));
#3087 = ( GEOMETRIC_REPRESENTATION_CONTEXT(2) 
PARAMETRIC_REPRESENTATION_CONTEXT() REPRESENTATION_CONTEXT('2D SPACE',''
  ) );
#3088 = PCURVE('',#3089,#3094);
#3089 = PLANE('',#3090);
#3090 = AXIS2_PLACEMENT_3D('',#3091,#3092,#3093);
#3091 = CARTESIAN_POINT('',(55.,252.2297982799,14.950197169519));
#3092 = DIRECTION('',(0.,0.258819045103,0.965925826289));
#3093 = DIRECTION('',(1.,0.,0.));
#3094 = DEFINITIONAL_REPRESENTATION('',(#3095),#3099);
#3095 = LINE('',#3096,#3097);
#3096 = CARTESIAN_POINT('',(-12.5,9.99999999998E-03));
#3097 = VECTOR('',#3098,1.);
#3098 = DIRECTION('',(1.,0.));
#3099 = ( GEOMETRIC_REPRESENTATION_CONTEXT(2) 
PARAMETRIC_REPRESENTATION_CONTEXT() REPRESENTATION_CONTEXT('2D SPACE',''
  ) );
#3100 = ADVANCED_FACE('',(#3101),#652,.T.);
#3101 = FACE_BOUND('',#3102,.F.);
#3102 = EDGE_LOOP('',(#3103,#3104,#3105,#3106));
#3103 = ORIENTED_EDGE('',*,*,#944,.F.);
#3104 = ORIENTED_EDGE('',*,*,#631,.T.);
#3105 = ORIENTED_EDGE('',*,*,#1245,.T.);
#3106 = ORIENTED_EDGE('',*,*,#3107,.F.);
#3107 = EDGE_CURVE('',#917,#1223,#3108,.T.);
#3108 = SURFACE_CURVE('',#3109,(#3114,#3121),.PCURVE_S1.);
#3109 = CIRCLE('',#3110,0.6);
#3110 = AXIS2_PLACEMENT_3D('',#3111,#3112,#3113);
#3111 = CARTESIAN_POINT('',(59.4,241.19880265282,20.494133990531));
#3112 = DIRECTION('',(0.,-0.258819045103,-0.965925826289));
#3113 = DIRECTION('',(1.,0.,0.));
#3114 = PCURVE('',#652,#3115);
#3115 = DEFINITIONAL_REPRESENTATION('',(#3116),#3120);
#3116 = LINE('',#3117,#3118);
#3117 = CARTESIAN_POINT('',(-0.,13.7));
#3118 = VECTOR('',#3119,1.);
#3119 = DIRECTION('',(-1.,0.));
#3120 = ( GEOMETRIC_REPRESENTATION_CONTEXT(2) 
PARAMETRIC_REPRESENTATION_CONTEXT() REPRESENTATION_CONTEXT('2D SPACE',''
  ) );
#3121 = PCURVE('',#1206,#3122);
#3122 = DEFINITIONAL_REPRESENTATION('',(#3123),#3127);
#3123 = LINE('',#3124,#3125);
#3124 = CARTESIAN_POINT('',(-0.,0.));
#3125 = VECTOR('',#3126,1.);
#3126 = DIRECTION('',(-1.,0.));
#3127 = ( GEOMETRIC_REPRESENTATION_CONTEXT(2) 
PARAMETRIC_REPRESENTATION_CONTEXT() REPRESENTATION_CONTEXT('2D SPACE',''
  ) );
#3128 = ADVANCED_FACE('',(#3129),#704,.T.);
#3129 = FACE_BOUND('',#3130,.T.);
#3130 = EDGE_LOOP('',(#3131,#3132,#3133,#3134));
#3131 = ORIENTED_EDGE('',*,*,#966,.F.);
#3132 = ORIENTED_EDGE('',*,*,#687,.T.);
#3133 = ORIENTED_EDGE('',*,*,#2218,.T.);
#3134 = ORIENTED_EDGE('',*,*,#3135,.T.);
#3135 = EDGE_CURVE('',#2191,#967,#3136,.T.);
#3136 = SURFACE_CURVE('',#3137,(#3142,#3149),.PCURVE_S1.);
#3137 = CIRCLE('',#3138,0.6);
#3138 = AXIS2_PLACEMENT_3D('',#3139,#3140,#3141);
#3139 = CARTESIAN_POINT('',(59.4,252.30694965514,17.517714971852));
#3140 = DIRECTION('',(0.,-0.258819045103,-0.965925826289));
#3141 = DIRECTION('',(0.,0.965925826289,-0.258819045103));
#3142 = PCURVE('',#704,#3143);
#3143 = DEFINITIONAL_REPRESENTATION('',(#3144),#3148);
#3144 = LINE('',#3145,#3146);
#3145 = CARTESIAN_POINT('',(1.570796326795,13.7));
#3146 = VECTOR('',#3147,1.);
#3147 = DIRECTION('',(-1.,-0.));
#3148 = ( GEOMETRIC_REPRESENTATION_CONTEXT(2) 
PARAMETRIC_REPRESENTATION_CONTEXT() REPRESENTATION_CONTEXT('2D SPACE',''
  ) );
#3149 = PCURVE('',#3150,#3155);
#3150 = TOROIDAL_SURFACE('',#3151,0.3,0.3);
#3151 = AXIS2_PLACEMENT_3D('',#3152,#3153,#3154);
#3152 = CARTESIAN_POINT('',(59.4,252.30694965514,17.517714971852));
#3153 = DIRECTION('',(0.,0.258819045103,0.965925826289));
#3154 = DIRECTION('',(0.,0.965925826289,-0.258819045103));
#3155 = DEFINITIONAL_REPRESENTATION('',(#3156),#3160);
#3156 = LINE('',#3157,#3158);
#3157 = CARTESIAN_POINT('',(-0.,0.));
#3158 = VECTOR('',#3159,1.);
#3159 = DIRECTION('',(-1.,0.));
#3160 = ( GEOMETRIC_REPRESENTATION_CONTEXT(2) 
PARAMETRIC_REPRESENTATION_CONTEXT() REPRESENTATION_CONTEXT('2D SPACE',''
  ) );
#3161 = ADVANCED_FACE('',(#3162),#822,.T.);
#3162 = FACE_BOUND('',#3163,.T.);
#3163 = EDGE_LOOP('',(#3164,#3165,#3166,#3189,#3217,#3240));
#3164 = ORIENTED_EDGE('',*,*,#806,.F.);
#3165 = ORIENTED_EDGE('',*,*,#2163,.F.);
#3166 = ORIENTED_EDGE('',*,*,#3167,.F.);
#3167 = EDGE_CURVE('',#3168,#2132,#3170,.T.);
#3168 = VERTEX_POINT('',#3169);
#3169 = CARTESIAN_POINT('',(59.7,252.38459536867,17.807492719739));
#3170 = SURFACE_CURVE('',#3171,(#3175,#3182),.PCURVE_S1.);
#3171 = LINE('',#3172,#3173);
#3172 = CARTESIAN_POINT('',(59.7,252.38459536867,17.807492719739));
#3173 = VECTOR('',#3174,1.);
#3174 = DIRECTION('',(-0.,-0.965925826289,0.258819045103));
#3175 = PCURVE('',#822,#3176);
#3176 = DEFINITIONAL_REPRESENTATION('',(#3177),#3181);
#3177 = LINE('',#3178,#3179);
#3178 = CARTESIAN_POINT('',(29.7,12.1));
#3179 = VECTOR('',#3180,1.);
#3180 = DIRECTION('',(0.,-1.));
#3181 = ( GEOMETRIC_REPRESENTATION_CONTEXT(2) 
PARAMETRIC_REPRESENTATION_CONTEXT() REPRESENTATION_CONTEXT('2D SPACE',''
  ) );
#3182 = PCURVE('',#1003,#3183);
#3183 = DEFINITIONAL_REPRESENTATION('',(#3184),#3188);
#3184 = LINE('',#3185,#3186);
#3185 = CARTESIAN_POINT('',(1.570796326795,0.));
#3186 = VECTOR('',#3187,1.);
#3187 = DIRECTION('',(0.,1.));
#3188 = ( GEOMETRIC_REPRESENTATION_CONTEXT(2) 
PARAMETRIC_REPRESENTATION_CONTEXT() REPRESENTATION_CONTEXT('2D SPACE',''
  ) );
#3189 = ORIENTED_EDGE('',*,*,#3190,.F.);
#3190 = EDGE_CURVE('',#3191,#3168,#3193,.T.);
#3191 = VERTEX_POINT('',#3192);
#3192 = CARTESIAN_POINT('',(59.4,252.67437311656,17.729847006208));
#3193 = SURFACE_CURVE('',#3194,(#3199,#3210),.PCURVE_S1.);
#3194 = CIRCLE('',#3195,0.3);
#3195 = AXIS2_PLACEMENT_3D('',#3196,#3197,#3198);
#3196 = CARTESIAN_POINT('',(59.4,252.38459536867,17.807492719739));
#3197 = DIRECTION('',(0.,-0.258819045103,-0.965925826289));
#3198 = DIRECTION('',(0.,0.965925826289,-0.258819045103));
#3199 = PCURVE('',#822,#3200);
#3200 = DEFINITIONAL_REPRESENTATION('',(#3201),#3209);
#3201 = ( BOUNDED_CURVE() B_SPLINE_CURVE(2,(#3202,#3203,#3204,#3205,
#3206,#3207,#3208),.UNSPECIFIED.,.T.,.F.) B_SPLINE_CURVE_WITH_KNOTS((1,2
    ,2,2,2,1),(-2.094395102393,0.,2.094395102393,4.188790204786,
6.28318530718,8.377580409573),.UNSPECIFIED.) CURVE() 
GEOMETRIC_REPRESENTATION_ITEM() RATIONAL_B_SPLINE_CURVE((1.,0.5,1.,0.5,
1.,0.5,1.)) REPRESENTATION_ITEM('') );
#3202 = CARTESIAN_POINT('',(29.4,12.4));
#3203 = CARTESIAN_POINT('',(29.919615242271,12.4));
#3204 = CARTESIAN_POINT('',(29.659807621135,11.95));
#3205 = CARTESIAN_POINT('',(29.4,11.5));
#3206 = CARTESIAN_POINT('',(29.140192378865,11.95));
#3207 = CARTESIAN_POINT('',(28.880384757729,12.4));
#3208 = CARTESIAN_POINT('',(29.4,12.4));
#3209 = ( GEOMETRIC_REPRESENTATION_CONTEXT(2) 
PARAMETRIC_REPRESENTATION_CONTEXT() REPRESENTATION_CONTEXT('2D SPACE',''
  ) );
#3210 = PCURVE('',#3150,#3211);
#3211 = DEFINITIONAL_REPRESENTATION('',(#3212),#3216);
#3212 = LINE('',#3213,#3214);
#3213 = CARTESIAN_POINT('',(-0.,1.570796326795));
#3214 = VECTOR('',#3215,1.);
#3215 = DIRECTION('',(-1.,0.));
#3216 = ( GEOMETRIC_REPRESENTATION_CONTEXT(2) 
PARAMETRIC_REPRESENTATION_CONTEXT() REPRESENTATION_CONTEXT('2D SPACE',''
  ) );
#3217 = ORIENTED_EDGE('',*,*,#3218,.F.);
#3218 = EDGE_CURVE('',#3219,#3191,#3221,.T.);
#3219 = VERTEX_POINT('',#3220);
#3220 = CARTESIAN_POINT('',(30.6,252.67437311656,17.729847006208));
#3221 = SURFACE_CURVE('',#3222,(#3226,#3233),.PCURVE_S1.);
#3222 = LINE('',#3223,#3224);
#3223 = CARTESIAN_POINT('',(30.6,252.67437311656,17.729847006208));
#3224 = VECTOR('',#3225,1.);
#3225 = DIRECTION('',(1.,0.,0.));
#3226 = PCURVE('',#822,#3227);
#3227 = DEFINITIONAL_REPRESENTATION('',(#3228),#3232);
#3228 = LINE('',#3229,#3230);
#3229 = CARTESIAN_POINT('',(0.6,12.4));
#3230 = VECTOR('',#3231,1.);
#3231 = DIRECTION('',(1.,0.));
#3232 = ( GEOMETRIC_REPRESENTATION_CONTEXT(2) 
PARAMETRIC_REPRESENTATION_CONTEXT() REPRESENTATION_CONTEXT('2D SPACE',''
  ) );
#3233 = PCURVE('',#2206,#3234);
#3234 = DEFINITIONAL_REPRESENTATION('',(#3235),#3239);
#3235 = LINE('',#3236,#3237);
#3236 = CARTESIAN_POINT('',(1.570796326795,0.));
#3237 = VECTOR('',#3238,1.);
#3238 = DIRECTION('',(0.,1.));
#3239 = ( GEOMETRIC_REPRESENTATION_CONTEXT(2) 
PARAMETRIC_REPRESENTATION_CONTEXT() REPRESENTATION_CONTEXT('2D SPACE',''
  ) );
#3240 = ORIENTED_EDGE('',*,*,#3241,.F.);
#3241 = EDGE_CURVE('',#807,#3219,#3242,.T.);
#3242 = SURFACE_CURVE('',#3243,(#3248,#3259),.PCURVE_S1.);
#3243 = CIRCLE('',#3244,0.3);
#3244 = AXIS2_PLACEMENT_3D('',#3245,#3246,#3247);
#3245 = CARTESIAN_POINT('',(30.6,252.38459536867,17.807492719739));
#3246 = DIRECTION('',(-0.,-0.258819045103,-0.965925826289));
#3247 = DIRECTION('',(-1.,0.,0.));
#3248 = PCURVE('',#822,#3249);
#3249 = DEFINITIONAL_REPRESENTATION('',(#3250),#3258);
#3250 = ( BOUNDED_CURVE() B_SPLINE_CURVE(2,(#3251,#3252,#3253,#3254,
#3255,#3256,#3257),.UNSPECIFIED.,.T.,.F.) B_SPLINE_CURVE_WITH_KNOTS((1,2
    ,2,2,2,1),(-2.094395102393,0.,2.094395102393,4.188790204786,
6.28318530718,8.377580409573),.UNSPECIFIED.) CURVE() 
GEOMETRIC_REPRESENTATION_ITEM() RATIONAL_B_SPLINE_CURVE((1.,0.5,1.,0.5,
1.,0.5,1.)) REPRESENTATION_ITEM('') );
#3251 = CARTESIAN_POINT('',(0.3,12.1));
#3252 = CARTESIAN_POINT('',(0.3,12.619615242271));
#3253 = CARTESIAN_POINT('',(0.75,12.359807621135));
#3254 = CARTESIAN_POINT('',(1.2,12.1));
#3255 = CARTESIAN_POINT('',(0.75,11.840192378865));
#3256 = CARTESIAN_POINT('',(0.3,11.580384757729));
#3257 = CARTESIAN_POINT('',(0.3,12.1));
#3258 = ( GEOMETRIC_REPRESENTATION_CONTEXT(2) 
PARAMETRIC_REPRESENTATION_CONTEXT() REPRESENTATION_CONTEXT('2D SPACE',''
  ) );
#3259 = PCURVE('',#849,#3260);
#3260 = DEFINITIONAL_REPRESENTATION('',(#3261),#3265);
#3261 = LINE('',#3262,#3263);
#3262 = CARTESIAN_POINT('',(-0.,1.570796326795));
#3263 = VECTOR('',#3264,1.);
#3264 = DIRECTION('',(-1.,0.));
#3265 = ( GEOMETRIC_REPRESENTATION_CONTEXT(2) 
PARAMETRIC_REPRESENTATION_CONTEXT() REPRESENTATION_CONTEXT('2D SPACE',''
  ) );
#3266 = ADVANCED_FACE('',(#3267),#849,.T.);
#3267 = FACE_BOUND('',#3268,.F.);
#3268 = EDGE_LOOP('',(#3269,#3270,#3271,#3293));
#3269 = ORIENTED_EDGE('',*,*,#834,.F.);
#3270 = ORIENTED_EDGE('',*,*,#890,.T.);
#3271 = ORIENTED_EDGE('',*,*,#3272,.T.);
#3272 = EDGE_CURVE('',#868,#3219,#3273,.T.);
#3273 = SURFACE_CURVE('',#3274,(#3279,#3286),.PCURVE_S1.);
#3274 = CIRCLE('',#3275,0.3);
#3275 = AXIS2_PLACEMENT_3D('',#3276,#3277,#3278);
#3276 = CARTESIAN_POINT('',(30.6,252.59672740303,17.440069258321));
#3277 = DIRECTION('',(1.,5.914589856893E-17,-1.584809575716E-17));
#3278 = DIRECTION('',(-6.123233995737E-17,0.965925826289,-0.258819045103
    ));
#3279 = PCURVE('',#849,#3280);
#3280 = DEFINITIONAL_REPRESENTATION('',(#3281),#3285);
#3281 = LINE('',#3282,#3283);
#3282 = CARTESIAN_POINT('',(-1.570796326795,0.));
#3283 = VECTOR('',#3284,1.);
#3284 = DIRECTION('',(-0.,1.));
#3285 = ( GEOMETRIC_REPRESENTATION_CONTEXT(2) 
PARAMETRIC_REPRESENTATION_CONTEXT() REPRESENTATION_CONTEXT('2D SPACE',''
  ) );
#3286 = PCURVE('',#2206,#3287);
#3287 = DEFINITIONAL_REPRESENTATION('',(#3288),#3292);
#3288 = LINE('',#3289,#3290);
#3289 = CARTESIAN_POINT('',(0.,0.));
#3290 = VECTOR('',#3291,1.);
#3291 = DIRECTION('',(1.,0.));
#3292 = ( GEOMETRIC_REPRESENTATION_CONTEXT(2) 
PARAMETRIC_REPRESENTATION_CONTEXT() REPRESENTATION_CONTEXT('2D SPACE',''
  ) );
#3293 = ORIENTED_EDGE('',*,*,#3241,.F.);
#3294 = ADVANCED_FACE('',(#3295),#932,.T.);
#3295 = FACE_BOUND('',#3296,.T.);
#3296 = EDGE_LOOP('',(#3297,#3298,#3299,#3321));
#3297 = ORIENTED_EDGE('',*,*,#1020,.T.);
#3298 = ORIENTED_EDGE('',*,*,#1138,.T.);
#3299 = ORIENTED_EDGE('',*,*,#3300,.F.);
#3300 = EDGE_CURVE('',#917,#1139,#3301,.T.);
#3301 = SURFACE_CURVE('',#3302,(#3307,#3314),.PCURVE_S1.);
#3302 = CIRCLE('',#3303,0.3);
#3303 = AXIS2_PLACEMENT_3D('',#3304,#3305,#3306);
#3304 = CARTESIAN_POINT('',(59.7,241.19880265282,20.494133990531));
#3305 = DIRECTION('',(0.,-0.965925826289,0.258819045103));
#3306 = DIRECTION('',(1.,0.,0.));
#3307 = PCURVE('',#932,#3308);
#3308 = DEFINITIONAL_REPRESENTATION('',(#3309),#3313);
#3309 = LINE('',#3310,#3311);
#3310 = CARTESIAN_POINT('',(0.,2.05));
#3311 = VECTOR('',#3312,1.);
#3312 = DIRECTION('',(1.,0.));
#3313 = ( GEOMETRIC_REPRESENTATION_CONTEXT(2) 
PARAMETRIC_REPRESENTATION_CONTEXT() REPRESENTATION_CONTEXT('2D SPACE',''
  ) );
#3314 = PCURVE('',#1206,#3315);
#3315 = DEFINITIONAL_REPRESENTATION('',(#3316),#3320);
#3316 = LINE('',#3317,#3318);
#3317 = CARTESIAN_POINT('',(-0.,0.));
#3318 = VECTOR('',#3319,1.);
#3319 = DIRECTION('',(-0.,1.));
#3320 = ( GEOMETRIC_REPRESENTATION_CONTEXT(2) 
PARAMETRIC_REPRESENTATION_CONTEXT() REPRESENTATION_CONTEXT('2D SPACE',''
  ) );
#3321 = ORIENTED_EDGE('',*,*,#916,.F.);
#3322 = ADVANCED_FACE('',(#3323),#1003,.T.);
#3323 = FACE_BOUND('',#3324,.T.);
#3324 = EDGE_LOOP('',(#3325,#3347,#3348,#3349));
#3325 = ORIENTED_EDGE('',*,*,#3326,.T.);
#3326 = EDGE_CURVE('',#967,#3168,#3327,.T.);
#3327 = SURFACE_CURVE('',#3328,(#3333,#3340),.PCURVE_S1.);
#3328 = CIRCLE('',#3329,0.3);
#3329 = AXIS2_PLACEMENT_3D('',#3330,#3331,#3332);
#3330 = CARTESIAN_POINT('',(59.7,252.30694965514,17.517714971852));
#3331 = DIRECTION('',(-3.047392128993E-15,-0.965925826289,0.258819045103
    ));
#3332 = DIRECTION('',(1.,-2.943554760224E-15,7.887231208789E-16));
#3333 = PCURVE('',#1003,#3334);
#3334 = DEFINITIONAL_REPRESENTATION('',(#3335),#3339);
#3335 = LINE('',#3336,#3337);
#3336 = CARTESIAN_POINT('',(0.,0.));
#3337 = VECTOR('',#3338,1.);
#3338 = DIRECTION('',(1.,0.));
#3339 = ( GEOMETRIC_REPRESENTATION_CONTEXT(2) 
PARAMETRIC_REPRESENTATION_CONTEXT() REPRESENTATION_CONTEXT('2D SPACE',''
  ) );
#3340 = PCURVE('',#3150,#3341);
#3341 = DEFINITIONAL_REPRESENTATION('',(#3342),#3346);
#3342 = LINE('',#3343,#3344);
#3343 = CARTESIAN_POINT('',(-1.570796326795,0.));
#3344 = VECTOR('',#3345,1.);
#3345 = DIRECTION('',(-0.,1.));
#3346 = ( GEOMETRIC_REPRESENTATION_CONTEXT(2) 
PARAMETRIC_REPRESENTATION_CONTEXT() REPRESENTATION_CONTEXT('2D SPACE',''
  ) );
#3347 = ORIENTED_EDGE('',*,*,#3167,.T.);
#3348 = ORIENTED_EDGE('',*,*,#2131,.F.);
#3349 = ORIENTED_EDGE('',*,*,#989,.F.);
#3350 = ADVANCED_FACE('',(#3351),#1095,.T.);
#3351 = FACE_BOUND('',#3352,.T.);
#3352 = EDGE_LOOP('',(#3353,#3375,#3376,#3377));
#3353 = ORIENTED_EDGE('',*,*,#3354,.T.);
#3354 = EDGE_CURVE('',#1223,#1165,#3355,.T.);
#3355 = SURFACE_CURVE('',#3356,(#3361,#3368),.PCURVE_S1.);
#3356 = CIRCLE('',#3357,0.3);
#3357 = AXIS2_PLACEMENT_3D('',#3358,#3359,#3360);
#3358 = CARTESIAN_POINT('',(59.4,240.90902490493,20.571779704062));
#3359 = DIRECTION('',(-1.,-5.914589856893E-17,1.584809575716E-17));
#3360 = DIRECTION('',(6.123233995737E-17,-0.965925826289,0.258819045103)
  );
#3361 = PCURVE('',#1095,#3362);
#3362 = DEFINITIONAL_REPRESENTATION('',(#3363),#3367);
#3363 = LINE('',#3364,#3365);
#3364 = CARTESIAN_POINT('',(0.,0.));
#3365 = VECTOR('',#3366,1.);
#3366 = DIRECTION('',(1.,0.));
#3367 = ( GEOMETRIC_REPRESENTATION_CONTEXT(2) 
PARAMETRIC_REPRESENTATION_CONTEXT() REPRESENTATION_CONTEXT('2D SPACE',''
  ) );
#3368 = PCURVE('',#1206,#3369);
#3369 = DEFINITIONAL_REPRESENTATION('',(#3370),#3374);
#3370 = LINE('',#3371,#3372);
#3371 = CARTESIAN_POINT('',(-1.570796326795,0.));
#3372 = VECTOR('',#3373,1.);
#3373 = DIRECTION('',(-0.,1.));
#3374 = ( GEOMETRIC_REPRESENTATION_CONTEXT(2) 
PARAMETRIC_REPRESENTATION_CONTEXT() REPRESENTATION_CONTEXT('2D SPACE',''
  ) );
#3375 = ORIENTED_EDGE('',*,*,#1164,.T.);
#3376 = ORIENTED_EDGE('',*,*,#1078,.F.);
#3377 = ORIENTED_EDGE('',*,*,#1222,.F.);
#3378 = ADVANCED_FACE('',(#3379),#1206,.T.);
#3379 = FACE_BOUND('',#3380,.F.);
#3380 = EDGE_LOOP('',(#3381,#3382,#3383,#3384));
#3381 = ORIENTED_EDGE('',*,*,#3300,.F.);
#3382 = ORIENTED_EDGE('',*,*,#3107,.T.);
#3383 = ORIENTED_EDGE('',*,*,#3354,.T.);
#3384 = ORIENTED_EDGE('',*,*,#1187,.F.);
#3385 = ADVANCED_FACE('',(#3386),#1327,.T.);
#3386 = FACE_BOUND('',#3387,.T.);
#3387 = EDGE_LOOP('',(#3388,#3389,#3411,#3412));
#3388 = ORIENTED_EDGE('',*,*,#1269,.F.);
#3389 = ORIENTED_EDGE('',*,*,#3390,.T.);
#3390 = EDGE_CURVE('',#1270,#1423,#3391,.T.);
#3391 = SURFACE_CURVE('',#3392,(#3397,#3404),.PCURVE_S1.);
#3392 = CIRCLE('',#3393,0.22);
#3393 = AXIS2_PLACEMENT_3D('',#3394,#3395,#3396);
#3394 = CARTESIAN_POINT('',(35.,239.94303594579,18.087133787475));
#3395 = DIRECTION('',(-0.,0.258819045103,0.965925826289));
#3396 = DIRECTION('',(1.,0.,0.));
#3397 = PCURVE('',#1327,#3398);
#3398 = DEFINITIONAL_REPRESENTATION('',(#3399),#3403);
#3399 = LINE('',#3400,#3401);
#3400 = CARTESIAN_POINT('',(0.,0.));
#3401 = VECTOR('',#3402,1.);
#3402 = DIRECTION('',(1.,0.));
#3403 = ( GEOMETRIC_REPRESENTATION_CONTEXT(2) 
PARAMETRIC_REPRESENTATION_CONTEXT() REPRESENTATION_CONTEXT('2D SPACE',''
  ) );
#3404 = PCURVE('',#1382,#3405);
#3405 = DEFINITIONAL_REPRESENTATION('',(#3406),#3410);
#3406 = LINE('',#3407,#3408);
#3407 = CARTESIAN_POINT('',(-0.,-9.85));
#3408 = VECTOR('',#3409,1.);
#3409 = DIRECTION('',(-1.,0.));
#3410 = ( GEOMETRIC_REPRESENTATION_CONTEXT(2) 
PARAMETRIC_REPRESENTATION_CONTEXT() REPRESENTATION_CONTEXT('2D SPACE',''
  ) );
#3411 = ORIENTED_EDGE('',*,*,#1445,.T.);
#3412 = ORIENTED_EDGE('',*,*,#3413,.F.);
#3413 = EDGE_CURVE('',#1272,#1446,#3414,.T.);
#3414 = SURFACE_CURVE('',#3415,(#3420,#3427),.PCURVE_S1.);
#3415 = CIRCLE('',#3416,7.E-02);
#3416 = AXIS2_PLACEMENT_3D('',#3417,#3418,#3419);
#3417 = CARTESIAN_POINT('',(35.,239.98185880255,18.232022661419));
#3418 = DIRECTION('',(-0.,0.258819045103,0.965925826289));
#3419 = DIRECTION('',(1.,0.,0.));
#3420 = PCURVE('',#1327,#3421);
#3421 = DEFINITIONAL_REPRESENTATION('',(#3422),#3426);
#3422 = LINE('',#3423,#3424);
#3423 = CARTESIAN_POINT('',(0.,1.570796326795));
#3424 = VECTOR('',#3425,1.);
#3425 = DIRECTION('',(1.,0.));
#3426 = ( GEOMETRIC_REPRESENTATION_CONTEXT(2) 
PARAMETRIC_REPRESENTATION_CONTEXT() REPRESENTATION_CONTEXT('2D SPACE',''
  ) );
#3427 = PCURVE('',#1542,#3428);
#3428 = DEFINITIONAL_REPRESENTATION('',(#3429),#3433);
#3429 = CIRCLE('',#3430,7.E-02);
#3430 = AXIS2_PLACEMENT_2D('',#3431,#3432);
#3431 = CARTESIAN_POINT('',(0.,0.));
#3432 = DIRECTION('',(1.,0.));
#3433 = ( GEOMETRIC_REPRESENTATION_CONTEXT(2) 
PARAMETRIC_REPRESENTATION_CONTEXT() REPRESENTATION_CONTEXT('2D SPACE',''
  ) );
#3434 = ADVANCED_FACE('',(#3435),#1382,.T.);
#3435 = FACE_BOUND('',#3436,.F.);
#3436 = EDGE_LOOP('',(#3437,#3438,#3439,#3440));
#3437 = ORIENTED_EDGE('',*,*,#1366,.F.);
#3438 = ORIENTED_EDGE('',*,*,#3390,.T.);
#3439 = ORIENTED_EDGE('',*,*,#1422,.T.);
#3440 = ORIENTED_EDGE('',*,*,#3441,.F.);
#3441 = EDGE_CURVE('',#1367,#1395,#3442,.T.);
#3442 = SURFACE_CURVE('',#3443,(#3448,#3455),.PCURVE_S1.);
#3443 = CIRCLE('',#3444,0.22);
#3444 = AXIS2_PLACEMENT_3D('',#3445,#3446,#3447);
#3445 = CARTESIAN_POINT('',(35.,237.39366835153,8.572764398528));
#3446 = DIRECTION('',(-0.,0.258819045103,0.965925826289));
#3447 = DIRECTION('',(1.,0.,0.));
#3448 = PCURVE('',#1382,#3449);
#3449 = DEFINITIONAL_REPRESENTATION('',(#3450),#3454);
#3450 = LINE('',#3451,#3452);
#3451 = CARTESIAN_POINT('',(-0.,0.));
#3452 = VECTOR('',#3453,1.);
#3453 = DIRECTION('',(-1.,0.));
#3454 = ( GEOMETRIC_REPRESENTATION_CONTEXT(2) 
PARAMETRIC_REPRESENTATION_CONTEXT() REPRESENTATION_CONTEXT('2D SPACE',''
  ) );
#3455 = PCURVE('',#1410,#3456);
#3456 = DEFINITIONAL_REPRESENTATION('',(#3457),#3461);
#3457 = CIRCLE('',#3458,0.22);
#3458 = AXIS2_PLACEMENT_2D('',#3459,#3460);
#3459 = CARTESIAN_POINT('',(0.,0.));
#3460 = DIRECTION('',(1.,0.));
#3461 = ( GEOMETRIC_REPRESENTATION_CONTEXT(2) 
PARAMETRIC_REPRESENTATION_CONTEXT() REPRESENTATION_CONTEXT('2D SPACE',''
  ) );
#3462 = ADVANCED_FACE('',(#3463),#1542,.T.);
#3463 = FACE_BOUND('',#3464,.T.);
#3464 = EDGE_LOOP('',(#3465,#3466));
#3465 = ORIENTED_EDGE('',*,*,#1528,.F.);
#3466 = ORIENTED_EDGE('',*,*,#3413,.T.);
#3467 = ADVANCED_FACE('',(#3468),#1410,.F.);
#3468 = FACE_BOUND('',#3469,.F.);
#3469 = EDGE_LOOP('',(#3470,#3471));
#3470 = ORIENTED_EDGE('',*,*,#1394,.F.);
#3471 = ORIENTED_EDGE('',*,*,#3441,.T.);
#3472 = ADVANCED_FACE('',(#3473),#1614,.T.);
#3473 = FACE_BOUND('',#3474,.T.);
#3474 = EDGE_LOOP('',(#3475,#3476,#3498,#3499));
#3475 = ORIENTED_EDGE('',*,*,#1556,.F.);
#3476 = ORIENTED_EDGE('',*,*,#3477,.T.);
#3477 = EDGE_CURVE('',#1557,#1710,#3478,.T.);
#3478 = SURFACE_CURVE('',#3479,(#3484,#3491),.PCURVE_S1.);
#3479 = CIRCLE('',#3480,0.22);
#3480 = AXIS2_PLACEMENT_3D('',#3481,#3482,#3483);
#3481 = CARTESIAN_POINT('',(45.,239.94303594579,18.087133787475));
#3482 = DIRECTION('',(-0.,0.258819045103,0.965925826289));
#3483 = DIRECTION('',(1.,0.,0.));
#3484 = PCURVE('',#1614,#3485);
#3485 = DEFINITIONAL_REPRESENTATION('',(#3486),#3490);
#3486 = LINE('',#3487,#3488);
#3487 = CARTESIAN_POINT('',(0.,0.));
#3488 = VECTOR('',#3489,1.);
#3489 = DIRECTION('',(1.,0.));
#3490 = ( GEOMETRIC_REPRESENTATION_CONTEXT(2) 
PARAMETRIC_REPRESENTATION_CONTEXT() REPRESENTATION_CONTEXT('2D SPACE',''
  ) );
#3491 = PCURVE('',#1669,#3492);
#3492 = DEFINITIONAL_REPRESENTATION('',(#3493),#3497);
#3493 = LINE('',#3494,#3495);
#3494 = CARTESIAN_POINT('',(-0.,-9.85));
#3495 = VECTOR('',#3496,1.);
#3496 = DIRECTION('',(-1.,0.));
#3497 = ( GEOMETRIC_REPRESENTATION_CONTEXT(2) 
PARAMETRIC_REPRESENTATION_CONTEXT() REPRESENTATION_CONTEXT('2D SPACE',''
  ) );
#3498 = ORIENTED_EDGE('',*,*,#1732,.T.);
#3499 = ORIENTED_EDGE('',*,*,#3500,.F.);
#3500 = EDGE_CURVE('',#1559,#1733,#3501,.T.);
#3501 = SURFACE_CURVE('',#3502,(#3507,#3514),.PCURVE_S1.);
#3502 = CIRCLE('',#3503,7.E-02);
#3503 = AXIS2_PLACEMENT_3D('',#3504,#3505,#3506);
#3504 = CARTESIAN_POINT('',(45.,239.98185880255,18.232022661419));
#3505 = DIRECTION('',(-0.,0.258819045103,0.965925826289));
#3506 = DIRECTION('',(1.,0.,0.));
#3507 = PCURVE('',#1614,#3508);
#3508 = DEFINITIONAL_REPRESENTATION('',(#3509),#3513);
#3509 = LINE('',#3510,#3511);
#3510 = CARTESIAN_POINT('',(0.,1.570796326795));
#3511 = VECTOR('',#3512,1.);
#3512 = DIRECTION('',(1.,0.));
#3513 = ( GEOMETRIC_REPRESENTATION_CONTEXT(2) 
PARAMETRIC_REPRESENTATION_CONTEXT() REPRESENTATION_CONTEXT('2D SPACE',''
  ) );
#3514 = PCURVE('',#1829,#3515);
#3515 = DEFINITIONAL_REPRESENTATION('',(#3516),#3520);
#3516 = CIRCLE('',#3517,7.E-02);
#3517 = AXIS2_PLACEMENT_2D('',#3518,#3519);
#3518 = CARTESIAN_POINT('',(0.,0.));
#3519 = DIRECTION('',(1.,0.));
#3520 = ( GEOMETRIC_REPRESENTATION_CONTEXT(2) 
PARAMETRIC_REPRESENTATION_CONTEXT() REPRESENTATION_CONTEXT('2D SPACE',''
  ) );
#3521 = ADVANCED_FACE('',(#3522),#1669,.T.);
#3522 = FACE_BOUND('',#3523,.F.);
#3523 = EDGE_LOOP('',(#3524,#3525,#3526,#3527));
#3524 = ORIENTED_EDGE('',*,*,#1653,.F.);
#3525 = ORIENTED_EDGE('',*,*,#3477,.T.);
#3526 = ORIENTED_EDGE('',*,*,#1709,.T.);
#3527 = ORIENTED_EDGE('',*,*,#3528,.F.);
#3528 = EDGE_CURVE('',#1654,#1682,#3529,.T.);
#3529 = SURFACE_CURVE('',#3530,(#3535,#3542),.PCURVE_S1.);
#3530 = CIRCLE('',#3531,0.22);
#3531 = AXIS2_PLACEMENT_3D('',#3532,#3533,#3534);
#3532 = CARTESIAN_POINT('',(45.,237.39366835153,8.572764398528));
#3533 = DIRECTION('',(-0.,0.258819045103,0.965925826289));
#3534 = DIRECTION('',(1.,0.,0.));
#3535 = PCURVE('',#1669,#3536);
#3536 = DEFINITIONAL_REPRESENTATION('',(#3537),#3541);
#3537 = LINE('',#3538,#3539);
#3538 = CARTESIAN_POINT('',(-0.,0.));
#3539 = VECTOR('',#3540,1.);
#3540 = DIRECTION('',(-1.,0.));
#3541 = ( GEOMETRIC_REPRESENTATION_CONTEXT(2) 
PARAMETRIC_REPRESENTATION_CONTEXT() REPRESENTATION_CONTEXT('2D SPACE',''
  ) );
#3542 = PCURVE('',#1697,#3543);
#3543 = DEFINITIONAL_REPRESENTATION('',(#3544),#3548);
#3544 = CIRCLE('',#3545,0.22);
#3545 = AXIS2_PLACEMENT_2D('',#3546,#3547);
#3546 = CARTESIAN_POINT('',(0.,0.));
#3547 = DIRECTION('',(1.,0.));
#3548 = ( GEOMETRIC_REPRESENTATION_CONTEXT(2) 
PARAMETRIC_REPRESENTATION_CONTEXT() REPRESENTATION_CONTEXT('2D SPACE',''
  ) );
#3549 = ADVANCED_FACE('',(#3550),#1829,.T.);
#3550 = FACE_BOUND('',#3551,.T.);
#3551 = EDGE_LOOP('',(#3552,#3553));
#3552 = ORIENTED_EDGE('',*,*,#1815,.F.);
#3553 = ORIENTED_EDGE('',*,*,#3500,.T.);
#3554 = ADVANCED_FACE('',(#3555),#1697,.F.);
#3555 = FACE_BOUND('',#3556,.F.);
#3556 = EDGE_LOOP('',(#3557,#3558));
#3557 = ORIENTED_EDGE('',*,*,#1681,.F.);
#3558 = ORIENTED_EDGE('',*,*,#3528,.T.);
#3559 = ADVANCED_FACE('',(#3560),#1901,.T.);
#3560 = FACE_BOUND('',#3561,.T.);
#3561 = EDGE_LOOP('',(#3562,#3563,#3585,#3586));
#3562 = ORIENTED_EDGE('',*,*,#1843,.F.);
#3563 = ORIENTED_EDGE('',*,*,#3564,.T.);
#3564 = EDGE_CURVE('',#1844,#1997,#3565,.T.);
#3565 = SURFACE_CURVE('',#3566,(#3571,#3578),.PCURVE_S1.);
#3566 = CIRCLE('',#3567,0.22);
#3567 = AXIS2_PLACEMENT_3D('',#3568,#3569,#3570);
#3568 = CARTESIAN_POINT('',(55.,239.94303594579,18.087133787475));
#3569 = DIRECTION('',(-0.,0.258819045103,0.965925826289));
#3570 = DIRECTION('',(1.,0.,0.));
#3571 = PCURVE('',#1901,#3572);
#3572 = DEFINITIONAL_REPRESENTATION('',(#3573),#3577);
#3573 = LINE('',#3574,#3575);
#3574 = CARTESIAN_POINT('',(0.,0.));
#3575 = VECTOR('',#3576,1.);
#3576 = DIRECTION('',(1.,0.));
#3577 = ( GEOMETRIC_REPRESENTATION_CONTEXT(2) 
PARAMETRIC_REPRESENTATION_CONTEXT() REPRESENTATION_CONTEXT('2D SPACE',''
  ) );
#3578 = PCURVE('',#1956,#3579);
#3579 = DEFINITIONAL_REPRESENTATION('',(#3580),#3584);
#3580 = LINE('',#3581,#3582);
#3581 = CARTESIAN_POINT('',(-0.,-9.85));
#3582 = VECTOR('',#3583,1.);
#3583 = DIRECTION('',(-1.,0.));
#3584 = ( GEOMETRIC_REPRESENTATION_CONTEXT(2) 
PARAMETRIC_REPRESENTATION_CONTEXT() REPRESENTATION_CONTEXT('2D SPACE',''
  ) );
#3585 = ORIENTED_EDGE('',*,*,#2019,.T.);
#3586 = ORIENTED_EDGE('',*,*,#3587,.F.);
#3587 = EDGE_CURVE('',#1846,#2020,#3588,.T.);
#3588 = SURFACE_CURVE('',#3589,(#3594,#3601),.PCURVE_S1.);
#3589 = CIRCLE('',#3590,7.E-02);
#3590 = AXIS2_PLACEMENT_3D('',#3591,#3592,#3593);
#3591 = CARTESIAN_POINT('',(55.,239.98185880255,18.232022661419));
#3592 = DIRECTION('',(-0.,0.258819045103,0.965925826289));
#3593 = DIRECTION('',(1.,0.,0.));
#3594 = PCURVE('',#1901,#3595);
#3595 = DEFINITIONAL_REPRESENTATION('',(#3596),#3600);
#3596 = LINE('',#3597,#3598);
#3597 = CARTESIAN_POINT('',(0.,1.570796326795));
#3598 = VECTOR('',#3599,1.);
#3599 = DIRECTION('',(1.,0.));
#3600 = ( GEOMETRIC_REPRESENTATION_CONTEXT(2) 
PARAMETRIC_REPRESENTATION_CONTEXT() REPRESENTATION_CONTEXT('2D SPACE',''
  ) );
#3601 = PCURVE('',#2116,#3602);
#3602 = DEFINITIONAL_REPRESENTATION('',(#3603),#3607);
#3603 = CIRCLE('',#3604,7.E-02);
#3604 = AXIS2_PLACEMENT_2D('',#3605,#3606);
#3605 = CARTESIAN_POINT('',(0.,0.));
#3606 = DIRECTION('',(1.,0.));
#3607 = ( GEOMETRIC_REPRESENTATION_CONTEXT(2) 
PARAMETRIC_REPRESENTATION_CONTEXT() REPRESENTATION_CONTEXT('2D SPACE',''
  ) );
#3608 = ADVANCED_FACE('',(#3609),#2116,.T.);
#3609 = FACE_BOUND('',#3610,.T.);
#3610 = EDGE_LOOP('',(#3611,#3612));
#3611 = ORIENTED_EDGE('',*,*,#2102,.F.);
#3612 = ORIENTED_EDGE('',*,*,#3587,.T.);
#3613 = ADVANCED_FACE('',(#3614),#1956,.T.);
#3614 = FACE_BOUND('',#3615,.F.);
#3615 = EDGE_LOOP('',(#3616,#3617,#3618,#3619));
#3616 = ORIENTED_EDGE('',*,*,#1940,.F.);
#3617 = ORIENTED_EDGE('',*,*,#3564,.T.);
#3618 = ORIENTED_EDGE('',*,*,#1996,.T.);
#3619 = ORIENTED_EDGE('',*,*,#3620,.F.);
#3620 = EDGE_CURVE('',#1941,#1969,#3621,.T.);
#3621 = SURFACE_CURVE('',#3622,(#3627,#3634),.PCURVE_S1.);
#3622 = CIRCLE('',#3623,0.22);
#3623 = AXIS2_PLACEMENT_3D('',#3624,#3625,#3626);
#3624 = CARTESIAN_POINT('',(55.,237.39366835153,8.572764398528));
#3625 = DIRECTION('',(-0.,0.258819045103,0.965925826289));
#3626 = DIRECTION('',(1.,0.,0.));
#3627 = PCURVE('',#1956,#3628);
#3628 = DEFINITIONAL_REPRESENTATION('',(#3629),#3633);
#3629 = LINE('',#3630,#3631);
#3630 = CARTESIAN_POINT('',(-0.,0.));
#3631 = VECTOR('',#3632,1.);
#3632 = DIRECTION('',(-1.,0.));
#3633 = ( GEOMETRIC_REPRESENTATION_CONTEXT(2) 
PARAMETRIC_REPRESENTATION_CONTEXT() REPRESENTATION_CONTEXT('2D SPACE',''
  ) );
#3634 = PCURVE('',#1984,#3635);
#3635 = DEFINITIONAL_REPRESENTATION('',(#3636),#3640);
#3636 = CIRCLE('',#3637,0.22);
#3637 = AXIS2_PLACEMENT_2D('',#3638,#3639);
#3638 = CARTESIAN_POINT('',(0.,0.));
#3639 = DIRECTION('',(1.,0.));
#3640 = ( GEOMETRIC_REPRESENTATION_CONTEXT(2) 
PARAMETRIC_REPRESENTATION_CONTEXT() REPRESENTATION_CONTEXT('2D SPACE',''
  ) );
#3641 = ADVANCED_FACE('',(#3642),#1984,.F.);
#3642 = FACE_BOUND('',#3643,.F.);
#3643 = EDGE_LOOP('',(#3644,#3645));
#3644 = ORIENTED_EDGE('',*,*,#1968,.F.);
#3645 = ORIENTED_EDGE('',*,*,#3620,.T.);
#3646 = ADVANCED_FACE('',(#3647),#2206,.T.);
#3647 = FACE_BOUND('',#3648,.T.);
#3648 = EDGE_LOOP('',(#3649,#3650,#3651,#3673));
#3649 = ORIENTED_EDGE('',*,*,#3272,.T.);
#3650 = ORIENTED_EDGE('',*,*,#3218,.T.);
#3651 = ORIENTED_EDGE('',*,*,#3652,.F.);
#3652 = EDGE_CURVE('',#2191,#3191,#3653,.T.);
#3653 = SURFACE_CURVE('',#3654,(#3659,#3666),.PCURVE_S1.);
#3654 = CIRCLE('',#3655,0.3);
#3655 = AXIS2_PLACEMENT_3D('',#3656,#3657,#3658);
#3656 = CARTESIAN_POINT('',(59.4,252.59672740303,17.440069258321));
#3657 = DIRECTION('',(1.,-0.,0.));
#3658 = DIRECTION('',(0.,0.965925826289,-0.258819045103));
#3659 = PCURVE('',#2206,#3660);
#3660 = DEFINITIONAL_REPRESENTATION('',(#3661),#3665);
#3661 = LINE('',#3662,#3663);
#3662 = CARTESIAN_POINT('',(0.,28.8));
#3663 = VECTOR('',#3664,1.);
#3664 = DIRECTION('',(1.,0.));
#3665 = ( GEOMETRIC_REPRESENTATION_CONTEXT(2) 
PARAMETRIC_REPRESENTATION_CONTEXT() REPRESENTATION_CONTEXT('2D SPACE',''
  ) );
#3666 = PCURVE('',#3150,#3667);
#3667 = DEFINITIONAL_REPRESENTATION('',(#3668),#3672);
#3668 = LINE('',#3669,#3670);
#3669 = CARTESIAN_POINT('',(-3.10862446895E-15,0.));
#3670 = VECTOR('',#3671,1.);
#3671 = DIRECTION('',(-0.,1.));
#3672 = ( GEOMETRIC_REPRESENTATION_CONTEXT(2) 
PARAMETRIC_REPRESENTATION_CONTEXT() REPRESENTATION_CONTEXT('2D SPACE',''
  ) );
#3673 = ORIENTED_EDGE('',*,*,#2190,.F.);
#3674 = ADVANCED_FACE('',(#3675),#2300,.T.);
#3675 = FACE_BOUND('',#3676,.T.);
#3676 = EDGE_LOOP('',(#3677,#3678,#3700,#3701));
#3677 = ORIENTED_EDGE('',*,*,#2418,.F.);
#3678 = ORIENTED_EDGE('',*,*,#3679,.T.);
#3679 = EDGE_CURVE('',#2396,#2243,#3680,.T.);
#3680 = SURFACE_CURVE('',#3681,(#3686,#3693),.PCURVE_S1.);
#3681 = CIRCLE('',#3682,0.22);
#3682 = AXIS2_PLACEMENT_3D('',#3683,#3684,#3685);
#3683 = CARTESIAN_POINT('',(35.,252.19097542313,14.805308295575));
#3684 = DIRECTION('',(-0.,0.258819045103,0.965925826289));
#3685 = DIRECTION('',(1.,0.,0.));
#3686 = PCURVE('',#2300,#3687);
#3687 = DEFINITIONAL_REPRESENTATION('',(#3688),#3692);
#3688 = LINE('',#3689,#3690);
#3689 = CARTESIAN_POINT('',(0.,0.));
#3690 = VECTOR('',#3691,1.);
#3691 = DIRECTION('',(1.,0.));
#3692 = ( GEOMETRIC_REPRESENTATION_CONTEXT(2) 
PARAMETRIC_REPRESENTATION_CONTEXT() REPRESENTATION_CONTEXT('2D SPACE',''
  ) );
#3693 = PCURVE('',#2355,#3694);
#3694 = DEFINITIONAL_REPRESENTATION('',(#3695),#3699);
#3695 = LINE('',#3696,#3697);
#3696 = CARTESIAN_POINT('',(-0.,-9.85));
#3697 = VECTOR('',#3698,1.);
#3698 = DIRECTION('',(-1.,0.));
#3699 = ( GEOMETRIC_REPRESENTATION_CONTEXT(2) 
PARAMETRIC_REPRESENTATION_CONTEXT() REPRESENTATION_CONTEXT('2D SPACE',''
  ) );
#3700 = ORIENTED_EDGE('',*,*,#2242,.T.);
#3701 = ORIENTED_EDGE('',*,*,#3702,.F.);
#3702 = EDGE_CURVE('',#2419,#2245,#3703,.T.);
#3703 = SURFACE_CURVE('',#3704,(#3709,#3716),.PCURVE_S1.);
#3704 = CIRCLE('',#3705,7.E-02);
#3705 = AXIS2_PLACEMENT_3D('',#3706,#3707,#3708);
#3706 = CARTESIAN_POINT('',(35.,252.2297982799,14.950197169519));
#3707 = DIRECTION('',(-0.,0.258819045103,0.965925826289));
#3708 = DIRECTION('',(1.,0.,0.));
#3709 = PCURVE('',#2300,#3710);
#3710 = DEFINITIONAL_REPRESENTATION('',(#3711),#3715);
#3711 = LINE('',#3712,#3713);
#3712 = CARTESIAN_POINT('',(0.,1.570796326795));
#3713 = VECTOR('',#3714,1.);
#3714 = DIRECTION('',(1.,0.));
#3715 = ( GEOMETRIC_REPRESENTATION_CONTEXT(2) 
PARAMETRIC_REPRESENTATION_CONTEXT() REPRESENTATION_CONTEXT('2D SPACE',''
  ) );
#3716 = PCURVE('',#2515,#3717);
#3717 = DEFINITIONAL_REPRESENTATION('',(#3718),#3722);
#3718 = CIRCLE('',#3719,7.E-02);
#3719 = AXIS2_PLACEMENT_2D('',#3720,#3721);
#3720 = CARTESIAN_POINT('',(0.,0.));
#3721 = DIRECTION('',(1.,0.));
#3722 = ( GEOMETRIC_REPRESENTATION_CONTEXT(2) 
PARAMETRIC_REPRESENTATION_CONTEXT() REPRESENTATION_CONTEXT('2D SPACE',''
  ) );
#3723 = ADVANCED_FACE('',(#3724),#2355,.T.);
#3724 = FACE_BOUND('',#3725,.F.);
#3725 = EDGE_LOOP('',(#3726,#3727,#3728,#3729));
#3726 = ORIENTED_EDGE('',*,*,#2395,.F.);
#3727 = ORIENTED_EDGE('',*,*,#3679,.T.);
#3728 = ORIENTED_EDGE('',*,*,#2339,.T.);
#3729 = ORIENTED_EDGE('',*,*,#3730,.F.);
#3730 = EDGE_CURVE('',#2368,#2340,#3731,.T.);
#3731 = SURFACE_CURVE('',#3732,(#3737,#3744),.PCURVE_S1.);
#3732 = CIRCLE('',#3733,0.22);
#3733 = AXIS2_PLACEMENT_3D('',#3734,#3735,#3736);
#3734 = CARTESIAN_POINT('',(35.,249.64160782887,5.290938906628));
#3735 = DIRECTION('',(-0.,0.258819045103,0.965925826289));
#3736 = DIRECTION('',(1.,0.,0.));
#3737 = PCURVE('',#2355,#3738);
#3738 = DEFINITIONAL_REPRESENTATION('',(#3739),#3743);
#3739 = LINE('',#3740,#3741);
#3740 = CARTESIAN_POINT('',(-0.,0.));
#3741 = VECTOR('',#3742,1.);
#3742 = DIRECTION('',(-1.,0.));
#3743 = ( GEOMETRIC_REPRESENTATION_CONTEXT(2) 
PARAMETRIC_REPRESENTATION_CONTEXT() REPRESENTATION_CONTEXT('2D SPACE',''
  ) );
#3744 = PCURVE('',#2383,#3745);
#3745 = DEFINITIONAL_REPRESENTATION('',(#3746),#3750);
#3746 = CIRCLE('',#3747,0.22);
#3747 = AXIS2_PLACEMENT_2D('',#3748,#3749);
#3748 = CARTESIAN_POINT('',(0.,0.));
#3749 = DIRECTION('',(1.,0.));
#3750 = ( GEOMETRIC_REPRESENTATION_CONTEXT(2) 
PARAMETRIC_REPRESENTATION_CONTEXT() REPRESENTATION_CONTEXT('2D SPACE',''
  ) );
#3751 = ADVANCED_FACE('',(#3752),#2515,.T.);
#3752 = FACE_BOUND('',#3753,.T.);
#3753 = EDGE_LOOP('',(#3754,#3755));
#3754 = ORIENTED_EDGE('',*,*,#2501,.T.);
#3755 = ORIENTED_EDGE('',*,*,#3702,.T.);
#3756 = ADVANCED_FACE('',(#3757),#2383,.F.);
#3757 = FACE_BOUND('',#3758,.F.);
#3758 = EDGE_LOOP('',(#3759,#3760));
#3759 = ORIENTED_EDGE('',*,*,#2367,.T.);
#3760 = ORIENTED_EDGE('',*,*,#3730,.T.);
#3761 = ADVANCED_FACE('',(#3762),#2587,.T.);
#3762 = FACE_BOUND('',#3763,.T.);
#3763 = EDGE_LOOP('',(#3764,#3765,#3787,#3788));
#3764 = ORIENTED_EDGE('',*,*,#2705,.F.);
#3765 = ORIENTED_EDGE('',*,*,#3766,.T.);
#3766 = EDGE_CURVE('',#2683,#2530,#3767,.T.);
#3767 = SURFACE_CURVE('',#3768,(#3773,#3780),.PCURVE_S1.);
#3768 = CIRCLE('',#3769,0.22);
#3769 = AXIS2_PLACEMENT_3D('',#3770,#3771,#3772);
#3770 = CARTESIAN_POINT('',(45.,252.19097542313,14.805308295575));
#3771 = DIRECTION('',(-0.,0.258819045103,0.965925826289));
#3772 = DIRECTION('',(1.,0.,0.));
#3773 = PCURVE('',#2587,#3774);
#3774 = DEFINITIONAL_REPRESENTATION('',(#3775),#3779);
#3775 = LINE('',#3776,#3777);
#3776 = CARTESIAN_POINT('',(0.,0.));
#3777 = VECTOR('',#3778,1.);
#3778 = DIRECTION('',(1.,0.));
#3779 = ( GEOMETRIC_REPRESENTATION_CONTEXT(2) 
PARAMETRIC_REPRESENTATION_CONTEXT() REPRESENTATION_CONTEXT('2D SPACE',''
  ) );
#3780 = PCURVE('',#2642,#3781);
#3781 = DEFINITIONAL_REPRESENTATION('',(#3782),#3786);
#3782 = LINE('',#3783,#3784);
#3783 = CARTESIAN_POINT('',(-0.,-9.85));
#3784 = VECTOR('',#3785,1.);
#3785 = DIRECTION('',(-1.,0.));
#3786 = ( GEOMETRIC_REPRESENTATION_CONTEXT(2) 
PARAMETRIC_REPRESENTATION_CONTEXT() REPRESENTATION_CONTEXT('2D SPACE',''
  ) );
#3787 = ORIENTED_EDGE('',*,*,#2529,.T.);
#3788 = ORIENTED_EDGE('',*,*,#3789,.F.);
#3789 = EDGE_CURVE('',#2706,#2532,#3790,.T.);
#3790 = SURFACE_CURVE('',#3791,(#3796,#3803),.PCURVE_S1.);
#3791 = CIRCLE('',#3792,7.E-02);
#3792 = AXIS2_PLACEMENT_3D('',#3793,#3794,#3795);
#3793 = CARTESIAN_POINT('',(45.,252.2297982799,14.950197169519));
#3794 = DIRECTION('',(-0.,0.258819045103,0.965925826289));
#3795 = DIRECTION('',(1.,0.,0.));
#3796 = PCURVE('',#2587,#3797);
#3797 = DEFINITIONAL_REPRESENTATION('',(#3798),#3802);
#3798 = LINE('',#3799,#3800);
#3799 = CARTESIAN_POINT('',(0.,1.570796326795));
#3800 = VECTOR('',#3801,1.);
#3801 = DIRECTION('',(1.,0.));
#3802 = ( GEOMETRIC_REPRESENTATION_CONTEXT(2) 
PARAMETRIC_REPRESENTATION_CONTEXT() REPRESENTATION_CONTEXT('2D SPACE',''
  ) );
#3803 = PCURVE('',#2802,#3804);
#3804 = DEFINITIONAL_REPRESENTATION('',(#3805),#3809);
#3805 = CIRCLE('',#3806,7.E-02);
#3806 = AXIS2_PLACEMENT_2D('',#3807,#3808);
#3807 = CARTESIAN_POINT('',(0.,0.));
#3808 = DIRECTION('',(1.,0.));
#3809 = ( GEOMETRIC_REPRESENTATION_CONTEXT(2) 
PARAMETRIC_REPRESENTATION_CONTEXT() REPRESENTATION_CONTEXT('2D SPACE',''
  ) );
#3810 = ADVANCED_FACE('',(#3811),#2642,.T.);
#3811 = FACE_BOUND('',#3812,.F.);
#3812 = EDGE_LOOP('',(#3813,#3814,#3815,#3816));
#3813 = ORIENTED_EDGE('',*,*,#2682,.F.);
#3814 = ORIENTED_EDGE('',*,*,#3766,.T.);
#3815 = ORIENTED_EDGE('',*,*,#2626,.T.);
#3816 = ORIENTED_EDGE('',*,*,#3817,.F.);
#3817 = EDGE_CURVE('',#2655,#2627,#3818,.T.);
#3818 = SURFACE_CURVE('',#3819,(#3824,#3831),.PCURVE_S1.);
#3819 = CIRCLE('',#3820,0.22);
#3820 = AXIS2_PLACEMENT_3D('',#3821,#3822,#3823);
#3821 = CARTESIAN_POINT('',(45.,249.64160782887,5.290938906628));
#3822 = DIRECTION('',(-0.,0.258819045103,0.965925826289));
#3823 = DIRECTION('',(1.,0.,0.));
#3824 = PCURVE('',#2642,#3825);
#3825 = DEFINITIONAL_REPRESENTATION('',(#3826),#3830);
#3826 = LINE('',#3827,#3828);
#3827 = CARTESIAN_POINT('',(-0.,0.));
#3828 = VECTOR('',#3829,1.);
#3829 = DIRECTION('',(-1.,0.));
#3830 = ( GEOMETRIC_REPRESENTATION_CONTEXT(2) 
PARAMETRIC_REPRESENTATION_CONTEXT() REPRESENTATION_CONTEXT('2D SPACE',''
  ) );
#3831 = PCURVE('',#2670,#3832);
#3832 = DEFINITIONAL_REPRESENTATION('',(#3833),#3837);
#3833 = CIRCLE('',#3834,0.22);
#3834 = AXIS2_PLACEMENT_2D('',#3835,#3836);
#3835 = CARTESIAN_POINT('',(0.,0.));
#3836 = DIRECTION('',(1.,0.));
#3837 = ( GEOMETRIC_REPRESENTATION_CONTEXT(2) 
PARAMETRIC_REPRESENTATION_CONTEXT() REPRESENTATION_CONTEXT('2D SPACE',''
  ) );
#3838 = ADVANCED_FACE('',(#3839),#2802,.T.);
#3839 = FACE_BOUND('',#3840,.T.);
#3840 = EDGE_LOOP('',(#3841,#3842));
#3841 = ORIENTED_EDGE('',*,*,#2788,.T.);
#3842 = ORIENTED_EDGE('',*,*,#3789,.T.);
#3843 = ADVANCED_FACE('',(#3844),#2670,.F.);
#3844 = FACE_BOUND('',#3845,.F.);
#3845 = EDGE_LOOP('',(#3846,#3847));
#3846 = ORIENTED_EDGE('',*,*,#2654,.T.);
#3847 = ORIENTED_EDGE('',*,*,#3817,.T.);
#3848 = ADVANCED_FACE('',(#3849),#2874,.T.);
#3849 = FACE_BOUND('',#3850,.T.);
#3850 = EDGE_LOOP('',(#3851,#3852,#3874,#3875));
#3851 = ORIENTED_EDGE('',*,*,#2992,.F.);
#3852 = ORIENTED_EDGE('',*,*,#3853,.T.);
#3853 = EDGE_CURVE('',#2970,#2817,#3854,.T.);
#3854 = SURFACE_CURVE('',#3855,(#3860,#3867),.PCURVE_S1.);
#3855 = CIRCLE('',#3856,0.22);
#3856 = AXIS2_PLACEMENT_3D('',#3857,#3858,#3859);
#3857 = CARTESIAN_POINT('',(55.,252.19097542313,14.805308295575));
#3858 = DIRECTION('',(-0.,0.258819045103,0.965925826289));
#3859 = DIRECTION('',(1.,0.,0.));
#3860 = PCURVE('',#2874,#3861);
#3861 = DEFINITIONAL_REPRESENTATION('',(#3862),#3866);
#3862 = LINE('',#3863,#3864);
#3863 = CARTESIAN_POINT('',(0.,0.));
#3864 = VECTOR('',#3865,1.);
#3865 = DIRECTION('',(1.,0.));
#3866 = ( GEOMETRIC_REPRESENTATION_CONTEXT(2) 
PARAMETRIC_REPRESENTATION_CONTEXT() REPRESENTATION_CONTEXT('2D SPACE',''
  ) );
#3867 = PCURVE('',#2929,#3868);
#3868 = DEFINITIONAL_REPRESENTATION('',(#3869),#3873);
#3869 = LINE('',#3870,#3871);
#3870 = CARTESIAN_POINT('',(-0.,-9.85));
#3871 = VECTOR('',#3872,1.);
#3872 = DIRECTION('',(-1.,0.));
#3873 = ( GEOMETRIC_REPRESENTATION_CONTEXT(2) 
PARAMETRIC_REPRESENTATION_CONTEXT() REPRESENTATION_CONTEXT('2D SPACE',''
  ) );
#3874 = ORIENTED_EDGE('',*,*,#2816,.T.);
#3875 = ORIENTED_EDGE('',*,*,#3876,.F.);
#3876 = EDGE_CURVE('',#2993,#2819,#3877,.T.);
#3877 = SURFACE_CURVE('',#3878,(#3883,#3890),.PCURVE_S1.);
#3878 = CIRCLE('',#3879,7.E-02);
#3879 = AXIS2_PLACEMENT_3D('',#3880,#3881,#3882);
#3880 = CARTESIAN_POINT('',(55.,252.2297982799,14.950197169519));
#3881 = DIRECTION('',(-0.,0.258819045103,0.965925826289));
#3882 = DIRECTION('',(1.,0.,0.));
#3883 = PCURVE('',#2874,#3884);
#3884 = DEFINITIONAL_REPRESENTATION('',(#3885),#3889);
#3885 = LINE('',#3886,#3887);
#3886 = CARTESIAN_POINT('',(0.,1.570796326795));
#3887 = VECTOR('',#3888,1.);
#3888 = DIRECTION('',(1.,0.));
#3889 = ( GEOMETRIC_REPRESENTATION_CONTEXT(2) 
PARAMETRIC_REPRESENTATION_CONTEXT() REPRESENTATION_CONTEXT('2D SPACE',''
  ) );
#3890 = PCURVE('',#3089,#3891);
#3891 = DEFINITIONAL_REPRESENTATION('',(#3892),#3896);
#3892 = CIRCLE('',#3893,7.E-02);
#3893 = AXIS2_PLACEMENT_2D('',#3894,#3895);
#3894 = CARTESIAN_POINT('',(0.,0.));
#3895 = DIRECTION('',(1.,0.));
#3896 = ( GEOMETRIC_REPRESENTATION_CONTEXT(2) 
PARAMETRIC_REPRESENTATION_CONTEXT() REPRESENTATION_CONTEXT('2D SPACE',''
  ) );
#3897 = ADVANCED_FACE('',(#3898),#3089,.T.);
#3898 = FACE_BOUND('',#3899,.T.);
#3899 = EDGE_LOOP('',(#3900,#3901));
#3900 = ORIENTED_EDGE('',*,*,#3075,.T.);
#3901 = ORIENTED_EDGE('',*,*,#3876,.T.);
#3902 = ADVANCED_FACE('',(#3903),#2929,.T.);
#3903 = FACE_BOUND('',#3904,.F.);
#3904 = EDGE_LOOP('',(#3905,#3906,#3907,#3908));
#3905 = ORIENTED_EDGE('',*,*,#2969,.F.);
#3906 = ORIENTED_EDGE('',*,*,#3853,.T.);
#3907 = ORIENTED_EDGE('',*,*,#2913,.T.);
#3908 = ORIENTED_EDGE('',*,*,#3909,.F.);
#3909 = EDGE_CURVE('',#2942,#2914,#3910,.T.);
#3910 = SURFACE_CURVE('',#3911,(#3916,#3923),.PCURVE_S1.);
#3911 = CIRCLE('',#3912,0.22);
#3912 = AXIS2_PLACEMENT_3D('',#3913,#3914,#3915);
#3913 = CARTESIAN_POINT('',(55.,249.64160782887,5.290938906628));
#3914 = DIRECTION('',(-0.,0.258819045103,0.965925826289));
#3915 = DIRECTION('',(1.,0.,0.));
#3916 = PCURVE('',#2929,#3917);
#3917 = DEFINITIONAL_REPRESENTATION('',(#3918),#3922);
#3918 = LINE('',#3919,#3920);
#3919 = CARTESIAN_POINT('',(-0.,0.));
#3920 = VECTOR('',#3921,1.);
#3921 = DIRECTION('',(-1.,0.));
#3922 = ( GEOMETRIC_REPRESENTATION_CONTEXT(2) 
PARAMETRIC_REPRESENTATION_CONTEXT() REPRESENTATION_CONTEXT('2D SPACE',''
  ) );
#3923 = PCURVE('',#2957,#3924);
#3924 = DEFINITIONAL_REPRESENTATION('',(#3925),#3929);
#3925 = CIRCLE('',#3926,0.22);
#3926 = AXIS2_PLACEMENT_2D('',#3927,#3928);
#3927 = CARTESIAN_POINT('',(0.,0.));
#3928 = DIRECTION('',(1.,0.));
#3929 = ( GEOMETRIC_REPRESENTATION_CONTEXT(2) 
PARAMETRIC_REPRESENTATION_CONTEXT() REPRESENTATION_CONTEXT('2D SPACE',''
  ) );
#3930 = ADVANCED_FACE('',(#3931),#2957,.F.);
#3931 = FACE_BOUND('',#3932,.F.);
#3932 = EDGE_LOOP('',(#3933,#3934));
#3933 = ORIENTED_EDGE('',*,*,#2941,.T.);
#3934 = ORIENTED_EDGE('',*,*,#3909,.T.);
#3935 = ADVANCED_FACE('',(#3936),#3150,.T.);
#3936 = FACE_BOUND('',#3937,.F.);
#3937 = EDGE_LOOP('',(#3938,#3939,#3940,#3941));
#3938 = ORIENTED_EDGE('',*,*,#3652,.F.);
#3939 = ORIENTED_EDGE('',*,*,#3135,.T.);
#3940 = ORIENTED_EDGE('',*,*,#3326,.T.);
#3941 = ORIENTED_EDGE('',*,*,#3190,.F.);
#3942 = ( GEOMETRIC_REPRESENTATION_CONTEXT(3) 
GLOBAL_UNCERTAINTY_ASSIGNED_CONTEXT((#3946)) 
GLOBAL_UNIT_ASSIGNED_CONTEXT((#3943,#3944,#3945)) REPRESENTATION_CONTEXT
('Context #1','3D Context with UNIT and UNCERTAINTY') );
#3943 = ( LENGTH_UNIT() NAMED_UNIT(*) SI_UNIT(.MILLI.,.METRE.) );
#3944 = ( NAMED_UNIT(*) PLANE_ANGLE_UNIT() SI_UNIT($,.RADIAN.) );
#3945 = ( NAMED_UNIT(*) SI_UNIT($,.STERADIAN.) SOLID_ANGLE_UNIT() );
#3946 = UNCERTAINTY_MEASURE_WITH_UNIT(LENGTH_MEASURE(5.E-07),#3943,
  'distance_accuracy_value','confusion accuracy');
#3947 = PRODUCT_RELATED_PRODUCT_CATEGORY('part',$,(#7));
ENDSEC;
END-ISO-10303-21;
