ISO-10303-21;
HEADER;
FILE_DESCRIPTION(('Open CASCADE Model'),'2;1');
FILE_NAME('Open CASCADE Shape Model','2026-10-07T09:13:19',('Author'),(
    'Open CASCADE'),'Open CASCADE STEP processor 7.9','Open CASCADE 7.9'
  ,'Unknown');
FILE_SCHEMA(('AUTOMOTIVE_DESIGN { 1 0 10303 214 1 1 1 1 }'));
ENDSEC;
DATA;
#1 = APPLICATION_PROTOCOL_DEFINITION('international standard',
  'automotive_design',2000,#2);
#2 = APPLICATION_CONTEXT(
  'core data for automotive mechanical design processes');
#3 = SHAPE_DEFINITION_REPRESENTATION(#4,#10);
#4 = PRODUCT_DEFINITION_SHAPE('','',#5);
#5 = PRODUCT_DEFINITION('design','',#6,#9);
#6 = PRODUCT_DEFINITION_FORMATION('','',#7);
#7 = PRODUCT('Open CASCADE STEP translator 7.9 1',
  'Open CASCADE STEP translator 7.9 1','',(#8));
#8 = PRODUCT_CONTEXT('',#2,'mechanical');
#9 = PRODUCT_DEFINITION_CONTEXT('part definition',#2,'design');
#10 = ADVANCED_BREP_SHAPE_REPRESENTATION('',(#11,#15),#8251);
#11 = AXIS2_PLACEMENT_3D('',#12,#13,#14);
#12 = CARTESIAN_POINT('',(0.,0.,0.));
#13 = DIRECTION('',(0.,0.,1.));
#14 = DIRECTION('',(1.,0.,-0.));
#15 = MANIFOLD_SOLID_BREP('',#16);
#16 = CLOSED_SHELL('',(#17,#523,#779,#886,#969,#1017,#1071,#1124,#1178,
    #1345,#1445,#1613,#1694,#1748,#1801,#1855,#1963,#2087,#2161,#2242,
    #2326,#2381,#2441,#2672,#2726,#2781,#2847,#2957,#3126,#3181,#3235,
    #3290,#3540,#3566,#3626,#3843,#3970,#4114,#4659,#4713,#4762,#4816,
    #4902,#5420,#5478,#5549,#5849,#5899,#5953,#5981,#6032,#6087,#6143,
    #6198,#6304,#6434,#6462,#6496,#6574,#6581,#6606,#6663,#6711,#6764,
    #6812,#6865,#6891,#6957,#6984,#7016,#7022,#7053,#7081,#7132,#7159,
    #7192,#7494,#7659,#7666,#7732,#7739,#7765,#7838,#7884,#7891,#7942,
    #7992,#8043,#8093,#8122,#8149,#8176,#8203,#8230,#8237));
#17 = ADVANCED_FACE('',(#18),#32,.F.);
#18 = FACE_BOUND('',#19,.F.);
#19 = EDGE_LOOP('',(#20,#55,#83,#121,#149,#178,#206,#235,#263,#291,#319,
    #347,#380,#408,#441,#469,#497));
#20 = ORIENTED_EDGE('',*,*,#21,.T.);
#21 = EDGE_CURVE('',#22,#24,#26,.T.);
#22 = VERTEX_POINT('',#23);
#23 = CARTESIAN_POINT('',(-8.,270.,0.5));
#24 = VERTEX_POINT('',#25);
#25 = CARTESIAN_POINT('',(-8.,270.,19.));
#26 = SURFACE_CURVE('',#27,(#31,#43),.PCURVE_S1.);
#27 = LINE('',#28,#29);
#28 = CARTESIAN_POINT('',(-8.,270.,0.));
#29 = VECTOR('',#30,1.);
#30 = DIRECTION('',(0.,0.,1.));
#31 = PCURVE('',#32,#37);
#32 = PLANE('',#33);
#33 = AXIS2_PLACEMENT_3D('',#34,#35,#36);
#34 = CARTESIAN_POINT('',(-8.,218.,0.));
#35 = DIRECTION('',(1.,0.,0.));
#36 = DIRECTION('',(0.,0.,1.));
#37 = DEFINITIONAL_REPRESENTATION('',(#38),#42);
#38 = LINE('',#39,#40);
#39 = CARTESIAN_POINT('',(0.,-52.));
#40 = VECTOR('',#41,1.);
#41 = DIRECTION('',(1.,0.));
#42 = ( GEOMETRIC_REPRESENTATION_CONTEXT(2) 
PARAMETRIC_REPRESENTATION_CONTEXT() REPRESENTATION_CONTEXT('2D SPACE',''
  ) );
#43 = PCURVE('',#44,#49);
#44 = CYLINDRICAL_SURFACE('',#45,8.);
#45 = AXIS2_PLACEMENT_3D('',#46,#47,#48);
#46 = CARTESIAN_POINT('',(0.,270.,0.));
#47 = DIRECTION('',(0.,0.,1.));
#48 = DIRECTION('',(-1.,-0.,0.));
#49 = DEFINITIONAL_REPRESENTATION('',(#50),#54);
#50 = LINE('',#51,#52);
#51 = CARTESIAN_POINT('',(6.28318530718,0.));
#52 = VECTOR('',#53,1.);
#53 = DIRECTION('',(-0.,1.));
#54 = ( GEOMETRIC_REPRESENTATION_CONTEXT(2) 
PARAMETRIC_REPRESENTATION_CONTEXT() REPRESENTATION_CONTEXT('2D SPACE',''
  ) );
#55 = ORIENTED_EDGE('',*,*,#56,.F.);
#56 = EDGE_CURVE('',#57,#24,#59,.T.);
#57 = VERTEX_POINT('',#58);
#58 = CARTESIAN_POINT('',(-8.,254.30880481102,19.));
#59 = SURFACE_CURVE('',#60,(#64,#71),.PCURVE_S1.);
#60 = LINE('',#61,#62);
#61 = CARTESIAN_POINT('',(-8.,226.,19.));
#62 = VECTOR('',#63,1.);
#63 = DIRECTION('',(0.,1.,0.));
#64 = PCURVE('',#32,#65);
#65 = DEFINITIONAL_REPRESENTATION('',(#66),#70);
#66 = LINE('',#67,#68);
#67 = CARTESIAN_POINT('',(19.,-8.));
#68 = VECTOR('',#69,1.);
#69 = DIRECTION('',(0.,-1.));
#70 = ( GEOMETRIC_REPRESENTATION_CONTEXT(2) 
PARAMETRIC_REPRESENTATION_CONTEXT() REPRESENTATION_CONTEXT('2D SPACE',''
  ) );
#71 = PCURVE('',#72,#77);
#72 = CYLINDRICAL_SURFACE('',#73,1.);
#73 = AXIS2_PLACEMENT_3D('',#74,#75,#76);
#74 = CARTESIAN_POINT('',(-7.,226.,19.));
#75 = DIRECTION('',(0.,1.,0.));
#76 = DIRECTION('',(-1.,0.,0.));
#77 = DEFINITIONAL_REPRESENTATION('',(#78),#82);
#78 = LINE('',#79,#80);
#79 = CARTESIAN_POINT('',(0.,0.));
#80 = VECTOR('',#81,1.);
#81 = DIRECTION('',(0.,1.));
#82 = ( GEOMETRIC_REPRESENTATION_CONTEXT(2) 
PARAMETRIC_REPRESENTATION_CONTEXT() REPRESENTATION_CONTEXT('2D SPACE',''
  ) );
#83 = ORIENTED_EDGE('',*,*,#84,.F.);
#84 = EDGE_CURVE('',#85,#57,#87,.T.);
#85 = VERTEX_POINT('',#86);
#86 = CARTESIAN_POINT('',(-8.,254.25332452773,18.792944763918));
#87 = SURFACE_CURVE('',#88,(#93,#101),.PCURVE_S1.);
#88 = B_SPLINE_CURVE_WITH_KNOTS('',3,(#89,#90,#91,#92),.UNSPECIFIED.,.F.
  ,.F.,(4,4),(266.89962940277,267.10769878649),
  .PIECEWISE_BEZIER_KNOTS.);
#89 = CARTESIAN_POINT('',(-8.,254.25332452773,18.792944763918));
#90 = CARTESIAN_POINT('',(-8.,254.27158497538,18.86109368233));
#91 = CARTESIAN_POINT('',(-8.,254.28983727669,18.92921219816));
#92 = CARTESIAN_POINT('',(-8.,254.30880481102,19.));
#93 = PCURVE('',#32,#94);
#94 = DEFINITIONAL_REPRESENTATION('',(#95),#100);
#95 = B_SPLINE_CURVE_WITH_KNOTS('',3,(#96,#97,#98,#99),.UNSPECIFIED.,.F.
  ,.F.,(4,4),(266.89962940277,267.10769878649),
  .PIECEWISE_BEZIER_KNOTS.);
#96 = CARTESIAN_POINT('',(18.792944763918,-36.25332452773));
#97 = CARTESIAN_POINT('',(18.86109368233,-36.27158497538));
#98 = CARTESIAN_POINT('',(18.92921219816,-36.28983727669));
#99 = CARTESIAN_POINT('',(19.,-36.30880481102));
#100 = ( GEOMETRIC_REPRESENTATION_CONTEXT(2) 
PARAMETRIC_REPRESENTATION_CONTEXT() REPRESENTATION_CONTEXT('2D SPACE',''
  ) );
#101 = PCURVE('',#102,#115);
#102 = ( BOUNDED_SURFACE() B_SPLINE_SURFACE(2,3,(
    (#103,#104,#105,#106)
    ,(#107,#108,#109,#110)
    ,(#111,#112,#113,#114
)),.UNSPECIFIED.,.F.,.F.,.F.) B_SPLINE_SURFACE_WITH_KNOTS((3,3),(4,4),(
    0.,0.208069383712),(266.89962940277,267.10769878649),
.PIECEWISE_BEZIER_KNOTS.) GEOMETRIC_REPRESENTATION_ITEM() 
RATIONAL_B_SPLINE_SURFACE((
    (1.,1.,1.,1.)
    ,(0.707106781187,0.707106781187,0.707106781187,0.707106781187)
,(1.,1.,1.,1.))) REPRESENTATION_ITEM('') SURFACE() );
#103 = CARTESIAN_POINT('',(-7.2,253.4805838667,19.));
#104 = CARTESIAN_POINT('',(-7.2,253.48521453067,19.017281873213));
#105 = CARTESIAN_POINT('',(-7.205207316788,253.48983665838,
    19.034531888671));
#106 = CARTESIAN_POINT('',(-7.215577637581,253.49540273291,
    19.055304761624));
#107 = CARTESIAN_POINT('',(-8.,253.4805838667,19.));
#108 = CARTESIAN_POINT('',(-8.,253.49884431435,19.068148918412));
#109 = CARTESIAN_POINT('',(-8.,253.51709661566,19.136267434242));
#110 = CARTESIAN_POINT('',(-8.,253.53606414999,19.207055236082));
#111 = CARTESIAN_POINT('',(-8.,254.25332452773,18.792944763918));
#112 = CARTESIAN_POINT('',(-8.,254.27158497538,18.86109368233));
#113 = CARTESIAN_POINT('',(-8.,254.28983727669,18.92921219816));
#114 = CARTESIAN_POINT('',(-8.,254.30880481102,19.));
#115 = DEFINITIONAL_REPRESENTATION('',(#116),#120);
#116 = LINE('',#117,#118);
#117 = CARTESIAN_POINT('',(0.208069383712,0.));
#118 = VECTOR('',#119,1.);
#119 = DIRECTION('',(0.,1.));
#120 = ( GEOMETRIC_REPRESENTATION_CONTEXT(2) 
PARAMETRIC_REPRESENTATION_CONTEXT() REPRESENTATION_CONTEXT('2D SPACE',''
  ) );
#121 = ORIENTED_EDGE('',*,*,#122,.F.);
#122 = EDGE_CURVE('',#123,#85,#125,.T.);
#123 = VERTEX_POINT('',#124);
#124 = CARTESIAN_POINT('',(-8.,250.25831376799,3.883361631783));
#125 = SURFACE_CURVE('',#126,(#130,#137),.PCURVE_S1.);
#126 = LINE('',#127,#128);
#127 = CARTESIAN_POINT('',(-8.,250.25831376799,3.883361631783));
#128 = VECTOR('',#129,1.);
#129 = DIRECTION('',(-0.,0.258819045103,0.965925826289));
#130 = PCURVE('',#32,#131);
#131 = DEFINITIONAL_REPRESENTATION('',(#132),#136);
#132 = LINE('',#133,#134);
#133 = CARTESIAN_POINT('',(3.883361631783,-32.25831376799));
#134 = VECTOR('',#135,1.);
#135 = DIRECTION('',(0.965925826289,-0.258819045103));
#136 = ( GEOMETRIC_REPRESENTATION_CONTEXT(2) 
PARAMETRIC_REPRESENTATION_CONTEXT() REPRESENTATION_CONTEXT('2D SPACE',''
  ) );
#137 = PCURVE('',#138,#143);
#138 = CYLINDRICAL_SURFACE('',#139,0.8);
#139 = AXIS2_PLACEMENT_3D('',#140,#141,#142);
#140 = CARTESIAN_POINT('',(-7.2,250.25831376799,3.883361631783));
#141 = DIRECTION('',(-0.,0.258819045103,0.965925826289));
#142 = DIRECTION('',(-0.,-0.965925826289,0.258819045103));
#143 = DEFINITIONAL_REPRESENTATION('',(#144),#148);
#144 = LINE('',#145,#146);
#145 = CARTESIAN_POINT('',(4.712388980385,0.));
#146 = VECTOR('',#147,1.);
#147 = DIRECTION('',(-0.,1.));
#148 = ( GEOMETRIC_REPRESENTATION_CONTEXT(2) 
PARAMETRIC_REPRESENTATION_CONTEXT() REPRESENTATION_CONTEXT('2D SPACE',''
  ) );
#149 = ORIENTED_EDGE('',*,*,#150,.F.);
#150 = EDGE_CURVE('',#151,#123,#153,.T.);
#151 = VERTEX_POINT('',#152);
#152 = CARTESIAN_POINT('',(-8.,248.29872197376,2.751990781884));
#153 = SURFACE_CURVE('',#154,(#159,#166),.PCURVE_S1.);
#154 = CIRCLE('',#155,1.6);
#155 = AXIS2_PLACEMENT_3D('',#156,#157,#158);
#156 = CARTESIAN_POINT('',(-8.,248.71283244593,4.297472103947));
#157 = DIRECTION('',(1.,0.,0.));
#158 = DIRECTION('',(0.,-0.258819045103,-0.965925826289));
#159 = PCURVE('',#32,#160);
#160 = DEFINITIONAL_REPRESENTATION('',(#161),#165);
#161 = CIRCLE('',#162,1.6);
#162 = AXIS2_PLACEMENT_2D('',#163,#164);
#163 = CARTESIAN_POINT('',(4.297472103947,-30.71283244593));
#164 = DIRECTION('',(-0.965925826289,0.258819045103));
#165 = ( GEOMETRIC_REPRESENTATION_CONTEXT(2) 
PARAMETRIC_REPRESENTATION_CONTEXT() REPRESENTATION_CONTEXT('2D SPACE',''
  ) );
#166 = PCURVE('',#167,#172);
#167 = TOROIDAL_SURFACE('',#168,1.6,0.8);
#168 = AXIS2_PLACEMENT_3D('',#169,#170,#171);
#169 = CARTESIAN_POINT('',(-7.2,248.71283244593,4.297472103947));
#170 = DIRECTION('',(1.,0.,-0.));
#171 = DIRECTION('',(0.,-0.258819045103,-0.965925826289));
#172 = DEFINITIONAL_REPRESENTATION('',(#173),#177);
#173 = LINE('',#174,#175);
#174 = CARTESIAN_POINT('',(0.,4.712388980385));
#175 = VECTOR('',#176,1.);
#176 = DIRECTION('',(1.,0.));
#177 = ( GEOMETRIC_REPRESENTATION_CONTEXT(2) 
PARAMETRIC_REPRESENTATION_CONTEXT() REPRESENTATION_CONTEXT('2D SPACE',''
  ) );
#178 = ORIENTED_EDGE('',*,*,#179,.F.);
#179 = EDGE_CURVE('',#180,#151,#182,.T.);
#180 = VERTEX_POINT('',#181);
#181 = CARTESIAN_POINT('',(-8.,237.28716755407,5.702527896053));
#182 = SURFACE_CURVE('',#183,(#187,#194),.PCURVE_S1.);
#183 = LINE('',#184,#185);
#184 = CARTESIAN_POINT('',(-8.,237.28716755407,5.702527896053));
#185 = VECTOR('',#186,1.);
#186 = DIRECTION('',(-0.,0.965925826289,-0.258819045103));
#187 = PCURVE('',#32,#188);
#188 = DEFINITIONAL_REPRESENTATION('',(#189),#193);
#189 = LINE('',#190,#191);
#190 = CARTESIAN_POINT('',(5.702527896053,-19.28716755407));
#191 = VECTOR('',#192,1.);
#192 = DIRECTION('',(-0.258819045103,-0.965925826289));
#193 = ( GEOMETRIC_REPRESENTATION_CONTEXT(2) 
PARAMETRIC_REPRESENTATION_CONTEXT() REPRESENTATION_CONTEXT('2D SPACE',''
  ) );
#194 = PCURVE('',#195,#200);
#195 = CYLINDRICAL_SURFACE('',#196,0.8);
#196 = AXIS2_PLACEMENT_3D('',#197,#198,#199);
#197 = CARTESIAN_POINT('',(-7.2,237.28716755407,5.702527896053));
#198 = DIRECTION('',(-0.,0.965925826289,-0.258819045103));
#199 = DIRECTION('',(0.,0.258819045103,0.965925826289));
#200 = DEFINITIONAL_REPRESENTATION('',(#201),#205);
#201 = LINE('',#202,#203);
#202 = CARTESIAN_POINT('',(4.712388980385,0.));
#203 = VECTOR('',#204,1.);
#204 = DIRECTION('',(-0.,1.));
#205 = ( GEOMETRIC_REPRESENTATION_CONTEXT(2) 
PARAMETRIC_REPRESENTATION_CONTEXT() REPRESENTATION_CONTEXT('2D SPACE',''
  ) );
#206 = ORIENTED_EDGE('',*,*,#207,.F.);
#207 = EDGE_CURVE('',#208,#180,#210,.T.);
#208 = VERTEX_POINT('',#209);
#209 = CARTESIAN_POINT('',(-8.,236.15579670417,7.66211969028));
#210 = SURFACE_CURVE('',#211,(#216,#223),.PCURVE_S1.);
#211 = CIRCLE('',#212,1.6);
#212 = AXIS2_PLACEMENT_3D('',#213,#214,#215);
#213 = CARTESIAN_POINT('',(-8.,237.70127802623,7.248009218116));
#214 = DIRECTION('',(1.,0.,0.));
#215 = DIRECTION('',(0.,-0.965925826289,0.258819045103));
#216 = PCURVE('',#32,#217);
#217 = DEFINITIONAL_REPRESENTATION('',(#218),#222);
#218 = CIRCLE('',#219,1.6);
#219 = AXIS2_PLACEMENT_2D('',#220,#221);
#220 = CARTESIAN_POINT('',(7.248009218116,-19.70127802623));
#221 = DIRECTION('',(0.258819045103,0.965925826289));
#222 = ( GEOMETRIC_REPRESENTATION_CONTEXT(2) 
PARAMETRIC_REPRESENTATION_CONTEXT() REPRESENTATION_CONTEXT('2D SPACE',''
  ) );
#223 = PCURVE('',#224,#229);
#224 = TOROIDAL_SURFACE('',#225,1.6,0.8);
#225 = AXIS2_PLACEMENT_3D('',#226,#227,#228);
#226 = CARTESIAN_POINT('',(-7.2,237.70127802623,7.248009218116));
#227 = DIRECTION('',(1.,0.,-0.));
#228 = DIRECTION('',(0.,-0.965925826289,0.258819045103));
#229 = DEFINITIONAL_REPRESENTATION('',(#230),#234);
#230 = LINE('',#231,#232);
#231 = CARTESIAN_POINT('',(0.,4.712388980385));
#232 = VECTOR('',#233,1.);
#233 = DIRECTION('',(1.,0.));
#234 = ( GEOMETRIC_REPRESENTATION_CONTEXT(2) 
PARAMETRIC_REPRESENTATION_CONTEXT() REPRESENTATION_CONTEXT('2D SPACE',''
  ) );
#235 = ORIENTED_EDGE('',*,*,#236,.F.);
#236 = EDGE_CURVE('',#237,#208,#239,.T.);
#237 = VERTEX_POINT('',#238);
#238 = CARTESIAN_POINT('',(-8.,239.19377257704,19.));
#239 = SURFACE_CURVE('',#240,(#244,#251),.PCURVE_S1.);
#240 = LINE('',#241,#242);
#241 = CARTESIAN_POINT('',(-8.,239.24925286033,19.207055236082));
#242 = VECTOR('',#243,1.);
#243 = DIRECTION('',(0.,-0.258819045103,-0.965925826289));
#244 = PCURVE('',#32,#245);
#245 = DEFINITIONAL_REPRESENTATION('',(#246),#250);
#246 = LINE('',#247,#248);
#247 = CARTESIAN_POINT('',(19.207055236082,-21.24925286033));
#248 = VECTOR('',#249,1.);
#249 = DIRECTION('',(-0.965925826289,0.258819045103));
#250 = ( GEOMETRIC_REPRESENTATION_CONTEXT(2) 
PARAMETRIC_REPRESENTATION_CONTEXT() REPRESENTATION_CONTEXT('2D SPACE',''
  ) );
#251 = PCURVE('',#252,#257);
#252 = CYLINDRICAL_SURFACE('',#253,0.8);
#253 = AXIS2_PLACEMENT_3D('',#254,#255,#256);
#254 = CARTESIAN_POINT('',(-7.2,239.24925286033,19.207055236082));
#255 = DIRECTION('',(0.,-0.258819045103,-0.965925826289));
#256 = DIRECTION('',(0.,0.965925826289,-0.258819045103));
#257 = DEFINITIONAL_REPRESENTATION('',(#258),#262);
#258 = LINE('',#259,#260);
#259 = CARTESIAN_POINT('',(4.712388980385,0.));
#260 = VECTOR('',#261,1.);
#261 = DIRECTION('',(-0.,1.));
#262 = ( GEOMETRIC_REPRESENTATION_CONTEXT(2) 
PARAMETRIC_REPRESENTATION_CONTEXT() REPRESENTATION_CONTEXT('2D SPACE',''
  ) );
#263 = ORIENTED_EDGE('',*,*,#264,.F.);
#264 = EDGE_CURVE('',#265,#237,#267,.T.);
#265 = VERTEX_POINT('',#266);
#266 = CARTESIAN_POINT('',(-8.,226.,19.));
#267 = SURFACE_CURVE('',#268,(#272,#279),.PCURVE_S1.);
#268 = LINE('',#269,#270);
#269 = CARTESIAN_POINT('',(-8.,226.,19.));
#270 = VECTOR('',#271,1.);
#271 = DIRECTION('',(0.,1.,0.));
#272 = PCURVE('',#32,#273);
#273 = DEFINITIONAL_REPRESENTATION('',(#274),#278);
#274 = LINE('',#275,#276);
#275 = CARTESIAN_POINT('',(19.,-8.));
#276 = VECTOR('',#277,1.);
#277 = DIRECTION('',(0.,-1.));
#278 = ( GEOMETRIC_REPRESENTATION_CONTEXT(2) 
PARAMETRIC_REPRESENTATION_CONTEXT() REPRESENTATION_CONTEXT('2D SPACE',''
  ) );
#279 = PCURVE('',#280,#285);
#280 = CYLINDRICAL_SURFACE('',#281,1.);
#281 = AXIS2_PLACEMENT_3D('',#282,#283,#284);
#282 = CARTESIAN_POINT('',(-7.,226.,19.));
#283 = DIRECTION('',(0.,1.,0.));
#284 = DIRECTION('',(-1.,0.,0.));
#285 = DEFINITIONAL_REPRESENTATION('',(#286),#290);
#286 = LINE('',#287,#288);
#287 = CARTESIAN_POINT('',(0.,0.));
#288 = VECTOR('',#289,1.);
#289 = DIRECTION('',(0.,1.));
#290 = ( GEOMETRIC_REPRESENTATION_CONTEXT(2) 
PARAMETRIC_REPRESENTATION_CONTEXT() REPRESENTATION_CONTEXT('2D SPACE',''
  ) );
#291 = ORIENTED_EDGE('',*,*,#292,.F.);
#292 = EDGE_CURVE('',#293,#265,#295,.T.);
#293 = VERTEX_POINT('',#294);
#294 = CARTESIAN_POINT('',(-8.,226.,15.229834999803));
#295 = SURFACE_CURVE('',#296,(#300,#307),.PCURVE_S1.);
#296 = LINE('',#297,#298);
#297 = CARTESIAN_POINT('',(-8.,226.,0.));
#298 = VECTOR('',#299,1.);
#299 = DIRECTION('',(0.,0.,1.));
#300 = PCURVE('',#32,#301);
#301 = DEFINITIONAL_REPRESENTATION('',(#302),#306);
#302 = LINE('',#303,#304);
#303 = CARTESIAN_POINT('',(0.,-8.));
#304 = VECTOR('',#305,1.);
#305 = DIRECTION('',(1.,0.));
#306 = ( GEOMETRIC_REPRESENTATION_CONTEXT(2) 
PARAMETRIC_REPRESENTATION_CONTEXT() REPRESENTATION_CONTEXT('2D SPACE',''
  ) );
#307 = PCURVE('',#308,#313);
#308 = CYLINDRICAL_SURFACE('',#309,8.);
#309 = AXIS2_PLACEMENT_3D('',#310,#311,#312);
#310 = CARTESIAN_POINT('',(0.,226.,0.));
#311 = DIRECTION('',(0.,0.,1.));
#312 = DIRECTION('',(-1.,-0.,0.));
#313 = DEFINITIONAL_REPRESENTATION('',(#314),#318);
#314 = LINE('',#315,#316);
#315 = CARTESIAN_POINT('',(0.,0.));
#316 = VECTOR('',#317,1.);
#317 = DIRECTION('',(0.,1.));
#318 = ( GEOMETRIC_REPRESENTATION_CONTEXT(2) 
PARAMETRIC_REPRESENTATION_CONTEXT() REPRESENTATION_CONTEXT('2D SPACE',''
  ) );
#319 = ORIENTED_EDGE('',*,*,#320,.T.);
#320 = EDGE_CURVE('',#293,#321,#323,.T.);
#321 = VERTEX_POINT('',#322);
#322 = CARTESIAN_POINT('',(-8.,227.88773273526,15.589403139853));
#323 = SURFACE_CURVE('',#324,(#328,#335),.PCURVE_S1.);
#324 = LINE('',#325,#326);
#325 = CARTESIAN_POINT('',(-8.,225.90644394605,15.212014799051));
#326 = VECTOR('',#327,1.);
#327 = DIRECTION('',(-0.,0.982338566422,0.18711210789));
#328 = PCURVE('',#32,#329);
#329 = DEFINITIONAL_REPRESENTATION('',(#330),#334);
#330 = LINE('',#331,#332);
#331 = CARTESIAN_POINT('',(15.212014799051,-7.90644394605));
#332 = VECTOR('',#333,1.);
#333 = DIRECTION('',(0.18711210789,-0.982338566422));
#334 = ( GEOMETRIC_REPRESENTATION_CONTEXT(2) 
PARAMETRIC_REPRESENTATION_CONTEXT() REPRESENTATION_CONTEXT('2D SPACE',''
  ) );
#335 = PCURVE('',#336,#341);
#336 = CYLINDRICAL_SURFACE('',#337,0.5);
#337 = AXIS2_PLACEMENT_3D('',#338,#339,#340);
#338 = CARTESIAN_POINT('',(-7.5,225.90644394605,15.212014799051));
#339 = DIRECTION('',(-0.,0.982338566422,0.18711210789));
#340 = DIRECTION('',(-1.,-0.,0.));
#341 = DEFINITIONAL_REPRESENTATION('',(#342),#346);
#342 = LINE('',#343,#344);
#343 = CARTESIAN_POINT('',(6.28318530718,0.));
#344 = VECTOR('',#345,1.);
#345 = DIRECTION('',(-0.,1.));
#346 = ( GEOMETRIC_REPRESENTATION_CONTEXT(2) 
PARAMETRIC_REPRESENTATION_CONTEXT() REPRESENTATION_CONTEXT('2D SPACE',''
  ) );
#347 = ORIENTED_EDGE('',*,*,#348,.T.);
#348 = EDGE_CURVE('',#321,#349,#351,.T.);
#349 = VERTEX_POINT('',#350);
#350 = CARTESIAN_POINT('',(-8.,228.6,15.));
#351 = SURFACE_CURVE('',#352,(#357,#368),.PCURVE_S1.);
#352 = CIRCLE('',#353,0.6);
#353 = AXIS2_PLACEMENT_3D('',#354,#355,#356);
#354 = CARTESIAN_POINT('',(-8.,228.,15.));
#355 = DIRECTION('',(-1.,0.,0.));
#356 = DIRECTION('',(0.,-0.18711210789,0.982338566422));
#357 = PCURVE('',#32,#358);
#358 = DEFINITIONAL_REPRESENTATION('',(#359),#367);
#359 = ( BOUNDED_CURVE() B_SPLINE_CURVE(2,(#360,#361,#362,#363,#364,#365
,#366),.UNSPECIFIED.,.T.,.F.) B_SPLINE_CURVE_WITH_KNOTS((1,2,2,2,2,1),(
    -2.094395102393,0.,2.094395102393,4.188790204786,6.28318530718,
8.377580409573),.UNSPECIFIED.) CURVE() GEOMETRIC_REPRESENTATION_ITEM() 
RATIONAL_B_SPLINE_CURVE((1.,0.5,1.,0.5,1.,0.5,1.)) REPRESENTATION_ITEM(
  '') );
#360 = CARTESIAN_POINT('',(15.589403139853,-9.887732735266));
#361 = CARTESIAN_POINT('',(15.7838557464,-10.90860891963));
#362 = CARTESIAN_POINT('',(14.802524733346,-10.56657172455));
#363 = CARTESIAN_POINT('',(13.821193720293,-10.22453452946));
#364 = CARTESIAN_POINT('',(14.6080721268,-9.545695540184));
#365 = CARTESIAN_POINT('',(15.394950533307,-8.866856550899));
#366 = CARTESIAN_POINT('',(15.589403139853,-9.887732735266));
#367 = ( GEOMETRIC_REPRESENTATION_CONTEXT(2) 
PARAMETRIC_REPRESENTATION_CONTEXT() REPRESENTATION_CONTEXT('2D SPACE',''
  ) );
#368 = PCURVE('',#369,#374);
#369 = TOROIDAL_SURFACE('',#370,0.6,0.5);
#370 = AXIS2_PLACEMENT_3D('',#371,#372,#373);
#371 = CARTESIAN_POINT('',(-7.5,228.,15.));
#372 = DIRECTION('',(-1.,-0.,0.));
#373 = DIRECTION('',(0.,-0.18711210789,0.982338566422));
#374 = DEFINITIONAL_REPRESENTATION('',(#375),#379);
#375 = LINE('',#376,#377);
#376 = CARTESIAN_POINT('',(0.,1.570796326795));
#377 = VECTOR('',#378,1.);
#378 = DIRECTION('',(1.,0.));
#379 = ( GEOMETRIC_REPRESENTATION_CONTEXT(2) 
PARAMETRIC_REPRESENTATION_CONTEXT() REPRESENTATION_CONTEXT('2D SPACE',''
  ) );
#380 = ORIENTED_EDGE('',*,*,#381,.T.);
#381 = EDGE_CURVE('',#349,#382,#384,.T.);
#382 = VERTEX_POINT('',#383);
#383 = CARTESIAN_POINT('',(-8.,228.6,3.));
#384 = SURFACE_CURVE('',#385,(#389,#396),.PCURVE_S1.);
#385 = LINE('',#386,#387);
#386 = CARTESIAN_POINT('',(-8.,228.6,15.));
#387 = VECTOR('',#388,1.);
#388 = DIRECTION('',(0.,0.,-1.));
#389 = PCURVE('',#32,#390);
#390 = DEFINITIONAL_REPRESENTATION('',(#391),#395);
#391 = LINE('',#392,#393);
#392 = CARTESIAN_POINT('',(15.,-10.6));
#393 = VECTOR('',#394,1.);
#394 = DIRECTION('',(-1.,0.));
#395 = ( GEOMETRIC_REPRESENTATION_CONTEXT(2) 
PARAMETRIC_REPRESENTATION_CONTEXT() REPRESENTATION_CONTEXT('2D SPACE',''
  ) );
#396 = PCURVE('',#397,#402);
#397 = CYLINDRICAL_SURFACE('',#398,0.5);
#398 = AXIS2_PLACEMENT_3D('',#399,#400,#401);
#399 = CARTESIAN_POINT('',(-7.5,228.6,15.));
#400 = DIRECTION('',(0.,0.,-1.));
#401 = DIRECTION('',(-1.,-0.,-0.));
#402 = DEFINITIONAL_REPRESENTATION('',(#403),#407);
#403 = LINE('',#404,#405);
#404 = CARTESIAN_POINT('',(6.28318530718,0.));
#405 = VECTOR('',#406,1.);
#406 = DIRECTION('',(-0.,1.));
#407 = ( GEOMETRIC_REPRESENTATION_CONTEXT(2) 
PARAMETRIC_REPRESENTATION_CONTEXT() REPRESENTATION_CONTEXT('2D SPACE',''
  ) );
#408 = ORIENTED_EDGE('',*,*,#409,.T.);
#409 = EDGE_CURVE('',#382,#410,#412,.T.);
#410 = VERTEX_POINT('',#411);
#411 = CARTESIAN_POINT('',(-8.,227.88773273526,2.410596860147));
#412 = SURFACE_CURVE('',#413,(#418,#429),.PCURVE_S1.);
#413 = CIRCLE('',#414,0.6);
#414 = AXIS2_PLACEMENT_3D('',#415,#416,#417);
#415 = CARTESIAN_POINT('',(-8.,228.,3.));
#416 = DIRECTION('',(-1.,0.,0.));
#417 = DIRECTION('',(0.,1.,0.));
#418 = PCURVE('',#32,#419);
#419 = DEFINITIONAL_REPRESENTATION('',(#420),#428);
#420 = ( BOUNDED_CURVE() B_SPLINE_CURVE(2,(#421,#422,#423,#424,#425,#426
,#427),.UNSPECIFIED.,.T.,.F.) B_SPLINE_CURVE_WITH_KNOTS((1,2,2,2,2,1),(
    -2.094395102393,0.,2.094395102393,4.188790204786,6.28318530718,
8.377580409573),.UNSPECIFIED.) CURVE() GEOMETRIC_REPRESENTATION_ITEM() 
RATIONAL_B_SPLINE_CURVE((1.,0.5,1.,0.5,1.,0.5,1.)) REPRESENTATION_ITEM(
  '') );
#421 = CARTESIAN_POINT('',(3.,-10.6));
#422 = CARTESIAN_POINT('',(1.960769515459,-10.6));
#423 = CARTESIAN_POINT('',(2.480384757729,-9.7));
#424 = CARTESIAN_POINT('',(3.,-8.8));
#425 = CARTESIAN_POINT('',(3.519615242271,-9.7));
#426 = CARTESIAN_POINT('',(4.039230484541,-10.6));
#427 = CARTESIAN_POINT('',(3.,-10.6));
#428 = ( GEOMETRIC_REPRESENTATION_CONTEXT(2) 
PARAMETRIC_REPRESENTATION_CONTEXT() REPRESENTATION_CONTEXT('2D SPACE',''
  ) );
#429 = PCURVE('',#430,#435);
#430 = TOROIDAL_SURFACE('',#431,0.6,0.5);
#431 = AXIS2_PLACEMENT_3D('',#432,#433,#434);
#432 = CARTESIAN_POINT('',(-7.5,228.,3.));
#433 = DIRECTION('',(-1.,-0.,0.));
#434 = DIRECTION('',(0.,1.,0.));
#435 = DEFINITIONAL_REPRESENTATION('',(#436),#440);
#436 = LINE('',#437,#438);
#437 = CARTESIAN_POINT('',(0.,1.570796326795));
#438 = VECTOR('',#439,1.);
#439 = DIRECTION('',(1.,0.));
#440 = ( GEOMETRIC_REPRESENTATION_CONTEXT(2) 
PARAMETRIC_REPRESENTATION_CONTEXT() REPRESENTATION_CONTEXT('2D SPACE',''
  ) );
#441 = ORIENTED_EDGE('',*,*,#442,.T.);
#442 = EDGE_CURVE('',#410,#443,#445,.T.);
#443 = VERTEX_POINT('',#444);
#444 = CARTESIAN_POINT('',(-8.,226.,2.770165000197));
#445 = SURFACE_CURVE('',#446,(#450,#457),.PCURVE_S1.);
#446 = LINE('',#447,#448);
#447 = CARTESIAN_POINT('',(-8.,227.88773273526,2.410596860147));
#448 = VECTOR('',#449,1.);
#449 = DIRECTION('',(0.,-0.982338566422,0.18711210789));
#450 = PCURVE('',#32,#451);
#451 = DEFINITIONAL_REPRESENTATION('',(#452),#456);
#452 = LINE('',#453,#454);
#453 = CARTESIAN_POINT('',(2.410596860147,-9.88773273526));
#454 = VECTOR('',#455,1.);
#455 = DIRECTION('',(0.18711210789,0.982338566422));
#456 = ( GEOMETRIC_REPRESENTATION_CONTEXT(2) 
PARAMETRIC_REPRESENTATION_CONTEXT() REPRESENTATION_CONTEXT('2D SPACE',''
  ) );
#457 = PCURVE('',#458,#463);
#458 = CYLINDRICAL_SURFACE('',#459,0.5);
#459 = AXIS2_PLACEMENT_3D('',#460,#461,#462);
#460 = CARTESIAN_POINT('',(-7.5,227.88773273526,2.410596860147));
#461 = DIRECTION('',(0.,-0.982338566422,0.18711210789));
#462 = DIRECTION('',(-1.,0.,0.));
#463 = DEFINITIONAL_REPRESENTATION('',(#464),#468);
#464 = LINE('',#465,#466);
#465 = CARTESIAN_POINT('',(6.28318530718,0.));
#466 = VECTOR('',#467,1.);
#467 = DIRECTION('',(-0.,1.));
#468 = ( GEOMETRIC_REPRESENTATION_CONTEXT(2) 
PARAMETRIC_REPRESENTATION_CONTEXT() REPRESENTATION_CONTEXT('2D SPACE',''
  ) );
#469 = ORIENTED_EDGE('',*,*,#470,.F.);
#470 = EDGE_CURVE('',#471,#443,#473,.T.);
#471 = VERTEX_POINT('',#472);
#472 = CARTESIAN_POINT('',(-8.,226.,0.5));
#473 = SURFACE_CURVE('',#474,(#478,#485),.PCURVE_S1.);
#474 = LINE('',#475,#476);
#475 = CARTESIAN_POINT('',(-8.,226.,0.));
#476 = VECTOR('',#477,1.);
#477 = DIRECTION('',(0.,0.,1.));
#478 = PCURVE('',#32,#479);
#479 = DEFINITIONAL_REPRESENTATION('',(#480),#484);
#480 = LINE('',#481,#482);
#481 = CARTESIAN_POINT('',(0.,-8.));
#482 = VECTOR('',#483,1.);
#483 = DIRECTION('',(1.,0.));
#484 = ( GEOMETRIC_REPRESENTATION_CONTEXT(2) 
PARAMETRIC_REPRESENTATION_CONTEXT() REPRESENTATION_CONTEXT('2D SPACE',''
  ) );
#485 = PCURVE('',#486,#491);
#486 = CYLINDRICAL_SURFACE('',#487,8.);
#487 = AXIS2_PLACEMENT_3D('',#488,#489,#490);
#488 = CARTESIAN_POINT('',(0.,226.,0.));
#489 = DIRECTION('',(0.,0.,1.));
#490 = DIRECTION('',(-1.,-0.,0.));
#491 = DEFINITIONAL_REPRESENTATION('',(#492),#496);
#492 = LINE('',#493,#494);
#493 = CARTESIAN_POINT('',(0.,0.));
#494 = VECTOR('',#495,1.);
#495 = DIRECTION('',(0.,1.));
#496 = ( GEOMETRIC_REPRESENTATION_CONTEXT(2) 
PARAMETRIC_REPRESENTATION_CONTEXT() REPRESENTATION_CONTEXT('2D SPACE',''
  ) );
#497 = ORIENTED_EDGE('',*,*,#498,.T.);
#498 = EDGE_CURVE('',#471,#22,#499,.T.);
#499 = SURFACE_CURVE('',#500,(#504,#511),.PCURVE_S1.);
#500 = LINE('',#501,#502);
#501 = CARTESIAN_POINT('',(-8.,226.,0.5));
#502 = VECTOR('',#503,1.);
#503 = DIRECTION('',(0.,1.,0.));
#504 = PCURVE('',#32,#505);
#505 = DEFINITIONAL_REPRESENTATION('',(#506),#510);
#506 = LINE('',#507,#508);
#507 = CARTESIAN_POINT('',(0.5,-8.));
#508 = VECTOR('',#509,1.);
#509 = DIRECTION('',(0.,-1.));
#510 = ( GEOMETRIC_REPRESENTATION_CONTEXT(2) 
PARAMETRIC_REPRESENTATION_CONTEXT() REPRESENTATION_CONTEXT('2D SPACE',''
  ) );
#511 = PCURVE('',#512,#517);
#512 = CYLINDRICAL_SURFACE('',#513,0.5);
#513 = AXIS2_PLACEMENT_3D('',#514,#515,#516);
#514 = CARTESIAN_POINT('',(-7.5,226.,0.5));
#515 = DIRECTION('',(0.,1.,0.));
#516 = DIRECTION('',(-1.,0.,0.));
#517 = DEFINITIONAL_REPRESENTATION('',(#518),#522);
#518 = LINE('',#519,#520);
#519 = CARTESIAN_POINT('',(6.28318530718,0.));
#520 = VECTOR('',#521,1.);
#521 = DIRECTION('',(-0.,1.));
#522 = ( GEOMETRIC_REPRESENTATION_CONTEXT(2) 
PARAMETRIC_REPRESENTATION_CONTEXT() REPRESENTATION_CONTEXT('2D SPACE',''
  ) );
#523 = ADVANCED_FACE('',(#524),#44,.T.);
#524 = FACE_BOUND('',#525,.T.);
#525 = EDGE_LOOP('',(#526,#527,#556,#584,#613,#692,#718,#752));
#526 = ORIENTED_EDGE('',*,*,#21,.T.);
#527 = ORIENTED_EDGE('',*,*,#528,.T.);
#528 = EDGE_CURVE('',#24,#529,#531,.T.);
#529 = VERTEX_POINT('',#530);
#530 = CARTESIAN_POINT('',(0.,278.,19.));
#531 = SURFACE_CURVE('',#532,(#537,#544),.PCURVE_S1.);
#532 = CIRCLE('',#533,8.);
#533 = AXIS2_PLACEMENT_3D('',#534,#535,#536);
#534 = CARTESIAN_POINT('',(0.,270.,19.));
#535 = DIRECTION('',(0.,0.,-1.));
#536 = DIRECTION('',(-1.,0.,0.));
#537 = PCURVE('',#44,#538);
#538 = DEFINITIONAL_REPRESENTATION('',(#539),#543);
#539 = LINE('',#540,#541);
#540 = CARTESIAN_POINT('',(6.28318530718,19.));
#541 = VECTOR('',#542,1.);
#542 = DIRECTION('',(-1.,0.));
#543 = ( GEOMETRIC_REPRESENTATION_CONTEXT(2) 
PARAMETRIC_REPRESENTATION_CONTEXT() REPRESENTATION_CONTEXT('2D SPACE',''
  ) );
#544 = PCURVE('',#545,#550);
#545 = TOROIDAL_SURFACE('',#546,7.,1.);
#546 = AXIS2_PLACEMENT_3D('',#547,#548,#549);
#547 = CARTESIAN_POINT('',(0.,270.,19.));
#548 = DIRECTION('',(0.,0.,1.));
#549 = DIRECTION('',(-1.,0.,0.));
#550 = DEFINITIONAL_REPRESENTATION('',(#551),#555);
#551 = LINE('',#552,#553);
#552 = CARTESIAN_POINT('',(6.28318530718,0.));
#553 = VECTOR('',#554,1.);
#554 = DIRECTION('',(-1.,0.));
#555 = ( GEOMETRIC_REPRESENTATION_CONTEXT(2) 
PARAMETRIC_REPRESENTATION_CONTEXT() REPRESENTATION_CONTEXT('2D SPACE',''
  ) );
#556 = ORIENTED_EDGE('',*,*,#557,.F.);
#557 = EDGE_CURVE('',#558,#529,#560,.T.);
#558 = VERTEX_POINT('',#559);
#559 = CARTESIAN_POINT('',(0.,278.,4.));
#560 = SURFACE_CURVE('',#561,(#565,#572),.PCURVE_S1.);
#561 = LINE('',#562,#563);
#562 = CARTESIAN_POINT('',(0.,278.,0.));
#563 = VECTOR('',#564,1.);
#564 = DIRECTION('',(0.,0.,1.));
#565 = PCURVE('',#44,#566);
#566 = DEFINITIONAL_REPRESENTATION('',(#567),#571);
#567 = LINE('',#568,#569);
#568 = CARTESIAN_POINT('',(4.712388980385,0.));
#569 = VECTOR('',#570,1.);
#570 = DIRECTION('',(-0.,1.));
#571 = ( GEOMETRIC_REPRESENTATION_CONTEXT(2) 
PARAMETRIC_REPRESENTATION_CONTEXT() REPRESENTATION_CONTEXT('2D SPACE',''
  ) );
#572 = PCURVE('',#573,#578);
#573 = PLANE('',#574);
#574 = AXIS2_PLACEMENT_3D('',#575,#576,#577);
#575 = CARTESIAN_POINT('',(-8.,278.,0.));
#576 = DIRECTION('',(0.,1.,0.));
#577 = DIRECTION('',(0.,-0.,1.));
#578 = DEFINITIONAL_REPRESENTATION('',(#579),#583);
#579 = LINE('',#580,#581);
#580 = CARTESIAN_POINT('',(0.,8.));
#581 = VECTOR('',#582,1.);
#582 = DIRECTION('',(1.,0.));
#583 = ( GEOMETRIC_REPRESENTATION_CONTEXT(2) 
PARAMETRIC_REPRESENTATION_CONTEXT() REPRESENTATION_CONTEXT('2D SPACE',''
  ) );
#584 = ORIENTED_EDGE('',*,*,#585,.T.);
#585 = EDGE_CURVE('',#558,#586,#588,.T.);
#586 = VERTEX_POINT('',#587);
#587 = CARTESIAN_POINT('',(-5.562148865322,275.75,4.));
#588 = SURFACE_CURVE('',#589,(#594,#601),.PCURVE_S1.);
#589 = CIRCLE('',#590,8.);
#590 = AXIS2_PLACEMENT_3D('',#591,#592,#593);
#591 = CARTESIAN_POINT('',(0.,270.,4.));
#592 = DIRECTION('',(0.,0.,1.));
#593 = DIRECTION('',(-1.,-0.,0.));
#594 = PCURVE('',#44,#595);
#595 = DEFINITIONAL_REPRESENTATION('',(#596),#600);
#596 = LINE('',#597,#598);
#597 = CARTESIAN_POINT('',(0.,4.));
#598 = VECTOR('',#599,1.);
#599 = DIRECTION('',(1.,0.));
#600 = ( GEOMETRIC_REPRESENTATION_CONTEXT(2) 
PARAMETRIC_REPRESENTATION_CONTEXT() REPRESENTATION_CONTEXT('2D SPACE',''
  ) );
#601 = PCURVE('',#602,#607);
#602 = PLANE('',#603);
#603 = AXIS2_PLACEMENT_3D('',#604,#605,#606);
#604 = CARTESIAN_POINT('',(-8.,272.,4.));
#605 = DIRECTION('',(0.,0.,1.));
#606 = DIRECTION('',(1.,0.,0.));
#607 = DEFINITIONAL_REPRESENTATION('',(#608),#612);
#608 = CIRCLE('',#609,8.);
#609 = AXIS2_PLACEMENT_2D('',#610,#611);
#610 = CARTESIAN_POINT('',(8.,-2.));
#611 = DIRECTION('',(-1.,0.));
#612 = ( GEOMETRIC_REPRESENTATION_CONTEXT(2) 
PARAMETRIC_REPRESENTATION_CONTEXT() REPRESENTATION_CONTEXT('2D SPACE',''
  ) );
#613 = ORIENTED_EDGE('',*,*,#614,.F.);
#614 = EDGE_CURVE('',#615,#586,#617,.T.);
#615 = VERTEX_POINT('',#616);
#616 = CARTESIAN_POINT('',(-6.244997998398,275.,3.));
#617 = SURFACE_CURVE('',#618,(#639,#663),.PCURVE_S1.);
#618 = B_SPLINE_CURVE_WITH_KNOTS('',7,(#619,#620,#621,#622,#623,#624,
    #625,#626,#627,#628,#629,#630,#631,#632,#633,#634,#635,#636,#637,
    #638),.UNSPECIFIED.,.F.,.F.,(8,6,6,8),(0.,0.319805568379,
    0.620556709256,1.),.UNSPECIFIED.);
#619 = CARTESIAN_POINT('',(-6.244997998398,275.,3.));
#620 = CARTESIAN_POINT('',(-6.244997998398,275.,3.065623802725));
#621 = CARTESIAN_POINT('',(-6.241779922306,275.00401938356,
    3.131238985123));
#622 = CARTESIAN_POINT('',(-6.235345236781,275.01205627168,
    3.196542663141));
#623 = CARTESIAN_POINT('',(-6.225668925251,275.02410863804,
    3.261214200975));
#624 = CARTESIAN_POINT('',(-6.212707326014,275.04016404215,
    3.324911213684));
#625 = CARTESIAN_POINT('',(-6.196401380489,275.06019499321,
    3.387264101017));
#626 = CARTESIAN_POINT('',(-6.158124508477,275.10669703331,
    3.504863199286));
#627 = CARTESIAN_POINT('',(-6.136554497693,275.13270666303,
    3.560294760993));
#628 = CARTESIAN_POINT('',(-6.111903988426,275.16215210627,
    3.613832518983));
#629 = CARTESIAN_POINT('',(-6.084111117119,275.19497151872,
    3.665080852273));
#630 = CARTESIAN_POINT('',(-6.053128618001,275.23105818408,3.71358329232
    ));
#631 = CARTESIAN_POINT('',(-6.018944275271,275.27024396391,
    3.758831833428));
#632 = CARTESIAN_POINT('',(-5.934499529341,275.36532831314,
    3.852577820065));
#633 = CARTESIAN_POINT('',(-5.882303989998,275.42299506518,
    3.898904477751));
#634 = CARTESIAN_POINT('',(-5.825217419661,275.48467990567,
    3.937997710322));
#635 = CARTESIAN_POINT('',(-5.763680662381,275.54950369189,
    3.968581437351));
#636 = CARTESIAN_POINT('',(-5.698451012051,275.61630403254,
    3.989523567744));
#637 = CARTESIAN_POINT('',(-5.630722075598,275.68366706022,4.));
#638 = CARTESIAN_POINT('',(-5.562148865322,275.75,4.));
#639 = PCURVE('',#44,#640);
#640 = DEFINITIONAL_REPRESENTATION('',(#641),#662);
#641 = B_SPLINE_CURVE_WITH_KNOTS('',7,(#642,#643,#644,#645,#646,#647,
    #648,#649,#650,#651,#652,#653,#654,#655,#656,#657,#658,#659,#660,
    #661),.UNSPECIFIED.,.F.,.F.,(8,6,6,8),(0.,0.319805568379,
    0.620556709256,1.),.UNSPECIFIED.);
#642 = CARTESIAN_POINT('',(5.608053774243,3.));
#643 = CARTESIAN_POINT('',(5.608053774243,3.065623802725));
#644 = CARTESIAN_POINT('',(5.607410158231,3.131238985123));
#645 = CARTESIAN_POINT('',(5.606123224309,3.196542663141));
#646 = CARTESIAN_POINT('',(5.604191215392,3.261214200975));
#647 = CARTESIAN_POINT('',(5.601611934776,3.324911213684));
#648 = CARTESIAN_POINT('',(5.598383392311,3.387264101017));
#649 = CARTESIAN_POINT('',(5.590854740099,3.504863199286));
#650 = CARTESIAN_POINT('',(5.586631015535,3.560294760993));
#651 = CARTESIAN_POINT('',(5.581830901199,3.613832518983));
#652 = CARTESIAN_POINT('',(5.576455268505,3.665080852273));
#653 = CARTESIAN_POINT('',(5.570510258838,3.71358329232));
#654 = CARTESIAN_POINT('',(5.564010401446,3.758831833428));
#655 = CARTESIAN_POINT('',(5.548114279383,3.852577820065));
#656 = CARTESIAN_POINT('',(5.538392133414,3.898904477751));
#657 = CARTESIAN_POINT('',(5.527887319051,3.937997710322));
#658 = CARTESIAN_POINT('',(5.516716512653,3.968581437351));
#659 = CARTESIAN_POINT('',(5.505047753235,3.989523567744));
#660 = CARTESIAN_POINT('',(5.493108305076,4.));
#661 = CARTESIAN_POINT('',(5.481182529376,4.));
#662 = ( GEOMETRIC_REPRESENTATION_CONTEXT(2) 
PARAMETRIC_REPRESENTATION_CONTEXT() REPRESENTATION_CONTEXT('2D SPACE',''
  ) );
#663 = PCURVE('',#664,#669);
#664 = TOROIDAL_SURFACE('',#665,7.,1.);
#665 = AXIS2_PLACEMENT_3D('',#666,#667,#668);
#666 = CARTESIAN_POINT('',(0.,280.,3.));
#667 = DIRECTION('',(0.,0.,1.));
#668 = DIRECTION('',(0.,-1.,0.));
#669 = DEFINITIONAL_REPRESENTATION('',(#670),#691);
#670 = B_SPLINE_CURVE_WITH_KNOTS('',7,(#671,#672,#673,#674,#675,#676,
    #677,#678,#679,#680,#681,#682,#683,#684,#685,#686,#687,#688,#689,
    #690),.UNSPECIFIED.,.F.,.F.,(8,6,6,8),(0.,0.319805568379,
    0.620556709256,1.),.UNSPECIFIED.);
#671 = CARTESIAN_POINT('',(-0.895664793858,0.));
#672 = CARTESIAN_POINT('',(-0.895664793858,6.562380272535E-02));
#673 = CARTESIAN_POINT('',(-0.895805584958,0.131239090083));
#674 = CARTESIAN_POINT('',(-0.896087101191,0.197003994335));
#675 = CARTESIAN_POINT('',(-0.896508297422,0.263060287938));
#676 = CARTESIAN_POINT('',(-0.897066784989,0.329544051448));
#677 = CARTESIAN_POINT('',(-0.897758558656,0.396597309326));
#678 = CARTESIAN_POINT('',(-0.899348258699,0.528125340212));
#679 = CARTESIAN_POINT('',(-0.900231221752,0.592497038677));
#680 = CARTESIAN_POINT('',(-0.901221795711,0.657632704828));
#681 = CARTESIAN_POINT('',(-0.902313228278,0.723641968616));
#682 = CARTESIAN_POINT('',(-0.903496016094,0.79061755552));
#683 = CARTESIAN_POINT('',(-0.904757376143,0.858638404611));
#684 = CARTESIAN_POINT('',(-0.907751168982,1.014979758006));
#685 = CARTESIAN_POINT('',(-0.909522968739,1.104083287127));
#686 = CARTESIAN_POINT('',(-0.911359963735,1.194972311926));
#687 = CARTESIAN_POINT('',(-0.913215090225,1.287470758081));
#688 = CARTESIAN_POINT('',(-0.915032262817,1.381298891548));
#689 = CARTESIAN_POINT('',(-0.916754438823,1.476034984254));
#690 = CARTESIAN_POINT('',(-0.918336429477,1.570796326795));
#691 = ( GEOMETRIC_REPRESENTATION_CONTEXT(2) 
PARAMETRIC_REPRESENTATION_CONTEXT() REPRESENTATION_CONTEXT('2D SPACE',''
  ) );
#692 = ORIENTED_EDGE('',*,*,#693,.F.);
#693 = EDGE_CURVE('',#694,#615,#696,.T.);
#694 = VERTEX_POINT('',#695);
#695 = CARTESIAN_POINT('',(-6.244997998398,275.,0.6));
#696 = SURFACE_CURVE('',#697,(#701,#707),.PCURVE_S1.);
#697 = LINE('',#698,#699);
#698 = CARTESIAN_POINT('',(-6.244997998398,275.,0.));
#699 = VECTOR('',#700,1.);
#700 = DIRECTION('',(0.,0.,1.));
#701 = PCURVE('',#44,#702);
#702 = DEFINITIONAL_REPRESENTATION('',(#703),#706);
#703 = B_SPLINE_CURVE_WITH_KNOTS('',1,(#704,#705),.UNSPECIFIED.,.F.,.F.,
  (2,2),(0.5999994,3.0000006),.PIECEWISE_BEZIER_KNOTS.);
#704 = CARTESIAN_POINT('',(5.608053774243,0.5999994));
#705 = CARTESIAN_POINT('',(5.608053774243,3.0000006));
#706 = ( GEOMETRIC_REPRESENTATION_CONTEXT(2) 
PARAMETRIC_REPRESENTATION_CONTEXT() REPRESENTATION_CONTEXT('2D SPACE',''
  ) );
#707 = PCURVE('',#708,#713);
#708 = CYLINDRICAL_SURFACE('',#709,8.);
#709 = AXIS2_PLACEMENT_3D('',#710,#711,#712);
#710 = CARTESIAN_POINT('',(0.,280.,0.));
#711 = DIRECTION('',(0.,0.,1.));
#712 = DIRECTION('',(-1.,-0.,0.));
#713 = DEFINITIONAL_REPRESENTATION('',(#714),#717);
#714 = B_SPLINE_CURVE_WITH_KNOTS('',1,(#715,#716),.UNSPECIFIED.,.F.,.F.,
  (2,2),(0.5999994,3.0000006),.PIECEWISE_BEZIER_KNOTS.);
#715 = CARTESIAN_POINT('',(0.675131532937,0.5999994));
#716 = CARTESIAN_POINT('',(0.675131532937,3.0000006));
#717 = ( GEOMETRIC_REPRESENTATION_CONTEXT(2) 
PARAMETRIC_REPRESENTATION_CONTEXT() REPRESENTATION_CONTEXT('2D SPACE',''
  ) );
#718 = ORIENTED_EDGE('',*,*,#719,.T.);
#719 = EDGE_CURVE('',#694,#720,#722,.T.);
#720 = VERTEX_POINT('',#721);
#721 = CARTESIAN_POINT('',(-6.23961970108,275.00671009605,0.5));
#722 = SURFACE_CURVE('',#723,(#729,#738),.PCURVE_S1.);
#723 = B_SPLINE_CURVE_WITH_KNOTS('',4,(#724,#725,#726,#727,#728),
  .UNSPECIFIED.,.F.,.F.,(5,5),(0.,1.),.PIECEWISE_BEZIER_KNOTS.);
#724 = CARTESIAN_POINT('',(-6.244997998398,275.,0.6));
#725 = CARTESIAN_POINT('',(-6.244997998398,275.,0.574905433549));
#726 = CARTESIAN_POINT('',(-6.244101665117,275.00111952187,
    0.549810946148));
#727 = CARTESIAN_POINT('',(-6.242308944637,275.00335862246,
    0.524810353895));
#728 = CARTESIAN_POINT('',(-6.239619636045,275.0067101771,0.4999994));
#729 = PCURVE('',#44,#730);
#730 = DEFINITIONAL_REPRESENTATION('',(#731),#737);
#731 = B_SPLINE_CURVE_WITH_KNOTS('',4,(#732,#733,#734,#735,#736),
  .UNSPECIFIED.,.F.,.F.,(5,5),(0.,1.),.PIECEWISE_BEZIER_KNOTS.);
#732 = CARTESIAN_POINT('',(5.608053774243,0.6));
#733 = CARTESIAN_POINT('',(5.608053774243,0.574905433549));
#734 = CARTESIAN_POINT('',(5.607874507351,0.549810946148));
#735 = CARTESIAN_POINT('',(5.607515964043,0.524810353895));
#736 = CARTESIAN_POINT('',(5.606978823187,0.4999994));
#737 = ( GEOMETRIC_REPRESENTATION_CONTEXT(2) 
PARAMETRIC_REPRESENTATION_CONTEXT() REPRESENTATION_CONTEXT('2D SPACE',''
  ) );
#738 = PCURVE('',#739,#744);
#739 = TOROIDAL_SURFACE('',#740,7.4,0.6);
#740 = AXIS2_PLACEMENT_3D('',#741,#742,#743);
#741 = CARTESIAN_POINT('',(0.,280.,0.6));
#742 = DIRECTION('',(-0.,-0.,-1.));
#743 = DIRECTION('',(0.,-1.,0.));
#744 = DEFINITIONAL_REPRESENTATION('',(#745),#751);
#745 = B_SPLINE_CURVE_WITH_KNOTS('',4,(#746,#747,#748,#749,#750),
  .UNSPECIFIED.,.F.,.F.,(5,5),(0.,1.),.PIECEWISE_BEZIER_KNOTS.);
#746 = CARTESIAN_POINT('',(0.895664793858,0.));
#747 = CARTESIAN_POINT('',(0.895664793858,4.182427741809E-02));
#748 = CARTESIAN_POINT('',(0.89570400768,8.364849953203E-02));
#749 = CARTESIAN_POINT('',(0.895782440474,0.125510926214));
#750 = CARTESIAN_POINT('',(0.895899622586,0.167449099947));
#751 = ( GEOMETRIC_REPRESENTATION_CONTEXT(2) 
PARAMETRIC_REPRESENTATION_CONTEXT() REPRESENTATION_CONTEXT('2D SPACE',''
  ) );
#752 = ORIENTED_EDGE('',*,*,#753,.F.);
#753 = EDGE_CURVE('',#22,#720,#754,.T.);
#754 = SURFACE_CURVE('',#755,(#760,#767),.PCURVE_S1.);
#755 = CIRCLE('',#756,8.);
#756 = AXIS2_PLACEMENT_3D('',#757,#758,#759);
#757 = CARTESIAN_POINT('',(0.,270.,0.5));
#758 = DIRECTION('',(0.,0.,-1.));
#759 = DIRECTION('',(-1.,0.,0.));
#760 = PCURVE('',#44,#761);
#761 = DEFINITIONAL_REPRESENTATION('',(#762),#766);
#762 = LINE('',#763,#764);
#763 = CARTESIAN_POINT('',(6.28318530718,0.5));
#764 = VECTOR('',#765,1.);
#765 = DIRECTION('',(-1.,0.));
#766 = ( GEOMETRIC_REPRESENTATION_CONTEXT(2) 
PARAMETRIC_REPRESENTATION_CONTEXT() REPRESENTATION_CONTEXT('2D SPACE',''
  ) );
#767 = PCURVE('',#768,#773);
#768 = TOROIDAL_SURFACE('',#769,7.5,0.5);
#769 = AXIS2_PLACEMENT_3D('',#770,#771,#772);
#770 = CARTESIAN_POINT('',(0.,270.,0.5));
#771 = DIRECTION('',(-0.,-0.,-1.));
#772 = DIRECTION('',(-1.,0.,0.));
#773 = DEFINITIONAL_REPRESENTATION('',(#774),#778);
#774 = LINE('',#775,#776);
#775 = CARTESIAN_POINT('',(0.,0.));
#776 = VECTOR('',#777,1.);
#777 = DIRECTION('',(1.,0.));
#778 = ( GEOMETRIC_REPRESENTATION_CONTEXT(2) 
PARAMETRIC_REPRESENTATION_CONTEXT() REPRESENTATION_CONTEXT('2D SPACE',''
  ) );
#779 = ADVANCED_FACE('',(#780),#72,.T.);
#780 = FACE_BOUND('',#781,.T.);
#781 = EDGE_LOOP('',(#782,#783,#836,#864));
#782 = ORIENTED_EDGE('',*,*,#56,.F.);
#783 = ORIENTED_EDGE('',*,*,#784,.T.);
#784 = EDGE_CURVE('',#57,#785,#787,.T.);
#785 = VERTEX_POINT('',#786);
#786 = CARTESIAN_POINT('',(-7.,254.36239464951,20.));
#787 = SURFACE_CURVE('',#788,(#796,#807),.PCURVE_S1.);
#788 = B_SPLINE_CURVE_WITH_KNOTS('',6,(#789,#790,#791,#792,#793,#794,
    #795),.UNSPECIFIED.,.F.,.F.,(7,7),(267.10769878649,268.4982516312),
  .PIECEWISE_BEZIER_KNOTS.);
#789 = CARTESIAN_POINT('',(-8.,254.30880481102,19.));
#790 = CARTESIAN_POINT('',(-8.,254.32114875432,19.250217100257));
#791 = CARTESIAN_POINT('',(-7.925082770951,254.33453774286,
    19.510622340523));
#792 = CARTESIAN_POINT('',(-7.762307325601,254.34774906895,
    19.747295830167));
#793 = CARTESIAN_POINT('',(-7.530214905967,254.35751259579,
    19.91550898504));
#794 = CARTESIAN_POINT('',(-7.265180575781,254.36239464951,20.));
#795 = CARTESIAN_POINT('',(-7.,254.36239464951,20.));
#796 = PCURVE('',#72,#797);
#797 = DEFINITIONAL_REPRESENTATION('',(#798),#806);
#798 = B_SPLINE_CURVE_WITH_KNOTS('',6,(#799,#800,#801,#802,#803,#804,
    #805),.UNSPECIFIED.,.F.,.F.,(7,7),(267.10769878649,268.4982516312),
  .PIECEWISE_BEZIER_KNOTS.);
#799 = CARTESIAN_POINT('',(-2.145195838463E-14,28.308804811029));
#800 = CARTESIAN_POINT('',(0.250217100257,28.321148754322));
#801 = CARTESIAN_POINT('',(0.510628543269,28.334538460799));
#802 = CARTESIAN_POINT('',(0.775416512731,28.347748072285));
#803 = CARTESIAN_POINT('',(1.040445599745,28.357512963034));
#804 = CARTESIAN_POINT('',(1.305615751013,28.362394649516));
#805 = CARTESIAN_POINT('',(1.570796326795,28.362394649516));
#806 = ( GEOMETRIC_REPRESENTATION_CONTEXT(2) 
PARAMETRIC_REPRESENTATION_CONTEXT() REPRESENTATION_CONTEXT('2D SPACE',''
  ) );
#807 = PCURVE('',#808,#830);
#808 = ( BOUNDED_SURFACE() B_SPLINE_SURFACE(2,6,(
    (#809,#810,#811,#812,#813,#814,#815)
    ,(#816,#817,#818,#819,#820,#821,#822)
    ,(#823,#824,#825,#826,#827,#828,#829
)),.UNSPECIFIED.,.F.,.F.,.F.) B_SPLINE_SURFACE_WITH_KNOTS((3,3),(7,7),(
    0.,1.390552844712),(267.10769878649,268.4982516312),
.PIECEWISE_BEZIER_KNOTS.) GEOMETRIC_REPRESENTATION_ITEM() 
RATIONAL_B_SPLINE_SURFACE((
    (1.,1.,1.,1.,1.,1.,1.)
    ,(0.707106781187,0.730457929635,0.753611103852,0.77317798974
      ,0.786592244788,0.793353340291,0.793353340291)
,(1.,1.,1.,1.,1.,1.,1.))) REPRESENTATION_ITEM('') SURFACE() );
#809 = CARTESIAN_POINT('',(-7.215577637581,253.49540273291,
    19.055304761624));
#810 = CARTESIAN_POINT('',(-7.25023069134,253.5140021074,19.124718572206
    ));
#811 = CARTESIAN_POINT('',(-7.259965445804,253.53746721755,
    19.212291555478));
#812 = CARTESIAN_POINT('',(-7.231222594646,253.56183423512,
    19.303230503094));
#813 = CARTESIAN_POINT('',(-7.165964393065,253.58038379889,
    19.372458417555));
#814 = CARTESIAN_POINT('',(-7.083001591693,253.58965398848,
    19.407055236082));
#815 = CARTESIAN_POINT('',(-7.,253.58965398848,19.407055236082));
#816 = CARTESIAN_POINT('',(-8.,253.53606414999,19.207055236082));
#817 = CARTESIAN_POINT('',(-7.949847452432,253.59481944098,
    19.42633296727));
#818 = CARTESIAN_POINT('',(-7.839849416348,253.65056276981,
    19.63436990265));
#819 = CARTESIAN_POINT('',(-7.672430291009,253.6985265553,
    19.813373187001));
#820 = CARTESIAN_POINT('',(-7.459293919813,253.73218952383,
    19.939005095891));
#821 = CARTESIAN_POINT('',(-7.227723730111,253.74853305913,20.));
#822 = CARTESIAN_POINT('',(-7.,253.74853305913,20.));
#823 = CARTESIAN_POINT('',(-8.,254.30880481102,19.));
#824 = CARTESIAN_POINT('',(-8.,254.32114875432,19.250217100257));
#825 = CARTESIAN_POINT('',(-7.925082770951,254.33453774286,
    19.510622340523));
#826 = CARTESIAN_POINT('',(-7.762307325601,254.34774906895,
    19.747295830167));
#827 = CARTESIAN_POINT('',(-7.530214905967,254.35751259579,
    19.91550898504));
#828 = CARTESIAN_POINT('',(-7.265180575781,254.36239464951,20.));
#829 = CARTESIAN_POINT('',(-7.,254.36239464951,20.));
#830 = DEFINITIONAL_REPRESENTATION('',(#831),#835);
#831 = LINE('',#832,#833);
#832 = CARTESIAN_POINT('',(1.390552844712,0.));
#833 = VECTOR('',#834,1.);
#834 = DIRECTION('',(0.,1.));
#835 = ( GEOMETRIC_REPRESENTATION_CONTEXT(2) 
PARAMETRIC_REPRESENTATION_CONTEXT() REPRESENTATION_CONTEXT('2D SPACE',''
  ) );
#836 = ORIENTED_EDGE('',*,*,#837,.T.);
#837 = EDGE_CURVE('',#785,#838,#840,.T.);
#838 = VERTEX_POINT('',#839);
#839 = CARTESIAN_POINT('',(-7.,270.,20.));
#840 = SURFACE_CURVE('',#841,(#845,#852),.PCURVE_S1.);
#841 = LINE('',#842,#843);
#842 = CARTESIAN_POINT('',(-7.,226.,20.));
#843 = VECTOR('',#844,1.);
#844 = DIRECTION('',(0.,1.,0.));
#845 = PCURVE('',#72,#846);
#846 = DEFINITIONAL_REPRESENTATION('',(#847),#851);
#847 = LINE('',#848,#849);
#848 = CARTESIAN_POINT('',(1.570796326795,0.));
#849 = VECTOR('',#850,1.);
#850 = DIRECTION('',(0.,1.));
#851 = ( GEOMETRIC_REPRESENTATION_CONTEXT(2) 
PARAMETRIC_REPRESENTATION_CONTEXT() REPRESENTATION_CONTEXT('2D SPACE',''
  ) );
#852 = PCURVE('',#853,#858);
#853 = PLANE('',#854);
#854 = AXIS2_PLACEMENT_3D('',#855,#856,#857);
#855 = CARTESIAN_POINT('',(-8.,218.,20.));
#856 = DIRECTION('',(0.,0.,1.));
#857 = DIRECTION('',(1.,0.,-0.));
#858 = DEFINITIONAL_REPRESENTATION('',(#859),#863);
#859 = LINE('',#860,#861);
#860 = CARTESIAN_POINT('',(1.,8.));
#861 = VECTOR('',#862,1.);
#862 = DIRECTION('',(0.,1.));
#863 = ( GEOMETRIC_REPRESENTATION_CONTEXT(2) 
PARAMETRIC_REPRESENTATION_CONTEXT() REPRESENTATION_CONTEXT('2D SPACE',''
  ) );
#864 = ORIENTED_EDGE('',*,*,#865,.F.);
#865 = EDGE_CURVE('',#24,#838,#866,.T.);
#866 = SURFACE_CURVE('',#867,(#872,#879),.PCURVE_S1.);
#867 = CIRCLE('',#868,1.);
#868 = AXIS2_PLACEMENT_3D('',#869,#870,#871);
#869 = CARTESIAN_POINT('',(-7.,270.,19.));
#870 = DIRECTION('',(0.,1.,0.));
#871 = DIRECTION('',(-1.,0.,0.));
#872 = PCURVE('',#72,#873);
#873 = DEFINITIONAL_REPRESENTATION('',(#874),#878);
#874 = LINE('',#875,#876);
#875 = CARTESIAN_POINT('',(0.,44.));
#876 = VECTOR('',#877,1.);
#877 = DIRECTION('',(1.,0.));
#878 = ( GEOMETRIC_REPRESENTATION_CONTEXT(2) 
PARAMETRIC_REPRESENTATION_CONTEXT() REPRESENTATION_CONTEXT('2D SPACE',''
  ) );
#879 = PCURVE('',#545,#880);
#880 = DEFINITIONAL_REPRESENTATION('',(#881),#885);
#881 = LINE('',#882,#883);
#882 = CARTESIAN_POINT('',(6.28318530718,0.));
#883 = VECTOR('',#884,1.);
#884 = DIRECTION('',(-0.,1.));
#885 = ( GEOMETRIC_REPRESENTATION_CONTEXT(2) 
PARAMETRIC_REPRESENTATION_CONTEXT() REPRESENTATION_CONTEXT('2D SPACE',''
  ) );
#886 = ADVANCED_FACE('',(#887),#102,.F.);
#887 = FACE_BOUND('',#888,.F.);
#888 = EDGE_LOOP('',(#889,#919,#920,#941));
#889 = ORIENTED_EDGE('',*,*,#890,.T.);
#890 = EDGE_CURVE('',#891,#85,#893,.T.);
#891 = VERTEX_POINT('',#892);
#892 = CARTESIAN_POINT('',(-7.2,253.4805838667,19.));
#893 = SURFACE_CURVE('',#894,(#899,#913),.PCURVE_S1.);
#894 = CIRCLE('',#895,0.8);
#895 = AXIS2_PLACEMENT_3D('',#896,#897,#898);
#896 = CARTESIAN_POINT('',(-7.2,254.25332452773,18.792944763918));
#897 = DIRECTION('',(0.,-0.258819045103,-0.965925826289));
#898 = DIRECTION('',(0.,-0.965925826289,0.258819045103));
#899 = PCURVE('',#102,#900);
#900 = DEFINITIONAL_REPRESENTATION('',(#901),#912);
#901 = B_SPLINE_CURVE_WITH_KNOTS('',9,(#902,#903,#904,#905,#906,#907,
    #908,#909,#910,#911),.UNSPECIFIED.,.F.,.F.,(10,10),(0.,
    1.570796326795),.PIECEWISE_BEZIER_KNOTS.);
#902 = CARTESIAN_POINT('',(0.,266.89962940277));
#903 = CARTESIAN_POINT('',(2.567855319018E-02,266.89962940277));
#904 = CARTESIAN_POINT('',(4.926867330445E-02,266.89962940277));
#905 = CARTESIAN_POINT('',(7.162707713666E-02,266.89962940278));
#906 = CARTESIAN_POINT('',(9.33029172556E-02,266.89962940277));
#907 = CARTESIAN_POINT('',(0.114766466456,266.89962940278));
#908 = CARTESIAN_POINT('',(0.136442306575,266.89962940277));
#909 = CARTESIAN_POINT('',(0.158800710407,266.89962940278));
#910 = CARTESIAN_POINT('',(0.182390830522,266.89962940277));
#911 = CARTESIAN_POINT('',(0.208069383712,266.89962940277));
#912 = ( GEOMETRIC_REPRESENTATION_CONTEXT(2) 
PARAMETRIC_REPRESENTATION_CONTEXT() REPRESENTATION_CONTEXT('2D SPACE',''
  ) );
#913 = PCURVE('',#138,#914);
#914 = DEFINITIONAL_REPRESENTATION('',(#915),#918);
#915 = B_SPLINE_CURVE_WITH_KNOTS('',1,(#916,#917),.UNSPECIFIED.,.F.,.F.,
  (2,2),(0.,1.570796326795),.PIECEWISE_BEZIER_KNOTS.);
#916 = CARTESIAN_POINT('',(6.28318530718,15.435536276543));
#917 = CARTESIAN_POINT('',(4.712388980385,15.435536276543));
#918 = ( GEOMETRIC_REPRESENTATION_CONTEXT(2) 
PARAMETRIC_REPRESENTATION_CONTEXT() REPRESENTATION_CONTEXT('2D SPACE',''
  ) );
#919 = ORIENTED_EDGE('',*,*,#84,.T.);
#920 = ORIENTED_EDGE('',*,*,#921,.F.);
#921 = EDGE_CURVE('',#922,#57,#924,.T.);
#922 = VERTEX_POINT('',#923);
#923 = CARTESIAN_POINT('',(-7.215577637581,253.49540273291,
    19.055304761624));
#924 = SURFACE_CURVE('',#925,(#929,#935),.PCURVE_S1.);
#925 = ( BOUNDED_CURVE() B_SPLINE_CURVE(2,(#926,#927,#928),
.UNSPECIFIED.,.F.,.F.) B_SPLINE_CURVE_WITH_KNOTS((3,3),(0.,
0.208069383712),.PIECEWISE_BEZIER_KNOTS.) CURVE() 
GEOMETRIC_REPRESENTATION_ITEM() RATIONAL_B_SPLINE_CURVE((1.,
0.707106781187,1.)) REPRESENTATION_ITEM('') );
#926 = CARTESIAN_POINT('',(-7.215577637581,253.49540273291,
    19.055304761624));
#927 = CARTESIAN_POINT('',(-8.,253.53606414999,19.207055236082));
#928 = CARTESIAN_POINT('',(-8.,254.30880481102,19.));
#929 = PCURVE('',#102,#930);
#930 = DEFINITIONAL_REPRESENTATION('',(#931),#934);
#931 = B_SPLINE_CURVE_WITH_KNOTS('',1,(#932,#933),.UNSPECIFIED.,.F.,.F.,
  (2,2),(0.,0.208069383712),.PIECEWISE_BEZIER_KNOTS.);
#932 = CARTESIAN_POINT('',(0.,267.10769878649));
#933 = CARTESIAN_POINT('',(0.208069383712,267.10769878649));
#934 = ( GEOMETRIC_REPRESENTATION_CONTEXT(2) 
PARAMETRIC_REPRESENTATION_CONTEXT() REPRESENTATION_CONTEXT('2D SPACE',''
  ) );
#935 = PCURVE('',#808,#936);
#936 = DEFINITIONAL_REPRESENTATION('',(#937),#940);
#937 = B_SPLINE_CURVE_WITH_KNOTS('',1,(#938,#939),.UNSPECIFIED.,.F.,.F.,
  (2,2),(0.,0.208069383712),.PIECEWISE_BEZIER_KNOTS.);
#938 = CARTESIAN_POINT('',(0.,267.10769878649));
#939 = CARTESIAN_POINT('',(1.390552844712,267.10769878649));
#940 = ( GEOMETRIC_REPRESENTATION_CONTEXT(2) 
PARAMETRIC_REPRESENTATION_CONTEXT() REPRESENTATION_CONTEXT('2D SPACE',''
  ) );
#941 = ORIENTED_EDGE('',*,*,#942,.F.);
#942 = EDGE_CURVE('',#891,#922,#943,.T.);
#943 = SURFACE_CURVE('',#944,(#949,#956),.PCURVE_S1.);
#944 = B_SPLINE_CURVE_WITH_KNOTS('',3,(#945,#946,#947,#948),
  .UNSPECIFIED.,.F.,.F.,(4,4),(266.89962940277,267.10769878649),
  .PIECEWISE_BEZIER_KNOTS.);
#945 = CARTESIAN_POINT('',(-7.2,253.4805838667,19.));
#946 = CARTESIAN_POINT('',(-7.2,253.48521453067,19.017281873213));
#947 = CARTESIAN_POINT('',(-7.205207316788,253.48983665838,
    19.034531888671));
#948 = CARTESIAN_POINT('',(-7.215577637581,253.49540273291,
    19.055304761624));
#949 = PCURVE('',#102,#950);
#950 = DEFINITIONAL_REPRESENTATION('',(#951),#955);
#951 = LINE('',#952,#953);
#952 = CARTESIAN_POINT('',(0.,0.));
#953 = VECTOR('',#954,1.);
#954 = DIRECTION('',(0.,1.));
#955 = ( GEOMETRIC_REPRESENTATION_CONTEXT(2) 
PARAMETRIC_REPRESENTATION_CONTEXT() REPRESENTATION_CONTEXT('2D SPACE',''
  ) );
#956 = PCURVE('',#957,#962);
#957 = PLANE('',#958);
#958 = AXIS2_PLACEMENT_3D('',#959,#960,#961);
#959 = CARTESIAN_POINT('',(-25.,249.27851787087,3.317676206834));
#960 = DIRECTION('',(0.,0.965925826289,-0.258819045103));
#961 = DIRECTION('',(0.,0.258819045103,0.965925826289));
#962 = DEFINITIONAL_REPRESENTATION('',(#963),#968);
#963 = B_SPLINE_CURVE_WITH_KNOTS('',3,(#964,#965,#966,#967),
  .UNSPECIFIED.,.F.,.F.,(4,4),(266.89962940277,267.10769878649),
  .PIECEWISE_BEZIER_KNOTS.);
#964 = CARTESIAN_POINT('',(16.235536276545,17.8));
#965 = CARTESIAN_POINT('',(16.253427788235,17.8));
#966 = CARTESIAN_POINT('',(16.27128631835,17.794792683212));
#967 = CARTESIAN_POINT('',(16.292791978916,17.784422362419));
#968 = ( GEOMETRIC_REPRESENTATION_CONTEXT(2) 
PARAMETRIC_REPRESENTATION_CONTEXT() REPRESENTATION_CONTEXT('2D SPACE',''
  ) );
#969 = ADVANCED_FACE('',(#970),#138,.T.);
#970 = FACE_BOUND('',#971,.T.);
#971 = EDGE_LOOP('',(#972,#995,#996,#997));
#972 = ORIENTED_EDGE('',*,*,#973,.T.);
#973 = EDGE_CURVE('',#974,#891,#976,.T.);
#974 = VERTEX_POINT('',#975);
#975 = CARTESIAN_POINT('',(-7.2,249.48557310696,4.090416867865));
#976 = SURFACE_CURVE('',#977,(#981,#988),.PCURVE_S1.);
#977 = LINE('',#978,#979);
#978 = CARTESIAN_POINT('',(-7.2,249.48557310696,4.090416867865));
#979 = VECTOR('',#980,1.);
#980 = DIRECTION('',(-0.,0.258819045103,0.965925826289));
#981 = PCURVE('',#138,#982);
#982 = DEFINITIONAL_REPRESENTATION('',(#983),#987);
#983 = LINE('',#984,#985);
#984 = CARTESIAN_POINT('',(6.28318530718,0.));
#985 = VECTOR('',#986,1.);
#986 = DIRECTION('',(-0.,1.));
#987 = ( GEOMETRIC_REPRESENTATION_CONTEXT(2) 
PARAMETRIC_REPRESENTATION_CONTEXT() REPRESENTATION_CONTEXT('2D SPACE',''
  ) );
#988 = PCURVE('',#957,#989);
#989 = DEFINITIONAL_REPRESENTATION('',(#990),#994);
#990 = LINE('',#991,#992);
#991 = CARTESIAN_POINT('',(0.800000000002,17.8));
#992 = VECTOR('',#993,1.);
#993 = DIRECTION('',(1.,0.));
#994 = ( GEOMETRIC_REPRESENTATION_CONTEXT(2) 
PARAMETRIC_REPRESENTATION_CONTEXT() REPRESENTATION_CONTEXT('2D SPACE',''
  ) );
#995 = ORIENTED_EDGE('',*,*,#890,.T.);
#996 = ORIENTED_EDGE('',*,*,#122,.F.);
#997 = ORIENTED_EDGE('',*,*,#998,.F.);
#998 = EDGE_CURVE('',#974,#123,#999,.T.);
#999 = SURFACE_CURVE('',#1000,(#1005,#1011),.PCURVE_S1.);
#1000 = CIRCLE('',#1001,0.8);
#1001 = AXIS2_PLACEMENT_3D('',#1002,#1003,#1004);
#1002 = CARTESIAN_POINT('',(-7.2,250.25831376799,3.883361631783));
#1003 = DIRECTION('',(0.,-0.258819045103,-0.965925826289));
#1004 = DIRECTION('',(0.,0.965925826289,-0.258819045103));
#1005 = PCURVE('',#138,#1006);
#1006 = DEFINITIONAL_REPRESENTATION('',(#1007),#1010);
#1007 = B_SPLINE_CURVE_WITH_KNOTS('',1,(#1008,#1009),.UNSPECIFIED.,.F.,
  .F.,(2,2),(3.14159265359,4.712388980385),.PIECEWISE_BEZIER_KNOTS.);
#1008 = CARTESIAN_POINT('',(6.28318530718,8.437694987151E-15));
#1009 = CARTESIAN_POINT('',(4.712388980385,8.437694987151E-15));
#1010 = ( GEOMETRIC_REPRESENTATION_CONTEXT(2) 
PARAMETRIC_REPRESENTATION_CONTEXT() REPRESENTATION_CONTEXT('2D SPACE',''
  ) );
#1011 = PCURVE('',#167,#1012);
#1012 = DEFINITIONAL_REPRESENTATION('',(#1013),#1016);
#1013 = B_SPLINE_CURVE_WITH_KNOTS('',1,(#1014,#1015),.UNSPECIFIED.,.F.,
  .F.,(2,2),(3.14159265359,4.712388980385),.PIECEWISE_BEZIER_KNOTS.);
#1014 = CARTESIAN_POINT('',(1.570796326795,3.14159265359));
#1015 = CARTESIAN_POINT('',(1.570796326795,4.712388980385));
#1016 = ( GEOMETRIC_REPRESENTATION_CONTEXT(2) 
PARAMETRIC_REPRESENTATION_CONTEXT() REPRESENTATION_CONTEXT('2D SPACE',''
  ) );
#1017 = ADVANCED_FACE('',(#1018),#167,.T.);
#1018 = FACE_BOUND('',#1019,.T.);
#1019 = EDGE_LOOP('',(#1020,#1042,#1069,#1070));
#1020 = ORIENTED_EDGE('',*,*,#1021,.F.);
#1021 = EDGE_CURVE('',#1022,#151,#1024,.T.);
#1022 = VERTEX_POINT('',#1023);
#1023 = CARTESIAN_POINT('',(-7.2,248.50577720984,3.524731442916));
#1024 = SURFACE_CURVE('',#1025,(#1030,#1036),.PCURVE_S1.);
#1025 = CIRCLE('',#1026,0.8);
#1026 = AXIS2_PLACEMENT_3D('',#1027,#1028,#1029);
#1027 = CARTESIAN_POINT('',(-7.2,248.29872197376,2.751990781884));
#1028 = DIRECTION('',(0.,-0.965925826289,0.258819045103));
#1029 = DIRECTION('',(0.,0.258819045103,0.965925826289));
#1030 = PCURVE('',#167,#1031);
#1031 = DEFINITIONAL_REPRESENTATION('',(#1032),#1035);
#1032 = B_SPLINE_CURVE_WITH_KNOTS('',1,(#1033,#1034),.UNSPECIFIED.,.F.,
  .F.,(2,2),(0.,1.570796326795),.PIECEWISE_BEZIER_KNOTS.);
#1033 = CARTESIAN_POINT('',(0.,3.14159265359));
#1034 = CARTESIAN_POINT('',(0.,4.712388980385));
#1035 = ( GEOMETRIC_REPRESENTATION_CONTEXT(2) 
PARAMETRIC_REPRESENTATION_CONTEXT() REPRESENTATION_CONTEXT('2D SPACE',''
  ) );
#1036 = PCURVE('',#195,#1037);
#1037 = DEFINITIONAL_REPRESENTATION('',(#1038),#1041);
#1038 = B_SPLINE_CURVE_WITH_KNOTS('',1,(#1039,#1040),.UNSPECIFIED.,.F.,
  .F.,(2,2),(0.,1.570796326795),.PIECEWISE_BEZIER_KNOTS.);
#1039 = CARTESIAN_POINT('',(6.28318530718,11.4));
#1040 = CARTESIAN_POINT('',(4.712388980385,11.4));
#1041 = ( GEOMETRIC_REPRESENTATION_CONTEXT(2) 
PARAMETRIC_REPRESENTATION_CONTEXT() REPRESENTATION_CONTEXT('2D SPACE',''
  ) );
#1042 = ORIENTED_EDGE('',*,*,#1043,.T.);
#1043 = EDGE_CURVE('',#1022,#974,#1044,.T.);
#1044 = SURFACE_CURVE('',#1045,(#1050,#1057),.PCURVE_S1.);
#1045 = CIRCLE('',#1046,0.8);
#1046 = AXIS2_PLACEMENT_3D('',#1047,#1048,#1049);
#1047 = CARTESIAN_POINT('',(-7.2,248.71283244593,4.297472103947));
#1048 = DIRECTION('',(1.,0.,0.));
#1049 = DIRECTION('',(0.,-0.258819045103,-0.965925826289));
#1050 = PCURVE('',#167,#1051);
#1051 = DEFINITIONAL_REPRESENTATION('',(#1052),#1056);
#1052 = LINE('',#1053,#1054);
#1053 = CARTESIAN_POINT('',(0.,3.14159265359));
#1054 = VECTOR('',#1055,1.);
#1055 = DIRECTION('',(1.,0.));
#1056 = ( GEOMETRIC_REPRESENTATION_CONTEXT(2) 
PARAMETRIC_REPRESENTATION_CONTEXT() REPRESENTATION_CONTEXT('2D SPACE',''
  ) );
#1057 = PCURVE('',#1058,#1063);
#1058 = CYLINDRICAL_SURFACE('',#1059,0.8);
#1059 = AXIS2_PLACEMENT_3D('',#1060,#1061,#1062);
#1060 = CARTESIAN_POINT('',(-25.,248.71283244593,4.297472103947));
#1061 = DIRECTION('',(1.,0.,0.));
#1062 = DIRECTION('',(0.,0.965925826289,-0.258819045103));
#1063 = DEFINITIONAL_REPRESENTATION('',(#1064),#1068);
#1064 = LINE('',#1065,#1066);
#1065 = CARTESIAN_POINT('',(4.712388980385,17.8));
#1066 = VECTOR('',#1067,1.);
#1067 = DIRECTION('',(1.,-0.));
#1068 = ( GEOMETRIC_REPRESENTATION_CONTEXT(2) 
PARAMETRIC_REPRESENTATION_CONTEXT() REPRESENTATION_CONTEXT('2D SPACE',''
  ) );
#1069 = ORIENTED_EDGE('',*,*,#998,.T.);
#1070 = ORIENTED_EDGE('',*,*,#150,.F.);
#1071 = ADVANCED_FACE('',(#1072),#195,.T.);
#1072 = FACE_BOUND('',#1073,.T.);
#1073 = EDGE_LOOP('',(#1074,#1102,#1103,#1104));
#1074 = ORIENTED_EDGE('',*,*,#1075,.T.);
#1075 = EDGE_CURVE('',#1076,#1022,#1078,.T.);
#1076 = VERTEX_POINT('',#1077);
#1077 = CARTESIAN_POINT('',(-7.2,237.49422279015,6.475268557084));
#1078 = SURFACE_CURVE('',#1079,(#1083,#1090),.PCURVE_S1.);
#1079 = LINE('',#1080,#1081);
#1080 = CARTESIAN_POINT('',(-7.2,237.49422279015,6.475268557084));
#1081 = VECTOR('',#1082,1.);
#1082 = DIRECTION('',(-0.,0.965925826289,-0.258819045103));
#1083 = PCURVE('',#195,#1084);
#1084 = DEFINITIONAL_REPRESENTATION('',(#1085),#1089);
#1085 = LINE('',#1086,#1087);
#1086 = CARTESIAN_POINT('',(6.28318530718,0.));
#1087 = VECTOR('',#1088,1.);
#1088 = DIRECTION('',(-0.,1.));
#1089 = ( GEOMETRIC_REPRESENTATION_CONTEXT(2) 
PARAMETRIC_REPRESENTATION_CONTEXT() REPRESENTATION_CONTEXT('2D SPACE',''
  ) );
#1090 = PCURVE('',#1091,#1096);
#1091 = PLANE('',#1092);
#1092 = AXIS2_PLACEMENT_3D('',#1093,#1094,#1095);
#1093 = CARTESIAN_POINT('',(-25.,236.72148212912,6.682323793166));
#1094 = DIRECTION('',(0.,0.258819045103,0.965925826289));
#1095 = DIRECTION('',(1.,0.,-0.));
#1096 = DEFINITIONAL_REPRESENTATION('',(#1097),#1101);
#1097 = LINE('',#1098,#1099);
#1098 = CARTESIAN_POINT('',(17.8,0.799999999999));
#1099 = VECTOR('',#1100,1.);
#1100 = DIRECTION('',(0.,1.));
#1101 = ( GEOMETRIC_REPRESENTATION_CONTEXT(2) 
PARAMETRIC_REPRESENTATION_CONTEXT() REPRESENTATION_CONTEXT('2D SPACE',''
  ) );
#1102 = ORIENTED_EDGE('',*,*,#1021,.T.);
#1103 = ORIENTED_EDGE('',*,*,#179,.F.);
#1104 = ORIENTED_EDGE('',*,*,#1105,.F.);
#1105 = EDGE_CURVE('',#1076,#180,#1106,.T.);
#1106 = SURFACE_CURVE('',#1107,(#1112,#1118),.PCURVE_S1.);
#1107 = CIRCLE('',#1108,0.8);
#1108 = AXIS2_PLACEMENT_3D('',#1109,#1110,#1111);
#1109 = CARTESIAN_POINT('',(-7.2,237.28716755407,5.702527896053));
#1110 = DIRECTION('',(0.,-0.965925826289,0.258819045103));
#1111 = DIRECTION('',(0.,-0.258819045103,-0.965925826289));
#1112 = PCURVE('',#195,#1113);
#1113 = DEFINITIONAL_REPRESENTATION('',(#1114),#1117);
#1114 = B_SPLINE_CURVE_WITH_KNOTS('',1,(#1115,#1116),.UNSPECIFIED.,.F.,
  .F.,(2,2),(3.14159265359,4.712388980385),.PIECEWISE_BEZIER_KNOTS.);
#1115 = CARTESIAN_POINT('',(6.28318530718,-1.443289932013E-15));
#1116 = CARTESIAN_POINT('',(4.712388980385,-1.443289932013E-15));
#1117 = ( GEOMETRIC_REPRESENTATION_CONTEXT(2) 
PARAMETRIC_REPRESENTATION_CONTEXT() REPRESENTATION_CONTEXT('2D SPACE',''
  ) );
#1118 = PCURVE('',#224,#1119);
#1119 = DEFINITIONAL_REPRESENTATION('',(#1120),#1123);
#1120 = B_SPLINE_CURVE_WITH_KNOTS('',1,(#1121,#1122),.UNSPECIFIED.,.F.,
  .F.,(2,2),(3.14159265359,4.712388980385),.PIECEWISE_BEZIER_KNOTS.);
#1121 = CARTESIAN_POINT('',(1.570796326795,3.14159265359));
#1122 = CARTESIAN_POINT('',(1.570796326795,4.712388980385));
#1123 = ( GEOMETRIC_REPRESENTATION_CONTEXT(2) 
PARAMETRIC_REPRESENTATION_CONTEXT() REPRESENTATION_CONTEXT('2D SPACE',''
  ) );
#1124 = ADVANCED_FACE('',(#1125),#224,.T.);
#1125 = FACE_BOUND('',#1126,.T.);
#1126 = EDGE_LOOP('',(#1127,#1149,#1176,#1177));
#1127 = ORIENTED_EDGE('',*,*,#1128,.F.);
#1128 = EDGE_CURVE('',#1129,#208,#1131,.T.);
#1129 = VERTEX_POINT('',#1130);
#1130 = CARTESIAN_POINT('',(-7.2,236.9285373652,7.455064454198));
#1131 = SURFACE_CURVE('',#1132,(#1137,#1143),.PCURVE_S1.);
#1132 = CIRCLE('',#1133,0.8);
#1133 = AXIS2_PLACEMENT_3D('',#1134,#1135,#1136);
#1134 = CARTESIAN_POINT('',(-7.2,236.15579670417,7.66211969028));
#1135 = DIRECTION('',(0.,0.258819045103,0.965925826289));
#1136 = DIRECTION('',(0.,0.965925826289,-0.258819045103));
#1137 = PCURVE('',#224,#1138);
#1138 = DEFINITIONAL_REPRESENTATION('',(#1139),#1142);
#1139 = B_SPLINE_CURVE_WITH_KNOTS('',1,(#1140,#1141),.UNSPECIFIED.,.F.,
  .F.,(2,2),(0.,1.570796326795),.PIECEWISE_BEZIER_KNOTS.);
#1140 = CARTESIAN_POINT('',(-1.7763568394E-14,3.14159265359));
#1141 = CARTESIAN_POINT('',(-1.7763568394E-14,4.712388980385));
#1142 = ( GEOMETRIC_REPRESENTATION_CONTEXT(2) 
PARAMETRIC_REPRESENTATION_CONTEXT() REPRESENTATION_CONTEXT('2D SPACE',''
  ) );
#1143 = PCURVE('',#252,#1144);
#1144 = DEFINITIONAL_REPRESENTATION('',(#1145),#1148);
#1145 = B_SPLINE_CURVE_WITH_KNOTS('',1,(#1146,#1147),.UNSPECIFIED.,.F.,
  .F.,(2,2),(0.,1.570796326795),.PIECEWISE_BEZIER_KNOTS.);
#1146 = CARTESIAN_POINT('',(6.28318530718,11.952196774939));
#1147 = CARTESIAN_POINT('',(4.712388980385,11.952196774939));
#1148 = ( GEOMETRIC_REPRESENTATION_CONTEXT(2) 
PARAMETRIC_REPRESENTATION_CONTEXT() REPRESENTATION_CONTEXT('2D SPACE',''
  ) );
#1149 = ORIENTED_EDGE('',*,*,#1150,.T.);
#1150 = EDGE_CURVE('',#1129,#1076,#1151,.T.);
#1151 = SURFACE_CURVE('',#1152,(#1157,#1164),.PCURVE_S1.);
#1152 = CIRCLE('',#1153,0.8);
#1153 = AXIS2_PLACEMENT_3D('',#1154,#1155,#1156);
#1154 = CARTESIAN_POINT('',(-7.2,237.70127802623,7.248009218116));
#1155 = DIRECTION('',(1.,0.,0.));
#1156 = DIRECTION('',(0.,-0.965925826289,0.258819045103));
#1157 = PCURVE('',#224,#1158);
#1158 = DEFINITIONAL_REPRESENTATION('',(#1159),#1163);
#1159 = LINE('',#1160,#1161);
#1160 = CARTESIAN_POINT('',(0.,3.14159265359));
#1161 = VECTOR('',#1162,1.);
#1162 = DIRECTION('',(1.,0.));
#1163 = ( GEOMETRIC_REPRESENTATION_CONTEXT(2) 
PARAMETRIC_REPRESENTATION_CONTEXT() REPRESENTATION_CONTEXT('2D SPACE',''
  ) );
#1164 = PCURVE('',#1165,#1170);
#1165 = CYLINDRICAL_SURFACE('',#1166,0.8);
#1166 = AXIS2_PLACEMENT_3D('',#1167,#1168,#1169);
#1167 = CARTESIAN_POINT('',(-25.,237.70127802623,7.248009218116));
#1168 = DIRECTION('',(1.,0.,0.));
#1169 = DIRECTION('',(0.,-0.965925826289,0.258819045103));
#1170 = DEFINITIONAL_REPRESENTATION('',(#1171),#1175);
#1171 = LINE('',#1172,#1173);
#1172 = CARTESIAN_POINT('',(1.7763568394E-14,17.8));
#1173 = VECTOR('',#1174,1.);
#1174 = DIRECTION('',(1.,0.));
#1175 = ( GEOMETRIC_REPRESENTATION_CONTEXT(2) 
PARAMETRIC_REPRESENTATION_CONTEXT() REPRESENTATION_CONTEXT('2D SPACE',''
  ) );
#1176 = ORIENTED_EDGE('',*,*,#1105,.T.);
#1177 = ORIENTED_EDGE('',*,*,#207,.F.);
#1178 = ADVANCED_FACE('',(#1179),#252,.T.);
#1179 = FACE_BOUND('',#1180,.T.);
#1180 = EDGE_LOOP('',(#1181,#1209,#1210,#1211));
#1181 = ORIENTED_EDGE('',*,*,#1182,.T.);
#1182 = EDGE_CURVE('',#1183,#1129,#1185,.T.);
#1183 = VERTEX_POINT('',#1184);
#1184 = CARTESIAN_POINT('',(-7.2,239.96651323807,18.792944763918));
#1185 = SURFACE_CURVE('',#1186,(#1190,#1197),.PCURVE_S1.);
#1186 = LINE('',#1187,#1188);
#1187 = CARTESIAN_POINT('',(-7.2,240.02199352137,19.));
#1188 = VECTOR('',#1189,1.);
#1189 = DIRECTION('',(0.,-0.258819045103,-0.965925826289));
#1190 = PCURVE('',#252,#1191);
#1191 = DEFINITIONAL_REPRESENTATION('',(#1192),#1196);
#1192 = LINE('',#1193,#1194);
#1193 = CARTESIAN_POINT('',(6.28318530718,0.));
#1194 = VECTOR('',#1195,1.);
#1195 = DIRECTION('',(-0.,1.));
#1196 = ( GEOMETRIC_REPRESENTATION_CONTEXT(2) 
PARAMETRIC_REPRESENTATION_CONTEXT() REPRESENTATION_CONTEXT('2D SPACE',''
  ) );
#1197 = PCURVE('',#1198,#1203);
#1198 = PLANE('',#1199);
#1199 = AXIS2_PLACEMENT_3D('',#1200,#1201,#1202);
#1200 = CARTESIAN_POINT('',(-25.,236.72148212912,6.682323793166));
#1201 = DIRECTION('',(0.,0.965925826289,-0.258819045103));
#1202 = DIRECTION('',(0.,0.258819045103,0.965925826289));
#1203 = DEFINITIONAL_REPRESENTATION('',(#1204),#1208);
#1204 = LINE('',#1205,#1206);
#1205 = CARTESIAN_POINT('',(12.752196774939,17.8));
#1206 = VECTOR('',#1207,1.);
#1207 = DIRECTION('',(-1.,0.));
#1208 = ( GEOMETRIC_REPRESENTATION_CONTEXT(2) 
PARAMETRIC_REPRESENTATION_CONTEXT() REPRESENTATION_CONTEXT('2D SPACE',''
  ) );
#1209 = ORIENTED_EDGE('',*,*,#1128,.T.);
#1210 = ORIENTED_EDGE('',*,*,#236,.F.);
#1211 = ORIENTED_EDGE('',*,*,#1212,.F.);
#1212 = EDGE_CURVE('',#1183,#237,#1213,.T.);
#1213 = SURFACE_CURVE('',#1214,(#1224,#1230),.PCURVE_S1.);
#1214 = B_SPLINE_CURVE_WITH_KNOTS('',8,(#1215,#1216,#1217,#1218,#1219,
    #1220,#1221,#1222,#1223),.UNSPECIFIED.,.F.,.F.,(9,9),(0.,1.),
  .PIECEWISE_BEZIER_KNOTS.);
#1215 = CARTESIAN_POINT('',(-7.2,239.96651323807,18.792944763918));
#1216 = CARTESIAN_POINT('',(-7.357079632679,239.96651323807,
    18.792944763918));
#1217 = CARTESIAN_POINT('',(-7.514159314803,239.93246567488,
    18.802067780979));
#1218 = CARTESIAN_POINT('',(-7.662010587468,239.86437088292,
    18.820313725495));
#1219 = CARTESIAN_POINT('',(-7.791407004624,239.76502787665,
    18.846932603797));
#1220 = CARTESIAN_POINT('',(-7.894254452697,239.64004053549,
    18.880422860924));
#1221 = CARTESIAN_POINT('',(-7.964751368831,239.49722717277,
    18.918689586133));
#1222 = CARTESIAN_POINT('',(-8.,239.34549985103,18.959344799465));
#1223 = CARTESIAN_POINT('',(-8.,239.19377257704,19.));
#1224 = PCURVE('',#252,#1225);
#1225 = DEFINITIONAL_REPRESENTATION('',(#1226),#1229);
#1226 = B_SPLINE_CURVE_WITH_KNOTS('',1,(#1227,#1228),.UNSPECIFIED.,.F.,
  .F.,(2,2),(0.,1.),.PIECEWISE_BEZIER_KNOTS.);
#1227 = CARTESIAN_POINT('',(6.28318530718,0.214359353945));
#1228 = CARTESIAN_POINT('',(4.712388980385,0.214359353945));
#1229 = ( GEOMETRIC_REPRESENTATION_CONTEXT(2) 
PARAMETRIC_REPRESENTATION_CONTEXT() REPRESENTATION_CONTEXT('2D SPACE',''
  ) );
#1230 = PCURVE('',#1231,#1340);
#1231 = B_SPLINE_SURFACE_WITH_KNOTS('',11,8,(
    (#1232,#1233,#1234,#1235,#1236,#1237,#1238,#1239,#1240)
    ,(#1241,#1242,#1243,#1244,#1245,#1246,#1247,#1248,#1249)
    ,(#1250,#1251,#1252,#1253,#1254,#1255,#1256,#1257,#1258)
    ,(#1259,#1260,#1261,#1262,#1263,#1264,#1265,#1266,#1267)
    ,(#1268,#1269,#1270,#1271,#1272,#1273,#1274,#1275,#1276)
    ,(#1277,#1278,#1279,#1280,#1281,#1282,#1283,#1284,#1285)
    ,(#1286,#1287,#1288,#1289,#1290,#1291,#1292,#1293,#1294)
    ,(#1295,#1296,#1297,#1298,#1299,#1300,#1301,#1302,#1303)
    ,(#1304,#1305,#1306,#1307,#1308,#1309,#1310,#1311,#1312)
    ,(#1313,#1314,#1315,#1316,#1317,#1318,#1319,#1320,#1321)
    ,(#1322,#1323,#1324,#1325,#1326,#1327,#1328,#1329,#1330)
    ,(#1331,#1332,#1333,#1334,#1335,#1336,#1337,#1338,#1339
  )),.UNSPECIFIED.,.F.,.F.,.F.,(12,12),(9,9),(0.,1.),(0.,1.),
  .PIECEWISE_BEZIER_KNOTS.);
#1232 = CARTESIAN_POINT('',(-7.,240.02010307656,18.992944763918));
#1233 = CARTESIAN_POINT('',(-7.,240.06753414385,19.169959916905));
#1234 = CARTESIAN_POINT('',(-7.,240.06862260663,19.359392713567));
#1235 = CARTESIAN_POINT('',(-7.,240.01957691436,19.547086883031));
#1236 = CARTESIAN_POINT('',(-7.,239.92178799581,19.717504949125));
#1237 = CARTESIAN_POINT('',(-7.,239.78248641901,19.856069232226));
#1238 = CARTESIAN_POINT('',(-7.,239.61388173253,19.952022558761));
#1239 = CARTESIAN_POINT('',(-7.,239.43062198698,20.));
#1240 = CARTESIAN_POINT('',(-7.,239.24736241552,20.));
#1241 = CARTESIAN_POINT('',(-7.028665191224,240.02010307656,
    18.992944763918));
#1242 = CARTESIAN_POINT('',(-7.048129224079,240.06549495591,
    19.162349563924));
#1243 = CARTESIAN_POINT('',(-7.06759326143,240.06888705797,
    19.34433246457));
#1244 = CARTESIAN_POINT('',(-7.086218352466,240.02612091855,
    19.528656505298));
#1245 = CARTESIAN_POINT('',(-7.103165729365,239.93565760824,
    19.704987534114));
#1246 = CARTESIAN_POINT('',(-7.11769956362,239.79195805135,
    19.854700660404));
#1247 = CARTESIAN_POINT('',(-7.129292440425,239.61482236187,
    19.953472024943));
#1248 = CARTESIAN_POINT('',(-7.137680927689,239.42775541449,20.));
#1249 = CARTESIAN_POINT('',(-7.142864993937,239.24736241552,20.));
#1250 = CARTESIAN_POINT('',(-7.057293152059,240.01849000578,
    18.986924701733));
#1251 = CARTESIAN_POINT('',(-7.096243191801,240.06132400658,
    19.146783369018));
#1252 = CARTESIAN_POINT('',(-7.121903600131,240.06488877807,
    19.33464029123));
#1253 = CARTESIAN_POINT('',(-7.16635137312,240.02591776886,
    19.507133711929));
#1254 = CARTESIAN_POINT('',(-7.211977061261,239.94084564015,
    19.674865846878));
#1255 = CARTESIAN_POINT('',(-7.252316442958,239.79443746646,
    19.821427317794));
#1256 = CARTESIAN_POINT('',(-7.280134823081,239.61176165943,
    19.917418279462));
#1257 = CARTESIAN_POINT('',(-7.279499997791,239.42253662049,
    19.979230639461));
#1258 = CARTESIAN_POINT('',(-7.285868549736,239.24490460106,
    19.977608186431));
#1259 = CARTESIAN_POINT('',(-7.084523651527,240.01544398209,
    18.975556786766));
#1260 = CARTESIAN_POINT('',(-7.142589302026,240.0552003842,
    19.123929699372));
#1261 = CARTESIAN_POINT('',(-7.189537810844,240.05932317476,
    19.30170689272));
#1262 = CARTESIAN_POINT('',(-7.25427008404,240.02347023504,
    19.466510910991));
#1263 = CARTESIAN_POINT('',(-7.320303936332,239.94266123612,
    19.630750156478));
#1264 = CARTESIAN_POINT('',(-7.378611803354,239.7947886193,
    19.777817885534));
#1265 = CARTESIAN_POINT('',(-7.417125033127,239.60864400775,
    19.873881612196));
#1266 = CARTESIAN_POINT('',(-7.421110839692,239.41913588224,
    19.935075991545));
#1267 = CARTESIAN_POINT('',(-7.424511475128,239.24472927216,
    19.932241926963));
#1268 = CARTESIAN_POINT('',(-7.109125189927,240.01142186032,
    18.960546023593));
#1269 = CARTESIAN_POINT('',(-7.185739300785,240.04745960932,
    19.095040733854));
#1270 = CARTESIAN_POINT('',(-7.257450131781,240.04759021203,
    19.25691433305));
#1271 = CARTESIAN_POINT('',(-7.341242069769,240.01220898276,
    19.412105922137));
#1272 = CARTESIAN_POINT('',(-7.426015191712,239.93303306857,
    19.569974209176));
#1273 = CARTESIAN_POINT('',(-7.50060822577,239.78343115767,
    19.714432318735));
#1274 = CARTESIAN_POINT('',(-7.547985700476,239.59392113131,
    19.810211786525));
#1275 = CARTESIAN_POINT('',(-7.558584501927,239.40039318363,
    19.868500990959));
#1276 = CARTESIAN_POINT('',(-7.555988236265,239.22715971686,
    19.867118302034));
#1277 = CARTESIAN_POINT('',(-7.131959458406,240.00659680951,
    18.942538689366));
#1278 = CARTESIAN_POINT('',(-7.225775250185,240.03857679464,
    19.061889618696));
#1279 = CARTESIAN_POINT('',(-7.322487585149,240.04225458321,
    19.201919873861));
#1280 = CARTESIAN_POINT('',(-7.423158990621,240.0086714564,
    19.344185581505));
#1281 = CARTESIAN_POINT('',(-7.524099291411,239.93245922171,
    19.491309310741));
#1282 = CARTESIAN_POINT('',(-7.612512190313,239.78569894033,
    19.628570244382));
#1283 = CARTESIAN_POINT('',(-7.666852395737,239.5997988359,
    19.722014024778));
#1284 = CARTESIAN_POINT('',(-7.684638884289,239.41549066384,
    19.774424313591));
#1285 = CARTESIAN_POINT('',(-7.674923491988,239.24837935577,
    19.777537884336));
#1286 = CARTESIAN_POINT('',(-7.151895051115,240.00113558314,
    18.922157114505));
#1287 = CARTESIAN_POINT('',(-7.261542117642,240.02825627705,
    19.02337292212));
#1288 = CARTESIAN_POINT('',(-7.381973816386,240.02064332847,
    19.138571530524));
#1289 = CARTESIAN_POINT('',(-7.49696170094,239.98277768245,
    19.265084997275));
#1290 = CARTESIAN_POINT('',(-7.610950463608,239.90365898566,
    19.398287594802));
#1291 = CARTESIAN_POINT('',(-7.710245654899,239.75524990894,
    19.525525904741));
#1292 = CARTESIAN_POINT('',(-7.770008168638,239.56722000477,
    19.616389377672));
#1293 = CARTESIAN_POINT('',(-7.795618801146,239.37420192794,
    19.66503395346));
#1294 = CARTESIAN_POINT('',(-7.779996822548,239.20524848709,
    19.677006554615));
#1295 = CARTESIAN_POINT('',(-7.169450632127,239.99502291593,
    18.899344330455));
#1296 = CARTESIAN_POINT('',(-7.292856917852,240.01727805731,
    18.98240164879));
#1297 = CARTESIAN_POINT('',(-7.432591116154,240.01378575236,
    19.069878866454));
#1298 = CARTESIAN_POINT('',(-7.558321514193,239.97551248297,
    19.177225597486));
#1299 = CARTESIAN_POINT('',(-7.681258930258,239.8974196395,
    19.292111219399));
#1300 = CARTESIAN_POINT('',(-7.787672354072,239.75497415132,
    19.404498229176));
#1301 = CARTESIAN_POINT('',(-7.851290404032,239.57620509016,
    19.489221229256));
#1302 = CARTESIAN_POINT('',(-7.884211240926,239.39880956964,
    19.531702140198));
#1303 = CARTESIAN_POINT('',(-7.866113697012,239.23752082719,
    19.553464871608));
#1304 = CARTESIAN_POINT('',(-7.183750698683,239.98845877931,
    18.874846638703));
#1305 = CARTESIAN_POINT('',(-7.318891657672,240.00522053252,
    18.937402353314));
#1306 = CARTESIAN_POINT('',(-7.472740520888,239.9908396726,
    18.998690465604));
#1307 = CARTESIAN_POINT('',(-7.606194199832,239.9459683046,
    19.085310974688));
#1308 = CARTESIAN_POINT('',(-7.734351034092,239.86302000972,
    19.18021842823));
#1309 = CARTESIAN_POINT('',(-7.844264601487,239.72183440916,
    19.276057379544));
#1310 = CARTESIAN_POINT('',(-7.910573156732,239.54641786037,
    19.353751017099));
#1311 = CARTESIAN_POINT('',(-7.949607583351,239.36655553369,
    19.39338875599));
#1312 = CARTESIAN_POINT('',(-7.932778689545,239.20487288849,
    19.425421906313));
#1313 = CARTESIAN_POINT('',(-7.194383524473,239.98134435784,
    18.848295256525));
#1314 = CARTESIAN_POINT('',(-7.338989073828,239.99261713283,
    18.890365825525));
#1315 = CARTESIAN_POINT('',(-7.500449950785,239.97462653344,
    18.928059526056));
#1316 = CARTESIAN_POINT('',(-7.639121122156,239.92429163448,
    18.992480326905));
#1317 = CARTESIAN_POINT('',(-7.769181151361,239.83782514317,
    19.065377113399));
#1318 = CARTESIAN_POINT('',(-7.879123127571,239.70208031073,
    19.141871978236));
#1319 = CARTESIAN_POINT('',(-7.947191443138,239.53670484342,
    19.209173938242));
#1320 = CARTESIAN_POINT('',(-7.989706046511,239.36741554987,
    19.246021667383));
#1321 = CARTESIAN_POINT('',(-7.977615778143,239.21014819289,
    19.285157417904));
#1322 = CARTESIAN_POINT('',(-7.2,239.9739320417,18.820632115993));
#1323 = CARTESIAN_POINT('',(-7.351890575163,239.97956690759,
    18.841661721811));
#1324 = CARTESIAN_POINT('',(-7.504410328717,239.95342903349,
    18.871204824035));
#1325 = CARTESIAN_POINT('',(-7.651697862691,239.89450684719,
    18.90815318046));
#1326 = CARTESIAN_POINT('',(-7.788455350617,239.8020775402,
    18.95132185086));
#1327 = CARTESIAN_POINT('',(-7.902141260296,239.6715977667,
    19.000779107016));
#1328 = CARTESIAN_POINT('',(-7.974902795946,239.5169919488,
    19.052113398993));
#1329 = CARTESIAN_POINT('',(-8.005801009324,239.35598457257,
    19.100444556399));
#1330 = CARTESIAN_POINT('',(-8.,239.201419204,19.142688001729));
#1331 = CARTESIAN_POINT('',(-7.2,239.96651323807,18.792944763918));
#1332 = CARTESIAN_POINT('',(-7.357079632679,239.96651323807,
    18.792944763918));
#1333 = CARTESIAN_POINT('',(-7.514159314803,239.93246567488,
    18.802067780979));
#1334 = CARTESIAN_POINT('',(-7.662010587468,239.86437088292,
    18.820313725495));
#1335 = CARTESIAN_POINT('',(-7.791407004624,239.76502787665,
    18.846932603797));
#1336 = CARTESIAN_POINT('',(-7.894254452697,239.64004053549,
    18.880422860924));
#1337 = CARTESIAN_POINT('',(-7.964751368831,239.49722717277,
    18.918689586133));
#1338 = CARTESIAN_POINT('',(-8.,239.34549985103,18.959344799465));
#1339 = CARTESIAN_POINT('',(-8.,239.19377257704,19.));
#1340 = DEFINITIONAL_REPRESENTATION('',(#1341),#1344);
#1341 = B_SPLINE_CURVE_WITH_KNOTS('',1,(#1342,#1343),.UNSPECIFIED.,.F.,
  .F.,(2,2),(0.,1.),.PIECEWISE_BEZIER_KNOTS.);
#1342 = CARTESIAN_POINT('',(1.,0.));
#1343 = CARTESIAN_POINT('',(1.,1.));
#1344 = ( GEOMETRIC_REPRESENTATION_CONTEXT(2) 
PARAMETRIC_REPRESENTATION_CONTEXT() REPRESENTATION_CONTEXT('2D SPACE',''
  ) );
#1345 = ADVANCED_FACE('',(#1346),#280,.T.);
#1346 = FACE_BOUND('',#1347,.T.);
#1347 = EDGE_LOOP('',(#1348,#1349,#1378,#1406));
#1348 = ORIENTED_EDGE('',*,*,#264,.F.);
#1349 = ORIENTED_EDGE('',*,*,#1350,.T.);
#1350 = EDGE_CURVE('',#265,#1351,#1353,.T.);
#1351 = VERTEX_POINT('',#1352);
#1352 = CARTESIAN_POINT('',(-7.,226.,20.));
#1353 = SURFACE_CURVE('',#1354,(#1359,#1366),.PCURVE_S1.);
#1354 = CIRCLE('',#1355,1.);
#1355 = AXIS2_PLACEMENT_3D('',#1356,#1357,#1358);
#1356 = CARTESIAN_POINT('',(-7.,226.,19.));
#1357 = DIRECTION('',(0.,1.,0.));
#1358 = DIRECTION('',(-1.,0.,0.));
#1359 = PCURVE('',#280,#1360);
#1360 = DEFINITIONAL_REPRESENTATION('',(#1361),#1365);
#1361 = LINE('',#1362,#1363);
#1362 = CARTESIAN_POINT('',(0.,0.));
#1363 = VECTOR('',#1364,1.);
#1364 = DIRECTION('',(1.,0.));
#1365 = ( GEOMETRIC_REPRESENTATION_CONTEXT(2) 
PARAMETRIC_REPRESENTATION_CONTEXT() REPRESENTATION_CONTEXT('2D SPACE',''
  ) );
#1366 = PCURVE('',#1367,#1372);
#1367 = TOROIDAL_SURFACE('',#1368,7.,1.);
#1368 = AXIS2_PLACEMENT_3D('',#1369,#1370,#1371);
#1369 = CARTESIAN_POINT('',(0.,226.,19.));
#1370 = DIRECTION('',(0.,0.,1.));
#1371 = DIRECTION('',(0.,-1.,0.));
#1372 = DEFINITIONAL_REPRESENTATION('',(#1373),#1377);
#1373 = LINE('',#1374,#1375);
#1374 = CARTESIAN_POINT('',(4.712388980385,0.));
#1375 = VECTOR('',#1376,1.);
#1376 = DIRECTION('',(-0.,1.));
#1377 = ( GEOMETRIC_REPRESENTATION_CONTEXT(2) 
PARAMETRIC_REPRESENTATION_CONTEXT() REPRESENTATION_CONTEXT('2D SPACE',''
  ) );
#1378 = ORIENTED_EDGE('',*,*,#1379,.T.);
#1379 = EDGE_CURVE('',#1351,#1380,#1382,.T.);
#1380 = VERTEX_POINT('',#1381);
#1381 = CARTESIAN_POINT('',(-7.,239.24736241552,20.));
#1382 = SURFACE_CURVE('',#1383,(#1387,#1394),.PCURVE_S1.);
#1383 = LINE('',#1384,#1385);
#1384 = CARTESIAN_POINT('',(-7.,226.,20.));
#1385 = VECTOR('',#1386,1.);
#1386 = DIRECTION('',(0.,1.,0.));
#1387 = PCURVE('',#280,#1388);
#1388 = DEFINITIONAL_REPRESENTATION('',(#1389),#1393);
#1389 = LINE('',#1390,#1391);
#1390 = CARTESIAN_POINT('',(1.570796326795,0.));
#1391 = VECTOR('',#1392,1.);
#1392 = DIRECTION('',(0.,1.));
#1393 = ( GEOMETRIC_REPRESENTATION_CONTEXT(2) 
PARAMETRIC_REPRESENTATION_CONTEXT() REPRESENTATION_CONTEXT('2D SPACE',''
  ) );
#1394 = PCURVE('',#1395,#1400);
#1395 = PLANE('',#1396);
#1396 = AXIS2_PLACEMENT_3D('',#1397,#1398,#1399);
#1397 = CARTESIAN_POINT('',(-8.,218.,20.));
#1398 = DIRECTION('',(0.,0.,1.));
#1399 = DIRECTION('',(1.,0.,-0.));
#1400 = DEFINITIONAL_REPRESENTATION('',(#1401),#1405);
#1401 = LINE('',#1402,#1403);
#1402 = CARTESIAN_POINT('',(1.,8.));
#1403 = VECTOR('',#1404,1.);
#1404 = DIRECTION('',(0.,1.));
#1405 = ( GEOMETRIC_REPRESENTATION_CONTEXT(2) 
PARAMETRIC_REPRESENTATION_CONTEXT() REPRESENTATION_CONTEXT('2D SPACE',''
  ) );
#1406 = ORIENTED_EDGE('',*,*,#1407,.T.);
#1407 = EDGE_CURVE('',#1380,#237,#1408,.T.);
#1408 = SURFACE_CURVE('',#1409,(#1422,#1438),.PCURVE_S1.);
#1409 = B_SPLINE_CURVE_WITH_KNOTS('',11,(#1410,#1411,#1412,#1413,#1414,
    #1415,#1416,#1417,#1418,#1419,#1420,#1421),.UNSPECIFIED.,.F.,.F.,(12
    ,12),(0.,1.),.PIECEWISE_BEZIER_KNOTS.);
#1410 = CARTESIAN_POINT('',(-7.,239.24736241552,20.));
#1411 = CARTESIAN_POINT('',(-7.142864993937,239.24736241552,20.));
#1412 = CARTESIAN_POINT('',(-7.285868549736,239.24490460106,
    19.977608186431));
#1413 = CARTESIAN_POINT('',(-7.424511475128,239.24472927216,
    19.932241926963));
#1414 = CARTESIAN_POINT('',(-7.555988236265,239.22715971686,
    19.867118302034));
#1415 = CARTESIAN_POINT('',(-7.674923491988,239.24837935577,
    19.777537884336));
#1416 = CARTESIAN_POINT('',(-7.779996822548,239.20524848709,
    19.677006554615));
#1417 = CARTESIAN_POINT('',(-7.866113697012,239.23752082719,
    19.553464871608));
#1418 = CARTESIAN_POINT('',(-7.932778689545,239.20487288849,
    19.425421906313));
#1419 = CARTESIAN_POINT('',(-7.977615778143,239.21014819289,
    19.285157417904));
#1420 = CARTESIAN_POINT('',(-8.,239.201419204,19.142688001729));
#1421 = CARTESIAN_POINT('',(-8.,239.19377257704,19.));
#1422 = PCURVE('',#280,#1423);
#1423 = DEFINITIONAL_REPRESENTATION('',(#1424),#1437);
#1424 = B_SPLINE_CURVE_WITH_KNOTS('',11,(#1425,#1426,#1427,#1428,#1429,
    #1430,#1431,#1432,#1433,#1434,#1435,#1436),.UNSPECIFIED.,.F.,.F.,(12
    ,12),(0.,1.),.PIECEWISE_BEZIER_KNOTS.);
#1425 = CARTESIAN_POINT('',(1.570796326795,13.247362415528));
#1426 = CARTESIAN_POINT('',(1.427931332858,13.247362415528));
#1427 = CARTESIAN_POINT('',(1.284969651218,13.244902571733));
#1428 = CARTESIAN_POINT('',(1.142103926649,13.244739339765));
#1429 = CARTESIAN_POINT('',(0.999902057075,13.227135381084));
#1430 = CARTESIAN_POINT('',(0.855369333446,13.248415457589));
#1431 = CARTESIAN_POINT('',(0.715345335111,13.20521333248));
#1432 = CARTESIAN_POINT('',(0.569469637404,13.237543372539));
#1433 = CARTESIAN_POINT('',(0.429198142488,13.204863914392));
#1434 = CARTESIAN_POINT('',(0.285179196618,13.210149972319));
#1435 = CARTESIAN_POINT('',(0.142688001729,13.201419204007));
#1436 = CARTESIAN_POINT('',(4.229949723822E-14,13.193772577042));
#1437 = ( GEOMETRIC_REPRESENTATION_CONTEXT(2) 
PARAMETRIC_REPRESENTATION_CONTEXT() REPRESENTATION_CONTEXT('2D SPACE',''
  ) );
#1438 = PCURVE('',#1231,#1439);
#1439 = DEFINITIONAL_REPRESENTATION('',(#1440),#1444);
#1440 = LINE('',#1441,#1442);
#1441 = CARTESIAN_POINT('',(0.,1.));
#1442 = VECTOR('',#1443,1.);
#1443 = DIRECTION('',(1.,0.));
#1444 = ( GEOMETRIC_REPRESENTATION_CONTEXT(2) 
PARAMETRIC_REPRESENTATION_CONTEXT() REPRESENTATION_CONTEXT('2D SPACE',''
  ) );
#1445 = ADVANCED_FACE('',(#1446),#308,.T.);
#1446 = FACE_BOUND('',#1447,.T.);
#1447 = EDGE_LOOP('',(#1448,#1449,#1563,#1591));
#1448 = ORIENTED_EDGE('',*,*,#292,.F.);
#1449 = ORIENTED_EDGE('',*,*,#1450,.F.);
#1450 = EDGE_CURVE('',#1451,#293,#1453,.T.);
#1451 = VERTEX_POINT('',#1452);
#1452 = CARTESIAN_POINT('',(0.,218.,13.801263571231));
#1453 = SURFACE_CURVE('',#1454,(#1471,#1507),.PCURVE_S1.);
#1454 = B_SPLINE_CURVE_WITH_KNOTS('',8,(#1455,#1456,#1457,#1458,#1459,
    #1460,#1461,#1462,#1463,#1464,#1465,#1466,#1467,#1468,#1469,#1470),
  .UNSPECIFIED.,.F.,.F.,(9,7,9),(210.10000269883,222.78042263152,
    222.8748282096),.UNSPECIFIED.);
#1455 = CARTESIAN_POINT('',(-4.898587196589E-16,218.,13.801263571231));
#1456 = CARTESIAN_POINT('',(-1.548191180733,218.,13.801263571231));
#1457 = CARTESIAN_POINT('',(-3.096440554537,218.34238670107,
    13.862404911983));
#1458 = CARTESIAN_POINT('',(-4.558300128339,219.02739640675,
    13.984729846363));
#1459 = CARTESIAN_POINT('',(-5.848609456762,220.02950517864,
    14.16367952346));
#1460 = CARTESIAN_POINT('',(-6.886233080177,221.30194408251,
    14.390900173781));
#1461 = CARTESIAN_POINT('',(-7.608527161393,222.76545123218,
    14.652240181412));
#1462 = CARTESIAN_POINT('',(-7.981000435874,224.33212073782,
    14.932000597735));
#1463 = CARTESIAN_POINT('',(-7.999587898393,225.91795844598,
    15.215184779105));
#1464 = CARTESIAN_POINT('',(-7.999705650682,225.9296791743,
    15.21727773417));
#1465 = CARTESIAN_POINT('',(-7.999803769404,225.94139938696,
    15.219370614535));
#1466 = CARTESIAN_POINT('',(-7.999882259491,225.95311930534,
    15.221463454107));
#1467 = CARTESIAN_POINT('',(-7.999941129197,225.96483944852,
    15.223556333187));
#1468 = CARTESIAN_POINT('',(-7.999980378135,225.97655977596,
    15.225649243859));
#1469 = CARTESIAN_POINT('',(-8.,225.9882798474,15.227742115412));
#1470 = CARTESIAN_POINT('',(-8.,226.,15.229834999803));
#1471 = PCURVE('',#308,#1472);
#1472 = DEFINITIONAL_REPRESENTATION('',(#1473),#1506);
#1473 = B_SPLINE_CURVE_WITH_KNOTS('',11,(#1474,#1475,#1476,#1477,#1478,
    #1479,#1480,#1481,#1482,#1483,#1484,#1485,#1486,#1487,#1488,#1489,
    #1490,#1491,#1492,#1493,#1494,#1495,#1496,#1497,#1498,#1499,#1500,
    #1501,#1502,#1503,#1504,#1505),.UNSPECIFIED.,.F.,.F.,(12,10,10,12),(
    210.10000269883,216.48741545422,219.68112183191,222.8748282096),
  .UNSPECIFIED.);
#1474 = CARTESIAN_POINT('',(1.570796326795,13.801263571231));
#1475 = CARTESIAN_POINT('',(1.499900079251,13.801263571231));
#1476 = CARTESIAN_POINT('',(1.429003156349,13.809162182436));
#1477 = CARTESIAN_POINT('',(1.358094445497,13.824959204376));
#1478 = CARTESIAN_POINT('',(1.28716190579,13.848594989036));
#1479 = CARTESIAN_POINT('',(1.216193666791,13.879949679578));
#1480 = CARTESIAN_POINT('',(1.145178853326,13.918842939633));
#1481 = CARTESIAN_POINT('',(1.074108136168,13.965034172066));
#1482 = CARTESIAN_POINT('',(1.002974008782,14.018223228653));
#1483 = CARTESIAN_POINT('',(0.931770789939,14.078051609117));
#1484 = CARTESIAN_POINT('',(0.860494352371,14.144104150911));
#1485 = CARTESIAN_POINT('',(0.75346518983,14.251814737628));
#1486 = CARTESIAN_POINT('',(0.717769711914,14.289157695541));
#1487 = CARTESIAN_POINT('',(0.68205484986,14.327880603173));
#1488 = CARTESIAN_POINT('',(0.646320370996,14.367921210116));
#1489 = CARTESIAN_POINT('',(0.610566103714,14.409214494931));
#1490 = CARTESIAN_POINT('',(0.574791937469,14.451692664992));
#1491 = CARTESIAN_POINT('',(0.538997822782,14.495285156703));
#1492 = CARTESIAN_POINT('',(0.503183771235,14.539918635261));
#1493 = CARTESIAN_POINT('',(0.467349855476,14.58551699486));
#1494 = CARTESIAN_POINT('',(0.431496209216,14.632001358553));
#1495 = CARTESIAN_POINT('',(0.359749845247,14.726578798091));
#1496 = CARTESIAN_POINT('',(0.32385579799,14.774674380819));
#1497 = CARTESIAN_POINT('',(0.287952632712,14.823480645926));
#1498 = CARTESIAN_POINT('',(0.251990915614,14.872981590227));
#1499 = CARTESIAN_POINT('',(0.216105625632,14.922911500185));
#1500 = CARTESIAN_POINT('',(0.180040597263,14.973529037646));
#1501 = CARTESIAN_POINT('',(0.144156080246,15.02426220898));
#1502 = CARTESIAN_POINT('',(0.108073111179,15.075533046511));
#1503 = CARTESIAN_POINT('',(7.209596464842E-02,15.126842105914));
#1504 = CARTESIAN_POINT('',(3.604440912425E-02,15.178342986766));
#1505 = CARTESIAN_POINT('',(3.118838195006E-17,15.229834999803));
#1506 = ( GEOMETRIC_REPRESENTATION_CONTEXT(2) 
PARAMETRIC_REPRESENTATION_CONTEXT() REPRESENTATION_CONTEXT('2D SPACE',''
  ) );
#1507 = PCURVE('',#1508,#1557);
#1508 = ( BOUNDED_SURFACE() B_SPLINE_SURFACE(2,8,(
    (#1509,#1510,#1511,#1512,#1513,#1514,#1515,#1516,#1517,#1518,#1519
      ,#1520,#1521,#1522,#1523,#1524)
    ,(#1525,#1526,#1527,#1528,#1529,#1530,#1531,#1532,#1533,#1534,#1535
      ,#1536,#1537,#1538,#1539,#1540)
    ,(#1541,#1542,#1543,#1544,#1545,#1546,#1547,#1548,#1549,#1550,#1551
      ,#1552,#1553,#1554,#1555,#1556
)),.UNSPECIFIED.,.F.,.F.,.F.) B_SPLINE_SURFACE_WITH_KNOTS((3,3),(9,7,9),
  (0.,12.774825510767),(210.10000269883,222.78042263152,222.8748282096),
.UNSPECIFIED.) GEOMETRIC_REPRESENTATION_ITEM() RATIONAL_B_SPLINE_SURFACE
((
    (1.,1.,1.,1.,1.,1.,1.,1.,1.,1.,1.,1.,1.,1.,1.,1.)
    ,(0.637529564848,0.637529564848,0.640669376179,0.646949591047
      ,0.656056287964,0.66737308563,0.680053333017,0.69329910203
      ,0.706427999237,0.706525034613,0.706622038403,0.706719016366
      ,0.706815981427,0.70691293373,0.707009864139,0.707106781187)
    ,(1.,1.,1.,1.,1.,1.,1.,1.,1.,1.,1.,1.,1.,1.,1.,1.
))) REPRESENTATION_ITEM('') SURFACE() );
#1509 = CARTESIAN_POINT('',(-4.898587196589E-16,218.,13.801263571231));
#1510 = CARTESIAN_POINT('',(-1.548191180733,218.,13.801263571231));
#1511 = CARTESIAN_POINT('',(-3.096440554537,218.34238670107,
    13.862404911983));
#1512 = CARTESIAN_POINT('',(-4.558300128339,219.02739640675,
    13.984729846363));
#1513 = CARTESIAN_POINT('',(-5.848609456762,220.02950517864,
    14.16367952346));
#1514 = CARTESIAN_POINT('',(-6.886233080177,221.30194408251,
    14.390900173781));
#1515 = CARTESIAN_POINT('',(-7.608527161393,222.76545123218,
    14.652240181412));
#1516 = CARTESIAN_POINT('',(-7.981000435874,224.33212073782,
    14.932000597735));
#1517 = CARTESIAN_POINT('',(-7.999587898393,225.91795844598,
    15.215184779105));
#1518 = CARTESIAN_POINT('',(-7.999705650682,225.9296791743,
    15.21727773417));
#1519 = CARTESIAN_POINT('',(-7.999803769404,225.94139938696,
    15.219370614535));
#1520 = CARTESIAN_POINT('',(-7.999882259491,225.95311930534,
    15.221463454107));
#1521 = CARTESIAN_POINT('',(-7.999941129197,225.96483944852,
    15.223556333187));
#1522 = CARTESIAN_POINT('',(-7.999980378135,225.97655977596,
    15.225649243859));
#1523 = CARTESIAN_POINT('',(-8.,225.9882798474,15.227742115412));
#1524 = CARTESIAN_POINT('',(-8.,226.,15.229834999803));
#1525 = CARTESIAN_POINT('',(2.6645352591E-15,218.,13.197035992031));
#1526 = CARTESIAN_POINT('',(-1.5707891359,218.,13.197035992031));
#1527 = CARTESIAN_POINT('',(-3.126230679983,218.35062604966,
    13.263821906253));
#1528 = CARTESIAN_POINT('',(-4.58328203064,219.04212562148,
    13.395536110408));
#1529 = CARTESIAN_POINT('',(-5.867729313644,220.04485873449,
    13.586532893838));
#1530 = CARTESIAN_POINT('',(-6.908711485082,221.32255320748,
    13.829903269646));
#1531 = CARTESIAN_POINT('',(-7.634401357545,222.80511411935,
    14.112295824288));
#1532 = CARTESIAN_POINT('',(-8.000590511684,224.39957830666,
    14.416003288538));
#1533 = CARTESIAN_POINT('',(-8.000549195942,226.01169329188,
    14.723072809532));
#1534 = CARTESIAN_POINT('',(-8.000529336263,226.0233862898,
    14.725300047231));
#1535 = CARTESIAN_POINT('',(-8.000489956784,226.03507999522,
    14.727527419692));
#1536 = CARTESIAN_POINT('',(-8.000431050337,226.04677438102,
    14.72975492175));
#1537 = CARTESIAN_POINT('',(-8.000352602621,226.05846914373,
    14.731982495598));
#1538 = CARTESIAN_POINT('',(-8.000254610757,226.07016425762,
    14.734210136341));
#1539 = CARTESIAN_POINT('',(-8.000137080192,226.08185994411,
    14.736437886148));
#1540 = CARTESIAN_POINT('',(-8.,226.09355605394,14.738665716592));
#1541 = CARTESIAN_POINT('',(4.263256414561E-14,218.59355605394,
    13.31009428802));
#1542 = CARTESIAN_POINT('',(-1.450016859739,218.59355605394,
    13.31009428802));
#1543 = CARTESIAN_POINT('',(-2.900089297801,218.91390511024,
    13.371113155887));
#1544 = CARTESIAN_POINT('',(-4.269570074148,219.55489477795,
    13.493206425926));
#1545 = CARTESIAN_POINT('',(-5.47902206325,220.49263867346,
    13.671824310785));
#1546 = CARTESIAN_POINT('',(-6.45253147563,221.68446936356,
    13.898839680329));
#1547 = CARTESIAN_POINT('',(-7.130462905696,223.05552419025,
    14.159992980651));
#1548 = CARTESIAN_POINT('',(-7.481110363713,224.52371339277,
    14.439648066845));
#1549 = CARTESIAN_POINT('',(-7.499588419286,226.01134398158,
    14.723006274237));
#1550 = CARTESIAN_POINT('',(-7.499706566845,226.02335112062,
    14.72529334834));
#1551 = CARTESIAN_POINT('',(-7.4998043649,226.03515137351,
    14.727541015557));
#1552 = CARTESIAN_POINT('',(-7.499882332366,226.04675855707,
    14.729751907664));
#1553 = CARTESIAN_POINT('',(-7.499941127595,226.05843243522,
    14.731975503502));
#1554 = CARTESIAN_POINT('',(-7.499980568918,226.07019645203,
    14.734216268609));
#1555 = CARTESIAN_POINT('',(-7.5,226.0818615472,14.736438191498));
#1556 = CARTESIAN_POINT('',(-7.5,226.09355605394,14.738665716592));
#1557 = DEFINITIONAL_REPRESENTATION('',(#1558),#1562);
#1558 = LINE('',#1559,#1560);
#1559 = CARTESIAN_POINT('',(0.,0.));
#1560 = VECTOR('',#1561,1.);
#1561 = DIRECTION('',(0.,1.));
#1562 = ( GEOMETRIC_REPRESENTATION_CONTEXT(2) 
PARAMETRIC_REPRESENTATION_CONTEXT() REPRESENTATION_CONTEXT('2D SPACE',''
  ) );
#1563 = ORIENTED_EDGE('',*,*,#1564,.T.);
#1564 = EDGE_CURVE('',#1451,#1565,#1567,.T.);
#1565 = VERTEX_POINT('',#1566);
#1566 = CARTESIAN_POINT('',(0.,218.,19.));
#1567 = SURFACE_CURVE('',#1568,(#1572,#1579),.PCURVE_S1.);
#1568 = LINE('',#1569,#1570);
#1569 = CARTESIAN_POINT('',(0.,218.,0.));
#1570 = VECTOR('',#1571,1.);
#1571 = DIRECTION('',(0.,0.,1.));
#1572 = PCURVE('',#308,#1573);
#1573 = DEFINITIONAL_REPRESENTATION('',(#1574),#1578);
#1574 = LINE('',#1575,#1576);
#1575 = CARTESIAN_POINT('',(1.570796326795,0.));
#1576 = VECTOR('',#1577,1.);
#1577 = DIRECTION('',(0.,1.));
#1578 = ( GEOMETRIC_REPRESENTATION_CONTEXT(2) 
PARAMETRIC_REPRESENTATION_CONTEXT() REPRESENTATION_CONTEXT('2D SPACE',''
  ) );
#1579 = PCURVE('',#1580,#1585);
#1580 = PLANE('',#1581);
#1581 = AXIS2_PLACEMENT_3D('',#1582,#1583,#1584);
#1582 = CARTESIAN_POINT('',(-8.,218.,0.));
#1583 = DIRECTION('',(0.,1.,0.));
#1584 = DIRECTION('',(0.,-0.,1.));
#1585 = DEFINITIONAL_REPRESENTATION('',(#1586),#1590);
#1586 = LINE('',#1587,#1588);
#1587 = CARTESIAN_POINT('',(0.,8.));
#1588 = VECTOR('',#1589,1.);
#1589 = DIRECTION('',(1.,0.));
#1590 = ( GEOMETRIC_REPRESENTATION_CONTEXT(2) 
PARAMETRIC_REPRESENTATION_CONTEXT() REPRESENTATION_CONTEXT('2D SPACE',''
  ) );
#1591 = ORIENTED_EDGE('',*,*,#1592,.T.);
#1592 = EDGE_CURVE('',#1565,#265,#1593,.T.);
#1593 = SURFACE_CURVE('',#1594,(#1599,#1606),.PCURVE_S1.);
#1594 = CIRCLE('',#1595,8.);
#1595 = AXIS2_PLACEMENT_3D('',#1596,#1597,#1598);
#1596 = CARTESIAN_POINT('',(0.,226.,19.));
#1597 = DIRECTION('',(-0.,-0.,-1.));
#1598 = DIRECTION('',(0.,-1.,0.));
#1599 = PCURVE('',#308,#1600);
#1600 = DEFINITIONAL_REPRESENTATION('',(#1601),#1605);
#1601 = LINE('',#1602,#1603);
#1602 = CARTESIAN_POINT('',(1.570796326795,19.));
#1603 = VECTOR('',#1604,1.);
#1604 = DIRECTION('',(-1.,-0.));
#1605 = ( GEOMETRIC_REPRESENTATION_CONTEXT(2) 
PARAMETRIC_REPRESENTATION_CONTEXT() REPRESENTATION_CONTEXT('2D SPACE',''
  ) );
#1606 = PCURVE('',#1367,#1607);
#1607 = DEFINITIONAL_REPRESENTATION('',(#1608),#1612);
#1608 = LINE('',#1609,#1610);
#1609 = CARTESIAN_POINT('',(6.28318530718,0.));
#1610 = VECTOR('',#1611,1.);
#1611 = DIRECTION('',(-1.,0.));
#1612 = ( GEOMETRIC_REPRESENTATION_CONTEXT(2) 
PARAMETRIC_REPRESENTATION_CONTEXT() REPRESENTATION_CONTEXT('2D SPACE',''
  ) );
#1613 = ADVANCED_FACE('',(#1614),#336,.T.);
#1614 = FACE_BOUND('',#1615,.T.);
#1615 = EDGE_LOOP('',(#1616,#1617,#1639,#1667));
#1616 = ORIENTED_EDGE('',*,*,#320,.T.);
#1617 = ORIENTED_EDGE('',*,*,#1618,.T.);
#1618 = EDGE_CURVE('',#321,#1619,#1621,.T.);
#1619 = VERTEX_POINT('',#1620);
#1620 = CARTESIAN_POINT('',(-7.5,227.98128878921,15.098233856642));
#1621 = SURFACE_CURVE('',#1622,(#1627,#1633),.PCURVE_S1.);
#1622 = CIRCLE('',#1623,0.5);
#1623 = AXIS2_PLACEMENT_3D('',#1624,#1625,#1626);
#1624 = CARTESIAN_POINT('',(-7.5,227.88773273526,15.589403139853));
#1625 = DIRECTION('',(0.,-0.982338566422,-0.18711210789));
#1626 = DIRECTION('',(-1.,-0.,0.));
#1627 = PCURVE('',#336,#1628);
#1628 = DEFINITIONAL_REPRESENTATION('',(#1629),#1632);
#1629 = B_SPLINE_CURVE_WITH_KNOTS('',1,(#1630,#1631),.UNSPECIFIED.,.F.,
  .F.,(2,2),(0.,1.570796326795),.PIECEWISE_BEZIER_KNOTS.);
#1630 = CARTESIAN_POINT('',(6.28318530718,2.016910316803));
#1631 = CARTESIAN_POINT('',(4.712388980385,2.016910316803));
#1632 = ( GEOMETRIC_REPRESENTATION_CONTEXT(2) 
PARAMETRIC_REPRESENTATION_CONTEXT() REPRESENTATION_CONTEXT('2D SPACE',''
  ) );
#1633 = PCURVE('',#369,#1634);
#1634 = DEFINITIONAL_REPRESENTATION('',(#1635),#1638);
#1635 = B_SPLINE_CURVE_WITH_KNOTS('',1,(#1636,#1637),.UNSPECIFIED.,.F.,
  .F.,(2,2),(0.,1.570796326795),.PIECEWISE_BEZIER_KNOTS.);
#1636 = CARTESIAN_POINT('',(0.,1.570796326795));
#1637 = CARTESIAN_POINT('',(0.,3.14159265359));
#1638 = ( GEOMETRIC_REPRESENTATION_CONTEXT(2) 
PARAMETRIC_REPRESENTATION_CONTEXT() REPRESENTATION_CONTEXT('2D SPACE',''
  ) );
#1639 = ORIENTED_EDGE('',*,*,#1640,.F.);
#1640 = EDGE_CURVE('',#1641,#1619,#1643,.T.);
#1641 = VERTEX_POINT('',#1642);
#1642 = CARTESIAN_POINT('',(-7.5,226.09355605394,14.738665716592));
#1643 = SURFACE_CURVE('',#1644,(#1648,#1655),.PCURVE_S1.);
#1644 = LINE('',#1645,#1646);
#1645 = CARTESIAN_POINT('',(-7.5,226.,14.72084551584));
#1646 = VECTOR('',#1647,1.);
#1647 = DIRECTION('',(-0.,0.982338566422,0.18711210789));
#1648 = PCURVE('',#336,#1649);
#1649 = DEFINITIONAL_REPRESENTATION('',(#1650),#1654);
#1650 = LINE('',#1651,#1652);
#1651 = CARTESIAN_POINT('',(4.712388980385,0.));
#1652 = VECTOR('',#1653,1.);
#1653 = DIRECTION('',(-0.,1.));
#1654 = ( GEOMETRIC_REPRESENTATION_CONTEXT(2) 
PARAMETRIC_REPRESENTATION_CONTEXT() REPRESENTATION_CONTEXT('2D SPACE',''
  ) );
#1655 = PCURVE('',#1656,#1661);
#1656 = PLANE('',#1657);
#1657 = AXIS2_PLACEMENT_3D('',#1658,#1659,#1660);
#1658 = CARTESIAN_POINT('',(-16.,227.98128878921,15.098233856642));
#1659 = DIRECTION('',(0.,0.18711210789,-0.982338566422));
#1660 = DIRECTION('',(0.,-0.982338566422,-0.18711210789));
#1661 = DEFINITIONAL_REPRESENTATION('',(#1662),#1666);
#1662 = LINE('',#1663,#1664);
#1663 = CARTESIAN_POINT('',(2.016910316802,-8.5));
#1664 = VECTOR('',#1665,1.);
#1665 = DIRECTION('',(-1.,0.));
#1666 = ( GEOMETRIC_REPRESENTATION_CONTEXT(2) 
PARAMETRIC_REPRESENTATION_CONTEXT() REPRESENTATION_CONTEXT('2D SPACE',''
  ) );
#1667 = ORIENTED_EDGE('',*,*,#1668,.F.);
#1668 = EDGE_CURVE('',#293,#1641,#1669,.T.);
#1669 = SURFACE_CURVE('',#1670,(#1674,#1688),.PCURVE_S1.);
#1670 = ( BOUNDED_CURVE() B_SPLINE_CURVE(2,(#1671,#1672,#1673),
.UNSPECIFIED.,.F.,.F.) B_SPLINE_CURVE_WITH_KNOTS((3,3),(0.,
12.774825510767),.PIECEWISE_BEZIER_KNOTS.) CURVE() 
GEOMETRIC_REPRESENTATION_ITEM() RATIONAL_B_SPLINE_CURVE((1.,
0.707106781187,1.)) REPRESENTATION_ITEM('') );
#1671 = CARTESIAN_POINT('',(-8.,226.,15.229834999803));
#1672 = CARTESIAN_POINT('',(-8.,226.09355605394,14.738665716592));
#1673 = CARTESIAN_POINT('',(-7.5,226.09355605394,14.738665716592));
#1674 = PCURVE('',#336,#1675);
#1675 = DEFINITIONAL_REPRESENTATION('',(#1676),#1687);
#1676 = B_SPLINE_CURVE_WITH_KNOTS('',9,(#1677,#1678,#1679,#1680,#1681,
    #1682,#1683,#1684,#1685,#1686),.UNSPECIFIED.,.F.,.F.,(10,10),(0.,
    12.774825510767),.PIECEWISE_BEZIER_KNOTS.);
#1677 = CARTESIAN_POINT('',(6.28318530718,9.523809523811E-02));
#1678 = CARTESIAN_POINT('',(6.126050466916,9.523809523811E-02));
#1679 = CARTESIAN_POINT('',(5.957410590359,9.523809523811E-02));
#1680 = CARTESIAN_POINT('',(5.77861892031,9.523809523811E-02));
#1681 = CARTESIAN_POINT('',(5.592440455568,9.52380952381E-02));
#1682 = CARTESIAN_POINT('',(5.403133831997,9.523809523811E-02));
#1683 = CARTESIAN_POINT('',(5.216955367255,9.52380952381E-02));
#1684 = CARTESIAN_POINT('',(5.038163697206,9.523809523811E-02));
#1685 = CARTESIAN_POINT('',(4.869523820649,9.523809523811E-02));
#1686 = CARTESIAN_POINT('',(4.712388980385,9.523809523811E-02));
#1687 = ( GEOMETRIC_REPRESENTATION_CONTEXT(2) 
PARAMETRIC_REPRESENTATION_CONTEXT() REPRESENTATION_CONTEXT('2D SPACE',''
  ) );
#1688 = PCURVE('',#1508,#1689);
#1689 = DEFINITIONAL_REPRESENTATION('',(#1690),#1693);
#1690 = B_SPLINE_CURVE_WITH_KNOTS('',1,(#1691,#1692),.UNSPECIFIED.,.F.,
  .F.,(2,2),(0.,12.774825510767),.PIECEWISE_BEZIER_KNOTS.);
#1691 = CARTESIAN_POINT('',(0.,222.8748282096));
#1692 = CARTESIAN_POINT('',(12.774825510767,222.8748282096));
#1693 = ( GEOMETRIC_REPRESENTATION_CONTEXT(2) 
PARAMETRIC_REPRESENTATION_CONTEXT() REPRESENTATION_CONTEXT('2D SPACE',''
  ) );
#1694 = ADVANCED_FACE('',(#1695),#369,.T.);
#1695 = FACE_BOUND('',#1696,.T.);
#1696 = EDGE_LOOP('',(#1697,#1698,#1699,#1721));
#1697 = ORIENTED_EDGE('',*,*,#1618,.F.);
#1698 = ORIENTED_EDGE('',*,*,#348,.T.);
#1699 = ORIENTED_EDGE('',*,*,#1700,.T.);
#1700 = EDGE_CURVE('',#349,#1701,#1703,.T.);
#1701 = VERTEX_POINT('',#1702);
#1702 = CARTESIAN_POINT('',(-7.5,228.1,15.));
#1703 = SURFACE_CURVE('',#1704,(#1709,#1715),.PCURVE_S1.);
#1704 = CIRCLE('',#1705,0.5);
#1705 = AXIS2_PLACEMENT_3D('',#1706,#1707,#1708);
#1706 = CARTESIAN_POINT('',(-7.5,228.6,15.));
#1707 = DIRECTION('',(0.,-7.97417687437E-14,1.));
#1708 = DIRECTION('',(0.,1.,7.97417687437E-14));
#1709 = PCURVE('',#369,#1710);
#1710 = DEFINITIONAL_REPRESENTATION('',(#1711),#1714);
#1711 = B_SPLINE_CURVE_WITH_KNOTS('',1,(#1712,#1713),.UNSPECIFIED.,.F.,
  .F.,(2,2),(1.570796326795,3.14159265359),.PIECEWISE_BEZIER_KNOTS.);
#1712 = CARTESIAN_POINT('',(1.7590178321,1.570796326795));
#1713 = CARTESIAN_POINT('',(1.7590178321,3.14159265359));
#1714 = ( GEOMETRIC_REPRESENTATION_CONTEXT(2) 
PARAMETRIC_REPRESENTATION_CONTEXT() REPRESENTATION_CONTEXT('2D SPACE',''
  ) );
#1715 = PCURVE('',#397,#1716);
#1716 = DEFINITIONAL_REPRESENTATION('',(#1717),#1720);
#1717 = B_SPLINE_CURVE_WITH_KNOTS('',1,(#1718,#1719),.UNSPECIFIED.,.F.,
  .F.,(2,2),(1.570796326795,3.14159265359),.PIECEWISE_BEZIER_KNOTS.);
#1718 = CARTESIAN_POINT('',(6.28318530718,0.));
#1719 = CARTESIAN_POINT('',(4.712388980385,0.));
#1720 = ( GEOMETRIC_REPRESENTATION_CONTEXT(2) 
PARAMETRIC_REPRESENTATION_CONTEXT() REPRESENTATION_CONTEXT('2D SPACE',''
  ) );
#1721 = ORIENTED_EDGE('',*,*,#1722,.F.);
#1722 = EDGE_CURVE('',#1619,#1701,#1723,.T.);
#1723 = SURFACE_CURVE('',#1724,(#1729,#1736),.PCURVE_S1.);
#1724 = CIRCLE('',#1725,0.1);
#1725 = AXIS2_PLACEMENT_3D('',#1726,#1727,#1728);
#1726 = CARTESIAN_POINT('',(-7.5,228.,15.));
#1727 = DIRECTION('',(-1.,0.,0.));
#1728 = DIRECTION('',(0.,-0.18711210789,0.982338566422));
#1729 = PCURVE('',#369,#1730);
#1730 = DEFINITIONAL_REPRESENTATION('',(#1731),#1735);
#1731 = LINE('',#1732,#1733);
#1732 = CARTESIAN_POINT('',(0.,3.14159265359));
#1733 = VECTOR('',#1734,1.);
#1734 = DIRECTION('',(1.,0.));
#1735 = ( GEOMETRIC_REPRESENTATION_CONTEXT(2) 
PARAMETRIC_REPRESENTATION_CONTEXT() REPRESENTATION_CONTEXT('2D SPACE',''
  ) );
#1736 = PCURVE('',#1737,#1742);
#1737 = CYLINDRICAL_SURFACE('',#1738,0.1);
#1738 = AXIS2_PLACEMENT_3D('',#1739,#1740,#1741);
#1739 = CARTESIAN_POINT('',(-16.,228.,15.));
#1740 = DIRECTION('',(-1.,-0.,0.));
#1741 = DIRECTION('',(0.,-0.982338566422,-0.18711210789));
#1742 = DEFINITIONAL_REPRESENTATION('',(#1743),#1747);
#1743 = LINE('',#1744,#1745);
#1744 = CARTESIAN_POINT('',(1.570796326795,-8.5));
#1745 = VECTOR('',#1746,1.);
#1746 = DIRECTION('',(1.,0.));
#1747 = ( GEOMETRIC_REPRESENTATION_CONTEXT(2) 
PARAMETRIC_REPRESENTATION_CONTEXT() REPRESENTATION_CONTEXT('2D SPACE',''
  ) );
#1748 = ADVANCED_FACE('',(#1749),#397,.T.);
#1749 = FACE_BOUND('',#1750,.T.);
#1750 = EDGE_LOOP('',(#1751,#1752,#1774,#1800));
#1751 = ORIENTED_EDGE('',*,*,#381,.T.);
#1752 = ORIENTED_EDGE('',*,*,#1753,.T.);
#1753 = EDGE_CURVE('',#382,#1754,#1756,.T.);
#1754 = VERTEX_POINT('',#1755);
#1755 = CARTESIAN_POINT('',(-7.5,228.1,3.));
#1756 = SURFACE_CURVE('',#1757,(#1762,#1768),.PCURVE_S1.);
#1757 = CIRCLE('',#1758,0.5);
#1758 = AXIS2_PLACEMENT_3D('',#1759,#1760,#1761);
#1759 = CARTESIAN_POINT('',(-7.5,228.6,3.));
#1760 = DIRECTION('',(0.,-0.,1.));
#1761 = DIRECTION('',(-1.,0.,0.));
#1762 = PCURVE('',#397,#1763);
#1763 = DEFINITIONAL_REPRESENTATION('',(#1764),#1767);
#1764 = B_SPLINE_CURVE_WITH_KNOTS('',1,(#1765,#1766),.UNSPECIFIED.,.F.,
  .F.,(2,2),(0.,1.570796326795),.PIECEWISE_BEZIER_KNOTS.);
#1765 = CARTESIAN_POINT('',(6.28318530718,12.));
#1766 = CARTESIAN_POINT('',(4.712388980385,12.));
#1767 = ( GEOMETRIC_REPRESENTATION_CONTEXT(2) 
PARAMETRIC_REPRESENTATION_CONTEXT() REPRESENTATION_CONTEXT('2D SPACE',''
  ) );
#1768 = PCURVE('',#430,#1769);
#1769 = DEFINITIONAL_REPRESENTATION('',(#1770),#1773);
#1770 = B_SPLINE_CURVE_WITH_KNOTS('',1,(#1771,#1772),.UNSPECIFIED.,.F.,
  .F.,(2,2),(0.,1.570796326795),.PIECEWISE_BEZIER_KNOTS.);
#1771 = CARTESIAN_POINT('',(0.,1.570796326795));
#1772 = CARTESIAN_POINT('',(0.,3.14159265359));
#1773 = ( GEOMETRIC_REPRESENTATION_CONTEXT(2) 
PARAMETRIC_REPRESENTATION_CONTEXT() REPRESENTATION_CONTEXT('2D SPACE',''
  ) );
#1774 = ORIENTED_EDGE('',*,*,#1775,.F.);
#1775 = EDGE_CURVE('',#1701,#1754,#1776,.T.);
#1776 = SURFACE_CURVE('',#1777,(#1781,#1788),.PCURVE_S1.);
#1777 = LINE('',#1778,#1779);
#1778 = CARTESIAN_POINT('',(-7.5,228.1,15.));
#1779 = VECTOR('',#1780,1.);
#1780 = DIRECTION('',(0.,0.,-1.));
#1781 = PCURVE('',#397,#1782);
#1782 = DEFINITIONAL_REPRESENTATION('',(#1783),#1787);
#1783 = LINE('',#1784,#1785);
#1784 = CARTESIAN_POINT('',(4.712388980385,0.));
#1785 = VECTOR('',#1786,1.);
#1786 = DIRECTION('',(-0.,1.));
#1787 = ( GEOMETRIC_REPRESENTATION_CONTEXT(2) 
PARAMETRIC_REPRESENTATION_CONTEXT() REPRESENTATION_CONTEXT('2D SPACE',''
  ) );
#1788 = PCURVE('',#1789,#1794);
#1789 = PLANE('',#1790);
#1790 = AXIS2_PLACEMENT_3D('',#1791,#1792,#1793);
#1791 = CARTESIAN_POINT('',(-16.,228.1,3.));
#1792 = DIRECTION('',(0.,-1.,0.));
#1793 = DIRECTION('',(0.,0.,1.));
#1794 = DEFINITIONAL_REPRESENTATION('',(#1795),#1799);
#1795 = LINE('',#1796,#1797);
#1796 = CARTESIAN_POINT('',(12.,-8.5));
#1797 = VECTOR('',#1798,1.);
#1798 = DIRECTION('',(-1.,0.));
#1799 = ( GEOMETRIC_REPRESENTATION_CONTEXT(2) 
PARAMETRIC_REPRESENTATION_CONTEXT() REPRESENTATION_CONTEXT('2D SPACE',''
  ) );
#1800 = ORIENTED_EDGE('',*,*,#1700,.F.);
#1801 = ADVANCED_FACE('',(#1802),#430,.T.);
#1802 = FACE_BOUND('',#1803,.T.);
#1803 = EDGE_LOOP('',(#1804,#1805,#1806,#1828));
#1804 = ORIENTED_EDGE('',*,*,#1753,.F.);
#1805 = ORIENTED_EDGE('',*,*,#409,.T.);
#1806 = ORIENTED_EDGE('',*,*,#1807,.T.);
#1807 = EDGE_CURVE('',#410,#1808,#1810,.T.);
#1808 = VERTEX_POINT('',#1809);
#1809 = CARTESIAN_POINT('',(-7.5,227.98128878921,2.901766143358));
#1810 = SURFACE_CURVE('',#1811,(#1816,#1822),.PCURVE_S1.);
#1811 = CIRCLE('',#1812,0.5);
#1812 = AXIS2_PLACEMENT_3D('',#1813,#1814,#1815);
#1813 = CARTESIAN_POINT('',(-7.5,227.88773273526,2.410596860147));
#1814 = DIRECTION('',(-0.,0.982338566422,-0.18711210789));
#1815 = DIRECTION('',(0.,-0.18711210789,-0.982338566422));
#1816 = PCURVE('',#430,#1817);
#1817 = DEFINITIONAL_REPRESENTATION('',(#1818),#1821);
#1818 = B_SPLINE_CURVE_WITH_KNOTS('',1,(#1819,#1820),.UNSPECIFIED.,.F.,
  .F.,(2,2),(1.570796326795,3.14159265359),.PIECEWISE_BEZIER_KNOTS.);
#1819 = CARTESIAN_POINT('',(1.7590178321,1.570796326795));
#1820 = CARTESIAN_POINT('',(1.7590178321,3.14159265359));
#1821 = ( GEOMETRIC_REPRESENTATION_CONTEXT(2) 
PARAMETRIC_REPRESENTATION_CONTEXT() REPRESENTATION_CONTEXT('2D SPACE',''
  ) );
#1822 = PCURVE('',#458,#1823);
#1823 = DEFINITIONAL_REPRESENTATION('',(#1824),#1827);
#1824 = B_SPLINE_CURVE_WITH_KNOTS('',1,(#1825,#1826),.UNSPECIFIED.,.F.,
  .F.,(2,2),(1.570796326795,3.14159265359),.PIECEWISE_BEZIER_KNOTS.);
#1825 = CARTESIAN_POINT('',(6.28318530718,2.13162820728E-14));
#1826 = CARTESIAN_POINT('',(4.712388980385,2.13162820728E-14));
#1827 = ( GEOMETRIC_REPRESENTATION_CONTEXT(2) 
PARAMETRIC_REPRESENTATION_CONTEXT() REPRESENTATION_CONTEXT('2D SPACE',''
  ) );
#1828 = ORIENTED_EDGE('',*,*,#1829,.F.);
#1829 = EDGE_CURVE('',#1754,#1808,#1830,.T.);
#1830 = SURFACE_CURVE('',#1831,(#1836,#1843),.PCURVE_S1.);
#1831 = CIRCLE('',#1832,0.1);
#1832 = AXIS2_PLACEMENT_3D('',#1833,#1834,#1835);
#1833 = CARTESIAN_POINT('',(-7.5,228.,3.));
#1834 = DIRECTION('',(-1.,0.,0.));
#1835 = DIRECTION('',(0.,1.,0.));
#1836 = PCURVE('',#430,#1837);
#1837 = DEFINITIONAL_REPRESENTATION('',(#1838),#1842);
#1838 = LINE('',#1839,#1840);
#1839 = CARTESIAN_POINT('',(0.,3.14159265359));
#1840 = VECTOR('',#1841,1.);
#1841 = DIRECTION('',(1.,0.));
#1842 = ( GEOMETRIC_REPRESENTATION_CONTEXT(2) 
PARAMETRIC_REPRESENTATION_CONTEXT() REPRESENTATION_CONTEXT('2D SPACE',''
  ) );
#1843 = PCURVE('',#1844,#1849);
#1844 = CYLINDRICAL_SURFACE('',#1845,0.1);
#1845 = AXIS2_PLACEMENT_3D('',#1846,#1847,#1848);
#1846 = CARTESIAN_POINT('',(-16.,228.,3.));
#1847 = DIRECTION('',(-1.,-0.,0.));
#1848 = DIRECTION('',(0.,0.,1.));
#1849 = DEFINITIONAL_REPRESENTATION('',(#1850),#1854);
#1850 = LINE('',#1851,#1852);
#1851 = CARTESIAN_POINT('',(1.570796326795,-8.5));
#1852 = VECTOR('',#1853,1.);
#1853 = DIRECTION('',(1.,0.));
#1854 = ( GEOMETRIC_REPRESENTATION_CONTEXT(2) 
PARAMETRIC_REPRESENTATION_CONTEXT() REPRESENTATION_CONTEXT('2D SPACE',''
  ) );
#1855 = ADVANCED_FACE('',(#1856),#458,.T.);
#1856 = FACE_BOUND('',#1857,.T.);
#1857 = EDGE_LOOP('',(#1858,#1859,#1936,#1962));
#1858 = ORIENTED_EDGE('',*,*,#442,.T.);
#1859 = ORIENTED_EDGE('',*,*,#1860,.T.);
#1860 = EDGE_CURVE('',#443,#1861,#1863,.T.);
#1861 = VERTEX_POINT('',#1862);
#1862 = CARTESIAN_POINT('',(-7.5,226.09355605394,3.261334283408));
#1863 = SURFACE_CURVE('',#1864,(#1869,#1875),.PCURVE_S1.);
#1864 = CIRCLE('',#1865,0.5);
#1865 = AXIS2_PLACEMENT_3D('',#1866,#1867,#1868);
#1866 = CARTESIAN_POINT('',(-7.5,226.,2.770165000197));
#1867 = DIRECTION('',(0.,0.982338566422,-0.18711210789));
#1868 = DIRECTION('',(-1.,0.,0.));
#1869 = PCURVE('',#458,#1870);
#1870 = DEFINITIONAL_REPRESENTATION('',(#1871),#1874);
#1871 = B_SPLINE_CURVE_WITH_KNOTS('',1,(#1872,#1873),.UNSPECIFIED.,.F.,
  .F.,(2,2),(0.,1.570796326795),.PIECEWISE_BEZIER_KNOTS.);
#1872 = CARTESIAN_POINT('',(6.28318530718,1.921672221565));
#1873 = CARTESIAN_POINT('',(4.712388980385,1.921672221565));
#1874 = ( GEOMETRIC_REPRESENTATION_CONTEXT(2) 
PARAMETRIC_REPRESENTATION_CONTEXT() REPRESENTATION_CONTEXT('2D SPACE',''
  ) );
#1875 = PCURVE('',#1876,#1925);
#1876 = ( BOUNDED_SURFACE() B_SPLINE_SURFACE(2,8,(
    (#1877,#1878,#1879,#1880,#1881,#1882,#1883,#1884,#1885,#1886,#1887
      ,#1888,#1889,#1890,#1891,#1892)
    ,(#1893,#1894,#1895,#1896,#1897,#1898,#1899,#1900,#1901,#1902,#1903
      ,#1904,#1905,#1906,#1907,#1908)
    ,(#1909,#1910,#1911,#1912,#1913,#1914,#1915,#1916,#1917,#1918,#1919
      ,#1920,#1921,#1922,#1923,#1924
)),.UNSPECIFIED.,.F.,.F.,.F.) B_SPLINE_SURFACE_WITH_KNOTS((3,3),(9,7,9),
  (0.,12.774825510773),(239.06997621915,239.16438179722,251.84480172992)
,.UNSPECIFIED.) GEOMETRIC_REPRESENTATION_ITEM() 
RATIONAL_B_SPLINE_SURFACE((
    (1.,1.,1.,1.,1.,1.,1.,1.,1.,1.,1.,1.,1.,1.,1.,1.)
    ,(0.707106781187,0.707009864139,0.70691293373,0.706815981427
      ,0.706719016366,0.706622038403,0.706525034613,0.706427999237
      ,0.693299102029,0.680053333017,0.66737308563,0.656056287965
      ,0.646949591046,0.640669376179,0.637529564848,0.637529564848)
    ,(1.,1.,1.,1.,1.,1.,1.,1.,1.,1.,1.,1.,1.,1.,1.,1.
))) REPRESENTATION_ITEM('') SURFACE() );
#1877 = CARTESIAN_POINT('',(-8.,226.,2.770165000197));
#1878 = CARTESIAN_POINT('',(-8.,225.9882798474,2.772257884588));
#1879 = CARTESIAN_POINT('',(-7.999980378135,225.97655977596,
    2.774350756141));
#1880 = CARTESIAN_POINT('',(-7.999941129197,225.96483944852,
    2.776443666813));
#1881 = CARTESIAN_POINT('',(-7.999882259491,225.95311930534,
    2.778536545893));
#1882 = CARTESIAN_POINT('',(-7.999803769404,225.94139938695,
    2.780629385465));
#1883 = CARTESIAN_POINT('',(-7.999705650682,225.9296791743,2.78272226583
    ));
#1884 = CARTESIAN_POINT('',(-7.999587898393,225.91795844598,
    2.784815220895));
#1885 = CARTESIAN_POINT('',(-7.981000435874,224.33212073781,
    3.067999402267));
#1886 = CARTESIAN_POINT('',(-7.608527161391,222.7654512322,
    3.347759818585));
#1887 = CARTESIAN_POINT('',(-6.886233080179,221.30194408248,
    3.609099826224));
#1888 = CARTESIAN_POINT('',(-5.848609456761,220.02950517867,
    3.836320476536));
#1889 = CARTESIAN_POINT('',(-4.558300128339,219.02739640674,
    4.015270153639));
#1890 = CARTESIAN_POINT('',(-3.096440554537,218.34238670108,
    4.137595088017));
#1891 = CARTESIAN_POINT('',(-1.548191180732,218.,4.198736428769));
#1892 = CARTESIAN_POINT('',(-4.898587196589E-16,218.,4.198736428769));
#1893 = CARTESIAN_POINT('',(-8.,226.09355605394,3.261334283408));
#1894 = CARTESIAN_POINT('',(-8.000137080192,226.08185994411,
    3.263562113852));
#1895 = CARTESIAN_POINT('',(-8.000254610757,226.07016425762,
    3.265789863659));
#1896 = CARTESIAN_POINT('',(-8.000352602621,226.05846914373,
    3.268017504402));
#1897 = CARTESIAN_POINT('',(-8.000431050337,226.04677438102,
    3.27024507825));
#1898 = CARTESIAN_POINT('',(-8.000489956784,226.03507999522,
    3.272472580308));
#1899 = CARTESIAN_POINT('',(-8.000529336263,226.0233862898,
    3.274699952769));
#1900 = CARTESIAN_POINT('',(-8.000549195942,226.01169329188,
    3.276927190468));
#1901 = CARTESIAN_POINT('',(-8.000590511684,224.39957830665,
    3.583996711464));
#1902 = CARTESIAN_POINT('',(-7.634401357543,222.80511411936,
    3.887704175709));
#1903 = CARTESIAN_POINT('',(-6.908711485084,221.32255320745,
    4.170096730359));
#1904 = CARTESIAN_POINT('',(-5.867729313643,220.04485873451,
    4.413467106157));
#1905 = CARTESIAN_POINT('',(-4.58328203064,219.04212562146,
    4.604463889595));
#1906 = CARTESIAN_POINT('',(-3.126230679984,218.35062604966,
    4.736178093747));
#1907 = CARTESIAN_POINT('',(-1.570789135899,218.,4.802964007969));
#1908 = CARTESIAN_POINT('',(1.731947918415E-14,218.,4.802964007969));
#1909 = CARTESIAN_POINT('',(-7.5,226.09355605394,3.261334283408));
#1910 = CARTESIAN_POINT('',(-7.5,226.0818615472,3.263561808502));
#1911 = CARTESIAN_POINT('',(-7.499980568918,226.07019645203,
    3.265783731391));
#1912 = CARTESIAN_POINT('',(-7.499941127595,226.05843243522,
    3.268024496498));
#1913 = CARTESIAN_POINT('',(-7.499882332366,226.04675855707,
    3.270248092336));
#1914 = CARTESIAN_POINT('',(-7.4998043649,226.03515137351,3.272458984443
    ));
#1915 = CARTESIAN_POINT('',(-7.499706566845,226.02335112062,
    3.27470665166));
#1916 = CARTESIAN_POINT('',(-7.499588419286,226.01134398158,
    3.276993725763));
#1917 = CARTESIAN_POINT('',(-7.481110363712,224.52371339276,
    3.560351933157));
#1918 = CARTESIAN_POINT('',(-7.130462905691,223.05552419027,
    3.840007019346));
#1919 = CARTESIAN_POINT('',(-6.452531475644,221.68446936354,
    4.101160319676));
#1920 = CARTESIAN_POINT('',(-5.479022063224,220.49263867348,
    4.32817568921));
#1921 = CARTESIAN_POINT('',(-4.269570074178,219.55489477793,
    4.506793574077));
#1922 = CARTESIAN_POINT('',(-2.900089297777,218.91390511025,
    4.628886844112));
#1923 = CARTESIAN_POINT('',(-1.450016859749,218.59355605394,
    4.68990571198));
#1924 = CARTESIAN_POINT('',(2.348343741687E-12,218.59355605394,
    4.68990571198));
#1925 = DEFINITIONAL_REPRESENTATION('',(#1926),#1935);
#1926 = B_SPLINE_CURVE_WITH_KNOTS('',7,(#1927,#1928,#1929,#1930,#1931,
    #1932,#1933,#1934),.UNSPECIFIED.,.F.,.F.,(8,8),(0.,1.570796326795),
  .PIECEWISE_BEZIER_KNOTS.);
#1927 = CARTESIAN_POINT('',(0.,239.06997621915));
#1928 = CARTESIAN_POINT('',(2.027037653563,239.06997621915));
#1929 = CARTESIAN_POINT('',(3.834297400967,239.06997621915));
#1930 = CARTESIAN_POINT('',(5.547704683646,239.06997621915));
#1931 = CARTESIAN_POINT('',(7.227120827128,239.06997621915));
#1932 = CARTESIAN_POINT('',(8.940528109805,239.06997621915));
#1933 = CARTESIAN_POINT('',(10.74778785721,239.06997621915));
#1934 = CARTESIAN_POINT('',(12.774825510773,239.06997621915));
#1935 = ( GEOMETRIC_REPRESENTATION_CONTEXT(2) 
PARAMETRIC_REPRESENTATION_CONTEXT() REPRESENTATION_CONTEXT('2D SPACE',''
  ) );
#1936 = ORIENTED_EDGE('',*,*,#1937,.F.);
#1937 = EDGE_CURVE('',#1808,#1861,#1938,.T.);
#1938 = SURFACE_CURVE('',#1939,(#1943,#1950),.PCURVE_S1.);
#1939 = LINE('',#1940,#1941);
#1940 = CARTESIAN_POINT('',(-7.5,227.98128878921,2.901766143358));
#1941 = VECTOR('',#1942,1.);
#1942 = DIRECTION('',(0.,-0.982338566422,0.18711210789));
#1943 = PCURVE('',#458,#1944);
#1944 = DEFINITIONAL_REPRESENTATION('',(#1945),#1949);
#1945 = LINE('',#1946,#1947);
#1946 = CARTESIAN_POINT('',(4.712388980385,0.));
#1947 = VECTOR('',#1948,1.);
#1948 = DIRECTION('',(-0.,1.));
#1949 = ( GEOMETRIC_REPRESENTATION_CONTEXT(2) 
PARAMETRIC_REPRESENTATION_CONTEXT() REPRESENTATION_CONTEXT('2D SPACE',''
  ) );
#1950 = PCURVE('',#1951,#1956);
#1951 = PLANE('',#1952);
#1952 = AXIS2_PLACEMENT_3D('',#1953,#1954,#1955);
#1953 = CARTESIAN_POINT('',(-16.,217.48128878921,4.901766143358));
#1954 = DIRECTION('',(-0.,0.18711210789,0.982338566422));
#1955 = DIRECTION('',(0.,0.982338566422,-0.18711210789));
#1956 = DEFINITIONAL_REPRESENTATION('',(#1957),#1961);
#1957 = LINE('',#1958,#1959);
#1958 = CARTESIAN_POINT('',(10.688779163216,-8.5));
#1959 = VECTOR('',#1960,1.);
#1960 = DIRECTION('',(-1.,-0.));
#1961 = ( GEOMETRIC_REPRESENTATION_CONTEXT(2) 
PARAMETRIC_REPRESENTATION_CONTEXT() REPRESENTATION_CONTEXT('2D SPACE',''
  ) );
#1962 = ORIENTED_EDGE('',*,*,#1807,.F.);
#1963 = ADVANCED_FACE('',(#1964),#486,.T.);
#1964 = FACE_BOUND('',#1965,.T.);
#1965 = EDGE_LOOP('',(#1966,#1967,#1996,#2024));
#1966 = ORIENTED_EDGE('',*,*,#470,.F.);
#1967 = ORIENTED_EDGE('',*,*,#1968,.F.);
#1968 = EDGE_CURVE('',#1969,#471,#1971,.T.);
#1969 = VERTEX_POINT('',#1970);
#1970 = CARTESIAN_POINT('',(0.,218.,0.5));
#1971 = SURFACE_CURVE('',#1972,(#1977,#1984),.PCURVE_S1.);
#1972 = CIRCLE('',#1973,8.);
#1973 = AXIS2_PLACEMENT_3D('',#1974,#1975,#1976);
#1974 = CARTESIAN_POINT('',(0.,226.,0.5));
#1975 = DIRECTION('',(-0.,0.,-1.));
#1976 = DIRECTION('',(-2.449293598295E-16,-1.,0.));
#1977 = PCURVE('',#486,#1978);
#1978 = DEFINITIONAL_REPRESENTATION('',(#1979),#1983);
#1979 = LINE('',#1980,#1981);
#1980 = CARTESIAN_POINT('',(1.570796326795,0.5));
#1981 = VECTOR('',#1982,1.);
#1982 = DIRECTION('',(-1.,-0.));
#1983 = ( GEOMETRIC_REPRESENTATION_CONTEXT(2) 
PARAMETRIC_REPRESENTATION_CONTEXT() REPRESENTATION_CONTEXT('2D SPACE',''
  ) );
#1984 = PCURVE('',#1985,#1990);
#1985 = TOROIDAL_SURFACE('',#1986,7.5,0.5);
#1986 = AXIS2_PLACEMENT_3D('',#1987,#1988,#1989);
#1987 = CARTESIAN_POINT('',(0.,226.,0.5));
#1988 = DIRECTION('',(-0.,-0.,-1.));
#1989 = DIRECTION('',(-2.449293598295E-16,-1.,0.));
#1990 = DEFINITIONAL_REPRESENTATION('',(#1991),#1995);
#1991 = LINE('',#1992,#1993);
#1992 = CARTESIAN_POINT('',(0.,0.));
#1993 = VECTOR('',#1994,1.);
#1994 = DIRECTION('',(1.,0.));
#1995 = ( GEOMETRIC_REPRESENTATION_CONTEXT(2) 
PARAMETRIC_REPRESENTATION_CONTEXT() REPRESENTATION_CONTEXT('2D SPACE',''
  ) );
#1996 = ORIENTED_EDGE('',*,*,#1997,.T.);
#1997 = EDGE_CURVE('',#1969,#1998,#2000,.T.);
#1998 = VERTEX_POINT('',#1999);
#1999 = CARTESIAN_POINT('',(-4.898587196589E-16,218.,4.198736428769));
#2000 = SURFACE_CURVE('',#2001,(#2005,#2012),.PCURVE_S1.);
#2001 = LINE('',#2002,#2003);
#2002 = CARTESIAN_POINT('',(0.,218.,0.));
#2003 = VECTOR('',#2004,1.);
#2004 = DIRECTION('',(0.,0.,1.));
#2005 = PCURVE('',#486,#2006);
#2006 = DEFINITIONAL_REPRESENTATION('',(#2007),#2011);
#2007 = LINE('',#2008,#2009);
#2008 = CARTESIAN_POINT('',(1.570796326795,0.));
#2009 = VECTOR('',#2010,1.);
#2010 = DIRECTION('',(0.,1.));
#2011 = ( GEOMETRIC_REPRESENTATION_CONTEXT(2) 
PARAMETRIC_REPRESENTATION_CONTEXT() REPRESENTATION_CONTEXT('2D SPACE',''
  ) );
#2012 = PCURVE('',#2013,#2018);
#2013 = PLANE('',#2014);
#2014 = AXIS2_PLACEMENT_3D('',#2015,#2016,#2017);
#2015 = CARTESIAN_POINT('',(-8.,218.,0.));
#2016 = DIRECTION('',(0.,1.,0.));
#2017 = DIRECTION('',(0.,-0.,1.));
#2018 = DEFINITIONAL_REPRESENTATION('',(#2019),#2023);
#2019 = LINE('',#2020,#2021);
#2020 = CARTESIAN_POINT('',(0.,8.));
#2021 = VECTOR('',#2022,1.);
#2022 = DIRECTION('',(1.,0.));
#2023 = ( GEOMETRIC_REPRESENTATION_CONTEXT(2) 
PARAMETRIC_REPRESENTATION_CONTEXT() REPRESENTATION_CONTEXT('2D SPACE',''
  ) );
#2024 = ORIENTED_EDGE('',*,*,#2025,.F.);
#2025 = EDGE_CURVE('',#443,#1998,#2026,.T.);
#2026 = SURFACE_CURVE('',#2027,(#2044,#2080),.PCURVE_S1.);
#2027 = B_SPLINE_CURVE_WITH_KNOTS('',8,(#2028,#2029,#2030,#2031,#2032,
    #2033,#2034,#2035,#2036,#2037,#2038,#2039,#2040,#2041,#2042,#2043),
  .UNSPECIFIED.,.F.,.F.,(9,7,9),(239.06997621915,239.16438179722,
    251.84480172992),.UNSPECIFIED.);
#2028 = CARTESIAN_POINT('',(-8.,226.,2.770165000197));
#2029 = CARTESIAN_POINT('',(-8.,225.9882798474,2.772257884588));
#2030 = CARTESIAN_POINT('',(-7.999980378135,225.97655977596,
    2.774350756141));
#2031 = CARTESIAN_POINT('',(-7.999941129197,225.96483944852,
    2.776443666813));
#2032 = CARTESIAN_POINT('',(-7.999882259491,225.95311930534,
    2.778536545893));
#2033 = CARTESIAN_POINT('',(-7.999803769404,225.94139938695,
    2.780629385465));
#2034 = CARTESIAN_POINT('',(-7.999705650682,225.9296791743,2.78272226583
    ));
#2035 = CARTESIAN_POINT('',(-7.999587898393,225.91795844598,
    2.784815220895));
#2036 = CARTESIAN_POINT('',(-7.981000435874,224.33212073781,
    3.067999402267));
#2037 = CARTESIAN_POINT('',(-7.608527161391,222.7654512322,
    3.347759818585));
#2038 = CARTESIAN_POINT('',(-6.886233080179,221.30194408248,
    3.609099826224));
#2039 = CARTESIAN_POINT('',(-5.848609456761,220.02950517867,
    3.836320476536));
#2040 = CARTESIAN_POINT('',(-4.558300128339,219.02739640674,
    4.015270153639));
#2041 = CARTESIAN_POINT('',(-3.096440554537,218.34238670108,
    4.137595088017));
#2042 = CARTESIAN_POINT('',(-1.548191180732,218.,4.198736428769));
#2043 = CARTESIAN_POINT('',(-4.898587196589E-16,218.,4.198736428769));
#2044 = PCURVE('',#486,#2045);
#2045 = DEFINITIONAL_REPRESENTATION('',(#2046),#2079);
#2046 = B_SPLINE_CURVE_WITH_KNOTS('',11,(#2047,#2048,#2049,#2050,#2051,
    #2052,#2053,#2054,#2055,#2056,#2057,#2058,#2059,#2060,#2061,#2062,
    #2063,#2064,#2065,#2066,#2067,#2068,#2069,#2070,#2071,#2072,#2073,
    #2074,#2075,#2076,#2077,#2078),.UNSPECIFIED.,.F.,.F.,(12,10,10,12),(
    239.06997621915,242.26368259684,245.45738897454,251.84480172992),
  .UNSPECIFIED.);
#2047 = CARTESIAN_POINT('',(0.,2.770165000197));
#2048 = CARTESIAN_POINT('',(3.604440912447E-02,2.821657013232));
#2049 = CARTESIAN_POINT('',(7.209596464861E-02,2.873157894098));
#2050 = CARTESIAN_POINT('',(0.108073111179,2.924466953458));
#2051 = CARTESIAN_POINT('',(0.144156080246,2.975737791071));
#2052 = CARTESIAN_POINT('',(0.180040597263,3.026470962298));
#2053 = CARTESIAN_POINT('',(0.216105625632,3.077088499858));
#2054 = CARTESIAN_POINT('',(0.251990915615,3.127018409753));
#2055 = CARTESIAN_POINT('',(0.287952632712,3.17651935408));
#2056 = CARTESIAN_POINT('',(0.32385579799,3.225325619181));
#2057 = CARTESIAN_POINT('',(0.359749845247,3.273421201909));
#2058 = CARTESIAN_POINT('',(0.431496209217,3.367998641448));
#2059 = CARTESIAN_POINT('',(0.467349855476,3.414483005141));
#2060 = CARTESIAN_POINT('',(0.503183771235,3.460081364736));
#2061 = CARTESIAN_POINT('',(0.538997822782,3.504714843302));
#2062 = CARTESIAN_POINT('',(0.57479193747,3.548307335001));
#2063 = CARTESIAN_POINT('',(0.610566103714,3.590785505077));
#2064 = CARTESIAN_POINT('',(0.646320370997,3.632078789879));
#2065 = CARTESIAN_POINT('',(0.68205484986,3.67211939683));
#2066 = CARTESIAN_POINT('',(0.717769711914,3.710842304458));
#2067 = CARTESIAN_POINT('',(0.75346518983,3.748185262372));
#2068 = CARTESIAN_POINT('',(0.860494352371,3.85589584909));
#2069 = CARTESIAN_POINT('',(0.931770789939,3.921948390879));
#2070 = CARTESIAN_POINT('',(1.002974008783,3.981776771357));
#2071 = CARTESIAN_POINT('',(1.074108136168,4.034965827917));
#2072 = CARTESIAN_POINT('',(1.145178853327,4.08115706039));
#2073 = CARTESIAN_POINT('',(1.216193666791,4.120050320399));
#2074 = CARTESIAN_POINT('',(1.28716190579,4.151405010982));
#2075 = CARTESIAN_POINT('',(1.358094445496,4.175040795613));
#2076 = CARTESIAN_POINT('',(1.429003156349,4.190837817568));
#2077 = CARTESIAN_POINT('',(1.499900079251,4.198736428768));
#2078 = CARTESIAN_POINT('',(1.570796326795,4.198736428769));
#2079 = ( GEOMETRIC_REPRESENTATION_CONTEXT(2) 
PARAMETRIC_REPRESENTATION_CONTEXT() REPRESENTATION_CONTEXT('2D SPACE',''
  ) );
#2080 = PCURVE('',#1876,#2081);
#2081 = DEFINITIONAL_REPRESENTATION('',(#2082),#2086);
#2082 = LINE('',#2083,#2084);
#2083 = CARTESIAN_POINT('',(0.,0.));
#2084 = VECTOR('',#2085,1.);
#2085 = DIRECTION('',(0.,1.));
#2086 = ( GEOMETRIC_REPRESENTATION_CONTEXT(2) 
PARAMETRIC_REPRESENTATION_CONTEXT() REPRESENTATION_CONTEXT('2D SPACE',''
  ) );
#2087 = ADVANCED_FACE('',(#2088),#512,.T.);
#2088 = FACE_BOUND('',#2089,.T.);
#2089 = EDGE_LOOP('',(#2090,#2091,#2113,#2141));
#2090 = ORIENTED_EDGE('',*,*,#498,.T.);
#2091 = ORIENTED_EDGE('',*,*,#2092,.T.);
#2092 = EDGE_CURVE('',#22,#2093,#2095,.T.);
#2093 = VERTEX_POINT('',#2094);
#2094 = CARTESIAN_POINT('',(-7.5,270.,-1.110223024625E-16));
#2095 = SURFACE_CURVE('',#2096,(#2101,#2107),.PCURVE_S1.);
#2096 = CIRCLE('',#2097,0.5);
#2097 = AXIS2_PLACEMENT_3D('',#2098,#2099,#2100);
#2098 = CARTESIAN_POINT('',(-7.5,270.,0.5));
#2099 = DIRECTION('',(-0.,-1.,-0.));
#2100 = DIRECTION('',(-1.,0.,0.));
#2101 = PCURVE('',#512,#2102);
#2102 = DEFINITIONAL_REPRESENTATION('',(#2103),#2106);
#2103 = B_SPLINE_CURVE_WITH_KNOTS('',1,(#2104,#2105),.UNSPECIFIED.,.F.,
  .F.,(2,2),(0.,1.570796326795),.PIECEWISE_BEZIER_KNOTS.);
#2104 = CARTESIAN_POINT('',(6.28318530718,44.));
#2105 = CARTESIAN_POINT('',(4.712388980385,44.));
#2106 = ( GEOMETRIC_REPRESENTATION_CONTEXT(2) 
PARAMETRIC_REPRESENTATION_CONTEXT() REPRESENTATION_CONTEXT('2D SPACE',''
  ) );
#2107 = PCURVE('',#768,#2108);
#2108 = DEFINITIONAL_REPRESENTATION('',(#2109),#2112);
#2109 = B_SPLINE_CURVE_WITH_KNOTS('',1,(#2110,#2111),.UNSPECIFIED.,.F.,
  .F.,(2,2),(0.,1.570796326795),.PIECEWISE_BEZIER_KNOTS.);
#2110 = CARTESIAN_POINT('',(0.,0.));
#2111 = CARTESIAN_POINT('',(0.,1.570796326795));
#2112 = ( GEOMETRIC_REPRESENTATION_CONTEXT(2) 
PARAMETRIC_REPRESENTATION_CONTEXT() REPRESENTATION_CONTEXT('2D SPACE',''
  ) );
#2113 = ORIENTED_EDGE('',*,*,#2114,.F.);
#2114 = EDGE_CURVE('',#2115,#2093,#2117,.T.);
#2115 = VERTEX_POINT('',#2116);
#2116 = CARTESIAN_POINT('',(-7.5,226.,-1.110223024625E-16));
#2117 = SURFACE_CURVE('',#2118,(#2122,#2129),.PCURVE_S1.);
#2118 = LINE('',#2119,#2120);
#2119 = CARTESIAN_POINT('',(-7.5,226.,-1.110223024625E-16));
#2120 = VECTOR('',#2121,1.);
#2121 = DIRECTION('',(0.,1.,0.));
#2122 = PCURVE('',#512,#2123);
#2123 = DEFINITIONAL_REPRESENTATION('',(#2124),#2128);
#2124 = LINE('',#2125,#2126);
#2125 = CARTESIAN_POINT('',(4.712388980385,0.));
#2126 = VECTOR('',#2127,1.);
#2127 = DIRECTION('',(-0.,1.));
#2128 = ( GEOMETRIC_REPRESENTATION_CONTEXT(2) 
PARAMETRIC_REPRESENTATION_CONTEXT() REPRESENTATION_CONTEXT('2D SPACE',''
  ) );
#2129 = PCURVE('',#2130,#2135);
#2130 = PLANE('',#2131);
#2131 = AXIS2_PLACEMENT_3D('',#2132,#2133,#2134);
#2132 = CARTESIAN_POINT('',(-8.,218.,0.));
#2133 = DIRECTION('',(0.,0.,1.));
#2134 = DIRECTION('',(1.,0.,-0.));
#2135 = DEFINITIONAL_REPRESENTATION('',(#2136),#2140);
#2136 = LINE('',#2137,#2138);
#2137 = CARTESIAN_POINT('',(0.5,8.));
#2138 = VECTOR('',#2139,1.);
#2139 = DIRECTION('',(0.,1.));
#2140 = ( GEOMETRIC_REPRESENTATION_CONTEXT(2) 
PARAMETRIC_REPRESENTATION_CONTEXT() REPRESENTATION_CONTEXT('2D SPACE',''
  ) );
#2141 = ORIENTED_EDGE('',*,*,#2142,.F.);
#2142 = EDGE_CURVE('',#471,#2115,#2143,.T.);
#2143 = SURFACE_CURVE('',#2144,(#2149,#2155),.PCURVE_S1.);
#2144 = CIRCLE('',#2145,0.5);
#2145 = AXIS2_PLACEMENT_3D('',#2146,#2147,#2148);
#2146 = CARTESIAN_POINT('',(-7.5,226.,0.5));
#2147 = DIRECTION('',(-0.,-1.,-0.));
#2148 = DIRECTION('',(-1.,0.,0.));
#2149 = PCURVE('',#512,#2150);
#2150 = DEFINITIONAL_REPRESENTATION('',(#2151),#2154);
#2151 = B_SPLINE_CURVE_WITH_KNOTS('',1,(#2152,#2153),.UNSPECIFIED.,.F.,
  .F.,(2,2),(0.,1.570796326795),.PIECEWISE_BEZIER_KNOTS.);
#2152 = CARTESIAN_POINT('',(6.28318530718,0.));
#2153 = CARTESIAN_POINT('',(4.712388980385,0.));
#2154 = ( GEOMETRIC_REPRESENTATION_CONTEXT(2) 
PARAMETRIC_REPRESENTATION_CONTEXT() REPRESENTATION_CONTEXT('2D SPACE',''
  ) );
#2155 = PCURVE('',#1985,#2156);
#2156 = DEFINITIONAL_REPRESENTATION('',(#2157),#2160);
#2157 = B_SPLINE_CURVE_WITH_KNOTS('',1,(#2158,#2159),.UNSPECIFIED.,.F.,
  .F.,(2,2),(0.,1.570796326795),.PIECEWISE_BEZIER_KNOTS.);
#2158 = CARTESIAN_POINT('',(1.570796326795,0.));
#2159 = CARTESIAN_POINT('',(1.570796326795,1.570796326795));
#2160 = ( GEOMETRIC_REPRESENTATION_CONTEXT(2) 
PARAMETRIC_REPRESENTATION_CONTEXT() REPRESENTATION_CONTEXT('2D SPACE',''
  ) );
#2161 = ADVANCED_FACE('',(#2162),#768,.T.);
#2162 = FACE_BOUND('',#2163,.T.);
#2163 = EDGE_LOOP('',(#2164,#2165,#2166,#2216));
#2164 = ORIENTED_EDGE('',*,*,#2092,.F.);
#2165 = ORIENTED_EDGE('',*,*,#753,.T.);
#2166 = ORIENTED_EDGE('',*,*,#2167,.T.);
#2167 = EDGE_CURVE('',#720,#2168,#2170,.T.);
#2168 = VERTEX_POINT('',#2169);
#2169 = CARTESIAN_POINT('',(-5.522630691075,275.0745,0.));
#2170 = SURFACE_CURVE('',#2171,(#2184,#2200),.PCURVE_S1.);
#2171 = B_SPLINE_CURVE_WITH_KNOTS('',6,(#2172,#2173,#2174,#2175,#2176,
    #2177,#2178,#2179,#2180,#2181,#2182,#2183),.UNSPECIFIED.,.F.,.F.,(7,
    5,7),(0.,0.493443224437,1.),.UNSPECIFIED.);
#2172 = CARTESIAN_POINT('',(-6.23961970108,275.00671009605,0.5));
#2173 = CARTESIAN_POINT('',(-6.232264888642,275.01587604092,
    0.432145743852));
#2174 = CARTESIAN_POINT('',(-6.211740403835,275.02376562061,
    0.365012679328));
#2175 = CARTESIAN_POINT('',(-6.178254789678,275.0307430191,
    0.300828298901));
#2176 = CARTESIAN_POINT('',(-6.13284906985,275.03699201568,0.24159629924
    ));
#2177 = CARTESIAN_POINT('',(-6.077075276132,275.04265797845,
    0.188852739845));
#2178 = CARTESIAN_POINT('',(-5.946770862886,275.05317973275,
    9.727760015092E-02));
#2179 = CARTESIAN_POINT('',(-5.871758743923,275.05801207682,
    5.88369901546E-02));
#2180 = CARTESIAN_POINT('',(-5.789685223698,275.06246904576,
    2.948020869429E-02));
#2181 = CARTESIAN_POINT('',(-5.70271745276,275.06664456336,
    9.803469115532E-03));
#2182 = CARTESIAN_POINT('',(-5.612985552818,275.07062511823,
    -7.370445659349E-08));
#2183 = CARTESIAN_POINT('',(-5.522630691098,275.07449999997,0.));
#2184 = PCURVE('',#768,#2185);
#2185 = DEFINITIONAL_REPRESENTATION('',(#2186),#2199);
#2186 = B_SPLINE_CURVE_WITH_KNOTS('',6,(#2187,#2188,#2189,#2190,#2191,
    #2192,#2193,#2194,#2195,#2196,#2197,#2198),.UNSPECIFIED.,.F.,.F.,(7,
    5,7),(0.,0.493443224437,1.),.UNSPECIFIED.);
#2187 = CARTESIAN_POINT('',(0.676206471003,0.));
#2188 = CARTESIAN_POINT('',(0.677675462002,0.135708512297));
#2189 = CARTESIAN_POINT('',(0.680050311377,0.269974641598));
#2190 = CARTESIAN_POINT('',(0.683359102638,0.402841983331));
#2191 = CARTESIAN_POINT('',(0.687566480278,0.534325777375));
#2192 = CARTESIAN_POINT('',(0.692606126508,0.664465385553));
#2193 = CARTESIAN_POINT('',(0.704304520186,0.925548923677));
#2194 = CARTESIAN_POINT('',(0.711004812887,1.056467158979));
#2195 = CARTESIAN_POINT('',(0.718376857592,1.186170347578));
#2196 = CARTESIAN_POINT('',(0.726292429758,1.314902685824));
#2197 = CARTESIAN_POINT('',(0.734603766688,1.442973934365));
#2198 = CARTESIAN_POINT('',(0.743135416585,1.570796326795));
#2199 = ( GEOMETRIC_REPRESENTATION_CONTEXT(2) 
PARAMETRIC_REPRESENTATION_CONTEXT() REPRESENTATION_CONTEXT('2D SPACE',''
  ) );
#2200 = PCURVE('',#739,#2201);
#2201 = DEFINITIONAL_REPRESENTATION('',(#2202),#2215);
#2202 = B_SPLINE_CURVE_WITH_KNOTS('',6,(#2203,#2204,#2205,#2206,#2207,
    #2208,#2209,#2210,#2211,#2212,#2213,#2214),.UNSPECIFIED.,.F.,.F.,(7,
    5,7),(0.,0.493443224437,1.),.UNSPECIFIED.);
#2203 = CARTESIAN_POINT('',(0.895899616528,0.167448085179));
#2204 = CARTESIAN_POINT('',(0.896220090086,0.282142711865));
#2205 = CARTESIAN_POINT('',(0.895387287287,0.398285809328));
#2206 = CARTESIAN_POINT('',(0.893447550934,0.514959871033));
#2207 = CARTESIAN_POINT('',(0.890473726961,0.63169863346));
#2208 = CARTESIAN_POINT('',(0.886560391966,0.748176492345));
#2209 = CARTESIAN_POINT('',(0.876968300554,0.983248259892));
#2210 = CARTESIAN_POINT('',(0.871243726366,1.101855804556));
#2211 = CARTESIAN_POINT('',(0.864778922472,1.219825001608));
#2212 = CARTESIAN_POINT('',(0.857718348148,1.3371986335));
#2213 = CARTESIAN_POINT('',(0.85022434041,1.454110943512));
#2214 = CARTESIAN_POINT('',(0.842487975502,1.570796326737));
#2215 = ( GEOMETRIC_REPRESENTATION_CONTEXT(2) 
PARAMETRIC_REPRESENTATION_CONTEXT() REPRESENTATION_CONTEXT('2D SPACE',''
  ) );
#2216 = ORIENTED_EDGE('',*,*,#2217,.F.);
#2217 = EDGE_CURVE('',#2093,#2168,#2218,.T.);
#2218 = SURFACE_CURVE('',#2219,(#2224,#2231),.PCURVE_S1.);
#2219 = CIRCLE('',#2220,7.5);
#2220 = AXIS2_PLACEMENT_3D('',#2221,#2222,#2223);
#2221 = CARTESIAN_POINT('',(0.,270.,0.));
#2222 = DIRECTION('',(0.,0.,-1.));
#2223 = DIRECTION('',(-1.,0.,0.));
#2224 = PCURVE('',#768,#2225);
#2225 = DEFINITIONAL_REPRESENTATION('',(#2226),#2230);
#2226 = LINE('',#2227,#2228);
#2227 = CARTESIAN_POINT('',(0.,1.570796326795));
#2228 = VECTOR('',#2229,1.);
#2229 = DIRECTION('',(1.,0.));
#2230 = ( GEOMETRIC_REPRESENTATION_CONTEXT(2) 
PARAMETRIC_REPRESENTATION_CONTEXT() REPRESENTATION_CONTEXT('2D SPACE',''
  ) );
#2231 = PCURVE('',#2130,#2232);
#2232 = DEFINITIONAL_REPRESENTATION('',(#2233),#2241);
#2233 = ( BOUNDED_CURVE() B_SPLINE_CURVE(2,(#2234,#2235,#2236,#2237,
#2238,#2239,#2240),.UNSPECIFIED.,.T.,.F.) B_SPLINE_CURVE_WITH_KNOTS((1,2
    ,2,2,2,1),(-2.094395102393,0.,2.094395102393,4.188790204786,
6.28318530718,8.377580409573),.UNSPECIFIED.) CURVE() 
GEOMETRIC_REPRESENTATION_ITEM() RATIONAL_B_SPLINE_CURVE((1.,0.5,1.,0.5,
1.,0.5,1.)) REPRESENTATION_ITEM('') );
#2234 = CARTESIAN_POINT('',(0.5,52.));
#2235 = CARTESIAN_POINT('',(0.5,64.990381056767));
#2236 = CARTESIAN_POINT('',(11.75,58.495190528383));
#2237 = CARTESIAN_POINT('',(23.,52.));
#2238 = CARTESIAN_POINT('',(11.75,45.504809471617));
#2239 = CARTESIAN_POINT('',(0.5,39.009618943233));
#2240 = CARTESIAN_POINT('',(0.5,52.));
#2241 = ( GEOMETRIC_REPRESENTATION_CONTEXT(2) 
PARAMETRIC_REPRESENTATION_CONTEXT() REPRESENTATION_CONTEXT('2D SPACE',''
  ) );
#2242 = ADVANCED_FACE('',(#2243),#739,.T.);
#2243 = FACE_BOUND('',#2244,.T.);
#2244 = EDGE_LOOP('',(#2245,#2246,#2270,#2299,#2325));
#2245 = ORIENTED_EDGE('',*,*,#719,.F.);
#2246 = ORIENTED_EDGE('',*,*,#2247,.T.);
#2247 = EDGE_CURVE('',#694,#2248,#2250,.T.);
#2248 = VERTEX_POINT('',#2249);
#2249 = CARTESIAN_POINT('',(-8.,280.,0.6));
#2250 = SURFACE_CURVE('',#2251,(#2256,#2263),.PCURVE_S1.);
#2251 = CIRCLE('',#2252,8.);
#2252 = AXIS2_PLACEMENT_3D('',#2253,#2254,#2255);
#2253 = CARTESIAN_POINT('',(0.,280.,0.6));
#2254 = DIRECTION('',(-0.,-0.,-1.));
#2255 = DIRECTION('',(0.,-1.,0.));
#2256 = PCURVE('',#739,#2257);
#2257 = DEFINITIONAL_REPRESENTATION('',(#2258),#2262);
#2258 = LINE('',#2259,#2260);
#2259 = CARTESIAN_POINT('',(0.,0.));
#2260 = VECTOR('',#2261,1.);
#2261 = DIRECTION('',(1.,0.));
#2262 = ( GEOMETRIC_REPRESENTATION_CONTEXT(2) 
PARAMETRIC_REPRESENTATION_CONTEXT() REPRESENTATION_CONTEXT('2D SPACE',''
  ) );
#2263 = PCURVE('',#708,#2264);
#2264 = DEFINITIONAL_REPRESENTATION('',(#2265),#2269);
#2265 = LINE('',#2266,#2267);
#2266 = CARTESIAN_POINT('',(1.570796326795,0.6));
#2267 = VECTOR('',#2268,1.);
#2268 = DIRECTION('',(-1.,-0.));
#2269 = ( GEOMETRIC_REPRESENTATION_CONTEXT(2) 
PARAMETRIC_REPRESENTATION_CONTEXT() REPRESENTATION_CONTEXT('2D SPACE',''
  ) );
#2270 = ORIENTED_EDGE('',*,*,#2271,.T.);
#2271 = EDGE_CURVE('',#2248,#2272,#2274,.T.);
#2272 = VERTEX_POINT('',#2273);
#2273 = CARTESIAN_POINT('',(-7.4,280.,-1.110223024625E-16));
#2274 = SURFACE_CURVE('',#2275,(#2280,#2287),.PCURVE_S1.);
#2275 = CIRCLE('',#2276,0.6);
#2276 = AXIS2_PLACEMENT_3D('',#2277,#2278,#2279);
#2277 = CARTESIAN_POINT('',(-7.4,280.,0.6));
#2278 = DIRECTION('',(-0.,-1.,-0.));
#2279 = DIRECTION('',(-1.,0.,0.));
#2280 = PCURVE('',#739,#2281);
#2281 = DEFINITIONAL_REPRESENTATION('',(#2282),#2286);
#2282 = LINE('',#2283,#2284);
#2283 = CARTESIAN_POINT('',(1.570796326795,0.));
#2284 = VECTOR('',#2285,1.);
#2285 = DIRECTION('',(0.,1.));
#2286 = ( GEOMETRIC_REPRESENTATION_CONTEXT(2) 
PARAMETRIC_REPRESENTATION_CONTEXT() REPRESENTATION_CONTEXT('2D SPACE',''
  ) );
#2287 = PCURVE('',#2288,#2293);
#2288 = CYLINDRICAL_SURFACE('',#2289,0.6);
#2289 = AXIS2_PLACEMENT_3D('',#2290,#2291,#2292);
#2290 = CARTESIAN_POINT('',(-7.4,280.,0.6));
#2291 = DIRECTION('',(0.,1.,0.));
#2292 = DIRECTION('',(-1.,0.,0.));
#2293 = DEFINITIONAL_REPRESENTATION('',(#2294),#2298);
#2294 = LINE('',#2295,#2296);
#2295 = CARTESIAN_POINT('',(-0.,0.));
#2296 = VECTOR('',#2297,1.);
#2297 = DIRECTION('',(-1.,0.));
#2298 = ( GEOMETRIC_REPRESENTATION_CONTEXT(2) 
PARAMETRIC_REPRESENTATION_CONTEXT() REPRESENTATION_CONTEXT('2D SPACE',''
  ) );
#2299 = ORIENTED_EDGE('',*,*,#2300,.F.);
#2300 = EDGE_CURVE('',#2168,#2272,#2301,.T.);
#2301 = SURFACE_CURVE('',#2302,(#2307,#2314),.PCURVE_S1.);
#2302 = CIRCLE('',#2303,7.4);
#2303 = AXIS2_PLACEMENT_3D('',#2304,#2305,#2306);
#2304 = CARTESIAN_POINT('',(0.,280.,0.));
#2305 = DIRECTION('',(-0.,-0.,-1.));
#2306 = DIRECTION('',(0.,-1.,0.));
#2307 = PCURVE('',#739,#2308);
#2308 = DEFINITIONAL_REPRESENTATION('',(#2309),#2313);
#2309 = LINE('',#2310,#2311);
#2310 = CARTESIAN_POINT('',(0.,1.570796326795));
#2311 = VECTOR('',#2312,1.);
#2312 = DIRECTION('',(1.,0.));
#2313 = ( GEOMETRIC_REPRESENTATION_CONTEXT(2) 
PARAMETRIC_REPRESENTATION_CONTEXT() REPRESENTATION_CONTEXT('2D SPACE',''
  ) );
#2314 = PCURVE('',#2130,#2315);
#2315 = DEFINITIONAL_REPRESENTATION('',(#2316),#2324);
#2316 = ( BOUNDED_CURVE() B_SPLINE_CURVE(2,(#2317,#2318,#2319,#2320,
#2321,#2322,#2323),.UNSPECIFIED.,.T.,.F.) B_SPLINE_CURVE_WITH_KNOTS((1,2
    ,2,2,2,1),(-2.094395102393,0.,2.094395102393,4.188790204786,
6.28318530718,8.377580409573),.UNSPECIFIED.) CURVE() 
GEOMETRIC_REPRESENTATION_ITEM() RATIONAL_B_SPLINE_CURVE((1.,0.5,1.,0.5,
1.,0.5,1.)) REPRESENTATION_ITEM('') );
#2317 = CARTESIAN_POINT('',(8.,54.6));
#2318 = CARTESIAN_POINT('',(-4.81717597601,54.6));
#2319 = CARTESIAN_POINT('',(1.591412011995,65.7));
#2320 = CARTESIAN_POINT('',(8.,76.8));
#2321 = CARTESIAN_POINT('',(14.408587988005,65.7));
#2322 = CARTESIAN_POINT('',(20.81717597601,54.6));
#2323 = CARTESIAN_POINT('',(8.,54.6));
#2324 = ( GEOMETRIC_REPRESENTATION_CONTEXT(2) 
PARAMETRIC_REPRESENTATION_CONTEXT() REPRESENTATION_CONTEXT('2D SPACE',''
  ) );
#2325 = ORIENTED_EDGE('',*,*,#2167,.F.);
#2326 = ADVANCED_FACE('',(#2327),#708,.T.);
#2327 = FACE_BOUND('',#2328,.T.);
#2328 = EDGE_LOOP('',(#2329,#2357,#2358,#2359));
#2329 = ORIENTED_EDGE('',*,*,#2330,.F.);
#2330 = EDGE_CURVE('',#2248,#2331,#2333,.T.);
#2331 = VERTEX_POINT('',#2332);
#2332 = CARTESIAN_POINT('',(-8.,280.,3.));
#2333 = SURFACE_CURVE('',#2334,(#2338,#2345),.PCURVE_S1.);
#2334 = LINE('',#2335,#2336);
#2335 = CARTESIAN_POINT('',(-8.,280.,0.));
#2336 = VECTOR('',#2337,1.);
#2337 = DIRECTION('',(0.,0.,1.));
#2338 = PCURVE('',#708,#2339);
#2339 = DEFINITIONAL_REPRESENTATION('',(#2340),#2344);
#2340 = LINE('',#2341,#2342);
#2341 = CARTESIAN_POINT('',(0.,0.));
#2342 = VECTOR('',#2343,1.);
#2343 = DIRECTION('',(0.,1.));
#2344 = ( GEOMETRIC_REPRESENTATION_CONTEXT(2) 
PARAMETRIC_REPRESENTATION_CONTEXT() REPRESENTATION_CONTEXT('2D SPACE',''
  ) );
#2345 = PCURVE('',#2346,#2351);
#2346 = PLANE('',#2347);
#2347 = AXIS2_PLACEMENT_3D('',#2348,#2349,#2350);
#2348 = CARTESIAN_POINT('',(-8.,272.,0.));
#2349 = DIRECTION('',(1.,0.,0.));
#2350 = DIRECTION('',(0.,0.,1.));
#2351 = DEFINITIONAL_REPRESENTATION('',(#2352),#2356);
#2352 = LINE('',#2353,#2354);
#2353 = CARTESIAN_POINT('',(0.,-8.));
#2354 = VECTOR('',#2355,1.);
#2355 = DIRECTION('',(1.,0.));
#2356 = ( GEOMETRIC_REPRESENTATION_CONTEXT(2) 
PARAMETRIC_REPRESENTATION_CONTEXT() REPRESENTATION_CONTEXT('2D SPACE',''
  ) );
#2357 = ORIENTED_EDGE('',*,*,#2247,.F.);
#2358 = ORIENTED_EDGE('',*,*,#693,.T.);
#2359 = ORIENTED_EDGE('',*,*,#2360,.T.);
#2360 = EDGE_CURVE('',#615,#2331,#2361,.T.);
#2361 = SURFACE_CURVE('',#2362,(#2367,#2374),.PCURVE_S1.);
#2362 = CIRCLE('',#2363,8.);
#2363 = AXIS2_PLACEMENT_3D('',#2364,#2365,#2366);
#2364 = CARTESIAN_POINT('',(0.,280.,3.));
#2365 = DIRECTION('',(-0.,-0.,-1.));
#2366 = DIRECTION('',(0.,-1.,0.));
#2367 = PCURVE('',#708,#2368);
#2368 = DEFINITIONAL_REPRESENTATION('',(#2369),#2373);
#2369 = LINE('',#2370,#2371);
#2370 = CARTESIAN_POINT('',(1.570796326795,3.));
#2371 = VECTOR('',#2372,1.);
#2372 = DIRECTION('',(-1.,-0.));
#2373 = ( GEOMETRIC_REPRESENTATION_CONTEXT(2) 
PARAMETRIC_REPRESENTATION_CONTEXT() REPRESENTATION_CONTEXT('2D SPACE',''
  ) );
#2374 = PCURVE('',#664,#2375);
#2375 = DEFINITIONAL_REPRESENTATION('',(#2376),#2380);
#2376 = LINE('',#2377,#2378);
#2377 = CARTESIAN_POINT('',(-0.,0.));
#2378 = VECTOR('',#2379,1.);
#2379 = DIRECTION('',(-1.,0.));
#2380 = ( GEOMETRIC_REPRESENTATION_CONTEXT(2) 
PARAMETRIC_REPRESENTATION_CONTEXT() REPRESENTATION_CONTEXT('2D SPACE',''
  ) );
#2381 = ADVANCED_FACE('',(#2382),#664,.T.);
#2382 = FACE_BOUND('',#2383,.F.);
#2383 = EDGE_LOOP('',(#2384,#2385,#2386,#2415));
#2384 = ORIENTED_EDGE('',*,*,#614,.F.);
#2385 = ORIENTED_EDGE('',*,*,#2360,.T.);
#2386 = ORIENTED_EDGE('',*,*,#2387,.T.);
#2387 = EDGE_CURVE('',#2331,#2388,#2390,.T.);
#2388 = VERTEX_POINT('',#2389);
#2389 = CARTESIAN_POINT('',(-7.,280.,4.));
#2390 = SURFACE_CURVE('',#2391,(#2396,#2403),.PCURVE_S1.);
#2391 = CIRCLE('',#2392,1.);
#2392 = AXIS2_PLACEMENT_3D('',#2393,#2394,#2395);
#2393 = CARTESIAN_POINT('',(-7.,280.,3.));
#2394 = DIRECTION('',(0.,1.,0.));
#2395 = DIRECTION('',(-1.,0.,0.));
#2396 = PCURVE('',#664,#2397);
#2397 = DEFINITIONAL_REPRESENTATION('',(#2398),#2402);
#2398 = LINE('',#2399,#2400);
#2399 = CARTESIAN_POINT('',(-1.570796326795,0.));
#2400 = VECTOR('',#2401,1.);
#2401 = DIRECTION('',(-0.,1.));
#2402 = ( GEOMETRIC_REPRESENTATION_CONTEXT(2) 
PARAMETRIC_REPRESENTATION_CONTEXT() REPRESENTATION_CONTEXT('2D SPACE',''
  ) );
#2403 = PCURVE('',#2404,#2409);
#2404 = CYLINDRICAL_SURFACE('',#2405,1.);
#2405 = AXIS2_PLACEMENT_3D('',#2406,#2407,#2408);
#2406 = CARTESIAN_POINT('',(-7.,280.,3.));
#2407 = DIRECTION('',(0.,1.,0.));
#2408 = DIRECTION('',(-1.,0.,0.));
#2409 = DEFINITIONAL_REPRESENTATION('',(#2410),#2414);
#2410 = LINE('',#2411,#2412);
#2411 = CARTESIAN_POINT('',(0.,0.));
#2412 = VECTOR('',#2413,1.);
#2413 = DIRECTION('',(1.,0.));
#2414 = ( GEOMETRIC_REPRESENTATION_CONTEXT(2) 
PARAMETRIC_REPRESENTATION_CONTEXT() REPRESENTATION_CONTEXT('2D SPACE',''
  ) );
#2415 = ORIENTED_EDGE('',*,*,#2416,.F.);
#2416 = EDGE_CURVE('',#586,#2388,#2417,.T.);
#2417 = SURFACE_CURVE('',#2418,(#2423,#2430),.PCURVE_S1.);
#2418 = CIRCLE('',#2419,7.);
#2419 = AXIS2_PLACEMENT_3D('',#2420,#2421,#2422);
#2420 = CARTESIAN_POINT('',(0.,280.,4.));
#2421 = DIRECTION('',(-0.,-0.,-1.));
#2422 = DIRECTION('',(0.,-1.,0.));
#2423 = PCURVE('',#664,#2424);
#2424 = DEFINITIONAL_REPRESENTATION('',(#2425),#2429);
#2425 = LINE('',#2426,#2427);
#2426 = CARTESIAN_POINT('',(-0.,1.570796326795));
#2427 = VECTOR('',#2428,1.);
#2428 = DIRECTION('',(-1.,0.));
#2429 = ( GEOMETRIC_REPRESENTATION_CONTEXT(2) 
PARAMETRIC_REPRESENTATION_CONTEXT() REPRESENTATION_CONTEXT('2D SPACE',''
  ) );
#2430 = PCURVE('',#602,#2431);
#2431 = DEFINITIONAL_REPRESENTATION('',(#2432),#2440);
#2432 = ( BOUNDED_CURVE() B_SPLINE_CURVE(2,(#2433,#2434,#2435,#2436,
#2437,#2438,#2439),.UNSPECIFIED.,.T.,.F.) B_SPLINE_CURVE_WITH_KNOTS((1,2
    ,2,2,2,1),(-2.094395102393,0.,2.094395102393,4.188790204786,
6.28318530718,8.377580409573),.UNSPECIFIED.) CURVE() 
GEOMETRIC_REPRESENTATION_ITEM() RATIONAL_B_SPLINE_CURVE((1.,0.5,1.,0.5,
1.,0.5,1.)) REPRESENTATION_ITEM('') );
#2433 = CARTESIAN_POINT('',(8.,1.));
#2434 = CARTESIAN_POINT('',(-4.124355652982,1.));
#2435 = CARTESIAN_POINT('',(1.937822173509,11.5));
#2436 = CARTESIAN_POINT('',(8.,22.));
#2437 = CARTESIAN_POINT('',(14.062177826491,11.5));
#2438 = CARTESIAN_POINT('',(20.124355652982,1.));
#2439 = CARTESIAN_POINT('',(8.,1.));
#2440 = ( GEOMETRIC_REPRESENTATION_CONTEXT(2) 
PARAMETRIC_REPRESENTATION_CONTEXT() REPRESENTATION_CONTEXT('2D SPACE',''
  ) );
#2441 = ADVANCED_FACE('',(#2442),#602,.T.);
#2442 = FACE_BOUND('',#2443,.T.);
#2443 = EDGE_LOOP('',(#2444,#2467,#2468,#2469,#2490,#2519,#2552,#2580,
    #2613,#2641));
#2444 = ORIENTED_EDGE('',*,*,#2445,.F.);
#2445 = EDGE_CURVE('',#2388,#2446,#2448,.T.);
#2446 = VERTEX_POINT('',#2447);
#2447 = CARTESIAN_POINT('',(-7.,315.,4.));
#2448 = SURFACE_CURVE('',#2449,(#2453,#2460),.PCURVE_S1.);
#2449 = LINE('',#2450,#2451);
#2450 = CARTESIAN_POINT('',(-7.,280.,4.));
#2451 = VECTOR('',#2452,1.);
#2452 = DIRECTION('',(0.,1.,0.));
#2453 = PCURVE('',#602,#2454);
#2454 = DEFINITIONAL_REPRESENTATION('',(#2455),#2459);
#2455 = LINE('',#2456,#2457);
#2456 = CARTESIAN_POINT('',(1.,8.));
#2457 = VECTOR('',#2458,1.);
#2458 = DIRECTION('',(0.,1.));
#2459 = ( GEOMETRIC_REPRESENTATION_CONTEXT(2) 
PARAMETRIC_REPRESENTATION_CONTEXT() REPRESENTATION_CONTEXT('2D SPACE',''
  ) );
#2460 = PCURVE('',#2404,#2461);
#2461 = DEFINITIONAL_REPRESENTATION('',(#2462),#2466);
#2462 = LINE('',#2463,#2464);
#2463 = CARTESIAN_POINT('',(1.570796326795,0.));
#2464 = VECTOR('',#2465,1.);
#2465 = DIRECTION('',(0.,1.));
#2466 = ( GEOMETRIC_REPRESENTATION_CONTEXT(2) 
PARAMETRIC_REPRESENTATION_CONTEXT() REPRESENTATION_CONTEXT('2D SPACE',''
  ) );
#2467 = ORIENTED_EDGE('',*,*,#2416,.F.);
#2468 = ORIENTED_EDGE('',*,*,#585,.F.);
#2469 = ORIENTED_EDGE('',*,*,#2470,.T.);
#2470 = EDGE_CURVE('',#558,#2471,#2473,.T.);
#2471 = VERTEX_POINT('',#2472);
#2472 = CARTESIAN_POINT('',(210.,278.,4.));
#2473 = SURFACE_CURVE('',#2474,(#2478,#2484),.PCURVE_S1.);
#2474 = LINE('',#2475,#2476);
#2475 = CARTESIAN_POINT('',(-8.,278.,4.));
#2476 = VECTOR('',#2477,1.);
#2477 = DIRECTION('',(1.,0.,0.));
#2478 = PCURVE('',#602,#2479);
#2479 = DEFINITIONAL_REPRESENTATION('',(#2480),#2483);
#2480 = B_SPLINE_CURVE_WITH_KNOTS('',1,(#2481,#2482),.UNSPECIFIED.,.F.,
  .F.,(2,2),(8.,218.),.PIECEWISE_BEZIER_KNOTS.);
#2481 = CARTESIAN_POINT('',(8.,6.));
#2482 = CARTESIAN_POINT('',(218.,6.));
#2483 = ( GEOMETRIC_REPRESENTATION_CONTEXT(2) 
PARAMETRIC_REPRESENTATION_CONTEXT() REPRESENTATION_CONTEXT('2D SPACE',''
  ) );
#2484 = PCURVE('',#573,#2485);
#2485 = DEFINITIONAL_REPRESENTATION('',(#2486),#2489);
#2486 = B_SPLINE_CURVE_WITH_KNOTS('',1,(#2487,#2488),.UNSPECIFIED.,.F.,
  .F.,(2,2),(8.,218.),.PIECEWISE_BEZIER_KNOTS.);
#2487 = CARTESIAN_POINT('',(4.,8.));
#2488 = CARTESIAN_POINT('',(4.,218.));
#2489 = ( GEOMETRIC_REPRESENTATION_CONTEXT(2) 
PARAMETRIC_REPRESENTATION_CONTEXT() REPRESENTATION_CONTEXT('2D SPACE',''
  ) );
#2490 = ORIENTED_EDGE('',*,*,#2491,.F.);
#2491 = EDGE_CURVE('',#2492,#2471,#2494,.T.);
#2492 = VERTEX_POINT('',#2493);
#2493 = CARTESIAN_POINT('',(215.56214886532,275.75,4.));
#2494 = SURFACE_CURVE('',#2495,(#2500,#2507),.PCURVE_S1.);
#2495 = CIRCLE('',#2496,8.);
#2496 = AXIS2_PLACEMENT_3D('',#2497,#2498,#2499);
#2497 = CARTESIAN_POINT('',(210.,270.,4.));
#2498 = DIRECTION('',(0.,0.,1.));
#2499 = DIRECTION('',(1.,0.,-0.));
#2500 = PCURVE('',#602,#2501);
#2501 = DEFINITIONAL_REPRESENTATION('',(#2502),#2506);
#2502 = CIRCLE('',#2503,8.);
#2503 = AXIS2_PLACEMENT_2D('',#2504,#2505);
#2504 = CARTESIAN_POINT('',(218.,-2.));
#2505 = DIRECTION('',(1.,0.));
#2506 = ( GEOMETRIC_REPRESENTATION_CONTEXT(2) 
PARAMETRIC_REPRESENTATION_CONTEXT() REPRESENTATION_CONTEXT('2D SPACE',''
  ) );
#2507 = PCURVE('',#2508,#2513);
#2508 = CYLINDRICAL_SURFACE('',#2509,8.);
#2509 = AXIS2_PLACEMENT_3D('',#2510,#2511,#2512);
#2510 = CARTESIAN_POINT('',(210.,270.,0.));
#2511 = DIRECTION('',(0.,0.,1.));
#2512 = DIRECTION('',(1.,0.,-0.));
#2513 = DEFINITIONAL_REPRESENTATION('',(#2514),#2518);
#2514 = LINE('',#2515,#2516);
#2515 = CARTESIAN_POINT('',(0.,4.));
#2516 = VECTOR('',#2517,1.);
#2517 = DIRECTION('',(1.,0.));
#2518 = ( GEOMETRIC_REPRESENTATION_CONTEXT(2) 
PARAMETRIC_REPRESENTATION_CONTEXT() REPRESENTATION_CONTEXT('2D SPACE',''
  ) );
#2519 = ORIENTED_EDGE('',*,*,#2520,.F.);
#2520 = EDGE_CURVE('',#2521,#2492,#2523,.T.);
#2521 = VERTEX_POINT('',#2522);
#2522 = CARTESIAN_POINT('',(217.,280.,4.));
#2523 = SURFACE_CURVE('',#2524,(#2529,#2540),.PCURVE_S1.);
#2524 = CIRCLE('',#2525,7.);
#2525 = AXIS2_PLACEMENT_3D('',#2526,#2527,#2528);
#2526 = CARTESIAN_POINT('',(210.,280.,4.));
#2527 = DIRECTION('',(0.,-0.,-1.));
#2528 = DIRECTION('',(1.,0.,-0.));
#2529 = PCURVE('',#602,#2530);
#2530 = DEFINITIONAL_REPRESENTATION('',(#2531),#2539);
#2531 = ( BOUNDED_CURVE() B_SPLINE_CURVE(2,(#2532,#2533,#2534,#2535,
#2536,#2537,#2538),.UNSPECIFIED.,.T.,.F.) B_SPLINE_CURVE_WITH_KNOTS((1,2
    ,2,2,2,1),(-2.094395102393,0.,2.094395102393,4.188790204786,
6.28318530718,8.377580409573),.UNSPECIFIED.) CURVE() 
GEOMETRIC_REPRESENTATION_ITEM() RATIONAL_B_SPLINE_CURVE((1.,0.5,1.,0.5,
1.,0.5,1.)) REPRESENTATION_ITEM('') );
#2532 = CARTESIAN_POINT('',(225.,8.));
#2533 = CARTESIAN_POINT('',(225.,-4.124355652982));
#2534 = CARTESIAN_POINT('',(214.5,1.937822173509));
#2535 = CARTESIAN_POINT('',(204.,8.));
#2536 = CARTESIAN_POINT('',(214.5,14.062177826491));
#2537 = CARTESIAN_POINT('',(225.,20.124355652982));
#2538 = CARTESIAN_POINT('',(225.,8.));
#2539 = ( GEOMETRIC_REPRESENTATION_CONTEXT(2) 
PARAMETRIC_REPRESENTATION_CONTEXT() REPRESENTATION_CONTEXT('2D SPACE',''
  ) );
#2540 = PCURVE('',#2541,#2546);
#2541 = TOROIDAL_SURFACE('',#2542,7.,1.);
#2542 = AXIS2_PLACEMENT_3D('',#2543,#2544,#2545);
#2543 = CARTESIAN_POINT('',(210.,280.,3.));
#2544 = DIRECTION('',(0.,0.,1.));
#2545 = DIRECTION('',(1.,0.,-0.));
#2546 = DEFINITIONAL_REPRESENTATION('',(#2547),#2551);
#2547 = LINE('',#2548,#2549);
#2548 = CARTESIAN_POINT('',(-0.,1.570796326795));
#2549 = VECTOR('',#2550,1.);
#2550 = DIRECTION('',(-1.,0.));
#2551 = ( GEOMETRIC_REPRESENTATION_CONTEXT(2) 
PARAMETRIC_REPRESENTATION_CONTEXT() REPRESENTATION_CONTEXT('2D SPACE',''
  ) );
#2552 = ORIENTED_EDGE('',*,*,#2553,.F.);
#2553 = EDGE_CURVE('',#2554,#2521,#2556,.T.);
#2554 = VERTEX_POINT('',#2555);
#2555 = CARTESIAN_POINT('',(217.,315.,4.));
#2556 = SURFACE_CURVE('',#2557,(#2561,#2568),.PCURVE_S1.);
#2557 = LINE('',#2558,#2559);
#2558 = CARTESIAN_POINT('',(217.,315.,4.));
#2559 = VECTOR('',#2560,1.);
#2560 = DIRECTION('',(-0.,-1.,-0.));
#2561 = PCURVE('',#602,#2562);
#2562 = DEFINITIONAL_REPRESENTATION('',(#2563),#2567);
#2563 = LINE('',#2564,#2565);
#2564 = CARTESIAN_POINT('',(225.,43.));
#2565 = VECTOR('',#2566,1.);
#2566 = DIRECTION('',(0.,-1.));
#2567 = ( GEOMETRIC_REPRESENTATION_CONTEXT(2) 
PARAMETRIC_REPRESENTATION_CONTEXT() REPRESENTATION_CONTEXT('2D SPACE',''
  ) );
#2568 = PCURVE('',#2569,#2574);
#2569 = CYLINDRICAL_SURFACE('',#2570,1.);
#2570 = AXIS2_PLACEMENT_3D('',#2571,#2572,#2573);
#2571 = CARTESIAN_POINT('',(217.,315.,3.));
#2572 = DIRECTION('',(-0.,-1.,-0.));
#2573 = DIRECTION('',(1.,0.,-0.));
#2574 = DEFINITIONAL_REPRESENTATION('',(#2575),#2579);
#2575 = LINE('',#2576,#2577);
#2576 = CARTESIAN_POINT('',(1.570796326795,0.));
#2577 = VECTOR('',#2578,1.);
#2578 = DIRECTION('',(0.,1.));
#2579 = ( GEOMETRIC_REPRESENTATION_CONTEXT(2) 
PARAMETRIC_REPRESENTATION_CONTEXT() REPRESENTATION_CONTEXT('2D SPACE',''
  ) );
#2580 = ORIENTED_EDGE('',*,*,#2581,.F.);
#2581 = EDGE_CURVE('',#2582,#2554,#2584,.T.);
#2582 = VERTEX_POINT('',#2583);
#2583 = CARTESIAN_POINT('',(210.,322.,4.));
#2584 = SURFACE_CURVE('',#2585,(#2590,#2601),.PCURVE_S1.);
#2585 = CIRCLE('',#2586,7.);
#2586 = AXIS2_PLACEMENT_3D('',#2587,#2588,#2589);
#2587 = CARTESIAN_POINT('',(210.,315.,4.));
#2588 = DIRECTION('',(0.,-0.,-1.));
#2589 = DIRECTION('',(0.,1.,-0.));
#2590 = PCURVE('',#602,#2591);
#2591 = DEFINITIONAL_REPRESENTATION('',(#2592),#2600);
#2592 = ( BOUNDED_CURVE() B_SPLINE_CURVE(2,(#2593,#2594,#2595,#2596,
#2597,#2598,#2599),.UNSPECIFIED.,.T.,.F.) B_SPLINE_CURVE_WITH_KNOTS((1,2
    ,2,2,2,1),(-2.094395102393,0.,2.094395102393,4.188790204786,
6.28318530718,8.377580409573),.UNSPECIFIED.) CURVE() 
GEOMETRIC_REPRESENTATION_ITEM() RATIONAL_B_SPLINE_CURVE((1.,0.5,1.,0.5,
1.,0.5,1.)) REPRESENTATION_ITEM('') );
#2593 = CARTESIAN_POINT('',(218.,50.));
#2594 = CARTESIAN_POINT('',(230.12435565298,50.));
#2595 = CARTESIAN_POINT('',(224.06217782649,39.5));
#2596 = CARTESIAN_POINT('',(218.,29.));
#2597 = CARTESIAN_POINT('',(211.9378221735,39.5));
#2598 = CARTESIAN_POINT('',(205.87564434701,50.));
#2599 = CARTESIAN_POINT('',(218.,50.));
#2600 = ( GEOMETRIC_REPRESENTATION_CONTEXT(2) 
PARAMETRIC_REPRESENTATION_CONTEXT() REPRESENTATION_CONTEXT('2D SPACE',''
  ) );
#2601 = PCURVE('',#2602,#2607);
#2602 = TOROIDAL_SURFACE('',#2603,7.,1.);
#2603 = AXIS2_PLACEMENT_3D('',#2604,#2605,#2606);
#2604 = CARTESIAN_POINT('',(210.,315.,3.));
#2605 = DIRECTION('',(0.,0.,1.));
#2606 = DIRECTION('',(0.,1.,-0.));
#2607 = DEFINITIONAL_REPRESENTATION('',(#2608),#2612);
#2608 = LINE('',#2609,#2610);
#2609 = CARTESIAN_POINT('',(-0.,1.570796326795));
#2610 = VECTOR('',#2611,1.);
#2611 = DIRECTION('',(-1.,0.));
#2612 = ( GEOMETRIC_REPRESENTATION_CONTEXT(2) 
PARAMETRIC_REPRESENTATION_CONTEXT() REPRESENTATION_CONTEXT('2D SPACE',''
  ) );
#2613 = ORIENTED_EDGE('',*,*,#2614,.F.);
#2614 = EDGE_CURVE('',#2615,#2582,#2617,.T.);
#2615 = VERTEX_POINT('',#2616);
#2616 = CARTESIAN_POINT('',(0.,322.,4.));
#2617 = SURFACE_CURVE('',#2618,(#2622,#2629),.PCURVE_S1.);
#2618 = LINE('',#2619,#2620);
#2619 = CARTESIAN_POINT('',(0.,322.,4.));
#2620 = VECTOR('',#2621,1.);
#2621 = DIRECTION('',(1.,0.,0.));
#2622 = PCURVE('',#602,#2623);
#2623 = DEFINITIONAL_REPRESENTATION('',(#2624),#2628);
#2624 = LINE('',#2625,#2626);
#2625 = CARTESIAN_POINT('',(8.,50.));
#2626 = VECTOR('',#2627,1.);
#2627 = DIRECTION('',(1.,0.));
#2628 = ( GEOMETRIC_REPRESENTATION_CONTEXT(2) 
PARAMETRIC_REPRESENTATION_CONTEXT() REPRESENTATION_CONTEXT('2D SPACE',''
  ) );
#2629 = PCURVE('',#2630,#2635);
#2630 = CYLINDRICAL_SURFACE('',#2631,1.);
#2631 = AXIS2_PLACEMENT_3D('',#2632,#2633,#2634);
#2632 = CARTESIAN_POINT('',(0.,322.,3.));
#2633 = DIRECTION('',(1.,0.,0.));
#2634 = DIRECTION('',(-0.,1.,0.));
#2635 = DEFINITIONAL_REPRESENTATION('',(#2636),#2640);
#2636 = LINE('',#2637,#2638);
#2637 = CARTESIAN_POINT('',(1.570796326795,0.));
#2638 = VECTOR('',#2639,1.);
#2639 = DIRECTION('',(0.,1.));
#2640 = ( GEOMETRIC_REPRESENTATION_CONTEXT(2) 
PARAMETRIC_REPRESENTATION_CONTEXT() REPRESENTATION_CONTEXT('2D SPACE',''
  ) );
#2641 = ORIENTED_EDGE('',*,*,#2642,.F.);
#2642 = EDGE_CURVE('',#2446,#2615,#2643,.T.);
#2643 = SURFACE_CURVE('',#2644,(#2649,#2660),.PCURVE_S1.);
#2644 = CIRCLE('',#2645,7.);
#2645 = AXIS2_PLACEMENT_3D('',#2646,#2647,#2648);
#2646 = CARTESIAN_POINT('',(0.,315.,4.));
#2647 = DIRECTION('',(-0.,0.,-1.));
#2648 = DIRECTION('',(-1.,0.,0.));
#2649 = PCURVE('',#602,#2650);
#2650 = DEFINITIONAL_REPRESENTATION('',(#2651),#2659);
#2651 = ( BOUNDED_CURVE() B_SPLINE_CURVE(2,(#2652,#2653,#2654,#2655,
#2656,#2657,#2658),.UNSPECIFIED.,.T.,.F.) B_SPLINE_CURVE_WITH_KNOTS((1,2
    ,2,2,2,1),(-2.094395102393,0.,2.094395102393,4.188790204786,
6.28318530718,8.377580409573),.UNSPECIFIED.) CURVE() 
GEOMETRIC_REPRESENTATION_ITEM() RATIONAL_B_SPLINE_CURVE((1.,0.5,1.,0.5,
1.,0.5,1.)) REPRESENTATION_ITEM('') );
#2652 = CARTESIAN_POINT('',(1.,43.));
#2653 = CARTESIAN_POINT('',(1.,55.124355652982));
#2654 = CARTESIAN_POINT('',(11.5,49.062177826491));
#2655 = CARTESIAN_POINT('',(22.,43.));
#2656 = CARTESIAN_POINT('',(11.5,36.937822173509));
#2657 = CARTESIAN_POINT('',(1.,30.875644347018));
#2658 = CARTESIAN_POINT('',(1.,43.));
#2659 = ( GEOMETRIC_REPRESENTATION_CONTEXT(2) 
PARAMETRIC_REPRESENTATION_CONTEXT() REPRESENTATION_CONTEXT('2D SPACE',''
  ) );
#2660 = PCURVE('',#2661,#2666);
#2661 = TOROIDAL_SURFACE('',#2662,7.,1.);
#2662 = AXIS2_PLACEMENT_3D('',#2663,#2664,#2665);
#2663 = CARTESIAN_POINT('',(0.,315.,3.));
#2664 = DIRECTION('',(0.,0.,1.));
#2665 = DIRECTION('',(-1.,0.,0.));
#2666 = DEFINITIONAL_REPRESENTATION('',(#2667),#2671);
#2667 = LINE('',#2668,#2669);
#2668 = CARTESIAN_POINT('',(-0.,1.570796326795));
#2669 = VECTOR('',#2670,1.);
#2670 = DIRECTION('',(-1.,0.));
#2671 = ( GEOMETRIC_REPRESENTATION_CONTEXT(2) 
PARAMETRIC_REPRESENTATION_CONTEXT() REPRESENTATION_CONTEXT('2D SPACE',''
  ) );
#2672 = ADVANCED_FACE('',(#2673),#573,.T.);
#2673 = FACE_BOUND('',#2674,.T.);
#2674 = EDGE_LOOP('',(#2675,#2676,#2677,#2705));
#2675 = ORIENTED_EDGE('',*,*,#2470,.F.);
#2676 = ORIENTED_EDGE('',*,*,#557,.T.);
#2677 = ORIENTED_EDGE('',*,*,#2678,.T.);
#2678 = EDGE_CURVE('',#529,#2679,#2681,.T.);
#2679 = VERTEX_POINT('',#2680);
#2680 = CARTESIAN_POINT('',(210.,278.,19.));
#2681 = SURFACE_CURVE('',#2682,(#2686,#2693),.PCURVE_S1.);
#2682 = LINE('',#2683,#2684);
#2683 = CARTESIAN_POINT('',(0.,278.,19.));
#2684 = VECTOR('',#2685,1.);
#2685 = DIRECTION('',(1.,0.,0.));
#2686 = PCURVE('',#573,#2687);
#2687 = DEFINITIONAL_REPRESENTATION('',(#2688),#2692);
#2688 = LINE('',#2689,#2690);
#2689 = CARTESIAN_POINT('',(19.,8.));
#2690 = VECTOR('',#2691,1.);
#2691 = DIRECTION('',(0.,1.));
#2692 = ( GEOMETRIC_REPRESENTATION_CONTEXT(2) 
PARAMETRIC_REPRESENTATION_CONTEXT() REPRESENTATION_CONTEXT('2D SPACE',''
  ) );
#2693 = PCURVE('',#2694,#2699);
#2694 = CYLINDRICAL_SURFACE('',#2695,1.);
#2695 = AXIS2_PLACEMENT_3D('',#2696,#2697,#2698);
#2696 = CARTESIAN_POINT('',(0.,277.,19.));
#2697 = DIRECTION('',(1.,0.,0.));
#2698 = DIRECTION('',(-0.,1.,0.));
#2699 = DEFINITIONAL_REPRESENTATION('',(#2700),#2704);
#2700 = LINE('',#2701,#2702);
#2701 = CARTESIAN_POINT('',(0.,0.));
#2702 = VECTOR('',#2703,1.);
#2703 = DIRECTION('',(0.,1.));
#2704 = ( GEOMETRIC_REPRESENTATION_CONTEXT(2) 
PARAMETRIC_REPRESENTATION_CONTEXT() REPRESENTATION_CONTEXT('2D SPACE',''
  ) );
#2705 = ORIENTED_EDGE('',*,*,#2706,.F.);
#2706 = EDGE_CURVE('',#2471,#2679,#2707,.T.);
#2707 = SURFACE_CURVE('',#2708,(#2712,#2719),.PCURVE_S1.);
#2708 = LINE('',#2709,#2710);
#2709 = CARTESIAN_POINT('',(210.,278.,0.));
#2710 = VECTOR('',#2711,1.);
#2711 = DIRECTION('',(0.,0.,1.));
#2712 = PCURVE('',#573,#2713);
#2713 = DEFINITIONAL_REPRESENTATION('',(#2714),#2718);
#2714 = LINE('',#2715,#2716);
#2715 = CARTESIAN_POINT('',(0.,218.));
#2716 = VECTOR('',#2717,1.);
#2717 = DIRECTION('',(1.,0.));
#2718 = ( GEOMETRIC_REPRESENTATION_CONTEXT(2) 
PARAMETRIC_REPRESENTATION_CONTEXT() REPRESENTATION_CONTEXT('2D SPACE',''
  ) );
#2719 = PCURVE('',#2508,#2720);
#2720 = DEFINITIONAL_REPRESENTATION('',(#2721),#2725);
#2721 = LINE('',#2722,#2723);
#2722 = CARTESIAN_POINT('',(1.570796326795,0.));
#2723 = VECTOR('',#2724,1.);
#2724 = DIRECTION('',(0.,1.));
#2725 = ( GEOMETRIC_REPRESENTATION_CONTEXT(2) 
PARAMETRIC_REPRESENTATION_CONTEXT() REPRESENTATION_CONTEXT('2D SPACE',''
  ) );
#2726 = ADVANCED_FACE('',(#2727),#545,.T.);
#2727 = FACE_BOUND('',#2728,.T.);
#2728 = EDGE_LOOP('',(#2729,#2757,#2779,#2780));
#2729 = ORIENTED_EDGE('',*,*,#2730,.T.);
#2730 = EDGE_CURVE('',#838,#2731,#2733,.T.);
#2731 = VERTEX_POINT('',#2732);
#2732 = CARTESIAN_POINT('',(0.,277.,20.));
#2733 = SURFACE_CURVE('',#2734,(#2739,#2746),.PCURVE_S1.);
#2734 = CIRCLE('',#2735,7.);
#2735 = AXIS2_PLACEMENT_3D('',#2736,#2737,#2738);
#2736 = CARTESIAN_POINT('',(0.,270.,20.));
#2737 = DIRECTION('',(0.,0.,-1.));
#2738 = DIRECTION('',(-1.,0.,0.));
#2739 = PCURVE('',#545,#2740);
#2740 = DEFINITIONAL_REPRESENTATION('',(#2741),#2745);
#2741 = LINE('',#2742,#2743);
#2742 = CARTESIAN_POINT('',(6.28318530718,1.570796326795));
#2743 = VECTOR('',#2744,1.);
#2744 = DIRECTION('',(-1.,0.));
#2745 = ( GEOMETRIC_REPRESENTATION_CONTEXT(2) 
PARAMETRIC_REPRESENTATION_CONTEXT() REPRESENTATION_CONTEXT('2D SPACE',''
  ) );
#2746 = PCURVE('',#853,#2747);
#2747 = DEFINITIONAL_REPRESENTATION('',(#2748),#2756);
#2748 = ( BOUNDED_CURVE() B_SPLINE_CURVE(2,(#2749,#2750,#2751,#2752,
#2753,#2754,#2755),.UNSPECIFIED.,.T.,.F.) B_SPLINE_CURVE_WITH_KNOTS((1,2
    ,2,2,2,1),(-2.094395102393,0.,2.094395102393,4.188790204786,
6.28318530718,8.377580409573),.UNSPECIFIED.) CURVE() 
GEOMETRIC_REPRESENTATION_ITEM() RATIONAL_B_SPLINE_CURVE((1.,0.5,1.,0.5,
1.,0.5,1.)) REPRESENTATION_ITEM('') );
#2749 = CARTESIAN_POINT('',(1.,52.));
#2750 = CARTESIAN_POINT('',(1.,64.124355652982));
#2751 = CARTESIAN_POINT('',(11.5,58.062177826491));
#2752 = CARTESIAN_POINT('',(22.,52.));
#2753 = CARTESIAN_POINT('',(11.5,45.937822173509));
#2754 = CARTESIAN_POINT('',(1.,39.875644347018));
#2755 = CARTESIAN_POINT('',(1.,52.));
#2756 = ( GEOMETRIC_REPRESENTATION_CONTEXT(2) 
PARAMETRIC_REPRESENTATION_CONTEXT() REPRESENTATION_CONTEXT('2D SPACE',''
  ) );
#2757 = ORIENTED_EDGE('',*,*,#2758,.F.);
#2758 = EDGE_CURVE('',#529,#2731,#2759,.T.);
#2759 = SURFACE_CURVE('',#2760,(#2765,#2772),.PCURVE_S1.);
#2760 = CIRCLE('',#2761,1.);
#2761 = AXIS2_PLACEMENT_3D('',#2762,#2763,#2764);
#2762 = CARTESIAN_POINT('',(0.,277.,19.));
#2763 = DIRECTION('',(1.,6.123233995737E-17,-0.));
#2764 = DIRECTION('',(-6.123233995737E-17,1.,0.));
#2765 = PCURVE('',#545,#2766);
#2766 = DEFINITIONAL_REPRESENTATION('',(#2767),#2771);
#2767 = LINE('',#2768,#2769);
#2768 = CARTESIAN_POINT('',(4.712388980385,0.));
#2769 = VECTOR('',#2770,1.);
#2770 = DIRECTION('',(-0.,1.));
#2771 = ( GEOMETRIC_REPRESENTATION_CONTEXT(2) 
PARAMETRIC_REPRESENTATION_CONTEXT() REPRESENTATION_CONTEXT('2D SPACE',''
  ) );
#2772 = PCURVE('',#2694,#2773);
#2773 = DEFINITIONAL_REPRESENTATION('',(#2774),#2778);
#2774 = LINE('',#2775,#2776);
#2775 = CARTESIAN_POINT('',(0.,0.));
#2776 = VECTOR('',#2777,1.);
#2777 = DIRECTION('',(1.,0.));
#2778 = ( GEOMETRIC_REPRESENTATION_CONTEXT(2) 
PARAMETRIC_REPRESENTATION_CONTEXT() REPRESENTATION_CONTEXT('2D SPACE',''
  ) );
#2779 = ORIENTED_EDGE('',*,*,#528,.F.);
#2780 = ORIENTED_EDGE('',*,*,#865,.T.);
#2781 = ADVANCED_FACE('',(#2782),#808,.F.);
#2782 = FACE_BOUND('',#2783,.F.);
#2783 = EDGE_LOOP('',(#2784,#2785,#2786,#2818));
#2784 = ORIENTED_EDGE('',*,*,#921,.T.);
#2785 = ORIENTED_EDGE('',*,*,#784,.T.);
#2786 = ORIENTED_EDGE('',*,*,#2787,.F.);
#2787 = EDGE_CURVE('',#2788,#785,#2790,.T.);
#2788 = VERTEX_POINT('',#2789);
#2789 = CARTESIAN_POINT('',(-7.,253.58965398848,19.407055236082));
#2790 = SURFACE_CURVE('',#2791,(#2795,#2801),.PCURVE_S1.);
#2791 = ( BOUNDED_CURVE() B_SPLINE_CURVE(2,(#2792,#2793,#2794),
.UNSPECIFIED.,.F.,.F.) B_SPLINE_CURVE_WITH_KNOTS((3,3),(0.,
1.390552844712),.PIECEWISE_BEZIER_KNOTS.) CURVE() 
GEOMETRIC_REPRESENTATION_ITEM() RATIONAL_B_SPLINE_CURVE((1.,
0.793353340291,1.)) REPRESENTATION_ITEM('') );
#2792 = CARTESIAN_POINT('',(-7.,253.58965398848,19.407055236082));
#2793 = CARTESIAN_POINT('',(-7.,253.74853305913,20.));
#2794 = CARTESIAN_POINT('',(-7.,254.36239464951,20.));
#2795 = PCURVE('',#808,#2796);
#2796 = DEFINITIONAL_REPRESENTATION('',(#2797),#2800);
#2797 = B_SPLINE_CURVE_WITH_KNOTS('',1,(#2798,#2799),.UNSPECIFIED.,.F.,
  .F.,(2,2),(0.,1.390552844712),.PIECEWISE_BEZIER_KNOTS.);
#2798 = CARTESIAN_POINT('',(0.,268.4982516312));
#2799 = CARTESIAN_POINT('',(1.390552844712,268.4982516312));
#2800 = ( GEOMETRIC_REPRESENTATION_CONTEXT(2) 
PARAMETRIC_REPRESENTATION_CONTEXT() REPRESENTATION_CONTEXT('2D SPACE',''
  ) );
#2801 = PCURVE('',#2802,#2807);
#2802 = CYLINDRICAL_SURFACE('',#2803,0.8);
#2803 = AXIS2_PLACEMENT_3D('',#2804,#2805,#2806);
#2804 = CARTESIAN_POINT('',(-7.,254.36239464951,19.2));
#2805 = DIRECTION('',(1.,-0.,-0.));
#2806 = DIRECTION('',(0.,-0.965925826289,0.258819045103));
#2807 = DEFINITIONAL_REPRESENTATION('',(#2808),#2817);
#2808 = B_SPLINE_CURVE_WITH_KNOTS('',7,(#2809,#2810,#2811,#2812,#2813,
    #2814,#2815,#2816),.UNSPECIFIED.,.F.,.F.,(8,8),(0.,1.390552844712),
  .PIECEWISE_BEZIER_KNOTS.);
#2809 = CARTESIAN_POINT('',(6.28318530718,0.));
#2810 = CARTESIAN_POINT('',(6.10925347032,0.));
#2811 = CARTESIAN_POINT('',(5.923337368275,0.));
#2812 = CARTESIAN_POINT('',(5.728281143935,0.));
#2813 = CARTESIAN_POINT('',(5.52909253141,0.));
#2814 = CARTESIAN_POINT('',(5.334036307105,0.));
#2815 = CARTESIAN_POINT('',(5.148120205044,0.));
#2816 = CARTESIAN_POINT('',(4.974188368184,0.));
#2817 = ( GEOMETRIC_REPRESENTATION_CONTEXT(2) 
PARAMETRIC_REPRESENTATION_CONTEXT() REPRESENTATION_CONTEXT('2D SPACE',''
  ) );
#2818 = ORIENTED_EDGE('',*,*,#2819,.F.);
#2819 = EDGE_CURVE('',#922,#2788,#2820,.T.);
#2820 = SURFACE_CURVE('',#2821,(#2829,#2836),.PCURVE_S1.);
#2821 = B_SPLINE_CURVE_WITH_KNOTS('',6,(#2822,#2823,#2824,#2825,#2826,
    #2827,#2828),.UNSPECIFIED.,.F.,.F.,(7,7),(267.10769878649,
    268.4982516312),.PIECEWISE_BEZIER_KNOTS.);
#2822 = CARTESIAN_POINT('',(-7.215577637581,253.49540273291,
    19.055304761624));
#2823 = CARTESIAN_POINT('',(-7.25023069134,253.5140021074,
    19.124718572206));
#2824 = CARTESIAN_POINT('',(-7.259965445804,253.53746721755,
    19.212291555478));
#2825 = CARTESIAN_POINT('',(-7.231222594646,253.56183423512,
    19.303230503094));
#2826 = CARTESIAN_POINT('',(-7.165964393065,253.58038379889,
    19.372458417555));
#2827 = CARTESIAN_POINT('',(-7.083001591693,253.58965398848,
    19.407055236082));
#2828 = CARTESIAN_POINT('',(-7.,253.58965398848,19.407055236082));
#2829 = PCURVE('',#808,#2830);
#2830 = DEFINITIONAL_REPRESENTATION('',(#2831),#2835);
#2831 = LINE('',#2832,#2833);
#2832 = CARTESIAN_POINT('',(0.,0.));
#2833 = VECTOR('',#2834,1.);
#2834 = DIRECTION('',(0.,1.));
#2835 = ( GEOMETRIC_REPRESENTATION_CONTEXT(2) 
PARAMETRIC_REPRESENTATION_CONTEXT() REPRESENTATION_CONTEXT('2D SPACE',''
  ) );
#2836 = PCURVE('',#957,#2837);
#2837 = DEFINITIONAL_REPRESENTATION('',(#2838),#2846);
#2838 = B_SPLINE_CURVE_WITH_KNOTS('',6,(#2839,#2840,#2841,#2842,#2843,
    #2844,#2845),.UNSPECIFIED.,.F.,.F.,(7,7),(267.10769878649,
    268.4982516312),.PIECEWISE_BEZIER_KNOTS.);
#2839 = CARTESIAN_POINT('',(16.292791978916,17.784422362419));
#2840 = CARTESIAN_POINT('',(16.364654443604,17.74976930866));
#2841 = CARTESIAN_POINT('',(16.455316667234,17.740034554196));
#2842 = CARTESIAN_POINT('',(16.549463593571,17.768777405354));
#2843 = CARTESIAN_POINT('',(16.621133604431,17.834035606935));
#2844 = CARTESIAN_POINT('',(16.656950866571,17.916998408307));
#2845 = CARTESIAN_POINT('',(16.656950866571,18.));
#2846 = ( GEOMETRIC_REPRESENTATION_CONTEXT(2) 
PARAMETRIC_REPRESENTATION_CONTEXT() REPRESENTATION_CONTEXT('2D SPACE',''
  ) );
#2847 = ADVANCED_FACE('',(#2848),#853,.T.);
#2848 = FACE_BOUND('',#2849,.T.);
#2849 = EDGE_LOOP('',(#2850,#2851,#2874,#2902,#2935,#2956));
#2850 = ORIENTED_EDGE('',*,*,#837,.F.);
#2851 = ORIENTED_EDGE('',*,*,#2852,.T.);
#2852 = EDGE_CURVE('',#785,#2853,#2855,.T.);
#2853 = VERTEX_POINT('',#2854);
#2854 = CARTESIAN_POINT('',(217.,254.36239464951,20.));
#2855 = SURFACE_CURVE('',#2856,(#2860,#2867),.PCURVE_S1.);
#2856 = LINE('',#2857,#2858);
#2857 = CARTESIAN_POINT('',(-7.,254.36239464951,20.));
#2858 = VECTOR('',#2859,1.);
#2859 = DIRECTION('',(1.,-0.,-0.));
#2860 = PCURVE('',#853,#2861);
#2861 = DEFINITIONAL_REPRESENTATION('',(#2862),#2866);
#2862 = LINE('',#2863,#2864);
#2863 = CARTESIAN_POINT('',(1.,36.36239464951));
#2864 = VECTOR('',#2865,1.);
#2865 = DIRECTION('',(1.,-0.));
#2866 = ( GEOMETRIC_REPRESENTATION_CONTEXT(2) 
PARAMETRIC_REPRESENTATION_CONTEXT() REPRESENTATION_CONTEXT('2D SPACE',''
  ) );
#2867 = PCURVE('',#2802,#2868);
#2868 = DEFINITIONAL_REPRESENTATION('',(#2869),#2873);
#2869 = LINE('',#2870,#2871);
#2870 = CARTESIAN_POINT('',(4.974188368184,0.));
#2871 = VECTOR('',#2872,1.);
#2872 = DIRECTION('',(-0.,1.));
#2873 = ( GEOMETRIC_REPRESENTATION_CONTEXT(2) 
PARAMETRIC_REPRESENTATION_CONTEXT() REPRESENTATION_CONTEXT('2D SPACE',''
  ) );
#2874 = ORIENTED_EDGE('',*,*,#2875,.F.);
#2875 = EDGE_CURVE('',#2876,#2853,#2878,.T.);
#2876 = VERTEX_POINT('',#2877);
#2877 = CARTESIAN_POINT('',(217.,270.,20.));
#2878 = SURFACE_CURVE('',#2879,(#2883,#2890),.PCURVE_S1.);
#2879 = LINE('',#2880,#2881);
#2880 = CARTESIAN_POINT('',(217.,270.,20.));
#2881 = VECTOR('',#2882,1.);
#2882 = DIRECTION('',(-0.,-1.,-0.));
#2883 = PCURVE('',#853,#2884);
#2884 = DEFINITIONAL_REPRESENTATION('',(#2885),#2889);
#2885 = LINE('',#2886,#2887);
#2886 = CARTESIAN_POINT('',(225.,52.));
#2887 = VECTOR('',#2888,1.);
#2888 = DIRECTION('',(0.,-1.));
#2889 = ( GEOMETRIC_REPRESENTATION_CONTEXT(2) 
PARAMETRIC_REPRESENTATION_CONTEXT() REPRESENTATION_CONTEXT('2D SPACE',''
  ) );
#2890 = PCURVE('',#2891,#2896);
#2891 = CYLINDRICAL_SURFACE('',#2892,1.);
#2892 = AXIS2_PLACEMENT_3D('',#2893,#2894,#2895);
#2893 = CARTESIAN_POINT('',(217.,270.,19.));
#2894 = DIRECTION('',(-0.,-1.,-0.));
#2895 = DIRECTION('',(1.,0.,-0.));
#2896 = DEFINITIONAL_REPRESENTATION('',(#2897),#2901);
#2897 = LINE('',#2898,#2899);
#2898 = CARTESIAN_POINT('',(1.570796326795,0.));
#2899 = VECTOR('',#2900,1.);
#2900 = DIRECTION('',(0.,1.));
#2901 = ( GEOMETRIC_REPRESENTATION_CONTEXT(2) 
PARAMETRIC_REPRESENTATION_CONTEXT() REPRESENTATION_CONTEXT('2D SPACE',''
  ) );
#2902 = ORIENTED_EDGE('',*,*,#2903,.F.);
#2903 = EDGE_CURVE('',#2904,#2876,#2906,.T.);
#2904 = VERTEX_POINT('',#2905);
#2905 = CARTESIAN_POINT('',(210.,277.,20.));
#2906 = SURFACE_CURVE('',#2907,(#2912,#2923),.PCURVE_S1.);
#2907 = CIRCLE('',#2908,7.);
#2908 = AXIS2_PLACEMENT_3D('',#2909,#2910,#2911);
#2909 = CARTESIAN_POINT('',(210.,270.,20.));
#2910 = DIRECTION('',(0.,0.,-1.));
#2911 = DIRECTION('',(0.,1.,0.));
#2912 = PCURVE('',#853,#2913);
#2913 = DEFINITIONAL_REPRESENTATION('',(#2914),#2922);
#2914 = ( BOUNDED_CURVE() B_SPLINE_CURVE(2,(#2915,#2916,#2917,#2918,
#2919,#2920,#2921),.UNSPECIFIED.,.T.,.F.) B_SPLINE_CURVE_WITH_KNOTS((1,2
    ,2,2,2,1),(-2.094395102393,0.,2.094395102393,4.188790204786,
6.28318530718,8.377580409573),.UNSPECIFIED.) CURVE() 
GEOMETRIC_REPRESENTATION_ITEM() RATIONAL_B_SPLINE_CURVE((1.,0.5,1.,0.5,
1.,0.5,1.)) REPRESENTATION_ITEM('') );
#2915 = CARTESIAN_POINT('',(218.,59.));
#2916 = CARTESIAN_POINT('',(230.12435565298,59.));
#2917 = CARTESIAN_POINT('',(224.06217782649,48.5));
#2918 = CARTESIAN_POINT('',(218.,38.));
#2919 = CARTESIAN_POINT('',(211.9378221735,48.5));
#2920 = CARTESIAN_POINT('',(205.87564434701,59.));
#2921 = CARTESIAN_POINT('',(218.,59.));
#2922 = ( GEOMETRIC_REPRESENTATION_CONTEXT(2) 
PARAMETRIC_REPRESENTATION_CONTEXT() REPRESENTATION_CONTEXT('2D SPACE',''
  ) );
#2923 = PCURVE('',#2924,#2929);
#2924 = TOROIDAL_SURFACE('',#2925,7.,1.);
#2925 = AXIS2_PLACEMENT_3D('',#2926,#2927,#2928);
#2926 = CARTESIAN_POINT('',(210.,270.,19.));
#2927 = DIRECTION('',(0.,0.,1.));
#2928 = DIRECTION('',(0.,1.,-0.));
#2929 = DEFINITIONAL_REPRESENTATION('',(#2930),#2934);
#2930 = LINE('',#2931,#2932);
#2931 = CARTESIAN_POINT('',(6.28318530718,1.570796326795));
#2932 = VECTOR('',#2933,1.);
#2933 = DIRECTION('',(-1.,0.));
#2934 = ( GEOMETRIC_REPRESENTATION_CONTEXT(2) 
PARAMETRIC_REPRESENTATION_CONTEXT() REPRESENTATION_CONTEXT('2D SPACE',''
  ) );
#2935 = ORIENTED_EDGE('',*,*,#2936,.F.);
#2936 = EDGE_CURVE('',#2731,#2904,#2937,.T.);
#2937 = SURFACE_CURVE('',#2938,(#2942,#2949),.PCURVE_S1.);
#2938 = LINE('',#2939,#2940);
#2939 = CARTESIAN_POINT('',(0.,277.,20.));
#2940 = VECTOR('',#2941,1.);
#2941 = DIRECTION('',(1.,0.,0.));
#2942 = PCURVE('',#853,#2943);
#2943 = DEFINITIONAL_REPRESENTATION('',(#2944),#2948);
#2944 = LINE('',#2945,#2946);
#2945 = CARTESIAN_POINT('',(8.,59.));
#2946 = VECTOR('',#2947,1.);
#2947 = DIRECTION('',(1.,0.));
#2948 = ( GEOMETRIC_REPRESENTATION_CONTEXT(2) 
PARAMETRIC_REPRESENTATION_CONTEXT() REPRESENTATION_CONTEXT('2D SPACE',''
  ) );
#2949 = PCURVE('',#2694,#2950);
#2950 = DEFINITIONAL_REPRESENTATION('',(#2951),#2955);
#2951 = LINE('',#2952,#2953);
#2952 = CARTESIAN_POINT('',(1.570796326795,0.));
#2953 = VECTOR('',#2954,1.);
#2954 = DIRECTION('',(0.,1.));
#2955 = ( GEOMETRIC_REPRESENTATION_CONTEXT(2) 
PARAMETRIC_REPRESENTATION_CONTEXT() REPRESENTATION_CONTEXT('2D SPACE',''
  ) );
#2956 = ORIENTED_EDGE('',*,*,#2730,.F.);
#2957 = ADVANCED_FACE('',(#2958),#957,.F.);
#2958 = FACE_BOUND('',#2959,.F.);
#2959 = EDGE_LOOP('',(#2960,#2983,#2984,#2985,#2986,#3009,#3062,#3100));
#2960 = ORIENTED_EDGE('',*,*,#2961,.F.);
#2961 = EDGE_CURVE('',#974,#2962,#2964,.T.);
#2962 = VERTEX_POINT('',#2963);
#2963 = CARTESIAN_POINT('',(217.2,249.48557310696,4.090416867865));
#2964 = SURFACE_CURVE('',#2965,(#2969,#2976),.PCURVE_S1.);
#2965 = LINE('',#2966,#2967);
#2966 = CARTESIAN_POINT('',(-25.,249.48557310696,4.090416867865));
#2967 = VECTOR('',#2968,1.);
#2968 = DIRECTION('',(1.,0.,0.));
#2969 = PCURVE('',#957,#2970);
#2970 = DEFINITIONAL_REPRESENTATION('',(#2971),#2975);
#2971 = LINE('',#2972,#2973);
#2972 = CARTESIAN_POINT('',(0.800000000002,0.));
#2973 = VECTOR('',#2974,1.);
#2974 = DIRECTION('',(0.,1.));
#2975 = ( GEOMETRIC_REPRESENTATION_CONTEXT(2) 
PARAMETRIC_REPRESENTATION_CONTEXT() REPRESENTATION_CONTEXT('2D SPACE',''
  ) );
#2976 = PCURVE('',#1058,#2977);
#2977 = DEFINITIONAL_REPRESENTATION('',(#2978),#2982);
#2978 = LINE('',#2979,#2980);
#2979 = CARTESIAN_POINT('',(6.28318530718,0.));
#2980 = VECTOR('',#2981,1.);
#2981 = DIRECTION('',(-0.,1.));
#2982 = ( GEOMETRIC_REPRESENTATION_CONTEXT(2) 
PARAMETRIC_REPRESENTATION_CONTEXT() REPRESENTATION_CONTEXT('2D SPACE',''
  ) );
#2983 = ORIENTED_EDGE('',*,*,#973,.T.);
#2984 = ORIENTED_EDGE('',*,*,#942,.T.);
#2985 = ORIENTED_EDGE('',*,*,#2819,.T.);
#2986 = ORIENTED_EDGE('',*,*,#2987,.T.);
#2987 = EDGE_CURVE('',#2788,#2988,#2990,.T.);
#2988 = VERTEX_POINT('',#2989);
#2989 = CARTESIAN_POINT('',(217.,253.58965398848,19.407055236082));
#2990 = SURFACE_CURVE('',#2991,(#2995,#3002),.PCURVE_S1.);
#2991 = LINE('',#2992,#2993);
#2992 = CARTESIAN_POINT('',(-7.,253.58965398848,19.407055236082));
#2993 = VECTOR('',#2994,1.);
#2994 = DIRECTION('',(1.,-0.,-0.));
#2995 = PCURVE('',#957,#2996);
#2996 = DEFINITIONAL_REPRESENTATION('',(#2997),#3001);
#2997 = LINE('',#2998,#2999);
#2998 = CARTESIAN_POINT('',(16.656950866571,18.));
#2999 = VECTOR('',#3000,1.);
#3000 = DIRECTION('',(0.,1.));
#3001 = ( GEOMETRIC_REPRESENTATION_CONTEXT(2) 
PARAMETRIC_REPRESENTATION_CONTEXT() REPRESENTATION_CONTEXT('2D SPACE',''
  ) );
#3002 = PCURVE('',#2802,#3003);
#3003 = DEFINITIONAL_REPRESENTATION('',(#3004),#3008);
#3004 = LINE('',#3005,#3006);
#3005 = CARTESIAN_POINT('',(6.28318530718,0.));
#3006 = VECTOR('',#3007,1.);
#3007 = DIRECTION('',(-0.,1.));
#3008 = ( GEOMETRIC_REPRESENTATION_CONTEXT(2) 
PARAMETRIC_REPRESENTATION_CONTEXT() REPRESENTATION_CONTEXT('2D SPACE',''
  ) );
#3009 = ORIENTED_EDGE('',*,*,#3010,.T.);
#3010 = EDGE_CURVE('',#2988,#3011,#3013,.T.);
#3011 = VERTEX_POINT('',#3012);
#3012 = CARTESIAN_POINT('',(217.21557763758,253.49540273291,
    19.055304761624));
#3013 = SURFACE_CURVE('',#3014,(#3022,#3033),.PCURVE_S1.);
#3014 = B_SPLINE_CURVE_WITH_KNOTS('',6,(#3015,#3016,#3017,#3018,#3019,
    #3020,#3021),.UNSPECIFIED.,.F.,.F.,(7,7),(492.4982516312,
    493.88880447591),.PIECEWISE_BEZIER_KNOTS.);
#3015 = CARTESIAN_POINT('',(217.,253.58965398848,19.407055236082));
#3016 = CARTESIAN_POINT('',(217.08300159169,253.58965398848,
    19.407055236082));
#3017 = CARTESIAN_POINT('',(217.16596439306,253.58038379889,
    19.372458417554));
#3018 = CARTESIAN_POINT('',(217.23122259464,253.56183423512,
    19.303230503094));
#3019 = CARTESIAN_POINT('',(217.2599654458,253.53746721755,
    19.212291555477));
#3020 = CARTESIAN_POINT('',(217.25023069134,253.5140021074,
    19.124718572206));
#3021 = CARTESIAN_POINT('',(217.21557763758,253.49540273291,
    19.055304761624));
#3022 = PCURVE('',#957,#3023);
#3023 = DEFINITIONAL_REPRESENTATION('',(#3024),#3032);
#3024 = B_SPLINE_CURVE_WITH_KNOTS('',6,(#3025,#3026,#3027,#3028,#3029,
    #3030,#3031),.UNSPECIFIED.,.F.,.F.,(7,7),(492.4982516312,
    493.88880447591),.PIECEWISE_BEZIER_KNOTS.);
#3025 = CARTESIAN_POINT('',(16.656950866571,242.));
#3026 = CARTESIAN_POINT('',(16.656950866571,242.08300159169));
#3027 = CARTESIAN_POINT('',(16.62113360443,242.16596439306));
#3028 = CARTESIAN_POINT('',(16.549463593571,242.23122259464));
#3029 = CARTESIAN_POINT('',(16.455316667233,242.2599654458));
#3030 = CARTESIAN_POINT('',(16.364654443604,242.25023069134));
#3031 = CARTESIAN_POINT('',(16.292791978916,242.21557763758));
#3032 = ( GEOMETRIC_REPRESENTATION_CONTEXT(2) 
PARAMETRIC_REPRESENTATION_CONTEXT() REPRESENTATION_CONTEXT('2D SPACE',''
  ) );
#3033 = PCURVE('',#3034,#3056);
#3034 = ( BOUNDED_SURFACE() B_SPLINE_SURFACE(2,6,(
    (#3035,#3036,#3037,#3038,#3039,#3040,#3041)
    ,(#3042,#3043,#3044,#3045,#3046,#3047,#3048)
    ,(#3049,#3050,#3051,#3052,#3053,#3054,#3055
)),.UNSPECIFIED.,.F.,.F.,.F.) B_SPLINE_SURFACE_WITH_KNOTS((3,3),(7,7),(
    0.,1.390552844712),(492.4982516312,493.88880447591),
.PIECEWISE_BEZIER_KNOTS.) GEOMETRIC_REPRESENTATION_ITEM() 
RATIONAL_B_SPLINE_SURFACE((
    (1.,1.,1.,1.,1.,1.,1.)
    ,(0.793353340291,0.793353340291,0.786592244788,0.77317798974
      ,0.753611103852,0.730457929635,0.707106781187)
,(1.,1.,1.,1.,1.,1.,1.))) REPRESENTATION_ITEM('') SURFACE() );
#3035 = CARTESIAN_POINT('',(217.,253.58965398848,19.407055236082));
#3036 = CARTESIAN_POINT('',(217.08300159169,253.58965398848,
    19.407055236082));
#3037 = CARTESIAN_POINT('',(217.16596439306,253.58038379889,
    19.372458417554));
#3038 = CARTESIAN_POINT('',(217.23122259464,253.56183423512,
    19.303230503094));
#3039 = CARTESIAN_POINT('',(217.2599654458,253.53746721755,
    19.212291555477));
#3040 = CARTESIAN_POINT('',(217.25023069134,253.5140021074,
    19.124718572206));
#3041 = CARTESIAN_POINT('',(217.21557763758,253.49540273291,
    19.055304761624));
#3042 = CARTESIAN_POINT('',(217.,253.74853305913,20.));
#3043 = CARTESIAN_POINT('',(217.22772373011,253.74853305913,20.));
#3044 = CARTESIAN_POINT('',(217.45929391981,253.73218952383,
    19.939005095891));
#3045 = CARTESIAN_POINT('',(217.672430291,253.6985265553,19.813373187002
    ));
#3046 = CARTESIAN_POINT('',(217.83984941634,253.65056276981,
    19.63436990265));
#3047 = CARTESIAN_POINT('',(217.94984745243,253.59481944098,
    19.42633296727));
#3048 = CARTESIAN_POINT('',(218.,253.53606414999,19.207055236082));
#3049 = CARTESIAN_POINT('',(217.,254.36239464951,20.));
#3050 = CARTESIAN_POINT('',(217.26518057578,254.36239464951,20.));
#3051 = CARTESIAN_POINT('',(217.53021490596,254.35751259579,
    19.91550898504));
#3052 = CARTESIAN_POINT('',(217.7623073256,254.34774906895,
    19.747295830167));
#3053 = CARTESIAN_POINT('',(217.92508277095,254.33453774286,
    19.510622340522));
#3054 = CARTESIAN_POINT('',(218.,254.32114875432,19.250217100257));
#3055 = CARTESIAN_POINT('',(218.,254.30880481102,19.));
#3056 = DEFINITIONAL_REPRESENTATION('',(#3057),#3061);
#3057 = LINE('',#3058,#3059);
#3058 = CARTESIAN_POINT('',(0.,0.));
#3059 = VECTOR('',#3060,1.);
#3060 = DIRECTION('',(0.,1.));
#3061 = ( GEOMETRIC_REPRESENTATION_CONTEXT(2) 
PARAMETRIC_REPRESENTATION_CONTEXT() REPRESENTATION_CONTEXT('2D SPACE',''
  ) );
#3062 = ORIENTED_EDGE('',*,*,#3063,.T.);
#3063 = EDGE_CURVE('',#3011,#3064,#3066,.T.);
#3064 = VERTEX_POINT('',#3065);
#3065 = CARTESIAN_POINT('',(217.2,253.4805838667,19.));
#3066 = SURFACE_CURVE('',#3067,(#3072,#3080),.PCURVE_S1.);
#3067 = B_SPLINE_CURVE_WITH_KNOTS('',3,(#3068,#3069,#3070,#3071),
  .UNSPECIFIED.,.F.,.F.,(4,4),(493.88880447591,494.09687385962),
  .PIECEWISE_BEZIER_KNOTS.);
#3068 = CARTESIAN_POINT('',(217.21557763758,253.49540273291,
    19.055304761624));
#3069 = CARTESIAN_POINT('',(217.20520731678,253.48983665838,
    19.034531888671));
#3070 = CARTESIAN_POINT('',(217.2,253.48521453067,19.017281873213));
#3071 = CARTESIAN_POINT('',(217.2,253.4805838667,19.));
#3072 = PCURVE('',#957,#3073);
#3073 = DEFINITIONAL_REPRESENTATION('',(#3074),#3079);
#3074 = B_SPLINE_CURVE_WITH_KNOTS('',3,(#3075,#3076,#3077,#3078),
  .UNSPECIFIED.,.F.,.F.,(4,4),(493.88880447591,494.09687385962),
  .PIECEWISE_BEZIER_KNOTS.);
#3075 = CARTESIAN_POINT('',(16.292791978916,242.21557763758));
#3076 = CARTESIAN_POINT('',(16.27128631835,242.20520731678));
#3077 = CARTESIAN_POINT('',(16.253427788235,242.2));
#3078 = CARTESIAN_POINT('',(16.235536276545,242.2));
#3079 = ( GEOMETRIC_REPRESENTATION_CONTEXT(2) 
PARAMETRIC_REPRESENTATION_CONTEXT() REPRESENTATION_CONTEXT('2D SPACE',''
  ) );
#3080 = PCURVE('',#3081,#3094);
#3081 = ( BOUNDED_SURFACE() B_SPLINE_SURFACE(2,3,(
    (#3082,#3083,#3084,#3085)
    ,(#3086,#3087,#3088,#3089)
    ,(#3090,#3091,#3092,#3093
)),.UNSPECIFIED.,.F.,.F.,.F.) B_SPLINE_SURFACE_WITH_KNOTS((3,3),(4,4),(
    0.,0.208069383712),(493.88880447591,494.09687385962),
.PIECEWISE_BEZIER_KNOTS.) GEOMETRIC_REPRESENTATION_ITEM() 
RATIONAL_B_SPLINE_SURFACE((
    (1.,1.,1.,1.)
    ,(0.707106781187,0.707106781187,0.707106781187,0.707106781187)
,(1.,1.,1.,1.))) REPRESENTATION_ITEM('') SURFACE() );
#3082 = CARTESIAN_POINT('',(217.21557763758,253.49540273291,
    19.055304761624));
#3083 = CARTESIAN_POINT('',(217.20520731678,253.48983665838,
    19.034531888671));
#3084 = CARTESIAN_POINT('',(217.2,253.48521453067,19.017281873213));
#3085 = CARTESIAN_POINT('',(217.2,253.4805838667,19.));
#3086 = CARTESIAN_POINT('',(218.,253.53606414999,19.207055236082));
#3087 = CARTESIAN_POINT('',(218.,253.51709661566,19.136267434242));
#3088 = CARTESIAN_POINT('',(218.,253.49884431435,19.068148918412));
#3089 = CARTESIAN_POINT('',(218.,253.4805838667,19.));
#3090 = CARTESIAN_POINT('',(218.,254.30880481102,19.));
#3091 = CARTESIAN_POINT('',(218.,254.28983727669,18.92921219816));
#3092 = CARTESIAN_POINT('',(218.,254.27158497538,18.86109368233));
#3093 = CARTESIAN_POINT('',(218.,254.25332452773,18.792944763918));
#3094 = DEFINITIONAL_REPRESENTATION('',(#3095),#3099);
#3095 = LINE('',#3096,#3097);
#3096 = CARTESIAN_POINT('',(0.,0.));
#3097 = VECTOR('',#3098,1.);
#3098 = DIRECTION('',(0.,1.));
#3099 = ( GEOMETRIC_REPRESENTATION_CONTEXT(2) 
PARAMETRIC_REPRESENTATION_CONTEXT() REPRESENTATION_CONTEXT('2D SPACE',''
  ) );
#3100 = ORIENTED_EDGE('',*,*,#3101,.T.);
#3101 = EDGE_CURVE('',#3064,#2962,#3102,.T.);
#3102 = SURFACE_CURVE('',#3103,(#3107,#3114),.PCURVE_S1.);
#3103 = LINE('',#3104,#3105);
#3104 = CARTESIAN_POINT('',(217.2,253.4805838667,19.));
#3105 = VECTOR('',#3106,1.);
#3106 = DIRECTION('',(0.,-0.258819045103,-0.965925826289));
#3107 = PCURVE('',#957,#3108);
#3108 = DEFINITIONAL_REPRESENTATION('',(#3109),#3113);
#3109 = LINE('',#3110,#3111);
#3110 = CARTESIAN_POINT('',(16.235536276545,242.2));
#3111 = VECTOR('',#3112,1.);
#3112 = DIRECTION('',(-1.,0.));
#3113 = ( GEOMETRIC_REPRESENTATION_CONTEXT(2) 
PARAMETRIC_REPRESENTATION_CONTEXT() REPRESENTATION_CONTEXT('2D SPACE',''
  ) );
#3114 = PCURVE('',#3115,#3120);
#3115 = CYLINDRICAL_SURFACE('',#3116,0.8);
#3116 = AXIS2_PLACEMENT_3D('',#3117,#3118,#3119);
#3117 = CARTESIAN_POINT('',(217.2,254.25332452773,18.792944763918));
#3118 = DIRECTION('',(0.,-0.258819045103,-0.965925826289));
#3119 = DIRECTION('',(0.,-0.965925826289,0.258819045103));
#3120 = DEFINITIONAL_REPRESENTATION('',(#3121),#3125);
#3121 = LINE('',#3122,#3123);
#3122 = CARTESIAN_POINT('',(6.28318530718,0.));
#3123 = VECTOR('',#3124,1.);
#3124 = DIRECTION('',(-0.,1.));
#3125 = ( GEOMETRIC_REPRESENTATION_CONTEXT(2) 
PARAMETRIC_REPRESENTATION_CONTEXT() REPRESENTATION_CONTEXT('2D SPACE',''
  ) );
#3126 = ADVANCED_FACE('',(#3127),#1058,.F.);
#3127 = FACE_BOUND('',#3128,.F.);
#3128 = EDGE_LOOP('',(#3129,#3158,#3179,#3180));
#3129 = ORIENTED_EDGE('',*,*,#3130,.T.);
#3130 = EDGE_CURVE('',#2962,#3131,#3133,.T.);
#3131 = VERTEX_POINT('',#3132);
#3132 = CARTESIAN_POINT('',(217.2,248.50577720984,3.524731442916));
#3133 = SURFACE_CURVE('',#3134,(#3139,#3146),.PCURVE_S1.);
#3134 = CIRCLE('',#3135,0.8);
#3135 = AXIS2_PLACEMENT_3D('',#3136,#3137,#3138);
#3136 = CARTESIAN_POINT('',(217.2,248.71283244593,4.297472103947));
#3137 = DIRECTION('',(-1.,-0.,0.));
#3138 = DIRECTION('',(-0.,0.965925826289,-0.258819045103));
#3139 = PCURVE('',#1058,#3140);
#3140 = DEFINITIONAL_REPRESENTATION('',(#3141),#3145);
#3141 = LINE('',#3142,#3143);
#3142 = CARTESIAN_POINT('',(6.28318530718,242.2));
#3143 = VECTOR('',#3144,1.);
#3144 = DIRECTION('',(-1.,0.));
#3145 = ( GEOMETRIC_REPRESENTATION_CONTEXT(2) 
PARAMETRIC_REPRESENTATION_CONTEXT() REPRESENTATION_CONTEXT('2D SPACE',''
  ) );
#3146 = PCURVE('',#3147,#3152);
#3147 = TOROIDAL_SURFACE('',#3148,1.6,0.8);
#3148 = AXIS2_PLACEMENT_3D('',#3149,#3150,#3151);
#3149 = CARTESIAN_POINT('',(217.2,248.71283244593,4.297472103947));
#3150 = DIRECTION('',(-1.,-0.,0.));
#3151 = DIRECTION('',(-0.,0.965925826289,-0.258819045103));
#3152 = DEFINITIONAL_REPRESENTATION('',(#3153),#3157);
#3153 = LINE('',#3154,#3155);
#3154 = CARTESIAN_POINT('',(0.,3.14159265359));
#3155 = VECTOR('',#3156,1.);
#3156 = DIRECTION('',(1.,0.));
#3157 = ( GEOMETRIC_REPRESENTATION_CONTEXT(2) 
PARAMETRIC_REPRESENTATION_CONTEXT() REPRESENTATION_CONTEXT('2D SPACE',''
  ) );
#3158 = ORIENTED_EDGE('',*,*,#3159,.F.);
#3159 = EDGE_CURVE('',#1022,#3131,#3160,.T.);
#3160 = SURFACE_CURVE('',#3161,(#3165,#3172),.PCURVE_S1.);
#3161 = LINE('',#3162,#3163);
#3162 = CARTESIAN_POINT('',(-25.,248.50577720984,3.524731442916));
#3163 = VECTOR('',#3164,1.);
#3164 = DIRECTION('',(1.,0.,0.));
#3165 = PCURVE('',#1058,#3166);
#3166 = DEFINITIONAL_REPRESENTATION('',(#3167),#3171);
#3167 = LINE('',#3168,#3169);
#3168 = CARTESIAN_POINT('',(4.712388980385,0.));
#3169 = VECTOR('',#3170,1.);
#3170 = DIRECTION('',(-0.,1.));
#3171 = ( GEOMETRIC_REPRESENTATION_CONTEXT(2) 
PARAMETRIC_REPRESENTATION_CONTEXT() REPRESENTATION_CONTEXT('2D SPACE',''
  ) );
#3172 = PCURVE('',#1091,#3173);
#3173 = DEFINITIONAL_REPRESENTATION('',(#3174),#3178);
#3174 = LINE('',#3175,#3176);
#3175 = CARTESIAN_POINT('',(0.,12.199999999993));
#3176 = VECTOR('',#3177,1.);
#3177 = DIRECTION('',(1.,0.));
#3178 = ( GEOMETRIC_REPRESENTATION_CONTEXT(2) 
PARAMETRIC_REPRESENTATION_CONTEXT() REPRESENTATION_CONTEXT('2D SPACE',''
  ) );
#3179 = ORIENTED_EDGE('',*,*,#1043,.T.);
#3180 = ORIENTED_EDGE('',*,*,#2961,.T.);
#3181 = ADVANCED_FACE('',(#3182),#1091,.T.);
#3182 = FACE_BOUND('',#3183,.T.);
#3183 = EDGE_LOOP('',(#3184,#3185,#3186,#3209));
#3184 = ORIENTED_EDGE('',*,*,#3159,.F.);
#3185 = ORIENTED_EDGE('',*,*,#1075,.F.);
#3186 = ORIENTED_EDGE('',*,*,#3187,.T.);
#3187 = EDGE_CURVE('',#1076,#3188,#3190,.T.);
#3188 = VERTEX_POINT('',#3189);
#3189 = CARTESIAN_POINT('',(217.2,237.49422279015,6.475268557084));
#3190 = SURFACE_CURVE('',#3191,(#3195,#3202),.PCURVE_S1.);
#3191 = LINE('',#3192,#3193);
#3192 = CARTESIAN_POINT('',(-25.,237.49422279015,6.475268557084));
#3193 = VECTOR('',#3194,1.);
#3194 = DIRECTION('',(1.,0.,0.));
#3195 = PCURVE('',#1091,#3196);
#3196 = DEFINITIONAL_REPRESENTATION('',(#3197),#3201);
#3197 = LINE('',#3198,#3199);
#3198 = CARTESIAN_POINT('',(0.,0.799999999999));
#3199 = VECTOR('',#3200,1.);
#3200 = DIRECTION('',(1.,0.));
#3201 = ( GEOMETRIC_REPRESENTATION_CONTEXT(2) 
PARAMETRIC_REPRESENTATION_CONTEXT() REPRESENTATION_CONTEXT('2D SPACE',''
  ) );
#3202 = PCURVE('',#1165,#3203);
#3203 = DEFINITIONAL_REPRESENTATION('',(#3204),#3208);
#3204 = LINE('',#3205,#3206);
#3205 = CARTESIAN_POINT('',(1.570796326795,0.));
#3206 = VECTOR('',#3207,1.);
#3207 = DIRECTION('',(0.,1.));
#3208 = ( GEOMETRIC_REPRESENTATION_CONTEXT(2) 
PARAMETRIC_REPRESENTATION_CONTEXT() REPRESENTATION_CONTEXT('2D SPACE',''
  ) );
#3209 = ORIENTED_EDGE('',*,*,#3210,.F.);
#3210 = EDGE_CURVE('',#3131,#3188,#3211,.T.);
#3211 = SURFACE_CURVE('',#3212,(#3216,#3223),.PCURVE_S1.);
#3212 = LINE('',#3213,#3214);
#3213 = CARTESIAN_POINT('',(217.2,248.50577720984,3.524731442916));
#3214 = VECTOR('',#3215,1.);
#3215 = DIRECTION('',(0.,-0.965925826289,0.258819045103));
#3216 = PCURVE('',#1091,#3217);
#3217 = DEFINITIONAL_REPRESENTATION('',(#3218),#3222);
#3218 = LINE('',#3219,#3220);
#3219 = CARTESIAN_POINT('',(242.2,12.199999999993));
#3220 = VECTOR('',#3221,1.);
#3221 = DIRECTION('',(0.,-1.));
#3222 = ( GEOMETRIC_REPRESENTATION_CONTEXT(2) 
PARAMETRIC_REPRESENTATION_CONTEXT() REPRESENTATION_CONTEXT('2D SPACE',''
  ) );
#3223 = PCURVE('',#3224,#3229);
#3224 = CYLINDRICAL_SURFACE('',#3225,0.8);
#3225 = AXIS2_PLACEMENT_3D('',#3226,#3227,#3228);
#3226 = CARTESIAN_POINT('',(217.2,248.29872197376,2.751990781884));
#3227 = DIRECTION('',(0.,-0.965925826289,0.258819045103));
#3228 = DIRECTION('',(-0.,0.258819045103,0.965925826289));
#3229 = DEFINITIONAL_REPRESENTATION('',(#3230),#3234);
#3230 = LINE('',#3231,#3232);
#3231 = CARTESIAN_POINT('',(6.28318530718,0.));
#3232 = VECTOR('',#3233,1.);
#3233 = DIRECTION('',(-0.,1.));
#3234 = ( GEOMETRIC_REPRESENTATION_CONTEXT(2) 
PARAMETRIC_REPRESENTATION_CONTEXT() REPRESENTATION_CONTEXT('2D SPACE',''
  ) );
#3235 = ADVANCED_FACE('',(#3236),#1165,.F.);
#3236 = FACE_BOUND('',#3237,.F.);
#3237 = EDGE_LOOP('',(#3238,#3261,#3262,#3263));
#3238 = ORIENTED_EDGE('',*,*,#3239,.F.);
#3239 = EDGE_CURVE('',#1129,#3240,#3242,.T.);
#3240 = VERTEX_POINT('',#3241);
#3241 = CARTESIAN_POINT('',(217.2,236.9285373652,7.455064454198));
#3242 = SURFACE_CURVE('',#3243,(#3247,#3254),.PCURVE_S1.);
#3243 = LINE('',#3244,#3245);
#3244 = CARTESIAN_POINT('',(-25.,236.9285373652,7.455064454198));
#3245 = VECTOR('',#3246,1.);
#3246 = DIRECTION('',(1.,0.,0.));
#3247 = PCURVE('',#1165,#3248);
#3248 = DEFINITIONAL_REPRESENTATION('',(#3249),#3253);
#3249 = LINE('',#3250,#3251);
#3250 = CARTESIAN_POINT('',(0.,0.));
#3251 = VECTOR('',#3252,1.);
#3252 = DIRECTION('',(0.,1.));
#3253 = ( GEOMETRIC_REPRESENTATION_CONTEXT(2) 
PARAMETRIC_REPRESENTATION_CONTEXT() REPRESENTATION_CONTEXT('2D SPACE',''
  ) );
#3254 = PCURVE('',#1198,#3255);
#3255 = DEFINITIONAL_REPRESENTATION('',(#3256),#3260);
#3256 = LINE('',#3257,#3258);
#3257 = CARTESIAN_POINT('',(0.8,0.));
#3258 = VECTOR('',#3259,1.);
#3259 = DIRECTION('',(0.,1.));
#3260 = ( GEOMETRIC_REPRESENTATION_CONTEXT(2) 
PARAMETRIC_REPRESENTATION_CONTEXT() REPRESENTATION_CONTEXT('2D SPACE',''
  ) );
#3261 = ORIENTED_EDGE('',*,*,#1150,.T.);
#3262 = ORIENTED_EDGE('',*,*,#3187,.T.);
#3263 = ORIENTED_EDGE('',*,*,#3264,.T.);
#3264 = EDGE_CURVE('',#3188,#3240,#3265,.T.);
#3265 = SURFACE_CURVE('',#3266,(#3271,#3278),.PCURVE_S1.);
#3266 = CIRCLE('',#3267,0.8);
#3267 = AXIS2_PLACEMENT_3D('',#3268,#3269,#3270);
#3268 = CARTESIAN_POINT('',(217.2,237.70127802623,7.248009218116));
#3269 = DIRECTION('',(-1.,-0.,0.));
#3270 = DIRECTION('',(0.,-0.258819045103,-0.965925826289));
#3271 = PCURVE('',#1165,#3272);
#3272 = DEFINITIONAL_REPRESENTATION('',(#3273),#3277);
#3273 = LINE('',#3274,#3275);
#3274 = CARTESIAN_POINT('',(1.570796326795,242.2));
#3275 = VECTOR('',#3276,1.);
#3276 = DIRECTION('',(-1.,-0.));
#3277 = ( GEOMETRIC_REPRESENTATION_CONTEXT(2) 
PARAMETRIC_REPRESENTATION_CONTEXT() REPRESENTATION_CONTEXT('2D SPACE',''
  ) );
#3278 = PCURVE('',#3279,#3284);
#3279 = TOROIDAL_SURFACE('',#3280,1.6,0.8);
#3280 = AXIS2_PLACEMENT_3D('',#3281,#3282,#3283);
#3281 = CARTESIAN_POINT('',(217.2,237.70127802623,7.248009218116));
#3282 = DIRECTION('',(-1.,-0.,0.));
#3283 = DIRECTION('',(0.,-0.258819045103,-0.965925826289));
#3284 = DEFINITIONAL_REPRESENTATION('',(#3285),#3289);
#3285 = LINE('',#3286,#3287);
#3286 = CARTESIAN_POINT('',(0.,3.14159265359));
#3287 = VECTOR('',#3288,1.);
#3288 = DIRECTION('',(1.,0.));
#3289 = ( GEOMETRIC_REPRESENTATION_CONTEXT(2) 
PARAMETRIC_REPRESENTATION_CONTEXT() REPRESENTATION_CONTEXT('2D SPACE',''
  ) );
#3290 = ADVANCED_FACE('',(#3291),#1198,.T.);
#3291 = FACE_BOUND('',#3292,.T.);
#3292 = EDGE_LOOP('',(#3293,#3294,#3295,#3336,#3364,#3514));
#3293 = ORIENTED_EDGE('',*,*,#3239,.F.);
#3294 = ORIENTED_EDGE('',*,*,#1182,.F.);
#3295 = ORIENTED_EDGE('',*,*,#3296,.F.);
#3296 = EDGE_CURVE('',#3297,#1183,#3299,.T.);
#3297 = VERTEX_POINT('',#3298);
#3298 = CARTESIAN_POINT('',(-7.,240.02010307656,18.992944763918));
#3299 = SURFACE_CURVE('',#3300,(#3313,#3329),.PCURVE_S1.);
#3300 = B_SPLINE_CURVE_WITH_KNOTS('',11,(#3301,#3302,#3303,#3304,#3305,
    #3306,#3307,#3308,#3309,#3310,#3311,#3312),.UNSPECIFIED.,.F.,.F.,(12
    ,12),(0.,1.),.PIECEWISE_BEZIER_KNOTS.);
#3301 = CARTESIAN_POINT('',(-7.,240.02010307656,18.992944763918));
#3302 = CARTESIAN_POINT('',(-7.028665191224,240.02010307656,
    18.992944763918));
#3303 = CARTESIAN_POINT('',(-7.057293152059,240.01849000578,
    18.986924701733));
#3304 = CARTESIAN_POINT('',(-7.084523651527,240.01544398209,
    18.975556786766));
#3305 = CARTESIAN_POINT('',(-7.109125189927,240.01142186032,
    18.960546023593));
#3306 = CARTESIAN_POINT('',(-7.131959458406,240.00659680951,
    18.942538689366));
#3307 = CARTESIAN_POINT('',(-7.151895051115,240.00113558314,
    18.922157114505));
#3308 = CARTESIAN_POINT('',(-7.169450632127,239.99502291593,
    18.899344330455));
#3309 = CARTESIAN_POINT('',(-7.183750698683,239.98845877931,
    18.874846638703));
#3310 = CARTESIAN_POINT('',(-7.194383524473,239.98134435784,
    18.848295256525));
#3311 = CARTESIAN_POINT('',(-7.2,239.9739320417,18.820632115993));
#3312 = CARTESIAN_POINT('',(-7.2,239.96651323807,18.792944763918));
#3313 = PCURVE('',#1198,#3314);
#3314 = DEFINITIONAL_REPRESENTATION('',(#3315),#3328);
#3315 = B_SPLINE_CURVE_WITH_KNOTS('',11,(#3316,#3317,#3318,#3319,#3320,
    #3321,#3322,#3323,#3324,#3325,#3326,#3327),.UNSPECIFIED.,.F.,.F.,(12
    ,12),(0.,1.),.PIECEWISE_BEZIER_KNOTS.);
#3316 = CARTESIAN_POINT('',(12.744892657077,18.));
#3317 = CARTESIAN_POINT('',(12.744892657077,17.971334808776));
#3318 = CARTESIAN_POINT('',(12.738660230097,17.942706847941));
#3319 = CARTESIAN_POINT('',(12.726891298497,17.915476348473));
#3320 = CARTESIAN_POINT('',(12.71135101296,17.890874810073));
#3321 = CARTESIAN_POINT('',(12.692708448724,17.868040541594));
#3322 = CARTESIAN_POINT('',(12.671607889791,17.848104948885));
#3323 = CARTESIAN_POINT('',(12.647990357818,17.830549367873));
#3324 = CARTESIAN_POINT('',(12.622628481098,17.816249301317));
#3325 = CARTESIAN_POINT('',(12.595140467557,17.805616475527));
#3326 = CARTESIAN_POINT('',(12.566501477096,17.8));
#3327 = CARTESIAN_POINT('',(12.537837420994,17.8));
#3328 = ( GEOMETRIC_REPRESENTATION_CONTEXT(2) 
PARAMETRIC_REPRESENTATION_CONTEXT() REPRESENTATION_CONTEXT('2D SPACE',''
  ) );
#3329 = PCURVE('',#1231,#3330);
#3330 = DEFINITIONAL_REPRESENTATION('',(#3331),#3335);
#3331 = LINE('',#3332,#3333);
#3332 = CARTESIAN_POINT('',(0.,0.));
#3333 = VECTOR('',#3334,1.);
#3334 = DIRECTION('',(1.,0.));
#3335 = ( GEOMETRIC_REPRESENTATION_CONTEXT(2) 
PARAMETRIC_REPRESENTATION_CONTEXT() REPRESENTATION_CONTEXT('2D SPACE',''
  ) );
#3336 = ORIENTED_EDGE('',*,*,#3337,.F.);
#3337 = EDGE_CURVE('',#3338,#3297,#3340,.T.);
#3338 = VERTEX_POINT('',#3339);
#3339 = CARTESIAN_POINT('',(217.,240.02010307656,18.992944763918));
#3340 = SURFACE_CURVE('',#3341,(#3345,#3352),.PCURVE_S1.);
#3341 = LINE('',#3342,#3343);
#3342 = CARTESIAN_POINT('',(217.,240.02010307656,18.992944763918));
#3343 = VECTOR('',#3344,1.);
#3344 = DIRECTION('',(-1.,0.,0.));
#3345 = PCURVE('',#1198,#3346);
#3346 = DEFINITIONAL_REPRESENTATION('',(#3347),#3351);
#3347 = LINE('',#3348,#3349);
#3348 = CARTESIAN_POINT('',(12.744892657077,242.));
#3349 = VECTOR('',#3350,1.);
#3350 = DIRECTION('',(0.,-1.));
#3351 = ( GEOMETRIC_REPRESENTATION_CONTEXT(2) 
PARAMETRIC_REPRESENTATION_CONTEXT() REPRESENTATION_CONTEXT('2D SPACE',''
  ) );
#3352 = PCURVE('',#3353,#3358);
#3353 = CYLINDRICAL_SURFACE('',#3354,0.8);
#3354 = AXIS2_PLACEMENT_3D('',#3355,#3356,#3357);
#3355 = CARTESIAN_POINT('',(217.,239.24736241552,19.2));
#3356 = DIRECTION('',(-1.,0.,0.));
#3357 = DIRECTION('',(0.,0.965925826289,-0.258819045103));
#3358 = DEFINITIONAL_REPRESENTATION('',(#3359),#3363);
#3359 = LINE('',#3360,#3361);
#3360 = CARTESIAN_POINT('',(6.28318530718,0.));
#3361 = VECTOR('',#3362,1.);
#3362 = DIRECTION('',(-0.,1.));
#3363 = ( GEOMETRIC_REPRESENTATION_CONTEXT(2) 
PARAMETRIC_REPRESENTATION_CONTEXT() REPRESENTATION_CONTEXT('2D SPACE',''
  ) );
#3364 = ORIENTED_EDGE('',*,*,#3365,.F.);
#3365 = EDGE_CURVE('',#3366,#3338,#3368,.T.);
#3366 = VERTEX_POINT('',#3367);
#3367 = CARTESIAN_POINT('',(217.2,239.96651323807,18.792944763918));
#3368 = SURFACE_CURVE('',#3369,(#3382,#3398),.PCURVE_S1.);
#3369 = B_SPLINE_CURVE_WITH_KNOTS('',11,(#3370,#3371,#3372,#3373,#3374,
    #3375,#3376,#3377,#3378,#3379,#3380,#3381),.UNSPECIFIED.,.F.,.F.,(12
    ,12),(0.,1.),.PIECEWISE_BEZIER_KNOTS.);
#3370 = CARTESIAN_POINT('',(217.2,239.96651323807,18.792944763918));
#3371 = CARTESIAN_POINT('',(217.2,239.9739320417,18.820632115993));
#3372 = CARTESIAN_POINT('',(217.19438352446,239.98134435786,
    18.848295256526));
#3373 = CARTESIAN_POINT('',(217.1837506987,239.98845877928,
    18.874846638701));
#3374 = CARTESIAN_POINT('',(217.16945063208,239.99502291598,
    18.899344330458));
#3375 = CARTESIAN_POINT('',(217.15189505118,240.0011355831,18.9221571145
    ));
#3376 = CARTESIAN_POINT('',(217.13195945833,240.00659680954,
    18.942538689371));
#3377 = CARTESIAN_POINT('',(217.10912518998,240.0114218603,
    18.960546023585));
#3378 = CARTESIAN_POINT('',(217.08452365149,240.0154439821,
    18.97555678677));
#3379 = CARTESIAN_POINT('',(217.05729315207,240.01849000577,
    18.986924701729));
#3380 = CARTESIAN_POINT('',(217.02866519122,240.02010307656,
    18.992944763918));
#3381 = CARTESIAN_POINT('',(217.,240.02010307656,18.992944763918));
#3382 = PCURVE('',#1198,#3383);
#3383 = DEFINITIONAL_REPRESENTATION('',(#3384),#3397);
#3384 = B_SPLINE_CURVE_WITH_KNOTS('',11,(#3385,#3386,#3387,#3388,#3389,
    #3390,#3391,#3392,#3393,#3394,#3395,#3396),.UNSPECIFIED.,.F.,.F.,(12
    ,12),(0.,1.),.PIECEWISE_BEZIER_KNOTS.);
#3385 = CARTESIAN_POINT('',(12.537837420994,242.2));
#3386 = CARTESIAN_POINT('',(12.566501477096,242.2));
#3387 = CARTESIAN_POINT('',(12.595140467563,242.19438352446));
#3388 = CARTESIAN_POINT('',(12.622628481088,242.1837506987));
#3389 = CARTESIAN_POINT('',(12.647990357834,242.16945063208));
#3390 = CARTESIAN_POINT('',(12.671607889776,242.15189505118));
#3391 = CARTESIAN_POINT('',(12.692708448737,242.13195945833));
#3392 = CARTESIAN_POINT('',(12.711351012947,242.10912518998));
#3393 = CARTESIAN_POINT('',(12.726891298503,242.08452365149));
#3394 = CARTESIAN_POINT('',(12.738660230091,242.05729315207));
#3395 = CARTESIAN_POINT('',(12.744892657077,242.02866519122));
#3396 = CARTESIAN_POINT('',(12.744892657077,242.));
#3397 = ( GEOMETRIC_REPRESENTATION_CONTEXT(2) 
PARAMETRIC_REPRESENTATION_CONTEXT() REPRESENTATION_CONTEXT('2D SPACE',''
  ) );
#3398 = PCURVE('',#3399,#3508);
#3399 = B_SPLINE_SURFACE_WITH_KNOTS('',11,8,(
    (#3400,#3401,#3402,#3403,#3404,#3405,#3406,#3407,#3408)
    ,(#3409,#3410,#3411,#3412,#3413,#3414,#3415,#3416,#3417)
    ,(#3418,#3419,#3420,#3421,#3422,#3423,#3424,#3425,#3426)
    ,(#3427,#3428,#3429,#3430,#3431,#3432,#3433,#3434,#3435)
    ,(#3436,#3437,#3438,#3439,#3440,#3441,#3442,#3443,#3444)
    ,(#3445,#3446,#3447,#3448,#3449,#3450,#3451,#3452,#3453)
    ,(#3454,#3455,#3456,#3457,#3458,#3459,#3460,#3461,#3462)
    ,(#3463,#3464,#3465,#3466,#3467,#3468,#3469,#3470,#3471)
    ,(#3472,#3473,#3474,#3475,#3476,#3477,#3478,#3479,#3480)
    ,(#3481,#3482,#3483,#3484,#3485,#3486,#3487,#3488,#3489)
    ,(#3490,#3491,#3492,#3493,#3494,#3495,#3496,#3497,#3498)
    ,(#3499,#3500,#3501,#3502,#3503,#3504,#3505,#3506,#3507
  )),.UNSPECIFIED.,.F.,.F.,.F.,(12,12),(9,9),(0.,1.),(0.,1.),
  .PIECEWISE_BEZIER_KNOTS.);
#3400 = CARTESIAN_POINT('',(217.2,239.96651323807,18.792944763918));
#3401 = CARTESIAN_POINT('',(217.35707963268,239.96651323807,
    18.792944763918));
#3402 = CARTESIAN_POINT('',(217.5141593148,239.93246567488,
    18.802067780978));
#3403 = CARTESIAN_POINT('',(217.66201058746,239.86437088292,
    18.820313725495));
#3404 = CARTESIAN_POINT('',(217.79140700462,239.76502787664,
    18.846932603796));
#3405 = CARTESIAN_POINT('',(217.89425445269,239.6400405355,
    18.880422860924));
#3406 = CARTESIAN_POINT('',(217.96475136883,239.49722717277,
    18.918689586132));
#3407 = CARTESIAN_POINT('',(218.,239.34549985103,18.959344799465));
#3408 = CARTESIAN_POINT('',(218.,239.19377257704,19.));
#3409 = CARTESIAN_POINT('',(217.2,239.9739320417,18.820632115993));
#3410 = CARTESIAN_POINT('',(217.35189057516,239.97956690759,
    18.841661721811));
#3411 = CARTESIAN_POINT('',(217.50441032871,239.95342903349,
    18.871204824036));
#3412 = CARTESIAN_POINT('',(217.65169786268,239.8945068472,
    18.908153180462));
#3413 = CARTESIAN_POINT('',(217.78845535062,239.8020775402,
    18.951321850861));
#3414 = CARTESIAN_POINT('',(217.90214126029,239.6715977667,
    19.000779107018));
#3415 = CARTESIAN_POINT('',(217.97490279594,239.5169919488,
    19.052113398995));
#3416 = CARTESIAN_POINT('',(218.00580100932,239.35598457257,
    19.100444556402));
#3417 = CARTESIAN_POINT('',(218.,239.20141920401,19.142688001733));
#3418 = CARTESIAN_POINT('',(217.19438352446,239.98134435786,
    18.848295256526));
#3419 = CARTESIAN_POINT('',(217.33898907381,239.99261713285,
    18.890365825524));
#3420 = CARTESIAN_POINT('',(217.50044995077,239.97462653345,
    18.928059526046));
#3421 = CARTESIAN_POINT('',(217.63912112214,239.9242916345,
    18.992480326894));
#3422 = CARTESIAN_POINT('',(217.76918115134,239.83782514318,
    19.065377113386));
#3423 = CARTESIAN_POINT('',(217.87912312755,239.70208031074,
    19.141871978223));
#3424 = CARTESIAN_POINT('',(217.94719144312,239.53670484343,
    19.209173938227));
#3425 = CARTESIAN_POINT('',(217.98970604649,239.36741554988,
    19.246021667361));
#3426 = CARTESIAN_POINT('',(217.97761577812,239.2101481929,
    19.285157417879));
#3427 = CARTESIAN_POINT('',(217.1837506987,239.98845877928,
    18.874846638701));
#3428 = CARTESIAN_POINT('',(217.31889165769,240.0052205325,
    18.937402353319));
#3429 = CARTESIAN_POINT('',(217.47274052092,239.99083967258,
    18.998690465625));
#3430 = CARTESIAN_POINT('',(217.60619419987,239.94596830458,
    19.085310974716));
#3431 = CARTESIAN_POINT('',(217.73435103413,239.8630200097,
    19.180218428262));
#3432 = CARTESIAN_POINT('',(217.84426460152,239.72183440914,
    19.27605737958));
#3433 = CARTESIAN_POINT('',(217.91057315677,239.54641786035,
    19.353751017141));
#3434 = CARTESIAN_POINT('',(217.9496075834,239.36655553366,
    19.393388756051));
#3435 = CARTESIAN_POINT('',(217.9327786896,239.20487288846,
    19.425421906381));
#3436 = CARTESIAN_POINT('',(217.16945063208,239.99502291598,
    18.899344330458));
#3437 = CARTESIAN_POINT('',(217.29285691778,240.01727805735,
    18.982401648781));
#3438 = CARTESIAN_POINT('',(217.43259111606,240.01378575239,
    19.069878866412));
#3439 = CARTESIAN_POINT('',(217.55832151409,239.97551248301,
    19.177225597435));
#3440 = CARTESIAN_POINT('',(217.68125893014,239.89741963953,
    19.292111219342));
#3441 = CARTESIAN_POINT('',(217.78767235395,239.75497415135,
    19.404498229113));
#3442 = CARTESIAN_POINT('',(217.8512904039,239.57620509019,
    19.489221229183));
#3443 = CARTESIAN_POINT('',(217.88421124077,239.39880956967,
    19.531702140092));
#3444 = CARTESIAN_POINT('',(217.86611369684,239.23752082723,
    19.553464871489));
#3445 = CARTESIAN_POINT('',(217.15189505118,240.0011355831,18.9221571145
    ));
#3446 = CARTESIAN_POINT('',(217.26154211774,240.02825627702,
    19.023372922128));
#3447 = CARTESIAN_POINT('',(217.38197381654,240.02064332844,
    19.138571530568));
#3448 = CARTESIAN_POINT('',(217.49696170111,239.98277768243,
    19.265084997332));
#3449 = CARTESIAN_POINT('',(217.61095046378,239.90365898564,
    19.398287594866));
#3450 = CARTESIAN_POINT('',(217.71024565507,239.75524990893,
    19.525525904813));
#3451 = CARTESIAN_POINT('',(217.77000816882,239.56722000476,
    19.616389377756));
#3452 = CARTESIAN_POINT('',(217.79561880139,239.37420192793,
    19.665033953581));
#3453 = CARTESIAN_POINT('',(217.77999682282,239.20524848709,
    19.67700655475));
#3454 = CARTESIAN_POINT('',(217.13195945833,240.00659680954,
    18.942538689371));
#3455 = CARTESIAN_POINT('',(217.22577525007,240.03857679467,
    19.061889618691));
#3456 = CARTESIAN_POINT('',(217.32248758496,240.04225458322,
    19.201919873825));
#3457 = CARTESIAN_POINT('',(217.42315899041,240.00867145642,
    19.34418558146));
#3458 = CARTESIAN_POINT('',(217.52409929119,239.93245922172,
    19.49130931069));
#3459 = CARTESIAN_POINT('',(217.61251219009,239.78569894034,
    19.628570244326));
#3460 = CARTESIAN_POINT('',(217.66685239549,239.5997988359,
    19.722014024712));
#3461 = CARTESIAN_POINT('',(217.68463888397,239.41549066384,
    19.774424313495));
#3462 = CARTESIAN_POINT('',(217.67492349163,239.24837935577,
    19.777537884229));
#3463 = CARTESIAN_POINT('',(217.10912518998,240.0114218603,
    18.960546023585));
#3464 = CARTESIAN_POINT('',(217.18573930088,240.0474596093,
    19.095040733852));
#3465 = CARTESIAN_POINT('',(217.25745013194,240.04759021201,
    19.256914333064));
#3466 = CARTESIAN_POINT('',(217.34124206995,240.01220898274,
    19.412105922157));
#3467 = CARTESIAN_POINT('',(217.42601519188,239.93303306856,
    19.569974209199));
#3468 = CARTESIAN_POINT('',(217.50060822595,239.78343115766,
    19.714432318763));
#3469 = CARTESIAN_POINT('',(217.54798570066,239.5939211313,
    19.810211786559));
#3470 = CARTESIAN_POINT('',(217.55858450219,239.40039318362,
    19.868500991011));
#3471 = CARTESIAN_POINT('',(217.55598823656,239.22715971685,
    19.867118302091));
#3472 = CARTESIAN_POINT('',(217.08452365149,240.0154439821,
    18.97555678677));
#3473 = CARTESIAN_POINT('',(217.14258930197,240.05520038421,
    19.123929699375));
#3474 = CARTESIAN_POINT('',(217.18953781075,240.05932317477,
    19.301706892716));
#3475 = CARTESIAN_POINT('',(217.25427008394,240.02347023505,
    19.466510910985));
#3476 = CARTESIAN_POINT('',(217.32030393621,239.94266123613,
    19.63075015647));
#3477 = CARTESIAN_POINT('',(217.37861180324,239.79478861931,
    19.777817885524));
#3478 = CARTESIAN_POINT('',(217.41712503299,239.60864400776,
    19.873881612184));
#3479 = CARTESIAN_POINT('',(217.42111083953,239.41913588225,
    19.935075991526));
#3480 = CARTESIAN_POINT('',(217.42451147494,239.24472927217,
    19.932241926943));
#3481 = CARTESIAN_POINT('',(217.05729315207,240.01849000577,
    18.986924701729));
#3482 = CARTESIAN_POINT('',(217.09624319182,240.06132400657,
    19.146783369014));
#3483 = CARTESIAN_POINT('',(217.12190360017,240.06488877806,
    19.334640291228));
#3484 = CARTESIAN_POINT('',(217.16635137316,240.02591776884,
    19.507133711928));
#3485 = CARTESIAN_POINT('',(217.21197706129,239.94084564014,
    19.674865846877));
#3486 = CARTESIAN_POINT('',(217.252316443,239.79443746645,
    19.821427317794));
#3487 = CARTESIAN_POINT('',(217.28013482311,239.61176165942,
    19.917418279464));
#3488 = CARTESIAN_POINT('',(217.27949999785,239.42253662047,
    19.979230639465));
#3489 = CARTESIAN_POINT('',(217.2858685498,239.24490460105,
    19.977608186435));
#3490 = CARTESIAN_POINT('',(217.02866519122,240.02010307656,
    18.992944763918));
#3491 = CARTESIAN_POINT('',(217.04812922407,240.06549495591,
    19.162349563924));
#3492 = CARTESIAN_POINT('',(217.06759326142,240.06888705797,
    19.34433246457));
#3493 = CARTESIAN_POINT('',(217.08621835246,240.02612091855,
    19.528656505298));
#3494 = CARTESIAN_POINT('',(217.10316572934,239.93565760824,
    19.704987534114));
#3495 = CARTESIAN_POINT('',(217.11769956361,239.79195805135,
    19.854700660404));
#3496 = CARTESIAN_POINT('',(217.1292924404,239.61482236187,
    19.953472024942));
#3497 = CARTESIAN_POINT('',(217.13768092767,239.42775541449,20.));
#3498 = CARTESIAN_POINT('',(217.14286499392,239.24736241553,20.));
#3499 = CARTESIAN_POINT('',(217.,240.02010307656,18.992944763918));
#3500 = CARTESIAN_POINT('',(217.,240.06753414385,19.169959916905));
#3501 = CARTESIAN_POINT('',(216.99999999999,240.06862260663,
    19.359392713567));
#3502 = CARTESIAN_POINT('',(217.,240.01957691436,19.547086883031));
#3503 = CARTESIAN_POINT('',(216.99999999999,239.92178799581,
    19.717504949125));
#3504 = CARTESIAN_POINT('',(217.,239.78248641901,19.856069232226));
#3505 = CARTESIAN_POINT('',(216.99999999999,239.61388173253,
    19.952022558761));
#3506 = CARTESIAN_POINT('',(217.,239.43062198698,20.));
#3507 = CARTESIAN_POINT('',(217.,239.24736241552,20.));
#3508 = DEFINITIONAL_REPRESENTATION('',(#3509),#3513);
#3509 = LINE('',#3510,#3511);
#3510 = CARTESIAN_POINT('',(0.,0.));
#3511 = VECTOR('',#3512,1.);
#3512 = DIRECTION('',(1.,0.));
#3513 = ( GEOMETRIC_REPRESENTATION_CONTEXT(2) 
PARAMETRIC_REPRESENTATION_CONTEXT() REPRESENTATION_CONTEXT('2D SPACE',''
  ) );
#3514 = ORIENTED_EDGE('',*,*,#3515,.F.);
#3515 = EDGE_CURVE('',#3240,#3366,#3516,.T.);
#3516 = SURFACE_CURVE('',#3517,(#3521,#3528),.PCURVE_S1.);
#3517 = LINE('',#3518,#3519);
#3518 = CARTESIAN_POINT('',(217.2,236.9285373652,7.455064454198));
#3519 = VECTOR('',#3520,1.);
#3520 = DIRECTION('',(-0.,0.258819045103,0.965925826289));
#3521 = PCURVE('',#1198,#3522);
#3522 = DEFINITIONAL_REPRESENTATION('',(#3523),#3527);
#3523 = LINE('',#3524,#3525);
#3524 = CARTESIAN_POINT('',(0.8,242.2));
#3525 = VECTOR('',#3526,1.);
#3526 = DIRECTION('',(1.,0.));
#3527 = ( GEOMETRIC_REPRESENTATION_CONTEXT(2) 
PARAMETRIC_REPRESENTATION_CONTEXT() REPRESENTATION_CONTEXT('2D SPACE',''
  ) );
#3528 = PCURVE('',#3529,#3534);
#3529 = CYLINDRICAL_SURFACE('',#3530,0.8);
#3530 = AXIS2_PLACEMENT_3D('',#3531,#3532,#3533);
#3531 = CARTESIAN_POINT('',(217.2,236.15579670417,7.66211969028));
#3532 = DIRECTION('',(-0.,0.258819045103,0.965925826289));
#3533 = DIRECTION('',(0.,0.965925826289,-0.258819045103));
#3534 = DEFINITIONAL_REPRESENTATION('',(#3535),#3539);
#3535 = LINE('',#3536,#3537);
#3536 = CARTESIAN_POINT('',(6.28318530718,0.));
#3537 = VECTOR('',#3538,1.);
#3538 = DIRECTION('',(-0.,1.));
#3539 = ( GEOMETRIC_REPRESENTATION_CONTEXT(2) 
PARAMETRIC_REPRESENTATION_CONTEXT() REPRESENTATION_CONTEXT('2D SPACE',''
  ) );
#3540 = ADVANCED_FACE('',(#3541),#1231,.T.);
#3541 = FACE_BOUND('',#3542,.T.);
#3542 = EDGE_LOOP('',(#3543,#3563,#3564,#3565));
#3543 = ORIENTED_EDGE('',*,*,#3544,.F.);
#3544 = EDGE_CURVE('',#3297,#1380,#3545,.T.);
#3545 = SURFACE_CURVE('',#3546,(#3551,#3557),.PCURVE_S1.);
#3546 = CIRCLE('',#3547,0.8);
#3547 = AXIS2_PLACEMENT_3D('',#3548,#3549,#3550);
#3548 = CARTESIAN_POINT('',(-7.,239.24736241552,19.2));
#3549 = DIRECTION('',(1.,-0.,0.));
#3550 = DIRECTION('',(0.,0.965925826289,-0.258819045103));
#3551 = PCURVE('',#1231,#3552);
#3552 = DEFINITIONAL_REPRESENTATION('',(#3553),#3556);
#3553 = B_SPLINE_CURVE_WITH_KNOTS('',1,(#3554,#3555),.UNSPECIFIED.,.F.,
  .F.,(2,2),(0.,1.832595714594),.PIECEWISE_BEZIER_KNOTS.);
#3554 = CARTESIAN_POINT('',(0.,0.));
#3555 = CARTESIAN_POINT('',(0.,1.));
#3556 = ( GEOMETRIC_REPRESENTATION_CONTEXT(2) 
PARAMETRIC_REPRESENTATION_CONTEXT() REPRESENTATION_CONTEXT('2D SPACE',''
  ) );
#3557 = PCURVE('',#3353,#3558);
#3558 = DEFINITIONAL_REPRESENTATION('',(#3559),#3562);
#3559 = B_SPLINE_CURVE_WITH_KNOTS('',1,(#3560,#3561),.UNSPECIFIED.,.F.,
  .F.,(2,2),(0.,1.832595714594),.PIECEWISE_BEZIER_KNOTS.);
#3560 = CARTESIAN_POINT('',(6.28318530718,224.));
#3561 = CARTESIAN_POINT('',(4.450589592586,224.));
#3562 = ( GEOMETRIC_REPRESENTATION_CONTEXT(2) 
PARAMETRIC_REPRESENTATION_CONTEXT() REPRESENTATION_CONTEXT('2D SPACE',''
  ) );
#3563 = ORIENTED_EDGE('',*,*,#3296,.T.);
#3564 = ORIENTED_EDGE('',*,*,#1212,.T.);
#3565 = ORIENTED_EDGE('',*,*,#1407,.F.);
#3566 = ADVANCED_FACE('',(#3567),#1367,.T.);
#3567 = FACE_BOUND('',#3568,.T.);
#3568 = EDGE_LOOP('',(#3569,#3597,#3598,#3599));
#3569 = ORIENTED_EDGE('',*,*,#3570,.T.);
#3570 = EDGE_CURVE('',#3571,#1351,#3573,.T.);
#3571 = VERTEX_POINT('',#3572);
#3572 = CARTESIAN_POINT('',(0.,219.,20.));
#3573 = SURFACE_CURVE('',#3574,(#3579,#3586),.PCURVE_S1.);
#3574 = CIRCLE('',#3575,7.);
#3575 = AXIS2_PLACEMENT_3D('',#3576,#3577,#3578);
#3576 = CARTESIAN_POINT('',(0.,226.,20.));
#3577 = DIRECTION('',(-0.,-0.,-1.));
#3578 = DIRECTION('',(0.,-1.,0.));
#3579 = PCURVE('',#1367,#3580);
#3580 = DEFINITIONAL_REPRESENTATION('',(#3581),#3585);
#3581 = LINE('',#3582,#3583);
#3582 = CARTESIAN_POINT('',(6.28318530718,1.570796326795));
#3583 = VECTOR('',#3584,1.);
#3584 = DIRECTION('',(-1.,0.));
#3585 = ( GEOMETRIC_REPRESENTATION_CONTEXT(2) 
PARAMETRIC_REPRESENTATION_CONTEXT() REPRESENTATION_CONTEXT('2D SPACE',''
  ) );
#3586 = PCURVE('',#1395,#3587);
#3587 = DEFINITIONAL_REPRESENTATION('',(#3588),#3596);
#3588 = ( BOUNDED_CURVE() B_SPLINE_CURVE(2,(#3589,#3590,#3591,#3592,
#3593,#3594,#3595),.UNSPECIFIED.,.T.,.F.) B_SPLINE_CURVE_WITH_KNOTS((1,2
    ,2,2,2,1),(-2.094395102393,0.,2.094395102393,4.188790204786,
6.28318530718,8.377580409573),.UNSPECIFIED.) CURVE() 
GEOMETRIC_REPRESENTATION_ITEM() RATIONAL_B_SPLINE_CURVE((1.,0.5,1.,0.5,
1.,0.5,1.)) REPRESENTATION_ITEM('') );
#3589 = CARTESIAN_POINT('',(8.,1.));
#3590 = CARTESIAN_POINT('',(-4.124355652982,1.));
#3591 = CARTESIAN_POINT('',(1.937822173509,11.5));
#3592 = CARTESIAN_POINT('',(8.,22.));
#3593 = CARTESIAN_POINT('',(14.062177826491,11.5));
#3594 = CARTESIAN_POINT('',(20.124355652982,1.));
#3595 = CARTESIAN_POINT('',(8.,1.));
#3596 = ( GEOMETRIC_REPRESENTATION_CONTEXT(2) 
PARAMETRIC_REPRESENTATION_CONTEXT() REPRESENTATION_CONTEXT('2D SPACE',''
  ) );
#3597 = ORIENTED_EDGE('',*,*,#1350,.F.);
#3598 = ORIENTED_EDGE('',*,*,#1592,.F.);
#3599 = ORIENTED_EDGE('',*,*,#3600,.T.);
#3600 = EDGE_CURVE('',#1565,#3571,#3601,.T.);
#3601 = SURFACE_CURVE('',#3602,(#3607,#3614),.PCURVE_S1.);
#3602 = CIRCLE('',#3603,1.);
#3603 = AXIS2_PLACEMENT_3D('',#3604,#3605,#3606);
#3604 = CARTESIAN_POINT('',(0.,219.,19.));
#3605 = DIRECTION('',(-1.,0.,0.));
#3606 = DIRECTION('',(0.,-1.,0.));
#3607 = PCURVE('',#1367,#3608);
#3608 = DEFINITIONAL_REPRESENTATION('',(#3609),#3613);
#3609 = LINE('',#3610,#3611);
#3610 = CARTESIAN_POINT('',(6.28318530718,0.));
#3611 = VECTOR('',#3612,1.);
#3612 = DIRECTION('',(-0.,1.));
#3613 = ( GEOMETRIC_REPRESENTATION_CONTEXT(2) 
PARAMETRIC_REPRESENTATION_CONTEXT() REPRESENTATION_CONTEXT('2D SPACE',''
  ) );
#3614 = PCURVE('',#3615,#3620);
#3615 = CYLINDRICAL_SURFACE('',#3616,1.);
#3616 = AXIS2_PLACEMENT_3D('',#3617,#3618,#3619);
#3617 = CARTESIAN_POINT('',(210.,219.,19.));
#3618 = DIRECTION('',(-1.,-0.,-0.));
#3619 = DIRECTION('',(0.,-1.,0.));
#3620 = DEFINITIONAL_REPRESENTATION('',(#3621),#3625);
#3621 = LINE('',#3622,#3623);
#3622 = CARTESIAN_POINT('',(0.,210.));
#3623 = VECTOR('',#3624,1.);
#3624 = DIRECTION('',(1.,0.));
#3625 = ( GEOMETRIC_REPRESENTATION_CONTEXT(2) 
PARAMETRIC_REPRESENTATION_CONTEXT() REPRESENTATION_CONTEXT('2D SPACE',''
  ) );
#3626 = ADVANCED_FACE('',(#3627),#1395,.T.);
#3627 = FACE_BOUND('',#3628,.T.);
#3628 = EDGE_LOOP('',(#3629,#3652,#3653,#3654,#3677,#3705,#3728,#3756,
    #3784,#3817));
#3629 = ORIENTED_EDGE('',*,*,#3630,.T.);
#3630 = EDGE_CURVE('',#3631,#1380,#3633,.T.);
#3631 = VERTEX_POINT('',#3632);
#3632 = CARTESIAN_POINT('',(217.,239.24736241552,20.));
#3633 = SURFACE_CURVE('',#3634,(#3638,#3645),.PCURVE_S1.);
#3634 = LINE('',#3635,#3636);
#3635 = CARTESIAN_POINT('',(217.,239.24736241552,20.));
#3636 = VECTOR('',#3637,1.);
#3637 = DIRECTION('',(-1.,0.,0.));
#3638 = PCURVE('',#1395,#3639);
#3639 = DEFINITIONAL_REPRESENTATION('',(#3640),#3644);
#3640 = LINE('',#3641,#3642);
#3641 = CARTESIAN_POINT('',(225.,21.24736241552));
#3642 = VECTOR('',#3643,1.);
#3643 = DIRECTION('',(-1.,0.));
#3644 = ( GEOMETRIC_REPRESENTATION_CONTEXT(2) 
PARAMETRIC_REPRESENTATION_CONTEXT() REPRESENTATION_CONTEXT('2D SPACE',''
  ) );
#3645 = PCURVE('',#3353,#3646);
#3646 = DEFINITIONAL_REPRESENTATION('',(#3647),#3651);
#3647 = LINE('',#3648,#3649);
#3648 = CARTESIAN_POINT('',(4.450589592586,0.));
#3649 = VECTOR('',#3650,1.);
#3650 = DIRECTION('',(-0.,1.));
#3651 = ( GEOMETRIC_REPRESENTATION_CONTEXT(2) 
PARAMETRIC_REPRESENTATION_CONTEXT() REPRESENTATION_CONTEXT('2D SPACE',''
  ) );
#3652 = ORIENTED_EDGE('',*,*,#1379,.F.);
#3653 = ORIENTED_EDGE('',*,*,#3570,.F.);
#3654 = ORIENTED_EDGE('',*,*,#3655,.F.);
#3655 = EDGE_CURVE('',#3656,#3571,#3658,.T.);
#3656 = VERTEX_POINT('',#3657);
#3657 = CARTESIAN_POINT('',(2.,219.,20.));
#3658 = SURFACE_CURVE('',#3659,(#3663,#3670),.PCURVE_S1.);
#3659 = LINE('',#3660,#3661);
#3660 = CARTESIAN_POINT('',(210.,219.,20.));
#3661 = VECTOR('',#3662,1.);
#3662 = DIRECTION('',(-1.,-0.,-0.));
#3663 = PCURVE('',#1395,#3664);
#3664 = DEFINITIONAL_REPRESENTATION('',(#3665),#3669);
#3665 = LINE('',#3666,#3667);
#3666 = CARTESIAN_POINT('',(218.,1.));
#3667 = VECTOR('',#3668,1.);
#3668 = DIRECTION('',(-1.,0.));
#3669 = ( GEOMETRIC_REPRESENTATION_CONTEXT(2) 
PARAMETRIC_REPRESENTATION_CONTEXT() REPRESENTATION_CONTEXT('2D SPACE',''
  ) );
#3670 = PCURVE('',#3615,#3671);
#3671 = DEFINITIONAL_REPRESENTATION('',(#3672),#3676);
#3672 = LINE('',#3673,#3674);
#3673 = CARTESIAN_POINT('',(1.570796326795,0.));
#3674 = VECTOR('',#3675,1.);
#3675 = DIRECTION('',(0.,1.));
#3676 = ( GEOMETRIC_REPRESENTATION_CONTEXT(2) 
PARAMETRIC_REPRESENTATION_CONTEXT() REPRESENTATION_CONTEXT('2D SPACE',''
  ) );
#3677 = ORIENTED_EDGE('',*,*,#3678,.F.);
#3678 = EDGE_CURVE('',#3679,#3656,#3681,.T.);
#3679 = VERTEX_POINT('',#3680);
#3680 = CARTESIAN_POINT('',(2.,218.,20.));
#3681 = SURFACE_CURVE('',#3682,(#3686,#3693),.PCURVE_S1.);
#3682 = LINE('',#3683,#3684);
#3683 = CARTESIAN_POINT('',(2.,218.,20.));
#3684 = VECTOR('',#3685,1.);
#3685 = DIRECTION('',(0.,1.,0.));
#3686 = PCURVE('',#1395,#3687);
#3687 = DEFINITIONAL_REPRESENTATION('',(#3688),#3692);
#3688 = LINE('',#3689,#3690);
#3689 = CARTESIAN_POINT('',(10.,0.));
#3690 = VECTOR('',#3691,1.);
#3691 = DIRECTION('',(0.,1.));
#3692 = ( GEOMETRIC_REPRESENTATION_CONTEXT(2) 
PARAMETRIC_REPRESENTATION_CONTEXT() REPRESENTATION_CONTEXT('2D SPACE',''
  ) );
#3693 = PCURVE('',#3694,#3699);
#3694 = PLANE('',#3695);
#3695 = AXIS2_PLACEMENT_3D('',#3696,#3697,#3698);
#3696 = CARTESIAN_POINT('',(2.,218.,0.));
#3697 = DIRECTION('',(1.,0.,0.));
#3698 = DIRECTION('',(0.,0.,1.));
#3699 = DEFINITIONAL_REPRESENTATION('',(#3700),#3704);
#3700 = LINE('',#3701,#3702);
#3701 = CARTESIAN_POINT('',(20.,0.));
#3702 = VECTOR('',#3703,1.);
#3703 = DIRECTION('',(0.,-1.));
#3704 = ( GEOMETRIC_REPRESENTATION_CONTEXT(2) 
PARAMETRIC_REPRESENTATION_CONTEXT() REPRESENTATION_CONTEXT('2D SPACE',''
  ) );
#3705 = ORIENTED_EDGE('',*,*,#3706,.T.);
#3706 = EDGE_CURVE('',#3679,#3707,#3709,.T.);
#3707 = VERTEX_POINT('',#3708);
#3708 = CARTESIAN_POINT('',(208.,218.,20.));
#3709 = SURFACE_CURVE('',#3710,(#3714,#3721),.PCURVE_S1.);
#3710 = LINE('',#3711,#3712);
#3711 = CARTESIAN_POINT('',(2.,218.,20.));
#3712 = VECTOR('',#3713,1.);
#3713 = DIRECTION('',(1.,0.,0.));
#3714 = PCURVE('',#1395,#3715);
#3715 = DEFINITIONAL_REPRESENTATION('',(#3716),#3720);
#3716 = LINE('',#3717,#3718);
#3717 = CARTESIAN_POINT('',(10.,0.));
#3718 = VECTOR('',#3719,1.);
#3719 = DIRECTION('',(1.,0.));
#3720 = ( GEOMETRIC_REPRESENTATION_CONTEXT(2) 
PARAMETRIC_REPRESENTATION_CONTEXT() REPRESENTATION_CONTEXT('2D SPACE',''
  ) );
#3721 = PCURVE('',#1580,#3722);
#3722 = DEFINITIONAL_REPRESENTATION('',(#3723),#3727);
#3723 = LINE('',#3724,#3725);
#3724 = CARTESIAN_POINT('',(20.,10.));
#3725 = VECTOR('',#3726,1.);
#3726 = DIRECTION('',(0.,1.));
#3727 = ( GEOMETRIC_REPRESENTATION_CONTEXT(2) 
PARAMETRIC_REPRESENTATION_CONTEXT() REPRESENTATION_CONTEXT('2D SPACE',''
  ) );
#3728 = ORIENTED_EDGE('',*,*,#3729,.T.);
#3729 = EDGE_CURVE('',#3707,#3730,#3732,.T.);
#3730 = VERTEX_POINT('',#3731);
#3731 = CARTESIAN_POINT('',(208.,219.,20.));
#3732 = SURFACE_CURVE('',#3733,(#3737,#3744),.PCURVE_S1.);
#3733 = LINE('',#3734,#3735);
#3734 = CARTESIAN_POINT('',(208.,218.,20.));
#3735 = VECTOR('',#3736,1.);
#3736 = DIRECTION('',(0.,1.,0.));
#3737 = PCURVE('',#1395,#3738);
#3738 = DEFINITIONAL_REPRESENTATION('',(#3739),#3743);
#3739 = LINE('',#3740,#3741);
#3740 = CARTESIAN_POINT('',(216.,0.));
#3741 = VECTOR('',#3742,1.);
#3742 = DIRECTION('',(0.,1.));
#3743 = ( GEOMETRIC_REPRESENTATION_CONTEXT(2) 
PARAMETRIC_REPRESENTATION_CONTEXT() REPRESENTATION_CONTEXT('2D SPACE',''
  ) );
#3744 = PCURVE('',#3745,#3750);
#3745 = PLANE('',#3746);
#3746 = AXIS2_PLACEMENT_3D('',#3747,#3748,#3749);
#3747 = CARTESIAN_POINT('',(208.,218.,0.));
#3748 = DIRECTION('',(1.,0.,0.));
#3749 = DIRECTION('',(0.,0.,1.));
#3750 = DEFINITIONAL_REPRESENTATION('',(#3751),#3755);
#3751 = LINE('',#3752,#3753);
#3752 = CARTESIAN_POINT('',(20.,0.));
#3753 = VECTOR('',#3754,1.);
#3754 = DIRECTION('',(0.,-1.));
#3755 = ( GEOMETRIC_REPRESENTATION_CONTEXT(2) 
PARAMETRIC_REPRESENTATION_CONTEXT() REPRESENTATION_CONTEXT('2D SPACE',''
  ) );
#3756 = ORIENTED_EDGE('',*,*,#3757,.F.);
#3757 = EDGE_CURVE('',#3758,#3730,#3760,.T.);
#3758 = VERTEX_POINT('',#3759);
#3759 = CARTESIAN_POINT('',(210.,219.,20.));
#3760 = SURFACE_CURVE('',#3761,(#3765,#3772),.PCURVE_S1.);
#3761 = LINE('',#3762,#3763);
#3762 = CARTESIAN_POINT('',(210.,219.,20.));
#3763 = VECTOR('',#3764,1.);
#3764 = DIRECTION('',(-1.,-0.,-0.));
#3765 = PCURVE('',#1395,#3766);
#3766 = DEFINITIONAL_REPRESENTATION('',(#3767),#3771);
#3767 = LINE('',#3768,#3769);
#3768 = CARTESIAN_POINT('',(218.,1.));
#3769 = VECTOR('',#3770,1.);
#3770 = DIRECTION('',(-1.,0.));
#3771 = ( GEOMETRIC_REPRESENTATION_CONTEXT(2) 
PARAMETRIC_REPRESENTATION_CONTEXT() REPRESENTATION_CONTEXT('2D SPACE',''
  ) );
#3772 = PCURVE('',#3773,#3778);
#3773 = CYLINDRICAL_SURFACE('',#3774,1.);
#3774 = AXIS2_PLACEMENT_3D('',#3775,#3776,#3777);
#3775 = CARTESIAN_POINT('',(210.,219.,19.));
#3776 = DIRECTION('',(-1.,-0.,-0.));
#3777 = DIRECTION('',(0.,-1.,0.));
#3778 = DEFINITIONAL_REPRESENTATION('',(#3779),#3783);
#3779 = LINE('',#3780,#3781);
#3780 = CARTESIAN_POINT('',(1.570796326795,0.));
#3781 = VECTOR('',#3782,1.);
#3782 = DIRECTION('',(0.,1.));
#3783 = ( GEOMETRIC_REPRESENTATION_CONTEXT(2) 
PARAMETRIC_REPRESENTATION_CONTEXT() REPRESENTATION_CONTEXT('2D SPACE',''
  ) );
#3784 = ORIENTED_EDGE('',*,*,#3785,.F.);
#3785 = EDGE_CURVE('',#3786,#3758,#3788,.T.);
#3786 = VERTEX_POINT('',#3787);
#3787 = CARTESIAN_POINT('',(217.,226.,20.));
#3788 = SURFACE_CURVE('',#3789,(#3794,#3805),.PCURVE_S1.);
#3789 = CIRCLE('',#3790,7.);
#3790 = AXIS2_PLACEMENT_3D('',#3791,#3792,#3793);
#3791 = CARTESIAN_POINT('',(210.,226.,20.));
#3792 = DIRECTION('',(0.,0.,-1.));
#3793 = DIRECTION('',(1.,0.,0.));
#3794 = PCURVE('',#1395,#3795);
#3795 = DEFINITIONAL_REPRESENTATION('',(#3796),#3804);
#3796 = ( BOUNDED_CURVE() B_SPLINE_CURVE(2,(#3797,#3798,#3799,#3800,
#3801,#3802,#3803),.UNSPECIFIED.,.T.,.F.) B_SPLINE_CURVE_WITH_KNOTS((1,2
    ,2,2,2,1),(-2.094395102393,0.,2.094395102393,4.188790204786,
6.28318530718,8.377580409573),.UNSPECIFIED.) CURVE() 
GEOMETRIC_REPRESENTATION_ITEM() RATIONAL_B_SPLINE_CURVE((1.,0.5,1.,0.5,
1.,0.5,1.)) REPRESENTATION_ITEM('') );
#3797 = CARTESIAN_POINT('',(225.,8.));
#3798 = CARTESIAN_POINT('',(225.,-4.124355652982));
#3799 = CARTESIAN_POINT('',(214.5,1.937822173509));
#3800 = CARTESIAN_POINT('',(204.,8.));
#3801 = CARTESIAN_POINT('',(214.5,14.062177826491));
#3802 = CARTESIAN_POINT('',(225.,20.124355652982));
#3803 = CARTESIAN_POINT('',(225.,8.));
#3804 = ( GEOMETRIC_REPRESENTATION_CONTEXT(2) 
PARAMETRIC_REPRESENTATION_CONTEXT() REPRESENTATION_CONTEXT('2D SPACE',''
  ) );
#3805 = PCURVE('',#3806,#3811);
#3806 = TOROIDAL_SURFACE('',#3807,7.,1.);
#3807 = AXIS2_PLACEMENT_3D('',#3808,#3809,#3810);
#3808 = CARTESIAN_POINT('',(210.,226.,19.));
#3809 = DIRECTION('',(0.,0.,1.));
#3810 = DIRECTION('',(1.,0.,-0.));
#3811 = DEFINITIONAL_REPRESENTATION('',(#3812),#3816);
#3812 = LINE('',#3813,#3814);
#3813 = CARTESIAN_POINT('',(6.28318530718,1.570796326795));
#3814 = VECTOR('',#3815,1.);
#3815 = DIRECTION('',(-1.,0.));
#3816 = ( GEOMETRIC_REPRESENTATION_CONTEXT(2) 
PARAMETRIC_REPRESENTATION_CONTEXT() REPRESENTATION_CONTEXT('2D SPACE',''
  ) );
#3817 = ORIENTED_EDGE('',*,*,#3818,.F.);
#3818 = EDGE_CURVE('',#3631,#3786,#3819,.T.);
#3819 = SURFACE_CURVE('',#3820,(#3824,#3831),.PCURVE_S1.);
#3820 = LINE('',#3821,#3822);
#3821 = CARTESIAN_POINT('',(217.,270.,20.));
#3822 = VECTOR('',#3823,1.);
#3823 = DIRECTION('',(-0.,-1.,-0.));
#3824 = PCURVE('',#1395,#3825);
#3825 = DEFINITIONAL_REPRESENTATION('',(#3826),#3830);
#3826 = LINE('',#3827,#3828);
#3827 = CARTESIAN_POINT('',(225.,52.));
#3828 = VECTOR('',#3829,1.);
#3829 = DIRECTION('',(0.,-1.));
#3830 = ( GEOMETRIC_REPRESENTATION_CONTEXT(2) 
PARAMETRIC_REPRESENTATION_CONTEXT() REPRESENTATION_CONTEXT('2D SPACE',''
  ) );
#3831 = PCURVE('',#3832,#3837);
#3832 = CYLINDRICAL_SURFACE('',#3833,1.);
#3833 = AXIS2_PLACEMENT_3D('',#3834,#3835,#3836);
#3834 = CARTESIAN_POINT('',(217.,270.,19.));
#3835 = DIRECTION('',(-0.,-1.,-0.));
#3836 = DIRECTION('',(1.,0.,-0.));
#3837 = DEFINITIONAL_REPRESENTATION('',(#3838),#3842);
#3838 = LINE('',#3839,#3840);
#3839 = CARTESIAN_POINT('',(1.570796326795,0.));
#3840 = VECTOR('',#3841,1.);
#3841 = DIRECTION('',(0.,1.));
#3842 = ( GEOMETRIC_REPRESENTATION_CONTEXT(2) 
PARAMETRIC_REPRESENTATION_CONTEXT() REPRESENTATION_CONTEXT('2D SPACE',''
  ) );
#3843 = ADVANCED_FACE('',(#3844),#1508,.F.);
#3844 = FACE_BOUND('',#3845,.F.);
#3845 = EDGE_LOOP('',(#3846,#3921,#3968,#3969));
#3846 = ORIENTED_EDGE('',*,*,#3847,.T.);
#3847 = EDGE_CURVE('',#1451,#3848,#3850,.T.);
#3848 = VERTEX_POINT('',#3849);
#3849 = CARTESIAN_POINT('',(0.,218.59355605394,13.31009428802));
#3850 = SURFACE_CURVE('',#3851,(#3856,#3910),.PCURVE_S1.);
#3851 = CIRCLE('',#3852,0.5);
#3852 = AXIS2_PLACEMENT_3D('',#3853,#3854,#3855);
#3853 = CARTESIAN_POINT('',(0.,218.5,13.801263571231));
#3854 = DIRECTION('',(1.,0.,-0.));
#3855 = DIRECTION('',(0.,-1.,0.));
#3856 = PCURVE('',#1508,#3857);
#3857 = DEFINITIONAL_REPRESENTATION('',(#3858),#3909);
#3858 = B_SPLINE_CURVE_WITH_KNOTS('',7,(#3859,#3860,#3861,#3862,#3863,
    #3864,#3865,#3866,#3867,#3868,#3869,#3870,#3871,#3872,#3873,#3874,
    #3875,#3876,#3877,#3878,#3879,#3880,#3881,#3882,#3883,#3884,#3885,
    #3886,#3887,#3888,#3889,#3890,#3891,#3892,#3893,#3894,#3895,#3896,
    #3897,#3898,#3899,#3900,#3901,#3902,#3903,#3904,#3905,#3906,#3907,
    #3908),.UNSPECIFIED.,.F.,.F.,(8,6,6,6,6,6,6,6,8),(0.,0.219877229012,
    0.439754458025,0.659631687037,0.87950891605,1.099386145062,
    1.319263374075,1.539140603087,1.7590178321),.UNSPECIFIED.);
#3859 = CARTESIAN_POINT('',(1.110223024625E-16,210.10000269883));
#3860 = CARTESIAN_POINT('',(0.260421194696,210.10000269883));
#3861 = CARTESIAN_POINT('',(0.516352725711,210.10000269883));
#3862 = CARTESIAN_POINT('',(0.76814284661,210.10000269884));
#3863 = CARTESIAN_POINT('',(1.016111918144,210.10000269883));
#3864 = CARTESIAN_POINT('',(1.260557560265,210.10000269884));
#3865 = CARTESIAN_POINT('',(1.501757101073,210.10000269883));
#3866 = CARTESIAN_POINT('',(1.978177544315,210.10000269883));
#3867 = CARTESIAN_POINT('',(2.213398586929,210.10000269883));
#3868 = CARTESIAN_POINT('',(2.44588920794,210.10000269883));
#3869 = CARTESIAN_POINT('',(2.675894543927,210.10000269883));
#3870 = CARTESIAN_POINT('',(2.903643348622,210.10000269883));
#3871 = CARTESIAN_POINT('',(3.129350445046,210.10000269883));
#3872 = CARTESIAN_POINT('',(3.577098338584,210.10000269883));
#3873 = CARTESIAN_POINT('',(3.799139096014,210.10000269884));
#3874 = CARTESIAN_POINT('',(4.019553055205,210.10000269883));
#3875 = CARTESIAN_POINT('',(4.238539791656,210.10000269884));
#3876 = CARTESIAN_POINT('',(4.456289364466,210.10000269883));
#3877 = CARTESIAN_POINT('',(4.672984165833,210.10000269883));
#3878 = CARTESIAN_POINT('',(5.104626475864,210.10000269883));
#3879 = CARTESIAN_POINT('',(5.319574078044,210.10000269883));
#3880 = CARTESIAN_POINT('',(5.533829443929,210.10000269884));
#3881 = CARTESIAN_POINT('',(5.747573064601,210.10000269883));
#3882 = CARTESIAN_POINT('',(5.960966547063,210.10000269883));
#3883 = CARTESIAN_POINT('',(6.174189822501,210.10000269883));
#3884 = CARTESIAN_POINT('',(6.600635688267,210.10000269883));
#3885 = CARTESIAN_POINT('',(6.813858963704,210.10000269883));
#3886 = CARTESIAN_POINT('',(7.027252446166,210.10000269883));
#3887 = CARTESIAN_POINT('',(7.24099606684,210.10000269883));
#3888 = CARTESIAN_POINT('',(7.455251432724,210.10000269883));
#3889 = CARTESIAN_POINT('',(7.670199034904,210.10000269883));
#3890 = CARTESIAN_POINT('',(8.101841344935,210.10000269883));
#3891 = CARTESIAN_POINT('',(8.318536146301,210.10000269883));
#3892 = CARTESIAN_POINT('',(8.536285719112,210.10000269884));
#3893 = CARTESIAN_POINT('',(8.755272455563,210.10000269883));
#3894 = CARTESIAN_POINT('',(8.975686414754,210.10000269883));
#3895 = CARTESIAN_POINT('',(9.197727172183,210.10000269883));
#3896 = CARTESIAN_POINT('',(9.645475065722,210.10000269883));
#3897 = CARTESIAN_POINT('',(9.871182162146,210.10000269883));
#3898 = CARTESIAN_POINT('',(10.098930966841,210.10000269884));
#3899 = CARTESIAN_POINT('',(10.328936302828,210.10000269883));
#3900 = CARTESIAN_POINT('',(10.561426923839,210.10000269883));
#3901 = CARTESIAN_POINT('',(10.796647966453,210.10000269883));
#3902 = CARTESIAN_POINT('',(11.273068409694,210.10000269883));
#3903 = CARTESIAN_POINT('',(11.514267950502,210.10000269883));
#3904 = CARTESIAN_POINT('',(11.758713592623,210.10000269884));
#3905 = CARTESIAN_POINT('',(12.006682664156,210.10000269883));
#3906 = CARTESIAN_POINT('',(12.258472785056,210.10000269883));
#3907 = CARTESIAN_POINT('',(12.514404316071,210.10000269883));
#3908 = CARTESIAN_POINT('',(12.774825510767,210.10000269883));
#3909 = ( GEOMETRIC_REPRESENTATION_CONTEXT(2) 
PARAMETRIC_REPRESENTATION_CONTEXT() REPRESENTATION_CONTEXT('2D SPACE',''
  ) );
#3910 = PCURVE('',#3911,#3916);
#3911 = CYLINDRICAL_SURFACE('',#3912,0.5);
#3912 = AXIS2_PLACEMENT_3D('',#3913,#3914,#3915);
#3913 = CARTESIAN_POINT('',(210.,218.5,13.801263571231));
#3914 = DIRECTION('',(-1.,0.,0.));
#3915 = DIRECTION('',(-0.,-1.,-0.));
#3916 = DEFINITIONAL_REPRESENTATION('',(#3917),#3920);
#3917 = B_SPLINE_CURVE_WITH_KNOTS('',1,(#3918,#3919),.UNSPECIFIED.,.F.,
  .F.,(2,2),(0.,1.7590178321),.PIECEWISE_BEZIER_KNOTS.);
#3918 = CARTESIAN_POINT('',(6.28318530718,210.));
#3919 = CARTESIAN_POINT('',(4.52416747508,210.));
#3920 = ( GEOMETRIC_REPRESENTATION_CONTEXT(2) 
PARAMETRIC_REPRESENTATION_CONTEXT() REPRESENTATION_CONTEXT('2D SPACE',''
  ) );
#3921 = ORIENTED_EDGE('',*,*,#3922,.T.);
#3922 = EDGE_CURVE('',#3848,#1641,#3923,.T.);
#3923 = SURFACE_CURVE('',#3924,(#3941,#3948),.PCURVE_S1.);
#3924 = B_SPLINE_CURVE_WITH_KNOTS('',8,(#3925,#3926,#3927,#3928,#3929,
    #3930,#3931,#3932,#3933,#3934,#3935,#3936,#3937,#3938,#3939,#3940),
  .UNSPECIFIED.,.F.,.F.,(9,7,9),(210.10000269883,222.78042263152,
    222.8748282096),.UNSPECIFIED.);
#3925 = CARTESIAN_POINT('',(4.263256414561E-14,218.59355605394,
    13.31009428802));
#3926 = CARTESIAN_POINT('',(-1.450016859739,218.59355605394,
    13.31009428802));
#3927 = CARTESIAN_POINT('',(-2.900089297801,218.91390511024,
    13.371113155887));
#3928 = CARTESIAN_POINT('',(-4.269570074148,219.55489477795,
    13.493206425926));
#3929 = CARTESIAN_POINT('',(-5.47902206325,220.49263867346,
    13.671824310785));
#3930 = CARTESIAN_POINT('',(-6.45253147563,221.68446936356,
    13.898839680329));
#3931 = CARTESIAN_POINT('',(-7.130462905696,223.05552419025,
    14.159992980651));
#3932 = CARTESIAN_POINT('',(-7.481110363713,224.52371339277,
    14.439648066845));
#3933 = CARTESIAN_POINT('',(-7.499588419286,226.01134398158,
    14.723006274237));
#3934 = CARTESIAN_POINT('',(-7.499706566845,226.02335112062,
    14.72529334834));
#3935 = CARTESIAN_POINT('',(-7.4998043649,226.03515137351,
    14.727541015557));
#3936 = CARTESIAN_POINT('',(-7.499882332366,226.04675855707,
    14.729751907664));
#3937 = CARTESIAN_POINT('',(-7.499941127595,226.05843243522,
    14.731975503502));
#3938 = CARTESIAN_POINT('',(-7.499980568918,226.07019645203,
    14.734216268609));
#3939 = CARTESIAN_POINT('',(-7.5,226.0818615472,14.736438191498));
#3940 = CARTESIAN_POINT('',(-7.5,226.09355605394,14.738665716592));
#3941 = PCURVE('',#1508,#3942);
#3942 = DEFINITIONAL_REPRESENTATION('',(#3943),#3947);
#3943 = LINE('',#3944,#3945);
#3944 = CARTESIAN_POINT('',(12.774825510767,0.));
#3945 = VECTOR('',#3946,1.);
#3946 = DIRECTION('',(0.,1.));
#3947 = ( GEOMETRIC_REPRESENTATION_CONTEXT(2) 
PARAMETRIC_REPRESENTATION_CONTEXT() REPRESENTATION_CONTEXT('2D SPACE',''
  ) );
#3948 = PCURVE('',#1656,#3949);
#3949 = DEFINITIONAL_REPRESENTATION('',(#3950),#3967);
#3950 = B_SPLINE_CURVE_WITH_KNOTS('',8,(#3951,#3952,#3953,#3954,#3955,
    #3956,#3957,#3958,#3959,#3960,#3961,#3962,#3963,#3964,#3965,#3966),
  .UNSPECIFIED.,.F.,.F.,(9,7,9),(210.10000269883,222.78042263152,
    222.8748282096),.UNSPECIFIED.);
#3951 = CARTESIAN_POINT('',(9.556514481009,-16.));
#3952 = CARTESIAN_POINT('',(9.556514481009,-14.54998314026));
#3953 = CARTESIAN_POINT('',(9.230405879301,-13.09991070219));
#3954 = CARTESIAN_POINT('',(8.577891878915,-11.73042992585));
#3955 = CARTESIAN_POINT('',(7.623288315985,-10.52097793675));
#3956 = CARTESIAN_POINT('',(6.410029740135,-9.54746852437));
#3957 = CARTESIAN_POINT('',(5.014324762692,-8.869537094304));
#3958 = CARTESIAN_POINT('',(3.519739033592,-8.518889636287));
#3959 = CARTESIAN_POINT('',(2.005362382141,-8.500411580714));
#3960 = CARTESIAN_POINT('',(1.993139367133,-8.500293433155));
#3961 = CARTESIAN_POINT('',(1.981126957875,-8.5001956351));
#3962 = CARTESIAN_POINT('',(1.969311089134,-8.500117667634));
#3963 = CARTESIAN_POINT('',(1.957427326703,-8.500058872405));
#3964 = CARTESIAN_POINT('',(1.945451805012,-8.500019431082));
#3965 = CARTESIAN_POINT('',(1.93357698347,-8.5));
#3966 = CARTESIAN_POINT('',(1.921672221569,-8.5));
#3967 = ( GEOMETRIC_REPRESENTATION_CONTEXT(2) 
PARAMETRIC_REPRESENTATION_CONTEXT() REPRESENTATION_CONTEXT('2D SPACE',''
  ) );
#3968 = ORIENTED_EDGE('',*,*,#1668,.F.);
#3969 = ORIENTED_EDGE('',*,*,#1450,.F.);
#3970 = ADVANCED_FACE('',(#3971),#1580,.F.);
#3971 = FACE_BOUND('',#3972,.F.);
#3972 = EDGE_LOOP('',(#3973,#4003,#4024,#4025,#4048,#4069,#4070,#4093));
#3973 = ORIENTED_EDGE('',*,*,#3974,.F.);
#3974 = EDGE_CURVE('',#3975,#3977,#3979,.T.);
#3975 = VERTEX_POINT('',#3976);
#3976 = CARTESIAN_POINT('',(210.,218.,13.801263571231));
#3977 = VERTEX_POINT('',#3978);
#3978 = CARTESIAN_POINT('',(210.,218.,19.));
#3979 = SURFACE_CURVE('',#3980,(#3984,#3991),.PCURVE_S1.);
#3980 = LINE('',#3981,#3982);
#3981 = CARTESIAN_POINT('',(210.,218.,0.));
#3982 = VECTOR('',#3983,1.);
#3983 = DIRECTION('',(0.,0.,1.));
#3984 = PCURVE('',#1580,#3985);
#3985 = DEFINITIONAL_REPRESENTATION('',(#3986),#3990);
#3986 = LINE('',#3987,#3988);
#3987 = CARTESIAN_POINT('',(0.,218.));
#3988 = VECTOR('',#3989,1.);
#3989 = DIRECTION('',(1.,0.));
#3990 = ( GEOMETRIC_REPRESENTATION_CONTEXT(2) 
PARAMETRIC_REPRESENTATION_CONTEXT() REPRESENTATION_CONTEXT('2D SPACE',''
  ) );
#3991 = PCURVE('',#3992,#3997);
#3992 = CYLINDRICAL_SURFACE('',#3993,8.);
#3993 = AXIS2_PLACEMENT_3D('',#3994,#3995,#3996);
#3994 = CARTESIAN_POINT('',(210.,226.,0.));
#3995 = DIRECTION('',(0.,0.,1.));
#3996 = DIRECTION('',(1.,0.,-0.));
#3997 = DEFINITIONAL_REPRESENTATION('',(#3998),#4002);
#3998 = LINE('',#3999,#4000);
#3999 = CARTESIAN_POINT('',(4.712388980385,0.));
#4000 = VECTOR('',#4001,1.);
#4001 = DIRECTION('',(-0.,1.));
#4002 = ( GEOMETRIC_REPRESENTATION_CONTEXT(2) 
PARAMETRIC_REPRESENTATION_CONTEXT() REPRESENTATION_CONTEXT('2D SPACE',''
  ) );
#4003 = ORIENTED_EDGE('',*,*,#4004,.T.);
#4004 = EDGE_CURVE('',#3975,#1451,#4005,.T.);
#4005 = SURFACE_CURVE('',#4006,(#4010,#4017),.PCURVE_S1.);
#4006 = LINE('',#4007,#4008);
#4007 = CARTESIAN_POINT('',(210.,218.,13.801263571231));
#4008 = VECTOR('',#4009,1.);
#4009 = DIRECTION('',(-1.,0.,0.));
#4010 = PCURVE('',#1580,#4011);
#4011 = DEFINITIONAL_REPRESENTATION('',(#4012),#4016);
#4012 = LINE('',#4013,#4014);
#4013 = CARTESIAN_POINT('',(13.801263571231,218.));
#4014 = VECTOR('',#4015,1.);
#4015 = DIRECTION('',(0.,-1.));
#4016 = ( GEOMETRIC_REPRESENTATION_CONTEXT(2) 
PARAMETRIC_REPRESENTATION_CONTEXT() REPRESENTATION_CONTEXT('2D SPACE',''
  ) );
#4017 = PCURVE('',#3911,#4018);
#4018 = DEFINITIONAL_REPRESENTATION('',(#4019),#4023);
#4019 = LINE('',#4020,#4021);
#4020 = CARTESIAN_POINT('',(6.28318530718,0.));
#4021 = VECTOR('',#4022,1.);
#4022 = DIRECTION('',(-0.,1.));
#4023 = ( GEOMETRIC_REPRESENTATION_CONTEXT(2) 
PARAMETRIC_REPRESENTATION_CONTEXT() REPRESENTATION_CONTEXT('2D SPACE',''
  ) );
#4024 = ORIENTED_EDGE('',*,*,#1564,.T.);
#4025 = ORIENTED_EDGE('',*,*,#4026,.F.);
#4026 = EDGE_CURVE('',#4027,#1565,#4029,.T.);
#4027 = VERTEX_POINT('',#4028);
#4028 = CARTESIAN_POINT('',(2.,218.,19.));
#4029 = SURFACE_CURVE('',#4030,(#4034,#4041),.PCURVE_S1.);
#4030 = LINE('',#4031,#4032);
#4031 = CARTESIAN_POINT('',(210.,218.,19.));
#4032 = VECTOR('',#4033,1.);
#4033 = DIRECTION('',(-1.,-0.,-0.));
#4034 = PCURVE('',#1580,#4035);
#4035 = DEFINITIONAL_REPRESENTATION('',(#4036),#4040);
#4036 = LINE('',#4037,#4038);
#4037 = CARTESIAN_POINT('',(19.,218.));
#4038 = VECTOR('',#4039,1.);
#4039 = DIRECTION('',(0.,-1.));
#4040 = ( GEOMETRIC_REPRESENTATION_CONTEXT(2) 
PARAMETRIC_REPRESENTATION_CONTEXT() REPRESENTATION_CONTEXT('2D SPACE',''
  ) );
#4041 = PCURVE('',#3615,#4042);
#4042 = DEFINITIONAL_REPRESENTATION('',(#4043),#4047);
#4043 = LINE('',#4044,#4045);
#4044 = CARTESIAN_POINT('',(0.,0.));
#4045 = VECTOR('',#4046,1.);
#4046 = DIRECTION('',(0.,1.));
#4047 = ( GEOMETRIC_REPRESENTATION_CONTEXT(2) 
PARAMETRIC_REPRESENTATION_CONTEXT() REPRESENTATION_CONTEXT('2D SPACE',''
  ) );
#4048 = ORIENTED_EDGE('',*,*,#4049,.T.);
#4049 = EDGE_CURVE('',#4027,#3679,#4050,.T.);
#4050 = SURFACE_CURVE('',#4051,(#4055,#4062),.PCURVE_S1.);
#4051 = LINE('',#4052,#4053);
#4052 = CARTESIAN_POINT('',(2.,218.,0.));
#4053 = VECTOR('',#4054,1.);
#4054 = DIRECTION('',(0.,0.,1.));
#4055 = PCURVE('',#1580,#4056);
#4056 = DEFINITIONAL_REPRESENTATION('',(#4057),#4061);
#4057 = LINE('',#4058,#4059);
#4058 = CARTESIAN_POINT('',(0.,10.));
#4059 = VECTOR('',#4060,1.);
#4060 = DIRECTION('',(1.,0.));
#4061 = ( GEOMETRIC_REPRESENTATION_CONTEXT(2) 
PARAMETRIC_REPRESENTATION_CONTEXT() REPRESENTATION_CONTEXT('2D SPACE',''
  ) );
#4062 = PCURVE('',#3694,#4063);
#4063 = DEFINITIONAL_REPRESENTATION('',(#4064),#4068);
#4064 = LINE('',#4065,#4066);
#4065 = CARTESIAN_POINT('',(0.,0.));
#4066 = VECTOR('',#4067,1.);
#4067 = DIRECTION('',(1.,0.));
#4068 = ( GEOMETRIC_REPRESENTATION_CONTEXT(2) 
PARAMETRIC_REPRESENTATION_CONTEXT() REPRESENTATION_CONTEXT('2D SPACE',''
  ) );
#4069 = ORIENTED_EDGE('',*,*,#3706,.T.);
#4070 = ORIENTED_EDGE('',*,*,#4071,.F.);
#4071 = EDGE_CURVE('',#4072,#3707,#4074,.T.);
#4072 = VERTEX_POINT('',#4073);
#4073 = CARTESIAN_POINT('',(208.,218.,19.));
#4074 = SURFACE_CURVE('',#4075,(#4079,#4086),.PCURVE_S1.);
#4075 = LINE('',#4076,#4077);
#4076 = CARTESIAN_POINT('',(208.,218.,0.));
#4077 = VECTOR('',#4078,1.);
#4078 = DIRECTION('',(0.,0.,1.));
#4079 = PCURVE('',#1580,#4080);
#4080 = DEFINITIONAL_REPRESENTATION('',(#4081),#4085);
#4081 = LINE('',#4082,#4083);
#4082 = CARTESIAN_POINT('',(0.,216.));
#4083 = VECTOR('',#4084,1.);
#4084 = DIRECTION('',(1.,0.));
#4085 = ( GEOMETRIC_REPRESENTATION_CONTEXT(2) 
PARAMETRIC_REPRESENTATION_CONTEXT() REPRESENTATION_CONTEXT('2D SPACE',''
  ) );
#4086 = PCURVE('',#3745,#4087);
#4087 = DEFINITIONAL_REPRESENTATION('',(#4088),#4092);
#4088 = LINE('',#4089,#4090);
#4089 = CARTESIAN_POINT('',(0.,0.));
#4090 = VECTOR('',#4091,1.);
#4091 = DIRECTION('',(1.,0.));
#4092 = ( GEOMETRIC_REPRESENTATION_CONTEXT(2) 
PARAMETRIC_REPRESENTATION_CONTEXT() REPRESENTATION_CONTEXT('2D SPACE',''
  ) );
#4093 = ORIENTED_EDGE('',*,*,#4094,.F.);
#4094 = EDGE_CURVE('',#3977,#4072,#4095,.T.);
#4095 = SURFACE_CURVE('',#4096,(#4100,#4107),.PCURVE_S1.);
#4096 = LINE('',#4097,#4098);
#4097 = CARTESIAN_POINT('',(210.,218.,19.));
#4098 = VECTOR('',#4099,1.);
#4099 = DIRECTION('',(-1.,-0.,-0.));
#4100 = PCURVE('',#1580,#4101);
#4101 = DEFINITIONAL_REPRESENTATION('',(#4102),#4106);
#4102 = LINE('',#4103,#4104);
#4103 = CARTESIAN_POINT('',(19.,218.));
#4104 = VECTOR('',#4105,1.);
#4105 = DIRECTION('',(0.,-1.));
#4106 = ( GEOMETRIC_REPRESENTATION_CONTEXT(2) 
PARAMETRIC_REPRESENTATION_CONTEXT() REPRESENTATION_CONTEXT('2D SPACE',''
  ) );
#4107 = PCURVE('',#3773,#4108);
#4108 = DEFINITIONAL_REPRESENTATION('',(#4109),#4113);
#4109 = LINE('',#4110,#4111);
#4110 = CARTESIAN_POINT('',(0.,0.));
#4111 = VECTOR('',#4112,1.);
#4112 = DIRECTION('',(0.,1.));
#4113 = ( GEOMETRIC_REPRESENTATION_CONTEXT(2) 
PARAMETRIC_REPRESENTATION_CONTEXT() REPRESENTATION_CONTEXT('2D SPACE',''
  ) );
#4114 = ADVANCED_FACE('',(#4115),#1656,.T.);
#4115 = FACE_BOUND('',#4116,.T.);
#4116 = EDGE_LOOP('',(#4117,#4147,#4615,#4636,#4637,#4638));
#4117 = ORIENTED_EDGE('',*,*,#4118,.T.);
#4118 = EDGE_CURVE('',#4119,#4121,#4123,.T.);
#4119 = VERTEX_POINT('',#4120);
#4120 = CARTESIAN_POINT('',(210.1,227.98128878921,15.098233856642));
#4121 = VERTEX_POINT('',#4122);
#4122 = CARTESIAN_POINT('',(210.1,218.59422274012,13.310221275864));
#4123 = SURFACE_CURVE('',#4124,(#4128,#4135),.PCURVE_S1.);
#4124 = LINE('',#4125,#4126);
#4125 = CARTESIAN_POINT('',(210.1,227.98128878921,15.098233856642));
#4126 = VECTOR('',#4127,1.);
#4127 = DIRECTION('',(0.,-0.982338566422,-0.18711210789));
#4128 = PCURVE('',#1656,#4129);
#4129 = DEFINITIONAL_REPRESENTATION('',(#4130),#4134);
#4130 = LINE('',#4131,#4132);
#4131 = CARTESIAN_POINT('',(0.,-226.1));
#4132 = VECTOR('',#4133,1.);
#4133 = DIRECTION('',(1.,0.));
#4134 = ( GEOMETRIC_REPRESENTATION_CONTEXT(2) 
PARAMETRIC_REPRESENTATION_CONTEXT() REPRESENTATION_CONTEXT('2D SPACE',''
  ) );
#4135 = PCURVE('',#4136,#4141);
#4136 = PLANE('',#4137);
#4137 = AXIS2_PLACEMENT_3D('',#4138,#4139,#4140);
#4138 = CARTESIAN_POINT('',(210.1,223.25752148868,9.));
#4139 = DIRECTION('',(1.,0.,0.));
#4140 = DIRECTION('',(-0.,0.,1.));
#4141 = DEFINITIONAL_REPRESENTATION('',(#4142),#4146);
#4142 = LINE('',#4143,#4144);
#4143 = CARTESIAN_POINT('',(6.098233856642,-4.72376730053));
#4144 = VECTOR('',#4145,1.);
#4145 = DIRECTION('',(-0.18711210789,0.982338566422));
#4146 = ( GEOMETRIC_REPRESENTATION_CONTEXT(2) 
PARAMETRIC_REPRESENTATION_CONTEXT() REPRESENTATION_CONTEXT('2D SPACE',''
  ) );
#4147 = ORIENTED_EDGE('',*,*,#4148,.T.);
#4148 = EDGE_CURVE('',#4121,#4149,#4151,.T.);
#4149 = VERTEX_POINT('',#4150);
#4150 = CARTESIAN_POINT('',(210.00000000003,218.59355605394,
    13.31009428802));
#4151 = SURFACE_CURVE('',#4152,(#4243,#4337),.PCURVE_S1.);
#4152 = ( BOUNDED_CURVE() B_SPLINE_CURVE(12,(#4153,#4154,#4155,#4156,
    #4157,#4158,#4159,#4160,#4161,#4162,#4163,#4164,#4165,#4166,#4167,
    #4168,#4169,#4170,#4171,#4172,#4173,#4174,#4175,#4176,#4177,#4178,
    #4179,#4180,#4181,#4182,#4183,#4184,#4185,#4186,#4187,#4188,#4189,
    #4190,#4191,#4192,#4193,#4194,#4195,#4196,#4197,#4198,#4199,#4200,
    #4201,#4202,#4203,#4204,#4205,#4206,#4207,#4208,#4209,#4210,#4211,
    #4212,#4213,#4214,#4215,#4216,#4217,#4218,#4219,#4220,#4221,#4222,
    #4223,#4224,#4225,#4226,#4227,#4228,#4229,#4230,#4231,#4232,#4233,
    #4234,#4235,#4236,#4237,#4238,#4239,#4240,#4241,#4242),
.UNSPECIFIED.,.F.,.F.) B_SPLINE_CURVE_WITH_KNOTS((13,11,11,11,11,11,11,
    11,13),(-3.81694613148,-3.786344968743,-3.755743806006,
    -3.694541480532,-3.572136829584,-3.327327527689,-2.837708923898,
-1.858471716315,0.100002698849),.UNSPECIFIED.) CURVE() 
GEOMETRIC_REPRESENTATION_ITEM() RATIONAL_B_SPLINE_CURVE((1.,1.,1.,1.,1.,
    1.,1.,1.,1.,1.,1.,1.,1.,0.999999999999,1.000000000001,0.999999999997
    ,1.000000000004,0.999999999996,1.000000000003,0.999999999998,
    1.000000000001,1.,1.,1.,1.000000000001,0.999999999999,1.000000000003
    ,0.999999999996,1.000000000004,0.999999999996,1.000000000003,
    0.999999999999,1.,1.,1.,1.,0.999999999999,1.000000000001,
    0.999999999998,1.000000000002,0.999999999999,1.000000000001,1.,1.,1.
    ,1.,1.000000000001,0.999999999997,1.000000000005,0.999999999993,
    1.000000000007,0.999999999994,1.000000000004,0.999999999998,
    1.000000000001,1.,1.,0.999999999999,1.000000000001,0.999999999997,
    1.000000000004,0.999999999996,1.000000000003,0.999999999998,
    1.000000000001,1.,1.,1.,1.,1.,1.,1.,1.,1.,1.,1.,1.,1.,1.,1.,1.,1.,
    0.999999999999,1.000000000001,0.999999999999,1.000000000001,1.,1.,1.
,1.)) REPRESENTATION_ITEM('') );
#4153 = CARTESIAN_POINT('',(217.95586520374,226.58280811883,
    14.831856586095));
#4154 = CARTESIAN_POINT('',(217.95582371282,226.40528103791,
    14.798041904015));
#4155 = CARTESIAN_POINT('',(217.9513902693,226.27710770712,
    14.773627936245));
#4156 = CARTESIAN_POINT('',(217.94653915991,226.15406763029,
    14.750191731135));
#4157 = CARTESIAN_POINT('',(217.93934608927,226.05752457767,
    14.731802578255));
#4158 = CARTESIAN_POINT('',(217.93297031464,225.95235146423,
    14.711769604266));
#4159 = CARTESIAN_POINT('',(217.92439270775,225.87208687898,
    14.696481111837));
#4160 = CARTESIAN_POINT('',(217.91671987763,225.78219777457,
    14.679359377664));
#4161 = CARTESIAN_POINT('',(217.90775629444,225.70707355692,
    14.665050002873));
#4162 = CARTESIAN_POINT('',(217.89892594087,225.63088311249,
    14.650537537267));
#4163 = CARTESIAN_POINT('',(217.88965695468,225.55997494164,
    14.637031219011));
#4164 = CARTESIAN_POINT('',(217.88018831651,225.49168793164,
    14.624024169487));
#4165 = CARTESIAN_POINT('',(217.86082704128,225.3606208738,
    14.599059015613));
#4166 = CARTESIAN_POINT('',(217.85093971568,225.29778174738,
    14.5870896582));
#4167 = CARTESIAN_POINT('',(217.84087372256,225.23732088178,
    14.575573302847));
#4168 = CARTESIAN_POINT('',(217.83065236501,225.17897502111,
    14.564459805577));
#4169 = CARTESIAN_POINT('',(217.82029483836,225.12252697169,
    14.553707796163));
#4170 = CARTESIAN_POINT('',(217.8098168397,225.06779877843,14.5432833784
    ));
#4171 = CARTESIAN_POINT('',(217.79923117761,225.01464490128,
    14.53315883037));
#4172 = CARTESIAN_POINT('',(217.78854838159,224.96294539154,
    14.523311304706));
#4173 = CARTESIAN_POINT('',(217.77777731182,224.91259906839,
    14.513721528867));
#4174 = CARTESIAN_POINT('',(217.76692576862,224.86351669518,
    14.504372505399));
#4175 = CARTESIAN_POINT('',(217.75600110215,224.81561415591,
    14.495248212205));
#4176 = CARTESIAN_POINT('',(217.72303026147,224.67518858298,
    14.468500484029));
#4177 = CARTESIAN_POINT('',(217.70078656582,224.58595509855,
    14.451503629851));
#4178 = CARTESIAN_POINT('',(217.67832679623,224.50056429393,
    14.435238714684));
#4179 = CARTESIAN_POINT('',(217.65568968161,224.41856948454,
    14.419620655752));
#4180 = CARTESIAN_POINT('',(217.6329067231,224.33960573359,
    14.404579941287));
#4181 = CARTESIAN_POINT('',(217.61000329883,224.26337740006,
    14.39006025871));
#4182 = CARTESIAN_POINT('',(217.58699976851,224.18964568663,
    14.376016122818));
#4183 = CARTESIAN_POINT('',(217.56391257813,224.11821618768,
    14.36241050397));
#4184 = CARTESIAN_POINT('',(217.54075536459,224.04892643725,
    14.349212456269));
#4185 = CARTESIAN_POINT('',(217.51754006041,223.98163345702,
    14.33639474575));
#4186 = CARTESIAN_POINT('',(217.49427799835,223.91620130428,
    14.323931478561));
#4187 = CARTESIAN_POINT('',(217.42438705151,223.7250632511,
    14.287524230336));
#4188 = CARTESIAN_POINT('',(217.37764928768,223.60456200122,
    14.264571611311));
#4189 = CARTESIAN_POINT('',(217.3308433411,223.49006865616,
    14.24276335511));
#4190 = CARTESIAN_POINT('',(217.28402700403,223.38087141278,
    14.221963880181));
#4191 = CARTESIAN_POINT('',(217.23724468432,223.27641231909,
    14.202066909954));
#4192 = CARTESIAN_POINT('',(217.19053108551,223.17624534382,
    14.182987486092));
#4193 = CARTESIAN_POINT('',(217.14391412717,223.08000307527,
    14.164655625416));
#4194 = CARTESIAN_POINT('',(217.0974171055,222.98737204953,
    14.147011620513));
#4195 = CARTESIAN_POINT('',(217.05106009415,222.89807670793,
    14.130002984019));
#4196 = CARTESIAN_POINT('',(217.00486058529,222.8118719839,
    14.113583036584));
#4197 = CARTESIAN_POINT('',(216.95883337095,222.72854451904,
    14.097711138515));
#4198 = CARTESIAN_POINT('',(216.82130225184,222.48667848774,
    14.051641418268));
#4199 = CARTESIAN_POINT('',(216.73035168778,222.33622421239,
    14.022983461059));
#4200 = CARTESIAN_POINT('',(216.64023354981,222.19511935875,
    13.996106346079));
#4201 = CARTESIAN_POINT('',(216.55101661086,222.06224277211,
    13.970796520052));
#4202 = CARTESIAN_POINT('',(216.46274961757,221.93671335279,
    13.946886154469));
#4203 = CARTESIAN_POINT('',(216.37546690201,221.81782448514,
    13.924240655867));
#4204 = CARTESIAN_POINT('',(216.28919282702,221.70499200958,
    13.902748755761));
#4205 = CARTESIAN_POINT('',(216.20394506504,221.59771573789,
    13.8823151802));
#4206 = CARTESIAN_POINT('',(216.11973671056,221.49555451145,
    13.862855898974));
#4207 = CARTESIAN_POINT('',(216.03657722606,221.39811480272,
    13.844295954454));
#4208 = CARTESIAN_POINT('',(215.95447222161,221.30505285971,
    13.826569870071));
#4209 = CARTESIAN_POINT('',(215.7113217606,221.03816546145,
    13.775734175165));
#4210 = CARTESIAN_POINT('',(215.55344516439,220.876588175,
    13.744957549174));
#4211 = CARTESIAN_POINT('',(215.39980455704,220.72902657782,
    13.716850578283));
#4212 = CARTESIAN_POINT('',(215.2503752869,220.59365223649,
    13.691064989458));
#4213 = CARTESIAN_POINT('',(215.10510577543,220.46901742259,
    13.667325024906));
#4214 = CARTESIAN_POINT('',(214.96392579892,220.35395321813,
    13.64540803358));
#4215 = CARTESIAN_POINT('',(214.82675304929,220.24748854419,
    13.625129048068));
#4216 = CARTESIAN_POINT('',(214.69349797412,220.1487901131,
    13.606329346907));
#4217 = CARTESIAN_POINT('',(214.56406689581,220.05712330377,
    13.588869002274));
#4218 = CARTESIAN_POINT('',(214.43836340985,219.97183396055,
    13.572623413089));
#4219 = CARTESIAN_POINT('',(214.3162880623,219.89235111534,
    13.557483823525));
#4220 = CARTESIAN_POINT('',(213.9606327947,219.66992966858,
    13.515117833665));
#4221 = CARTESIAN_POINT('',(213.73762966033,219.54294016857,
    13.490929357473));
#4222 = CARTESIAN_POINT('',(213.52790539933,219.43336770667,
    13.470058412349));
#4223 = CARTESIAN_POINT('',(213.33062501104,219.33820666324,
    13.451932499314));
#4224 = CARTESIAN_POINT('',(213.14495666776,219.25511628754,
    13.436105761087));
#4225 = CARTESIAN_POINT('',(212.97008521031,219.1822504722,
    13.422226558165));
#4226 = CARTESIAN_POINT('',(212.80522246984,219.11812123979,
    13.410011466278));
#4227 = CARTESIAN_POINT('',(212.64961441551,219.06149594167,
    13.399225695207));
#4228 = CARTESIAN_POINT('',(212.50254512843,219.01132816902,
    13.389669928988));
#4229 = CARTESIAN_POINT('',(212.36333760157,218.96672237609,
    13.381173587477));
#4230 = CARTESIAN_POINT('',(212.23135136575,218.92693221568,
    13.373594509304));
#4231 = CARTESIAN_POINT('',(211.85522809382,218.820313329,
    13.353286149936));
#4232 = CARTESIAN_POINT('',(211.63096900331,218.76614837232,
    13.342969015331));
#4233 = CARTESIAN_POINT('',(211.42819931651,218.72401896438,
    13.334944366199));
#4234 = CARTESIAN_POINT('',(211.24279802332,218.69079429953,
    13.32861585861));
#4235 = CARTESIAN_POINT('',(211.07098321878,218.66438074178,
    13.323584704751));
#4236 = CARTESIAN_POINT('',(210.90912746518,218.6433082377,
    13.319570894452));
#4237 = CARTESIAN_POINT('',(210.75382620667,218.62653209418,
    13.316375438542));
#4238 = CARTESIAN_POINT('',(210.60211668818,218.61336829582,
    13.313868048378));
#4239 = CARTESIAN_POINT('',(210.45174483074,218.60348053684,
    13.311984665715));
#4240 = CARTESIAN_POINT('',(210.30137751481,218.59683714238,
    13.310719257246));
#4241 = CARTESIAN_POINT('',(210.15065772389,218.59355605394,
    13.31009428802));
#4242 = CARTESIAN_POINT('',(210.00000000003,218.59355605394,
    13.31009428802));
#4243 = PCURVE('',#1656,#4244);
#4244 = DEFINITIONAL_REPRESENTATION('',(#4245),#4336);
#4245 = ( BOUNDED_CURVE() B_SPLINE_CURVE(12,(#4246,#4247,#4248,#4249,
    #4250,#4251,#4252,#4253,#4254,#4255,#4256,#4257,#4258,#4259,#4260,
    #4261,#4262,#4263,#4264,#4265,#4266,#4267,#4268,#4269,#4270,#4271,
    #4272,#4273,#4274,#4275,#4276,#4277,#4278,#4279,#4280,#4281,#4282,
    #4283,#4284,#4285,#4286,#4287,#4288,#4289,#4290,#4291,#4292,#4293,
    #4294,#4295,#4296,#4297,#4298,#4299,#4300,#4301,#4302,#4303,#4304,
    #4305,#4306,#4307,#4308,#4309,#4310,#4311,#4312,#4313,#4314,#4315,
    #4316,#4317,#4318,#4319,#4320,#4321,#4322,#4323,#4324,#4325,#4326,
    #4327,#4328,#4329,#4330,#4331,#4332,#4333,#4334,#4335),
.UNSPECIFIED.,.F.,.F.) B_SPLINE_CURVE_WITH_KNOTS((13,11,11,11,11,11,11,
    11,13),(-3.81694613148,-3.786344968743,-3.755743806006,
    -3.694541480532,-3.572136829584,-3.327327527689,-2.837708923898,
-1.858471716315,0.100002698849),.UNSPECIFIED.) CURVE() 
GEOMETRIC_REPRESENTATION_ITEM() RATIONAL_B_SPLINE_CURVE((1.,1.,1.,1.,1.,
    1.,1.,1.,1.,1.,1.,1.,1.,0.999999999999,1.000000000001,0.999999999997
    ,1.000000000004,0.999999999996,1.000000000003,0.999999999998,
    1.000000000001,1.,1.,1.,1.000000000001,0.999999999999,1.000000000003
    ,0.999999999996,1.000000000004,0.999999999996,1.000000000003,
    0.999999999999,1.,1.,1.,1.,0.999999999999,1.000000000001,
    0.999999999998,1.000000000002,0.999999999999,1.000000000001,1.,1.,1.
    ,1.,1.000000000001,0.999999999997,1.000000000005,0.999999999993,
    1.000000000007,0.999999999994,1.000000000004,0.999999999998,
    1.000000000001,1.,1.,0.999999999999,1.000000000001,0.999999999997,
    1.000000000004,0.999999999996,1.000000000003,0.999999999998,
    1.000000000001,1.,1.,1.,1.,1.,1.,1.,1.,1.,1.,1.,1.,1.,1.,1.,1.,1.,
    0.999999999999,1.000000000001,0.999999999999,1.000000000001,1.,1.,1.
,1.)) REPRESENTATION_ITEM('') );
#4246 = CARTESIAN_POINT('',(1.423623909497,-233.9558652037));
#4247 = CARTESIAN_POINT('',(1.60434274411,-233.9558237128));
#4248 = CARTESIAN_POINT('',(1.734820499104,-233.9513902693));
#4249 = CARTESIAN_POINT('',(1.860072709528,-233.9465391599));
#4250 = CARTESIAN_POINT('',(1.958351506595,-233.9393460892));
#4251 = CARTESIAN_POINT('',(2.065415524068,-233.9329703146));
#4252 = CARTESIAN_POINT('',(2.147123183722,-233.9243927077));
#4253 = CARTESIAN_POINT('',(2.238628401457,-233.9167198776));
#4254 = CARTESIAN_POINT('',(2.315103275007,-233.9077562944));
#4255 = CARTESIAN_POINT('',(2.392663544993,-233.8989259408));
#4256 = CARTESIAN_POINT('',(2.464846571572,-233.8896569546));
#4257 = CARTESIAN_POINT('',(2.534361311535,-233.8801883165));
#4258 = CARTESIAN_POINT('',(2.667784819804,-233.8608270412));
#4259 = CARTESIAN_POINT('',(2.731753728862,-233.8509397156));
#4260 = CARTESIAN_POINT('',(2.793301618426,-233.8408737225));
#4261 = CARTESIAN_POINT('',(2.852696477453,-233.830652365));
#4262 = CARTESIAN_POINT('',(2.910159404543,-233.8202948383));
#4263 = CARTESIAN_POINT('',(2.965871554234,-233.8098168397));
#4264 = CARTESIAN_POINT('',(3.019981083237,-233.7992311776));
#4265 = CARTESIAN_POINT('',(3.072610096804,-233.7885483815));
#4266 = CARTESIAN_POINT('',(3.123861594883,-233.7777773118));
#4267 = CARTESIAN_POINT('',(3.173826418507,-233.7669257686));
#4268 = CARTESIAN_POINT('',(3.222590195994,-233.7560011021));
#4269 = CARTESIAN_POINT('',(3.365540475795,-233.7230302614));
#4270 = CARTESIAN_POINT('',(3.45637828618,-233.7007865658));
#4271 = CARTESIAN_POINT('',(3.543304329338,-233.6783267962));
#4272 = CARTESIAN_POINT('',(3.626773320776,-233.6556896816));
#4273 = CARTESIAN_POINT('',(3.707156758471,-233.6329067231));
#4274 = CARTESIAN_POINT('',(3.784755598764,-233.6100032988));
#4275 = CARTESIAN_POINT('',(3.859812932305,-233.5869997685));
#4276 = CARTESIAN_POINT('',(3.932526659926,-233.5639125781));
#4277 = CARTESIAN_POINT('',(4.003062168557,-233.5407553645));
#4278 = CARTESIAN_POINT('',(4.07156500712,-233.5175400604));
#4279 = CARTESIAN_POINT('',(4.138173562435,-233.4942779983));
#4280 = CARTESIAN_POINT('',(4.332748080543,-233.4243870515));
#4281 = CARTESIAN_POINT('',(4.455415818529,-233.3776492876));
#4282 = CARTESIAN_POINT('',(4.571967635767,-233.3308433411));
#4283 = CARTESIAN_POINT('',(4.683128132884,-233.284027004));
#4284 = CARTESIAN_POINT('',(4.789465293269,-233.2372446843));
#4285 = CARTESIAN_POINT('',(4.891433167374,-233.1905310855));
#4286 = CARTESIAN_POINT('',(4.989405772584,-233.1439141271));
#4287 = CARTESIAN_POINT('',(5.083702208564,-233.0974171055));
#4288 = CARTESIAN_POINT('',(5.174602988247,-233.0510600941));
#4289 = CARTESIAN_POINT('',(5.262357584245,-233.0048605852));
#4290 = CARTESIAN_POINT('',(5.347183190923,-232.9588333709));
#4291 = CARTESIAN_POINT('',(5.593397723842,-232.8213022518));
#4292 = CARTESIAN_POINT('',(5.746557011783,-232.7303516877));
#4293 = CARTESIAN_POINT('',(5.890198785061,-232.6402335498));
#4294 = CARTESIAN_POINT('',(6.02546435559,-232.5510166108));
#4295 = CARTESIAN_POINT('',(6.153250664313,-232.4627496175));
#4296 = CARTESIAN_POINT('',(6.274277031102,-232.375466902));
#4297 = CARTESIAN_POINT('',(6.389138118121,-232.289192827));
#4298 = CARTESIAN_POINT('',(6.498343106459,-232.203945065));
#4299 = CARTESIAN_POINT('',(6.602341086312,-232.1197367105));
#4300 = CARTESIAN_POINT('',(6.70153266044,-232.036577226));
#4301 = CARTESIAN_POINT('',(6.796267761138,-231.9544722216));
#4302 = CARTESIAN_POINT('',(7.067953519371,-231.7113217606));
#4303 = CARTESIAN_POINT('',(7.232435798672,-231.5534451643));
#4304 = CARTESIAN_POINT('',(7.382650401074,-231.399804557));
#4305 = CARTESIAN_POINT('',(7.520458633345,-231.2503752869));
#4306 = CARTESIAN_POINT('',(7.647334252567,-231.1051057754));
#4307 = CARTESIAN_POINT('',(7.764467192668,-230.9639257989));
#4308 = CARTESIAN_POINT('',(7.872845991566,-230.8267530492));
#4309 = CARTESIAN_POINT('',(7.973318918583,-230.6934979741));
#4310 = CARTESIAN_POINT('',(8.066633802537,-230.5640668958));
#4311 = CARTESIAN_POINT('',(8.153456560124,-230.4383634098));
#4312 = CARTESIAN_POINT('',(8.234368424858,-230.3162880623));
#4313 = CARTESIAN_POINT('',(8.460788779676,-229.9606327947));
#4314 = CARTESIAN_POINT('',(8.590061419833,-229.7376296603));
#4315 = CARTESIAN_POINT('',(8.701603881511,-229.5279053993));
#4316 = CARTESIAN_POINT('',(8.798475822289,-229.330625011));
#4317 = CARTESIAN_POINT('',(8.883060077188,-229.1449566677));
#4318 = CARTESIAN_POINT('',(8.957235944685,-228.9700852103));
#4319 = CARTESIAN_POINT('',(9.022518154508,-228.8052224698));
#4320 = CARTESIAN_POINT('',(9.080161517046,-228.6496144155));
#4321 = CARTESIAN_POINT('',(9.131231254472,-228.5025451284));
#4322 = CARTESIAN_POINT('',(9.176639013522,-228.3633376015));
#4323 = CARTESIAN_POINT('',(9.21714455995,-228.2313513657));
#4324 = CARTESIAN_POINT('',(9.325680344174,-227.8552280938));
#4325 = CARTESIAN_POINT('',(9.380819130872,-227.6309690033));
#4326 = CARTESIAN_POINT('',(9.423705982087,-227.4281993165));
#4327 = CARTESIAN_POINT('',(9.45752799212,-227.2427980233));
#4328 = CARTESIAN_POINT('',(9.484416438378,-227.0709832187));
#4329 = CARTESIAN_POINT('',(9.505867804332,-226.9091274651));
#4330 = CARTESIAN_POINT('',(9.522945565599,-226.7538262066));
#4331 = CARTESIAN_POINT('',(9.536346035468,-226.6021166881));
#4332 = CARTESIAN_POINT('',(9.546411566149,-226.4517448307));
#4333 = CARTESIAN_POINT('',(9.553174401985,-226.3013775148));
#4334 = CARTESIAN_POINT('',(9.556514481009,-226.1506577238));
#4335 = CARTESIAN_POINT('',(9.556514481009,-226.));
#4336 = ( GEOMETRIC_REPRESENTATION_CONTEXT(2) 
PARAMETRIC_REPRESENTATION_CONTEXT() REPRESENTATION_CONTEXT('2D SPACE',''
  ) );
#4337 = PCURVE('',#4338,#4609);
#4338 = ( BOUNDED_SURFACE() B_SPLINE_SURFACE(2,12,(
    (#4339,#4340,#4341,#4342,#4343,#4344,#4345,#4346,#4347,#4348,#4349
      ,#4350,#4351,#4352,#4353,#4354,#4355,#4356,#4357,#4358,#4359,#4360
      ,#4361,#4362,#4363,#4364,#4365,#4366,#4367,#4368,#4369,#4370,#4371
      ,#4372,#4373,#4374,#4375,#4376,#4377,#4378,#4379,#4380,#4381,#4382
      ,#4383,#4384,#4385,#4386,#4387,#4388,#4389,#4390,#4391,#4392,#4393
      ,#4394,#4395,#4396,#4397,#4398,#4399,#4400,#4401,#4402,#4403,#4404
      ,#4405,#4406,#4407,#4408,#4409,#4410,#4411,#4412,#4413,#4414,#4415
      ,#4416,#4417,#4418,#4419,#4420,#4421,#4422,#4423,#4424,#4425,#4426
      ,#4427,#4428)
    ,(#4429,#4430,#4431,#4432,#4433,#4434,#4435,#4436,#4437,#4438,#4439
      ,#4440,#4441,#4442,#4443,#4444,#4445,#4446,#4447,#4448,#4449,#4450
      ,#4451,#4452,#4453,#4454,#4455,#4456,#4457,#4458,#4459,#4460,#4461
      ,#4462,#4463,#4464,#4465,#4466,#4467,#4468,#4469,#4470,#4471,#4472
      ,#4473,#4474,#4475,#4476,#4477,#4478,#4479,#4480,#4481,#4482,#4483
      ,#4484,#4485,#4486,#4487,#4488,#4489,#4490,#4491,#4492,#4493,#4494
      ,#4495,#4496,#4497,#4498,#4499,#4500,#4501,#4502,#4503,#4504,#4505
      ,#4506,#4507,#4508,#4509,#4510,#4511,#4512,#4513,#4514,#4515,#4516
      ,#4517,#4518)
    ,(#4519,#4520,#4521,#4522,#4523,#4524,#4525,#4526,#4527,#4528,#4529
      ,#4530,#4531,#4532,#4533,#4534,#4535,#4536,#4537,#4538,#4539,#4540
      ,#4541,#4542,#4543,#4544,#4545,#4546,#4547,#4548,#4549,#4550,#4551
      ,#4552,#4553,#4554,#4555,#4556,#4557,#4558,#4559,#4560,#4561,#4562
      ,#4563,#4564,#4565,#4566,#4567,#4568,#4569,#4570,#4571,#4572,#4573
      ,#4574,#4575,#4576,#4577,#4578,#4579,#4580,#4581,#4582,#4583,#4584
      ,#4585,#4586,#4587,#4588,#4589,#4590,#4591,#4592,#4593,#4594,#4595
      ,#4596,#4597,#4598,#4599,#4600,#4601,#4602,#4603,#4604,#4605,#4606
      ,#4607,#4608
)),.UNSPECIFIED.,.F.,.F.,.F.) B_SPLINE_SURFACE_WITH_KNOTS((3,3),(13,11,
    11,11,11,11,11,11,13),(0.,3.916948830329),(-3.81694613148,
    -3.786344968743,-3.755743806006,-3.694541480532,-3.572136829584,
    -3.327327527689,-2.837708923898,-1.858471716315,0.100002698849),
.UNSPECIFIED.) GEOMETRIC_REPRESENTATION_ITEM() RATIONAL_B_SPLINE_SURFACE
((
    (1.,1.,1.,1.,1.,1.,1.,1.,1.,1.,1.,1.,1.,0.999999999999
      ,1.000000000001,0.999999999997,1.000000000004,0.999999999996
      ,1.000000000003,0.999999999998,1.000000000001,1.,1.,1.
      ,1.000000000001,0.999999999999,1.000000000003,0.999999999996
      ,1.000000000004,0.999999999996,1.000000000003,0.999999999999,1.,1.
      ,1.,1.,0.999999999999,1.000000000001,0.999999999998,1.000000000002
      ,0.999999999999,1.000000000001,1.,1.,1.,1.,1.000000000001
      ,0.999999999997,1.000000000005,0.999999999993,1.000000000007
      ,0.999999999994,1.000000000004,0.999999999998,1.000000000001,1.,1.
      ,0.999999999999,1.000000000001,0.999999999997,1.000000000004
      ,0.999999999996,1.000000000003,0.999999999998,1.000000000001,1.,1.
      ,1.,1.,1.,1.,1.,1.,1.,1.,1.,1.,1.,1.,1.,1.,1.,0.999999999999
      ,1.000000000001,0.999999999999,1.000000000001,1.,1.,1.,1.)
    ,(0.707106775964,0.690053284991,0.686936771944,0.677893686071
      ,0.680572159424,0.67069106692,0.67547174034,0.668433512467
      ,0.669819036885,0.667287724091,0.666410515258,0.665317839964
      ,0.663430870952,0.662595392109,0.661847392628,0.661170679542
      ,0.660552767829,0.659984254935,0.659458195416,0.658969475437
      ,0.658514187419,0.658089004559,0.657690555436,0.656563284849
      ,0.655904308922,0.655319182284,0.654793320772,0.654315638645
      ,0.653877942736,0.653474326481,0.653100564106,0.652753504651
      ,0.652430466133,0.652128629609,0.651276040678,0.650781020516
      ,0.650342634977,0.649949122554,0.649592270835,0.649266252375
      ,0.648966723504,0.648690186313,0.648433613529,0.648194336571
      ,0.647970196538,0.647339481834,0.646973685927,0.646649820844
      ,0.646358980101,0.646094988358,0.645853495444,0.645631276259
      ,0.64542573692,0.645234626726,0.645055956344,0.644888121908
      ,0.644414461848,0.644137754081,0.643890707571,0.643666762957
      ,0.643461378763,0.643271358027,0.643094328747,0.64292837804
      ,0.64277184013,0.642623238053,0.642481379169,0.64207405492
      ,0.641826287321,0.641595332137,0.641376274014,0.641165723498
      ,0.640961388621,0.640761746257,0.640565813333,0.640373017769
      ,0.640183169293,0.63999653,0.639448894241,0.639100285434
      ,0.638771091784,0.638474757149,0.638221961129,0.63801567156
      ,0.637851973782,0.637724126337,0.637627292681,0.637561398592
      ,0.637529564848,0.637529564848)
    ,(1.,1.,1.,1.,1.,1.,1.,1.,1.,1.,1.,1.,1.,0.999999999999
      ,1.000000000001,0.999999999997,1.000000000004,0.999999999996
      ,1.000000000003,0.999999999998,1.000000000001,1.,1.,1.
      ,1.000000000001,0.999999999999,1.000000000003,0.999999999996
      ,1.000000000004,0.999999999996,1.000000000003,0.999999999999,1.,1.
      ,1.,1.,0.999999999999,1.000000000001,0.999999999998,1.000000000002
      ,0.999999999999,1.000000000001,1.,1.,1.,1.,1.000000000001
      ,0.999999999997,1.000000000005,0.999999999993,1.000000000007
      ,0.999999999994,1.000000000004,0.999999999998,1.000000000001,1.,1.
      ,0.999999999999,1.000000000001,0.999999999997,1.000000000004
      ,0.999999999996,1.000000000003,0.999999999998,1.000000000001,1.,1.
      ,1.,1.,1.,1.,1.,1.,1.,1.,1.,1.,1.,1.,1.,1.,1.,0.999999999999
      ,1.000000000001,0.999999999999,1.000000000001,1.,1.,1.,1.
))) REPRESENTATION_ITEM('') SURFACE() );
#4339 = CARTESIAN_POINT('',(218.,226.,15.229835007322));
#4340 = CARTESIAN_POINT('',(218.,225.8179638965,15.219712345607));
#4341 = CARTESIAN_POINT('',(217.99550000373,225.69028259829,
    15.199253707242));
#4342 = CARTESIAN_POINT('',(217.99073766458,225.56428293916,
    15.18851105136));
#4343 = CARTESIAN_POINT('',(217.9834231593,225.47042739112,
    15.165865194852));
#4344 = CARTESIAN_POINT('',(217.97721941556,225.36106561109,
    15.159949746585));
#4345 = CARTESIAN_POINT('',(217.96850090765,225.28427906213,
    15.137432547742));
#4346 = CARTESIAN_POINT('',(217.960967228,225.19135188839,
    15.130376766634));
#4347 = CARTESIAN_POINT('',(217.95195764344,225.11765885531,
    15.113855883299));
#4348 = CARTESIAN_POINT('',(217.94317891701,225.04068220592,
    15.102877993705));
#4349 = CARTESIAN_POINT('',(217.93392855137,224.96982504683,
    15.09050689813));
#4350 = CARTESIAN_POINT('',(217.92448814582,224.9014160349,
    15.078965122064));
#4351 = CARTESIAN_POINT('',(217.90518398386,224.77017672696,
    15.056519545093));
#4352 = CARTESIAN_POINT('',(217.89532646874,224.70726520776,
    15.045664586298));
#4353 = CARTESIAN_POINT('',(217.88529134753,224.6467426173,
    15.035145032647));
#4354 = CARTESIAN_POINT('',(217.87510176688,224.58834334011,
    15.024932645554));
#4355 = CARTESIAN_POINT('',(217.86477679686,224.5318484214,
    15.015002923964));
#4356 = CARTESIAN_POINT('',(217.85433203561,224.47707863724,
    15.005334655913));
#4357 = CARTESIAN_POINT('',(217.84378021427,224.42388756468,
    14.995909470097));
#4358 = CARTESIAN_POINT('',(217.83313180157,224.37215465188,
    14.986711387426));
#4359 = CARTESIAN_POINT('',(217.82239560876,224.32177828833,
    14.977726372605));
#4360 = CARTESIAN_POINT('',(217.81157939426,224.27266887489,
    14.968941885681));
#4361 = CARTESIAN_POINT('',(217.80069046851,224.22474189403,
    14.96034643362));
#4362 = CARTESIAN_POINT('',(217.76782795899,224.08424915168,
    14.935094498354));
#4363 = CARTESIAN_POINT('',(217.74565796976,223.99497947785,
    14.918971429825));
#4364 = CARTESIAN_POINT('',(217.72327315565,223.90955905478,
    14.903481923066));
#4365 = CARTESIAN_POINT('',(217.70071205798,223.82753965983,
    14.888560416347));
#4366 = CARTESIAN_POINT('',(217.67800603238,223.74855522529,
    14.874152222298));
#4367 = CARTESIAN_POINT('',(217.6551803464,223.67230931229,
    14.860211970788));
#4368 = CARTESIAN_POINT('',(217.63225527728,223.59856258476,
    14.846702051808));
#4369 = CARTESIAN_POINT('',(217.60924720945,223.52712028334,
    14.833591058347));
#4370 = CARTESIAN_POINT('',(217.58616973239,223.4578196993,
    14.820852229277));
#4371 = CARTESIAN_POINT('',(217.56303473811,223.39051764848,
    14.808461892228));
#4372 = CARTESIAN_POINT('',(217.53985351894,223.32507794522,
    14.796397906471));
#4373 = CARTESIAN_POINT('',(217.4702065575,223.13392073844,
    14.761118504453));
#4374 = CARTESIAN_POINT('',(217.4236334227,223.01341176006,
    14.738820659754));
#4375 = CARTESIAN_POINT('',(217.37699382778,222.89891440513,
    14.717592295084));
#4376 = CARTESIAN_POINT('',(217.33034538647,222.78971598291,
    14.69731344153));
#4377 = CARTESIAN_POINT('',(217.28373237924,222.68525795664,
    14.677888710886));
#4378 = CARTESIAN_POINT('',(217.23718941706,222.58509390651,
    14.65924086128));
#4379 = CARTESIAN_POINT('',(217.1907443491,222.48885614692,
    14.641305655349));
#4380 = CARTESIAN_POINT('',(217.1444204143,222.39623099807,
    14.624028011069));
#4381 = CARTESIAN_POINT('',(217.09823763664,222.30694271178,
    14.607359445116));
#4382 = CARTESIAN_POINT('',(217.0522134645,222.22074605161,
    14.591256808875));
#4383 = CARTESIAN_POINT('',(217.00636265364,222.1374275273,
    14.575682317001));
#4384 = CARTESIAN_POINT('',(216.86936387519,221.89559079591,
    14.530449971826));
#4385 = CARTESIAN_POINT('',(216.77877236583,221.74515927087,
    14.502278376485));
#4386 = CARTESIAN_POINT('',(216.68901722009,221.60407967325,
    14.475832567381));
#4387 = CARTESIAN_POINT('',(216.60016704622,221.47123037556,
    14.450910741359));
#4388 = CARTESIAN_POINT('',(216.51227046685,221.34572997093,
    14.427353209937));
#4389 = CARTESIAN_POINT('',(216.42536171604,221.22687164312,
    14.405031108689));
#4390 = CARTESIAN_POINT('',(216.33946507307,221.11407109342,
    14.3838374134));
#4391 = CARTESIAN_POINT('',(216.25459813302,221.00682802473,
    14.363680262992));
#4392 = CARTESIAN_POINT('',(216.17077391424,220.9047011824,
    14.344478589212));
#4393 = CARTESIAN_POINT('',(216.08800180248,220.80729695232,
    14.3261600531));
#4394 = CARTESIAN_POINT('',(216.00628733196,220.71427151576,
    14.308661288213));
#4395 = CARTESIAN_POINT('',(215.76431774551,220.44749665273,
    14.258468775454));
#4396 = CARTESIAN_POINT('',(215.60724075149,220.28599836233,
    14.228070196336));
#4397 = CARTESIAN_POINT('',(215.45441150108,220.13851937993,
    14.20030289033));
#4398 = CARTESIAN_POINT('',(215.30580470018,220.00323103201,
    14.174827199049));
#4399 = CARTESIAN_POINT('',(215.16136805647,219.87868542268,
    14.151373323009));
#4400 = CARTESIAN_POINT('',(215.02103053637,219.76371350486,
    14.129722798815));
#4401 = CARTESIAN_POINT('',(214.88470890314,219.65734408183,
    14.109693759181));
#4402 = CARTESIAN_POINT('',(214.75231253603,219.55874373909,
    14.091129975803));
#4403 = CARTESIAN_POINT('',(214.62374653059,219.46717770659,
    14.073893685063));
#4404 = CARTESIAN_POINT('',(214.49891308008,219.3819916513,
    14.057862196581));
#4405 = CARTESIAN_POINT('',(214.37771113791,219.30261440013,
    14.042928284604));
#4406 = CARTESIAN_POINT('',(214.02468080813,219.08051597923,
    14.001156517499));
#4407 = CARTESIAN_POINT('',(213.80343412985,218.95375021532,
    13.977334523023));
#4408 = CARTESIAN_POINT('',(213.59545785307,218.84440774813,
    13.956809145328));
#4409 = CARTESIAN_POINT('',(213.39989953232,218.74948055093,
    13.939013879848));
#4410 = CARTESIAN_POINT('',(213.21590608504,218.66662468013,
    13.923506706164));
#4411 = CARTESIAN_POINT('',(213.04263648124,218.59398972639,
    13.909938167778));
#4412 = CARTESIAN_POINT('',(212.8792717876,218.53008216017,
    13.898025776421));
#4413 = CARTESIAN_POINT('',(212.72502256627,218.47366257197,
    13.887534740882));
#4414 = CARTESIAN_POINT('',(212.57913362822,218.42367680697,
    13.878265020381));
#4415 = CARTESIAN_POINT('',(212.44088614114,218.37922099429,
    13.870044702465));
#4416 = CARTESIAN_POINT('',(212.309597092,218.33954047074,
    13.862729705439));
#4417 = CARTESIAN_POINT('',(211.93465412837,218.23310685599,
    13.843170005119));
#4418 = CARTESIAN_POINT('',(211.70994918166,218.17887464993,
    13.833293884877));
#4419 = CARTESIAN_POINT('',(211.5052536826,218.13643262839,
    13.825637941961));
#4420 = CARTESIAN_POINT('',(211.31605981012,218.10258746117,
    13.819576511836));
#4421 = CARTESIAN_POINT('',(211.13842311942,218.07526646506,
    13.814701005236));
#4422 = CARTESIAN_POINT('',(210.96889345992,218.0531148038,
    13.810749587593));
#4423 = CARTESIAN_POINT('',(210.80452390155,218.03525637112,
    13.807560539028));
#4424 = CARTESIAN_POINT('',(210.64292837542,218.02116546329,
    13.805042533169));
#4425 = CARTESIAN_POINT('',(210.48235873526,218.01059634937,
    13.803155073081));
#4426 = CARTESIAN_POINT('',(210.32177194575,218.0035178453,
    13.801892322584));
#4427 = CARTESIAN_POINT('',(210.16085810394,218.,13.801263571231));
#4428 = CARTESIAN_POINT('',(210.,218.,13.801263571231));
#4429 = CARTESIAN_POINT('',(218.,226.09355604804,14.738665715468));
#4430 = CARTESIAN_POINT('',(218.00218143252,225.88746332694,
    14.699409959068));
#4431 = CARTESIAN_POINT('',(217.99802429557,225.76025793317,
    14.675180360254));
#4432 = CARTESIAN_POINT('',(217.99453582451,225.61729192671,
    14.647948739977));
#4433 = CARTESIAN_POINT('',(217.98686095205,225.53600398166,
    14.632465321869));
#4434 = CARTESIAN_POINT('',(217.98199086004,225.40238912285,
    14.607014872576));
#4435 = CARTESIAN_POINT('',(217.97275015103,225.34420337477,
    14.595931872937));
#4436 = CARTESIAN_POINT('',(217.96607726313,225.23241472358,
    14.574638796526));
#4437 = CARTESIAN_POINT('',(217.95701328582,225.16655013543,
    14.562093160683));
#4438 = CARTESIAN_POINT('',(217.94855716912,225.08381566584,
    14.546334214097));
#4439 = CARTESIAN_POINT('',(217.93947641614,225.01254544994,
    14.532758934877));
#4440 = CARTESIAN_POINT('',(217.93021402815,224.94264435382,
    14.519444440379));
#4441 = CARTESIAN_POINT('',(217.91120264963,224.8087871513,
    14.493947830375));
#4442 = CARTESIAN_POINT('',(217.90146746842,224.74465886362,
    14.481732918435));
#4443 = CARTESIAN_POINT('',(217.89154600123,224.68306791599,
    14.470001309363));
#4444 = CARTESIAN_POINT('',(217.88146273428,224.62371639178,
    14.458696257132));
#4445 = CARTESIAN_POINT('',(217.87123770125,224.56636017145,
    14.447771262785));
#4446 = CARTESIAN_POINT('',(217.86088723064,224.51080184094,
    14.437188723638));
#4447 = CARTESIAN_POINT('',(217.85042466124,224.45688294448,
    14.426918457647));
#4448 = CARTESIAN_POINT('',(217.83986101718,224.40447568148,
    14.416936121837));
#4449 = CARTESIAN_POINT('',(217.82920563658,224.35347412264,
    14.407221539201));
#4450 = CARTESIAN_POINT('',(217.81846674878,224.3037850042,
    14.397756945212));
#4451 = CARTESIAN_POINT('',(217.80765199675,224.25531814692,
    14.388525162873));
#4452 = CARTESIAN_POINT('',(217.7749653407,224.11313075593,
    14.361441850304));
#4453 = CARTESIAN_POINT('',(217.75289617543,224.0228574026,
    14.344246925859));
#4454 = CARTESIAN_POINT('',(217.73060874601,223.93657308948,
    14.327811818599));
#4455 = CARTESIAN_POINT('',(217.70814163423,223.85379565004,
    14.312044687278));
#4456 = CARTESIAN_POINT('',(217.68552607044,223.77413281958,
    14.296870814809));
#4457 = CARTESIAN_POINT('',(217.66278726217,223.69726979985,
    14.282230239621));
#4458 = CARTESIAN_POINT('',(217.63994562935,223.6229559085,
    14.268075212699));
#4459 = CARTESIAN_POINT('',(217.61701793452,223.55099046326,
    14.254367508843));
#4460 = CARTESIAN_POINT('',(217.59401830087,223.48120801323,
    14.241075613599));
#4461 = CARTESIAN_POINT('',(217.570959112,223.41346300416,
    14.228171802347));
#4462 = CARTESIAN_POINT('',(217.54785179012,223.34761394606,
    14.215629124614));
#4463 = CARTESIAN_POINT('',(217.47835817135,223.15512567974,
    14.178964692934));
#4464 = CARTESIAN_POINT('',(217.4318735456,223.03383813322,
    14.155862303121));
#4465 = CARTESIAN_POINT('',(217.38532580113,222.91867881897,
    14.133927195644));
#4466 = CARTESIAN_POINT('',(217.33877031389,222.80890230765,
    14.113017383965));
#4467 = CARTESIAN_POINT('',(217.2922500886,222.70392950818,
    14.093022565018));
#4468 = CARTESIAN_POINT('',(217.24579922957,222.60330177892,
    14.073855378494));
#4469 = CARTESIAN_POINT('',(217.19944551166,222.5066438351,
    14.055444341573));
#4470 = CARTESIAN_POINT('',(217.15321217144,222.41363604916,
    14.037728572824));
#4471 = CARTESIAN_POINT('',(217.10711904463,222.32399662079,
    14.020654395991));
#4472 = CARTESIAN_POINT('',(217.0611831778,222.23747400784,
    14.004173898287));
#4473 = CARTESIAN_POINT('',(217.01541904297,222.15384994549,
    13.988245505458));
#4474 = CARTESIAN_POINT('',(216.8785885445,221.91100246836,
    13.941988843148));
#4475 = CARTESIAN_POINT('',(216.7880987448,221.75998330499,
    13.91322328822));
#4476 = CARTESIAN_POINT('',(216.69845715631,221.61841131024,
    13.886257193983));
#4477 = CARTESIAN_POINT('',(216.60972731459,221.48513570629,
    13.860871364657));
#4478 = CARTESIAN_POINT('',(216.52195485667,221.35925736477,
    13.836894537702));
#4479 = CARTESIAN_POINT('',(216.43517260538,221.2400595025,
    13.814190182984));
#4480 = CARTESIAN_POINT('',(216.34940430391,221.12695201949,
    13.792645900506));
#4481 = CARTESIAN_POINT('',(216.26466720584,221.01943011133,
    13.772165537047));
#4482 = CARTESIAN_POINT('',(216.18097372306,220.91704764508,
    13.752664114904));
#4483 = CARTESIAN_POINT('',(216.09833232824,220.81940568533,
    13.73406564638));
#4484 = CARTESIAN_POINT('',(216.01674790107,220.72615648193,
    13.716303893351));
#4485 = CARTESIAN_POINT('',(215.77505091862,220.45862552513,
    13.665345615865));
#4486 = CARTESIAN_POINT('',(215.61815027683,220.29668966738,
    13.63450069058));
#4487 = CARTESIAN_POINT('',(215.4655192149,220.14884622815,
    13.606340035488));
#4488 = CARTESIAN_POINT('',(215.31712406599,220.01324210107,
    13.580510677951));
#4489 = CARTESIAN_POINT('',(215.17290761975,219.88841502521,
    13.556734092071));
#4490 = CARTESIAN_POINT('',(215.03279643038,219.77318832995,
    13.534786150119));
#4491 = CARTESIAN_POINT('',(214.89670619844,219.66658668727,
    13.51448107532));
#4492 = CARTESIAN_POINT('',(214.76454553209,219.5677734745,
    13.495659510984));
#4493 = CARTESIAN_POINT('',(214.63621836777,219.47601018765,
    13.478180789679));
#4494 = CARTESIAN_POINT('',(214.51162530339,219.39063823374,
    13.461919465125));
#4495 = CARTESIAN_POINT('',(214.39066407169,219.31108334854,
    13.446766153659));
#4496 = CARTESIAN_POINT('',(214.03821092764,219.08838764233,
    13.404347923904));
#4497 = CARTESIAN_POINT('',(213.81734515382,218.96126850101,
    13.380134754129));
#4498 = CARTESIAN_POINT('',(213.60977580081,218.85161955111,
    13.359249239862));
#4499 = CARTESIAN_POINT('',(213.41463613682,218.75641359871,
    13.341114772738));
#4500 = CARTESIAN_POINT('',(213.23106284723,218.67329547563,
    13.325282749293));
#4501 = CARTESIAN_POINT('',(213.05820690013,218.60040870999,
    13.311399555841));
#4502 = CARTESIAN_POINT('',(212.89524179754,218.53625623398,
    13.299180036598));
#4503 = CARTESIAN_POINT('',(212.74136957204,218.479595618,
    13.288387538317));
#4504 = CARTESIAN_POINT('',(212.59582482163,218.42936916739,
    13.278820595343));
#4505 = CARTESIAN_POINT('',(212.4578770206,218.38466912239,
    13.270306301059));
#4506 = CARTESIAN_POINT('',(212.32683129777,218.34473814055,
    13.262700399755));
#4507 = CARTESIAN_POINT('',(211.95220715049,218.23747811715,
    13.242269919108));
#4508 = CARTESIAN_POINT('',(211.72743012152,218.18268560272,
    13.231833249691));
#4509 = CARTESIAN_POINT('',(211.5223838551,218.13967336033,
    13.223640441619));
#4510 = CARTESIAN_POINT('',(211.3324381183,218.10524295443,
    13.217082269064));
#4511 = CARTESIAN_POINT('',(211.15358457696,218.07733684081,
    13.211766818854));
#4512 = CARTESIAN_POINT('',(210.98239902616,218.05462900155,
    13.207441516134));
#4513 = CARTESIAN_POINT('',(210.81603268367,218.03627565422,
    13.203945640455));
#4514 = CARTESIAN_POINT('',(210.65222911527,218.02177739419,
    13.201184067114));
#4515 = CARTESIAN_POINT('',(210.48935731718,218.01090266539,
    13.199112690201));
#4516 = CARTESIAN_POINT('',(210.32644681997,218.00362172399,
    13.197725844219));
#4517 = CARTESIAN_POINT('',(210.16320604704,218.,13.197035992031));
#4518 = CARTESIAN_POINT('',(209.99999999999,218.,13.197035992031));
#4519 = CARTESIAN_POINT('',(217.95586520374,226.58280811883,
    14.831856586095));
#4520 = CARTESIAN_POINT('',(217.95582371282,226.40528103791,
    14.798041904015));
#4521 = CARTESIAN_POINT('',(217.9513902693,226.27710770712,
    14.773627936245));
#4522 = CARTESIAN_POINT('',(217.94653915991,226.15406763029,
    14.750191731135));
#4523 = CARTESIAN_POINT('',(217.93934608927,226.05752457767,
    14.731802578255));
#4524 = CARTESIAN_POINT('',(217.93297031464,225.95235146423,
    14.711769604266));
#4525 = CARTESIAN_POINT('',(217.92439270775,225.87208687898,
    14.696481111837));
#4526 = CARTESIAN_POINT('',(217.91671987763,225.78219777457,
    14.679359377664));
#4527 = CARTESIAN_POINT('',(217.90775629444,225.70707355692,
    14.665050002873));
#4528 = CARTESIAN_POINT('',(217.89892594087,225.63088311249,
    14.650537537267));
#4529 = CARTESIAN_POINT('',(217.88965695468,225.55997494164,
    14.637031219011));
#4530 = CARTESIAN_POINT('',(217.88018831651,225.49168793164,
    14.624024169487));
#4531 = CARTESIAN_POINT('',(217.86082704128,225.3606208738,
    14.599059015613));
#4532 = CARTESIAN_POINT('',(217.85093971568,225.29778174738,
    14.5870896582));
#4533 = CARTESIAN_POINT('',(217.84087372256,225.23732088178,
    14.575573302847));
#4534 = CARTESIAN_POINT('',(217.83065236501,225.17897502111,
    14.564459805577));
#4535 = CARTESIAN_POINT('',(217.82029483836,225.12252697169,
    14.553707796163));
#4536 = CARTESIAN_POINT('',(217.8098168397,225.06779877843,14.5432833784
    ));
#4537 = CARTESIAN_POINT('',(217.79923117761,225.01464490128,
    14.53315883037));
#4538 = CARTESIAN_POINT('',(217.78854838159,224.96294539154,
    14.523311304706));
#4539 = CARTESIAN_POINT('',(217.77777731182,224.91259906839,
    14.513721528867));
#4540 = CARTESIAN_POINT('',(217.76692576862,224.86351669518,
    14.504372505399));
#4541 = CARTESIAN_POINT('',(217.75600110215,224.81561415591,
    14.495248212205));
#4542 = CARTESIAN_POINT('',(217.72303026147,224.67518858298,
    14.468500484029));
#4543 = CARTESIAN_POINT('',(217.70078656582,224.58595509855,
    14.451503629851));
#4544 = CARTESIAN_POINT('',(217.67832679623,224.50056429393,
    14.435238714684));
#4545 = CARTESIAN_POINT('',(217.65568968161,224.41856948454,
    14.419620655752));
#4546 = CARTESIAN_POINT('',(217.6329067231,224.33960573359,
    14.404579941287));
#4547 = CARTESIAN_POINT('',(217.61000329883,224.26337740006,
    14.39006025871));
#4548 = CARTESIAN_POINT('',(217.58699976851,224.18964568663,
    14.376016122818));
#4549 = CARTESIAN_POINT('',(217.56391257813,224.11821618768,
    14.36241050397));
#4550 = CARTESIAN_POINT('',(217.54075536459,224.04892643725,
    14.349212456269));
#4551 = CARTESIAN_POINT('',(217.51754006041,223.98163345702,
    14.33639474575));
#4552 = CARTESIAN_POINT('',(217.49427799835,223.91620130428,
    14.323931478561));
#4553 = CARTESIAN_POINT('',(217.42438705151,223.7250632511,
    14.287524230336));
#4554 = CARTESIAN_POINT('',(217.37764928768,223.60456200122,
    14.264571611311));
#4555 = CARTESIAN_POINT('',(217.3308433411,223.49006865616,
    14.24276335511));
#4556 = CARTESIAN_POINT('',(217.28402700403,223.38087141278,
    14.221963880181));
#4557 = CARTESIAN_POINT('',(217.23724468432,223.27641231909,
    14.202066909954));
#4558 = CARTESIAN_POINT('',(217.19053108551,223.17624534382,
    14.182987486092));
#4559 = CARTESIAN_POINT('',(217.14391412717,223.08000307527,
    14.164655625416));
#4560 = CARTESIAN_POINT('',(217.0974171055,222.98737204953,
    14.147011620513));
#4561 = CARTESIAN_POINT('',(217.05106009415,222.89807670793,
    14.130002984019));
#4562 = CARTESIAN_POINT('',(217.00486058529,222.8118719839,
    14.113583036584));
#4563 = CARTESIAN_POINT('',(216.95883337095,222.72854451904,
    14.097711138515));
#4564 = CARTESIAN_POINT('',(216.82130225184,222.48667848774,
    14.051641418268));
#4565 = CARTESIAN_POINT('',(216.73035168778,222.33622421239,
    14.022983461059));
#4566 = CARTESIAN_POINT('',(216.64023354981,222.19511935875,
    13.996106346079));
#4567 = CARTESIAN_POINT('',(216.55101661086,222.06224277211,
    13.970796520052));
#4568 = CARTESIAN_POINT('',(216.46274961757,221.93671335279,
    13.946886154469));
#4569 = CARTESIAN_POINT('',(216.37546690201,221.81782448514,
    13.924240655867));
#4570 = CARTESIAN_POINT('',(216.28919282702,221.70499200958,
    13.902748755761));
#4571 = CARTESIAN_POINT('',(216.20394506504,221.59771573789,
    13.8823151802));
#4572 = CARTESIAN_POINT('',(216.11973671056,221.49555451145,
    13.862855898974));
#4573 = CARTESIAN_POINT('',(216.03657722606,221.39811480272,
    13.844295954454));
#4574 = CARTESIAN_POINT('',(215.95447222161,221.30505285971,
    13.826569870071));
#4575 = CARTESIAN_POINT('',(215.7113217606,221.03816546145,
    13.775734175165));
#4576 = CARTESIAN_POINT('',(215.55344516439,220.876588175,
    13.744957549174));
#4577 = CARTESIAN_POINT('',(215.39980455704,220.72902657782,
    13.716850578283));
#4578 = CARTESIAN_POINT('',(215.2503752869,220.59365223649,
    13.691064989458));
#4579 = CARTESIAN_POINT('',(215.10510577543,220.46901742259,
    13.667325024906));
#4580 = CARTESIAN_POINT('',(214.96392579892,220.35395321813,
    13.64540803358));
#4581 = CARTESIAN_POINT('',(214.82675304929,220.24748854419,
    13.625129048068));
#4582 = CARTESIAN_POINT('',(214.69349797412,220.1487901131,
    13.606329346907));
#4583 = CARTESIAN_POINT('',(214.56406689581,220.05712330377,
    13.588869002274));
#4584 = CARTESIAN_POINT('',(214.43836340985,219.97183396055,
    13.572623413089));
#4585 = CARTESIAN_POINT('',(214.3162880623,219.89235111534,
    13.557483823525));
#4586 = CARTESIAN_POINT('',(213.9606327947,219.66992966858,
    13.515117833665));
#4587 = CARTESIAN_POINT('',(213.73762966033,219.54294016857,
    13.490929357473));
#4588 = CARTESIAN_POINT('',(213.52790539933,219.43336770667,
    13.470058412349));
#4589 = CARTESIAN_POINT('',(213.33062501104,219.33820666324,
    13.451932499314));
#4590 = CARTESIAN_POINT('',(213.14495666776,219.25511628754,
    13.436105761087));
#4591 = CARTESIAN_POINT('',(212.97008521031,219.1822504722,
    13.422226558165));
#4592 = CARTESIAN_POINT('',(212.80522246984,219.11812123979,
    13.410011466278));
#4593 = CARTESIAN_POINT('',(212.64961441551,219.06149594167,
    13.399225695207));
#4594 = CARTESIAN_POINT('',(212.50254512843,219.01132816902,
    13.389669928988));
#4595 = CARTESIAN_POINT('',(212.36333760157,218.96672237609,
    13.381173587477));
#4596 = CARTESIAN_POINT('',(212.23135136575,218.92693221568,
    13.373594509304));
#4597 = CARTESIAN_POINT('',(211.85522809382,218.820313329,
    13.353286149936));
#4598 = CARTESIAN_POINT('',(211.63096900331,218.76614837232,
    13.342969015331));
#4599 = CARTESIAN_POINT('',(211.42819931651,218.72401896438,
    13.334944366199));
#4600 = CARTESIAN_POINT('',(211.24279802332,218.69079429953,
    13.32861585861));
#4601 = CARTESIAN_POINT('',(211.07098321878,218.66438074178,
    13.323584704751));
#4602 = CARTESIAN_POINT('',(210.90912746518,218.6433082377,
    13.319570894452));
#4603 = CARTESIAN_POINT('',(210.75382620667,218.62653209418,
    13.316375438542));
#4604 = CARTESIAN_POINT('',(210.60211668818,218.61336829582,
    13.313868048378));
#4605 = CARTESIAN_POINT('',(210.45174483074,218.60348053684,
    13.311984665715));
#4606 = CARTESIAN_POINT('',(210.30137751481,218.59683714238,
    13.310719257246));
#4607 = CARTESIAN_POINT('',(210.15065772389,218.59355605394,
    13.31009428802));
#4608 = CARTESIAN_POINT('',(210.00000000003,218.59355605394,
    13.31009428802));
#4609 = DEFINITIONAL_REPRESENTATION('',(#4610),#4614);
#4610 = LINE('',#4611,#4612);
#4611 = CARTESIAN_POINT('',(3.916948830329,0.));
#4612 = VECTOR('',#4613,1.);
#4613 = DIRECTION('',(0.,1.));
#4614 = ( GEOMETRIC_REPRESENTATION_CONTEXT(2) 
PARAMETRIC_REPRESENTATION_CONTEXT() REPRESENTATION_CONTEXT('2D SPACE',''
  ) );
#4615 = ORIENTED_EDGE('',*,*,#4616,.T.);
#4616 = EDGE_CURVE('',#4149,#3848,#4617,.T.);
#4617 = SURFACE_CURVE('',#4618,(#4622,#4629),.PCURVE_S1.);
#4618 = LINE('',#4619,#4620);
#4619 = CARTESIAN_POINT('',(210.,218.59355605394,13.31009428802));
#4620 = VECTOR('',#4621,1.);
#4621 = DIRECTION('',(-1.,0.,0.));
#4622 = PCURVE('',#1656,#4623);
#4623 = DEFINITIONAL_REPRESENTATION('',(#4624),#4628);
#4624 = LINE('',#4625,#4626);
#4625 = CARTESIAN_POINT('',(9.556514481009,-226.));
#4626 = VECTOR('',#4627,1.);
#4627 = DIRECTION('',(-0.,1.));
#4628 = ( GEOMETRIC_REPRESENTATION_CONTEXT(2) 
PARAMETRIC_REPRESENTATION_CONTEXT() REPRESENTATION_CONTEXT('2D SPACE',''
  ) );
#4629 = PCURVE('',#3911,#4630);
#4630 = DEFINITIONAL_REPRESENTATION('',(#4631),#4635);
#4631 = LINE('',#4632,#4633);
#4632 = CARTESIAN_POINT('',(4.52416747508,0.));
#4633 = VECTOR('',#4634,1.);
#4634 = DIRECTION('',(-0.,1.));
#4635 = ( GEOMETRIC_REPRESENTATION_CONTEXT(2) 
PARAMETRIC_REPRESENTATION_CONTEXT() REPRESENTATION_CONTEXT('2D SPACE',''
  ) );
#4636 = ORIENTED_EDGE('',*,*,#3922,.T.);
#4637 = ORIENTED_EDGE('',*,*,#1640,.T.);
#4638 = ORIENTED_EDGE('',*,*,#4639,.T.);
#4639 = EDGE_CURVE('',#1619,#4119,#4640,.T.);
#4640 = SURFACE_CURVE('',#4641,(#4645,#4652),.PCURVE_S1.);
#4641 = LINE('',#4642,#4643);
#4642 = CARTESIAN_POINT('',(-16.,227.98128878921,15.098233856642));
#4643 = VECTOR('',#4644,1.);
#4644 = DIRECTION('',(1.,0.,0.));
#4645 = PCURVE('',#1656,#4646);
#4646 = DEFINITIONAL_REPRESENTATION('',(#4647),#4651);
#4647 = LINE('',#4648,#4649);
#4648 = CARTESIAN_POINT('',(0.,0.));
#4649 = VECTOR('',#4650,1.);
#4650 = DIRECTION('',(0.,-1.));
#4651 = ( GEOMETRIC_REPRESENTATION_CONTEXT(2) 
PARAMETRIC_REPRESENTATION_CONTEXT() REPRESENTATION_CONTEXT('2D SPACE',''
  ) );
#4652 = PCURVE('',#1737,#4653);
#4653 = DEFINITIONAL_REPRESENTATION('',(#4654),#4658);
#4654 = LINE('',#4655,#4656);
#4655 = CARTESIAN_POINT('',(1.570796326795,0.));
#4656 = VECTOR('',#4657,1.);
#4657 = DIRECTION('',(0.,-1.));
#4658 = ( GEOMETRIC_REPRESENTATION_CONTEXT(2) 
PARAMETRIC_REPRESENTATION_CONTEXT() REPRESENTATION_CONTEXT('2D SPACE',''
  ) );
#4659 = ADVANCED_FACE('',(#4660),#1737,.F.);
#4660 = FACE_BOUND('',#4661,.F.);
#4661 = EDGE_LOOP('',(#4662,#4685,#4686,#4687));
#4662 = ORIENTED_EDGE('',*,*,#4663,.F.);
#4663 = EDGE_CURVE('',#1701,#4664,#4666,.T.);
#4664 = VERTEX_POINT('',#4665);
#4665 = CARTESIAN_POINT('',(210.1,228.1,15.));
#4666 = SURFACE_CURVE('',#4667,(#4671,#4678),.PCURVE_S1.);
#4667 = LINE('',#4668,#4669);
#4668 = CARTESIAN_POINT('',(-16.,228.1,15.));
#4669 = VECTOR('',#4670,1.);
#4670 = DIRECTION('',(1.,0.,0.));
#4671 = PCURVE('',#1737,#4672);
#4672 = DEFINITIONAL_REPRESENTATION('',(#4673),#4677);
#4673 = LINE('',#4674,#4675);
#4674 = CARTESIAN_POINT('',(3.329814158895,0.));
#4675 = VECTOR('',#4676,1.);
#4676 = DIRECTION('',(0.,-1.));
#4677 = ( GEOMETRIC_REPRESENTATION_CONTEXT(2) 
PARAMETRIC_REPRESENTATION_CONTEXT() REPRESENTATION_CONTEXT('2D SPACE',''
  ) );
#4678 = PCURVE('',#1789,#4679);
#4679 = DEFINITIONAL_REPRESENTATION('',(#4680),#4684);
#4680 = LINE('',#4681,#4682);
#4681 = CARTESIAN_POINT('',(12.,0.));
#4682 = VECTOR('',#4683,1.);
#4683 = DIRECTION('',(0.,-1.));
#4684 = ( GEOMETRIC_REPRESENTATION_CONTEXT(2) 
PARAMETRIC_REPRESENTATION_CONTEXT() REPRESENTATION_CONTEXT('2D SPACE',''
  ) );
#4685 = ORIENTED_EDGE('',*,*,#1722,.F.);
#4686 = ORIENTED_EDGE('',*,*,#4639,.T.);
#4687 = ORIENTED_EDGE('',*,*,#4688,.T.);
#4688 = EDGE_CURVE('',#4119,#4664,#4689,.T.);
#4689 = SURFACE_CURVE('',#4690,(#4695,#4702),.PCURVE_S1.);
#4690 = CIRCLE('',#4691,0.1);
#4691 = AXIS2_PLACEMENT_3D('',#4692,#4693,#4694);
#4692 = CARTESIAN_POINT('',(210.1,228.,15.));
#4693 = DIRECTION('',(-1.,-0.,0.));
#4694 = DIRECTION('',(0.,-0.982338566422,-0.18711210789));
#4695 = PCURVE('',#1737,#4696);
#4696 = DEFINITIONAL_REPRESENTATION('',(#4697),#4701);
#4697 = LINE('',#4698,#4699);
#4698 = CARTESIAN_POINT('',(0.,-226.1));
#4699 = VECTOR('',#4700,1.);
#4700 = DIRECTION('',(1.,0.));
#4701 = ( GEOMETRIC_REPRESENTATION_CONTEXT(2) 
PARAMETRIC_REPRESENTATION_CONTEXT() REPRESENTATION_CONTEXT('2D SPACE',''
  ) );
#4702 = PCURVE('',#4136,#4703);
#4703 = DEFINITIONAL_REPRESENTATION('',(#4704),#4712);
#4704 = ( BOUNDED_CURVE() B_SPLINE_CURVE(2,(#4705,#4706,#4707,#4708,
#4709,#4710,#4711),.UNSPECIFIED.,.T.,.F.) B_SPLINE_CURVE_WITH_KNOTS((1,2
    ,2,2,2,1),(-2.094395102393,0.,2.094395102393,4.188790204786,
6.28318530718,8.377580409573),.UNSPECIFIED.) CURVE() 
GEOMETRIC_REPRESENTATION_ITEM() RATIONAL_B_SPLINE_CURVE((1.,0.5,1.,0.5,
1.,0.5,1.)) REPRESENTATION_ITEM('') );
#4705 = CARTESIAN_POINT('',(5.981288789211,-4.644244654678));
#4706 = CARTESIAN_POINT('',(6.151434819939,-4.61183588692));
#4707 = CARTESIAN_POINT('',(6.094428620758,-4.775391055762));
#4708 = CARTESIAN_POINT('',(6.037422421578,-4.938946224605));
#4709 = CARTESIAN_POINT('',(5.924282590031,-4.80779982352));
#4710 = CARTESIAN_POINT('',(5.811142758483,-4.676653422435));
#4711 = CARTESIAN_POINT('',(5.981288789211,-4.644244654678));
#4712 = ( GEOMETRIC_REPRESENTATION_CONTEXT(2) 
PARAMETRIC_REPRESENTATION_CONTEXT() REPRESENTATION_CONTEXT('2D SPACE',''
  ) );
#4713 = ADVANCED_FACE('',(#4714),#1789,.T.);
#4714 = FACE_BOUND('',#4715,.T.);
#4715 = EDGE_LOOP('',(#4716,#4717,#4718,#4741));
#4716 = ORIENTED_EDGE('',*,*,#4663,.F.);
#4717 = ORIENTED_EDGE('',*,*,#1775,.T.);
#4718 = ORIENTED_EDGE('',*,*,#4719,.T.);
#4719 = EDGE_CURVE('',#1754,#4720,#4722,.T.);
#4720 = VERTEX_POINT('',#4721);
#4721 = CARTESIAN_POINT('',(210.1,228.1,3.));
#4722 = SURFACE_CURVE('',#4723,(#4727,#4734),.PCURVE_S1.);
#4723 = LINE('',#4724,#4725);
#4724 = CARTESIAN_POINT('',(-16.,228.1,3.));
#4725 = VECTOR('',#4726,1.);
#4726 = DIRECTION('',(1.,0.,0.));
#4727 = PCURVE('',#1789,#4728);
#4728 = DEFINITIONAL_REPRESENTATION('',(#4729),#4733);
#4729 = LINE('',#4730,#4731);
#4730 = CARTESIAN_POINT('',(0.,0.));
#4731 = VECTOR('',#4732,1.);
#4732 = DIRECTION('',(0.,-1.));
#4733 = ( GEOMETRIC_REPRESENTATION_CONTEXT(2) 
PARAMETRIC_REPRESENTATION_CONTEXT() REPRESENTATION_CONTEXT('2D SPACE',''
  ) );
#4734 = PCURVE('',#1844,#4735);
#4735 = DEFINITIONAL_REPRESENTATION('',(#4736),#4740);
#4736 = LINE('',#4737,#4738);
#4737 = CARTESIAN_POINT('',(1.570796326795,0.));
#4738 = VECTOR('',#4739,1.);
#4739 = DIRECTION('',(0.,-1.));
#4740 = ( GEOMETRIC_REPRESENTATION_CONTEXT(2) 
PARAMETRIC_REPRESENTATION_CONTEXT() REPRESENTATION_CONTEXT('2D SPACE',''
  ) );
#4741 = ORIENTED_EDGE('',*,*,#4742,.T.);
#4742 = EDGE_CURVE('',#4720,#4664,#4743,.T.);
#4743 = SURFACE_CURVE('',#4744,(#4748,#4755),.PCURVE_S1.);
#4744 = LINE('',#4745,#4746);
#4745 = CARTESIAN_POINT('',(210.1,228.1,3.));
#4746 = VECTOR('',#4747,1.);
#4747 = DIRECTION('',(0.,0.,1.));
#4748 = PCURVE('',#1789,#4749);
#4749 = DEFINITIONAL_REPRESENTATION('',(#4750),#4754);
#4750 = LINE('',#4751,#4752);
#4751 = CARTESIAN_POINT('',(0.,-226.1));
#4752 = VECTOR('',#4753,1.);
#4753 = DIRECTION('',(1.,0.));
#4754 = ( GEOMETRIC_REPRESENTATION_CONTEXT(2) 
PARAMETRIC_REPRESENTATION_CONTEXT() REPRESENTATION_CONTEXT('2D SPACE',''
  ) );
#4755 = PCURVE('',#4136,#4756);
#4756 = DEFINITIONAL_REPRESENTATION('',(#4757),#4761);
#4757 = LINE('',#4758,#4759);
#4758 = CARTESIAN_POINT('',(-6.,-4.84247851132));
#4759 = VECTOR('',#4760,1.);
#4760 = DIRECTION('',(1.,0.));
#4761 = ( GEOMETRIC_REPRESENTATION_CONTEXT(2) 
PARAMETRIC_REPRESENTATION_CONTEXT() REPRESENTATION_CONTEXT('2D SPACE',''
  ) );
#4762 = ADVANCED_FACE('',(#4763),#1844,.F.);
#4763 = FACE_BOUND('',#4764,.F.);
#4764 = EDGE_LOOP('',(#4765,#4788,#4789,#4790));
#4765 = ORIENTED_EDGE('',*,*,#4766,.F.);
#4766 = EDGE_CURVE('',#1808,#4767,#4769,.T.);
#4767 = VERTEX_POINT('',#4768);
#4768 = CARTESIAN_POINT('',(210.1,227.98128878921,2.901766143358));
#4769 = SURFACE_CURVE('',#4770,(#4774,#4781),.PCURVE_S1.);
#4770 = LINE('',#4771,#4772);
#4771 = CARTESIAN_POINT('',(-16.,227.98128878921,2.901766143358));
#4772 = VECTOR('',#4773,1.);
#4773 = DIRECTION('',(1.,0.,0.));
#4774 = PCURVE('',#1844,#4775);
#4775 = DEFINITIONAL_REPRESENTATION('',(#4776),#4780);
#4776 = LINE('',#4777,#4778);
#4777 = CARTESIAN_POINT('',(3.329814158895,0.));
#4778 = VECTOR('',#4779,1.);
#4779 = DIRECTION('',(0.,-1.));
#4780 = ( GEOMETRIC_REPRESENTATION_CONTEXT(2) 
PARAMETRIC_REPRESENTATION_CONTEXT() REPRESENTATION_CONTEXT('2D SPACE',''
  ) );
#4781 = PCURVE('',#1951,#4782);
#4782 = DEFINITIONAL_REPRESENTATION('',(#4783),#4787);
#4783 = LINE('',#4784,#4785);
#4784 = CARTESIAN_POINT('',(10.688779163216,0.));
#4785 = VECTOR('',#4786,1.);
#4786 = DIRECTION('',(0.,-1.));
#4787 = ( GEOMETRIC_REPRESENTATION_CONTEXT(2) 
PARAMETRIC_REPRESENTATION_CONTEXT() REPRESENTATION_CONTEXT('2D SPACE',''
  ) );
#4788 = ORIENTED_EDGE('',*,*,#1829,.F.);
#4789 = ORIENTED_EDGE('',*,*,#4719,.T.);
#4790 = ORIENTED_EDGE('',*,*,#4791,.T.);
#4791 = EDGE_CURVE('',#4720,#4767,#4792,.T.);
#4792 = SURFACE_CURVE('',#4793,(#4798,#4805),.PCURVE_S1.);
#4793 = CIRCLE('',#4794,0.1);
#4794 = AXIS2_PLACEMENT_3D('',#4795,#4796,#4797);
#4795 = CARTESIAN_POINT('',(210.1,228.,3.));
#4796 = DIRECTION('',(-1.,-0.,0.));
#4797 = DIRECTION('',(0.,0.,1.));
#4798 = PCURVE('',#1844,#4799);
#4799 = DEFINITIONAL_REPRESENTATION('',(#4800),#4804);
#4800 = LINE('',#4801,#4802);
#4801 = CARTESIAN_POINT('',(0.,-226.1));
#4802 = VECTOR('',#4803,1.);
#4803 = DIRECTION('',(1.,0.));
#4804 = ( GEOMETRIC_REPRESENTATION_CONTEXT(2) 
PARAMETRIC_REPRESENTATION_CONTEXT() REPRESENTATION_CONTEXT('2D SPACE',''
  ) );
#4805 = PCURVE('',#4136,#4806);
#4806 = DEFINITIONAL_REPRESENTATION('',(#4807),#4815);
#4807 = ( BOUNDED_CURVE() B_SPLINE_CURVE(2,(#4808,#4809,#4810,#4811,
#4812,#4813,#4814),.UNSPECIFIED.,.T.,.F.) B_SPLINE_CURVE_WITH_KNOTS((1,2
    ,2,2,2,1),(-2.094395102393,0.,2.094395102393,4.188790204786,
6.28318530718,8.377580409573),.UNSPECIFIED.) CURVE() 
GEOMETRIC_REPRESENTATION_ITEM() RATIONAL_B_SPLINE_CURVE((1.,0.5,1.,0.5,
1.,0.5,1.)) REPRESENTATION_ITEM('') );
#4808 = CARTESIAN_POINT('',(-5.9,-4.74247851132));
#4809 = CARTESIAN_POINT('',(-5.9,-4.915683592077));
#4810 = CARTESIAN_POINT('',(-6.05,-4.829081051698));
#4811 = CARTESIAN_POINT('',(-6.2,-4.74247851132));
#4812 = CARTESIAN_POINT('',(-6.05,-4.655875970942));
#4813 = CARTESIAN_POINT('',(-5.9,-4.569273430563));
#4814 = CARTESIAN_POINT('',(-5.9,-4.74247851132));
#4815 = ( GEOMETRIC_REPRESENTATION_CONTEXT(2) 
PARAMETRIC_REPRESENTATION_CONTEXT() REPRESENTATION_CONTEXT('2D SPACE',''
  ) );
#4816 = ADVANCED_FACE('',(#4817),#1876,.F.);
#4817 = FACE_BOUND('',#4818,.F.);
#4818 = EDGE_LOOP('',(#4819,#4820,#4869,#4901));
#4819 = ORIENTED_EDGE('',*,*,#1860,.T.);
#4820 = ORIENTED_EDGE('',*,*,#4821,.T.);
#4821 = EDGE_CURVE('',#1861,#4822,#4824,.T.);
#4822 = VERTEX_POINT('',#4823);
#4823 = CARTESIAN_POINT('',(2.348343741687E-12,218.59355605394,
    4.68990571198));
#4824 = SURFACE_CURVE('',#4825,(#4842,#4849),.PCURVE_S1.);
#4825 = B_SPLINE_CURVE_WITH_KNOTS('',8,(#4826,#4827,#4828,#4829,#4830,
    #4831,#4832,#4833,#4834,#4835,#4836,#4837,#4838,#4839,#4840,#4841),
  .UNSPECIFIED.,.F.,.F.,(9,7,9),(239.06997621915,239.16438179722,
    251.84480172992),.UNSPECIFIED.);
#4826 = CARTESIAN_POINT('',(-7.5,226.09355605394,3.261334283408));
#4827 = CARTESIAN_POINT('',(-7.5,226.0818615472,3.263561808502));
#4828 = CARTESIAN_POINT('',(-7.499980568918,226.07019645203,
    3.265783731391));
#4829 = CARTESIAN_POINT('',(-7.499941127595,226.05843243522,
    3.268024496498));
#4830 = CARTESIAN_POINT('',(-7.499882332366,226.04675855707,
    3.270248092336));
#4831 = CARTESIAN_POINT('',(-7.4998043649,226.03515137351,3.272458984443
    ));
#4832 = CARTESIAN_POINT('',(-7.499706566845,226.02335112062,
    3.27470665166));
#4833 = CARTESIAN_POINT('',(-7.499588419286,226.01134398158,
    3.276993725763));
#4834 = CARTESIAN_POINT('',(-7.481110363712,224.52371339276,
    3.560351933157));
#4835 = CARTESIAN_POINT('',(-7.130462905691,223.05552419027,
    3.840007019346));
#4836 = CARTESIAN_POINT('',(-6.452531475644,221.68446936354,
    4.101160319676));
#4837 = CARTESIAN_POINT('',(-5.479022063224,220.49263867348,
    4.32817568921));
#4838 = CARTESIAN_POINT('',(-4.269570074178,219.55489477793,
    4.506793574077));
#4839 = CARTESIAN_POINT('',(-2.900089297777,218.91390511025,
    4.628886844112));
#4840 = CARTESIAN_POINT('',(-1.450016859749,218.59355605394,
    4.68990571198));
#4841 = CARTESIAN_POINT('',(2.348343741687E-12,218.59355605394,
    4.68990571198));
#4842 = PCURVE('',#1876,#4843);
#4843 = DEFINITIONAL_REPRESENTATION('',(#4844),#4848);
#4844 = LINE('',#4845,#4846);
#4845 = CARTESIAN_POINT('',(12.774825510773,0.));
#4846 = VECTOR('',#4847,1.);
#4847 = DIRECTION('',(0.,1.));
#4848 = ( GEOMETRIC_REPRESENTATION_CONTEXT(2) 
PARAMETRIC_REPRESENTATION_CONTEXT() REPRESENTATION_CONTEXT('2D SPACE',''
  ) );
#4849 = PCURVE('',#1951,#4850);
#4850 = DEFINITIONAL_REPRESENTATION('',(#4851),#4868);
#4851 = B_SPLINE_CURVE_WITH_KNOTS('',8,(#4852,#4853,#4854,#4855,#4856,
    #4857,#4858,#4859,#4860,#4861,#4862,#4863,#4864,#4865,#4866,#4867),
  .UNSPECIFIED.,.F.,.F.,(9,7,9),(239.06997621915,239.16438179722,
    251.84480172992),.UNSPECIFIED.);
#4852 = CARTESIAN_POINT('',(8.767106941647,-8.5));
#4853 = CARTESIAN_POINT('',(8.755202179746,-8.5));
#4854 = CARTESIAN_POINT('',(8.743327358204,-8.500019431082));
#4855 = CARTESIAN_POINT('',(8.731351836513,-8.500058872405));
#4856 = CARTESIAN_POINT('',(8.719468074082,-8.500117667634));
#4857 = CARTESIAN_POINT('',(8.707652205341,-8.5001956351));
#4858 = CARTESIAN_POINT('',(8.695639796083,-8.500293433155));
#4859 = CARTESIAN_POINT('',(8.683416781075,-8.500411580714));
#4860 = CARTESIAN_POINT('',(7.169040129614,-8.518889636288));
#4861 = CARTESIAN_POINT('',(5.674454400544,-8.869537094309));
#4862 = CARTESIAN_POINT('',(4.27874942306,-9.547468524356));
#4863 = CARTESIAN_POINT('',(3.065490847252,-10.52097793677));
#4864 = CARTESIAN_POINT('',(2.110887284281,-11.73042992582));
#4865 = CARTESIAN_POINT('',(1.458373283925,-13.09991070222));
#4866 = CARTESIAN_POINT('',(1.132264682207,-14.54998314025));
#4867 = CARTESIAN_POINT('',(1.132264682207,-16.));
#4868 = ( GEOMETRIC_REPRESENTATION_CONTEXT(2) 
PARAMETRIC_REPRESENTATION_CONTEXT() REPRESENTATION_CONTEXT('2D SPACE',''
  ) );
#4869 = ORIENTED_EDGE('',*,*,#4870,.F.);
#4870 = EDGE_CURVE('',#1998,#4822,#4871,.T.);
#4871 = SURFACE_CURVE('',#4872,(#4876,#4882),.PCURVE_S1.);
#4872 = ( BOUNDED_CURVE() B_SPLINE_CURVE(2,(#4873,#4874,#4875),
.UNSPECIFIED.,.F.,.F.) B_SPLINE_CURVE_WITH_KNOTS((3,3),(0.,
12.774825510773),.PIECEWISE_BEZIER_KNOTS.) CURVE() 
GEOMETRIC_REPRESENTATION_ITEM() RATIONAL_B_SPLINE_CURVE((1.,
0.637529564848,1.)) REPRESENTATION_ITEM('') );
#4873 = CARTESIAN_POINT('',(-4.898587196589E-16,218.,4.198736428769));
#4874 = CARTESIAN_POINT('',(1.731947918415E-14,218.,4.802964007969));
#4875 = CARTESIAN_POINT('',(2.348343741687E-12,218.59355605394,
    4.68990571198));
#4876 = PCURVE('',#1876,#4877);
#4877 = DEFINITIONAL_REPRESENTATION('',(#4878),#4881);
#4878 = B_SPLINE_CURVE_WITH_KNOTS('',1,(#4879,#4880),.UNSPECIFIED.,.F.,
  .F.,(2,2),(0.,12.774825510773),.PIECEWISE_BEZIER_KNOTS.);
#4879 = CARTESIAN_POINT('',(0.,251.84480172992));
#4880 = CARTESIAN_POINT('',(12.774825510773,251.84480172992));
#4881 = ( GEOMETRIC_REPRESENTATION_CONTEXT(2) 
PARAMETRIC_REPRESENTATION_CONTEXT() REPRESENTATION_CONTEXT('2D SPACE',''
  ) );
#4882 = PCURVE('',#4883,#4888);
#4883 = CYLINDRICAL_SURFACE('',#4884,0.5);
#4884 = AXIS2_PLACEMENT_3D('',#4885,#4886,#4887);
#4885 = CARTESIAN_POINT('',(0.,218.5,4.198736428769));
#4886 = DIRECTION('',(1.,-0.,0.));
#4887 = DIRECTION('',(-0.,-1.,0.));
#4888 = DEFINITIONAL_REPRESENTATION('',(#4889),#4900);
#4889 = B_SPLINE_CURVE_WITH_KNOTS('',9,(#4890,#4891,#4892,#4893,#4894,
    #4895,#4896,#4897,#4898,#4899),.UNSPECIFIED.,.F.,.F.,(10,10),(0.,
    12.774825510773),.PIECEWISE_BEZIER_KNOTS.);
#4890 = CARTESIAN_POINT('',(6.28318530718,0.));
#4891 = CARTESIAN_POINT('',(6.111979553564,0.));
#4892 = CARTESIAN_POINT('',(5.925262478285,0.));
#4893 = CARTESIAN_POINT('',(5.724225083668,0.));
#4894 = CARTESIAN_POINT('',(5.512275786451,0.));
#4895 = CARTESIAN_POINT('',(5.295076995809,0.));
#4896 = CARTESIAN_POINT('',(5.083127698593,0.));
#4897 = CARTESIAN_POINT('',(4.882090303975,0.));
#4898 = CARTESIAN_POINT('',(4.695373228697,0.));
#4899 = CARTESIAN_POINT('',(4.52416747508,0.));
#4900 = ( GEOMETRIC_REPRESENTATION_CONTEXT(2) 
PARAMETRIC_REPRESENTATION_CONTEXT() REPRESENTATION_CONTEXT('2D SPACE',''
  ) );
#4901 = ORIENTED_EDGE('',*,*,#2025,.F.);
#4902 = ADVANCED_FACE('',(#4903),#1951,.T.);
#4903 = FACE_BOUND('',#4904,.T.);
#4904 = EDGE_LOOP('',(#4905,#4906,#4907,#4908,#4931,#5399));
#4905 = ORIENTED_EDGE('',*,*,#4766,.F.);
#4906 = ORIENTED_EDGE('',*,*,#1937,.T.);
#4907 = ORIENTED_EDGE('',*,*,#4821,.T.);
#4908 = ORIENTED_EDGE('',*,*,#4909,.T.);
#4909 = EDGE_CURVE('',#4822,#4910,#4912,.T.);
#4910 = VERTEX_POINT('',#4911);
#4911 = CARTESIAN_POINT('',(210.,218.59355605394,4.68990571198));
#4912 = SURFACE_CURVE('',#4913,(#4917,#4924),.PCURVE_S1.);
#4913 = LINE('',#4914,#4915);
#4914 = CARTESIAN_POINT('',(0.,218.59355605394,4.68990571198));
#4915 = VECTOR('',#4916,1.);
#4916 = DIRECTION('',(1.,-0.,0.));
#4917 = PCURVE('',#1951,#4918);
#4918 = DEFINITIONAL_REPRESENTATION('',(#4919),#4923);
#4919 = LINE('',#4920,#4921);
#4920 = CARTESIAN_POINT('',(1.132264682207,-16.));
#4921 = VECTOR('',#4922,1.);
#4922 = DIRECTION('',(0.,-1.));
#4923 = ( GEOMETRIC_REPRESENTATION_CONTEXT(2) 
PARAMETRIC_REPRESENTATION_CONTEXT() REPRESENTATION_CONTEXT('2D SPACE',''
  ) );
#4924 = PCURVE('',#4883,#4925);
#4925 = DEFINITIONAL_REPRESENTATION('',(#4926),#4930);
#4926 = LINE('',#4927,#4928);
#4927 = CARTESIAN_POINT('',(4.52416747508,0.));
#4928 = VECTOR('',#4929,1.);
#4929 = DIRECTION('',(-0.,1.));
#4930 = ( GEOMETRIC_REPRESENTATION_CONTEXT(2) 
PARAMETRIC_REPRESENTATION_CONTEXT() REPRESENTATION_CONTEXT('2D SPACE',''
  ) );
#4931 = ORIENTED_EDGE('',*,*,#4932,.T.);
#4932 = EDGE_CURVE('',#4910,#4933,#4935,.T.);
#4933 = VERTEX_POINT('',#4934);
#4934 = CARTESIAN_POINT('',(210.1,218.59422274012,4.689778724136));
#4935 = SURFACE_CURVE('',#4936,(#5027,#5121),.PCURVE_S1.);
#4936 = ( BOUNDED_CURVE() B_SPLINE_CURVE(12,(#4937,#4938,#4939,#4940,
    #4941,#4942,#4943,#4944,#4945,#4946,#4947,#4948,#4949,#4950,#4951,
    #4952,#4953,#4954,#4955,#4956,#4957,#4958,#4959,#4960,#4961,#4962,
    #4963,#4964,#4965,#4966,#4967,#4968,#4969,#4970,#4971,#4972,#4973,
    #4974,#4975,#4976,#4977,#4978,#4979,#4980,#4981,#4982,#4983,#4984,
    #4985,#4986,#4987,#4988,#4989,#4990,#4991,#4992,#4993,#4994,#4995,
    #4996,#4997,#4998,#4999,#5000,#5001,#5002,#5003,#5004,#5005,#5006,
    #5007,#5008,#5009,#5010,#5011,#5012,#5013,#5014,#5015,#5016,#5017,
    #5018,#5019,#5020,#5021,#5022,#5023,#5024,#5025,#5026),
.UNSPECIFIED.,.F.,.F.) B_SPLINE_CURVE_WITH_KNOTS((13,11,11,11,11,11,11,
    11,13),(461.84480172992,463.80327598854,464.78251311785,
    465.27213168251,465.51694096483,465.639345606,465.70054792658,
465.73114908687,465.76175024716),.UNSPECIFIED.) CURVE() 
GEOMETRIC_REPRESENTATION_ITEM() RATIONAL_B_SPLINE_CURVE((1.,1.,1.,1.,1.,
    1.,1.,1.,1.,1.,1.,1.,1.,1.,1.000000000001,0.999999999999,
    1.000000000002,0.999999999998,1.000000000001,0.999999999999,1.,1.,1.
    ,1.,0.999999999999,1.000000000002,0.999999999997,1.000000000005,
    0.999999999995,1.000000000005,0.999999999997,1.000000000002,
    0.999999999999,1.,1.,1.,1.,1.000000000001,0.999999999999,
    1.000000000002,0.999999999998,1.000000000001,0.999999999999,1.,1.,1.
    ,0.999999999999,1.000000000002,0.999999999996,1.000000000005,
    0.999999999994,1.000000000005,0.999999999997,1.000000000002,
    0.999999999999,1.,1.,1.,1.,0.999999999999,1.000000000001,
    0.999999999998,1.000000000002,0.999999999999,1.000000000001,1.,1.,1.
    ,1.,1.,0.999999999999,1.000000000001,0.999999999999,1.000000000001,
    0.999999999999,1.,1.,1.,1.,1.,1.000000000001,0.999999999998,
    1.000000000003,0.999999999997,1.000000000003,0.999999999998,
1.000000000001,1.,1.,1.)) REPRESENTATION_ITEM('') );
#4937 = CARTESIAN_POINT('',(209.99999999997,218.59355605394,
    4.68990571198));
#4938 = CARTESIAN_POINT('',(210.15065771508,218.59355605394,
    4.68990571198));
#4939 = CARTESIAN_POINT('',(210.30137762596,218.59683712334,
    4.68928074638));
#4940 = CARTESIAN_POINT('',(210.45174632167,218.60348056446,
    4.688015329024));
#4941 = CARTESIAN_POINT('',(210.60212032637,218.61336847479,
    4.686131917533));
#4942 = CARTESIAN_POINT('',(210.75383199981,218.62653253145,
    4.683624478168));
#4943 = CARTESIAN_POINT('',(210.90913500294,218.64330901905,
    4.680428956722));
#4944 = CARTESIAN_POINT('',(211.07099209732,218.66438192292,
    4.676415070268));
#4945 = CARTESIAN_POINT('',(211.24280804721,218.69079591016,
    4.671383834606));
#4946 = CARTESIAN_POINT('',(211.42821039284,218.7240210202,
    4.665055242215));
#4947 = CARTESIAN_POINT('',(211.63098086401,218.76615088754,
    4.657030505579));
#4948 = CARTESIAN_POINT('',(211.85524020241,218.82031631826,
    4.646713280681));
#4949 = CARTESIAN_POINT('',(212.23136364114,218.92693590509,
    4.626404787951));
#4950 = CARTESIAN_POINT('',(212.36334986856,218.9667262978,4.61882566553
    ));
#4951 = CARTESIAN_POINT('',(212.50255732497,219.01133232058,
    4.610329280239));
#4952 = CARTESIAN_POINT('',(212.6496264814,219.061500319,4.600773471016)
  );
#4953 = CARTESIAN_POINT('',(212.80523434669,219.11812583695,
    4.589987658073));
#4954 = CARTESIAN_POINT('',(212.97009684154,219.18225528121,
    4.577772525832));
#4955 = CARTESIAN_POINT('',(213.14496799862,219.25512129817,
    4.563893284508));
#4956 = CARTESIAN_POINT('',(213.33063598871,219.33821186272,
    4.548066510307));
#4957 = CARTESIAN_POINT('',(213.5279159729,219.43337307934,
    4.529940564286));
#4958 = CARTESIAN_POINT('',(213.73763978088,219.54294569532,
    4.509069589812));
#4959 = CARTESIAN_POINT('',(213.96064241524,219.66993532619,
    4.484881088694));
#4960 = CARTESIAN_POINT('',(214.31629686514,219.89235692683,
    4.442515069524));
#4961 = CARTESIAN_POINT('',(214.43837192883,219.97183981624,
    4.427375471541));
#4962 = CARTESIAN_POINT('',(214.56407511989,220.05712919596,
    4.411129875404));
#4963 = CARTESIAN_POINT('',(214.69350589248,220.14879603337,
    4.393669525423));
#4964 = CARTESIAN_POINT('',(214.82676065131,220.2474944833,
    4.374869820672));
#4965 = CARTESIAN_POINT('',(214.96393307422,220.35395916593,
    4.354590833507));
#4966 = CARTESIAN_POINT('',(215.10511271382,220.46902336794,
    4.332673842645));
#4967 = CARTESIAN_POINT('',(215.25038187838,220.59365816709,
    4.308933880905));
#4968 = CARTESIAN_POINT('',(215.39981079178,220.72903247999,
    4.283148297494));
#4969 = CARTESIAN_POINT('',(215.55345103274,220.87659403339,
    4.255041334943));
#4970 = CARTESIAN_POINT('',(215.71132725305,221.0381712586,
    4.224264720616));
#4971 = CARTESIAN_POINT('',(215.95447713611,221.30505853483,
    4.173429048954));
#4972 = CARTESIAN_POINT('',(216.03658194555,221.39812043211,
    4.15570297328));
#4973 = CARTESIAN_POINT('',(216.11974123272,221.49556008976,
    4.13714303849));
#4974 = CARTESIAN_POINT('',(216.20394938755,221.59772125936,
    4.117683768091));
#4975 = CARTESIAN_POINT('',(216.28919694757,221.70499746801,
    4.097250204538));
#4976 = CARTESIAN_POINT('',(216.37547081831,221.81782987382,
    4.075758317717));
#4977 = CARTESIAN_POINT('',(216.46275332733,221.93671866445,
    4.053112833788));
#4978 = CARTESIAN_POINT('',(216.5510201118,222.06224799879,4.02920248439
    ));
#4979 = CARTESIAN_POINT('',(216.64023683965,222.1951244917,
    4.003892676217));
#4980 = CARTESIAN_POINT('',(216.73035476424,222.33622924184,
    3.977015580951));
#4981 = CARTESIAN_POINT('',(216.82130511265,222.48668340259,
    3.948357645569));
#4982 = CARTESIAN_POINT('',(216.95883590487,222.7285492428,3.90228796172
    ));
#4983 = CARTESIAN_POINT('',(217.00486300967,222.81187664076,
    3.886416076396));
#4984 = CARTESIAN_POINT('',(217.05106240842,222.89808129447,
    3.869996142355));
#4985 = CARTESIAN_POINT('',(217.09741930909,222.98737656208,
    3.852987519953));
#4986 = CARTESIAN_POINT('',(217.1439162195,223.08000750987,
    3.835343529899));
#4987 = CARTESIAN_POINT('',(217.19053306601,223.17624969615,
    3.817011684893));
#4988 = CARTESIAN_POINT('',(217.23724655241,223.27641658447,
    3.797932277594));
#4989 = CARTESIAN_POINT('',(217.28402875914,223.38087558606,
    3.77803532491));
#4990 = CARTESIAN_POINT('',(217.33084498265,223.49007273162,
    3.757235868612));
#4991 = CARTESIAN_POINT('',(217.37765081508,223.60456597242,
    3.735427632269));
#4992 = CARTESIAN_POINT('',(217.42438846419,223.72506711066,
    3.712475034509));
#4993 = CARTESIAN_POINT('',(217.49427923806,223.9162049834,
    3.676067820655));
#4994 = CARTESIAN_POINT('',(217.51754124233,223.98163707385,
    3.66360456533));
#4995 = CARTESIAN_POINT('',(217.54075648856,224.04892998944,
    3.650786867123));
#4996 = CARTESIAN_POINT('',(217.56391364401,224.11821967268,
    3.63758883222));
#4997 = CARTESIAN_POINT('',(217.58700077616,224.18964910169,
    3.623983226693));
#4998 = CARTESIAN_POINT('',(217.61000424811,224.26338074222,
    3.609939104689));
#4999 = CARTESIAN_POINT('',(217.63290761386,224.33960899958,
    3.59541943662));
#5000 = CARTESIAN_POINT('',(217.65569051372,224.41857267073,
    3.580378737352));
#5001 = CARTESIAN_POINT('',(217.67832756957,224.50056739624,
    3.564760694398));
#5002 = CARTESIAN_POINT('',(217.70078728025,224.58595811229,
    3.548495796103));
#5003 = CARTESIAN_POINT('',(217.72303091689,224.67519150269,
    3.531498959837));
#5004 = CARTESIAN_POINT('',(217.75600166891,224.81561692496,
    3.504751260358));
#5005 = CARTESIAN_POINT('',(217.76692630581,224.86351941241,
    3.495626977032));
#5006 = CARTESIAN_POINT('',(217.77777781941,224.91260173205,
    3.486277963769));
#5007 = CARTESIAN_POINT('',(217.78854885957,224.9629479997,
    3.476688198501));
#5008 = CARTESIAN_POINT('',(217.79923162596,225.01464745186,
    3.466840683805));
#5009 = CARTESIAN_POINT('',(217.80981725842,225.06780126916,
    3.456716147176));
#5010 = CARTESIAN_POINT('',(217.82029522744,225.12252940006,
    3.44629174129));
#5011 = CARTESIAN_POINT('',(217.83065272446,225.17897738432,
    3.435539744289));
#5012 = CARTESIAN_POINT('',(217.84087405241,225.23732317663,
    3.424426260038));
#5013 = CARTESIAN_POINT('',(217.85094001595,225.29778397019,
    3.412909918408));
#5014 = CARTESIAN_POINT('',(217.86082731205,225.36062302025,
    3.40094057554));
#5015 = CARTESIAN_POINT('',(217.88018852843,225.49168991517,
    3.375975452699));
#5016 = CARTESIAN_POINT('',(217.88965713734,225.55997683751,
    3.362968419872));
#5017 = CARTESIAN_POINT('',(217.89892609365,225.63088492391,
    3.349462117699));
#5018 = CARTESIAN_POINT('',(217.90775642081,225.70707523732,
    3.334949677052));
#5019 = CARTESIAN_POINT('',(217.91671996868,225.78219942438,
    3.320640308087));
#5020 = CARTESIAN_POINT('',(217.92439278192,225.87208827181,
    3.303518622862));
#5021 = CARTESIAN_POINT('',(217.93297034543,225.95235290819,
    3.288230120693));
#5022 = CARTESIAN_POINT('',(217.93934610876,226.05752568032,
    3.268197211718));
#5023 = CARTESIAN_POINT('',(217.94653913993,226.15406871697,
    3.24980806188));
#5024 = CARTESIAN_POINT('',(217.95139023496,226.27710846064,
    3.226371920228));
#5025 = CARTESIAN_POINT('',(217.95582365038,226.40528160345,
    3.201957988265));
#5026 = CARTESIAN_POINT('',(217.95586514141,226.58280811193,
    3.16814341522));
#5027 = PCURVE('',#1951,#5028);
#5028 = DEFINITIONAL_REPRESENTATION('',(#5029),#5120);
#5029 = ( BOUNDED_CURVE() B_SPLINE_CURVE(12,(#5030,#5031,#5032,#5033,
    #5034,#5035,#5036,#5037,#5038,#5039,#5040,#5041,#5042,#5043,#5044,
    #5045,#5046,#5047,#5048,#5049,#5050,#5051,#5052,#5053,#5054,#5055,
    #5056,#5057,#5058,#5059,#5060,#5061,#5062,#5063,#5064,#5065,#5066,
    #5067,#5068,#5069,#5070,#5071,#5072,#5073,#5074,#5075,#5076,#5077,
    #5078,#5079,#5080,#5081,#5082,#5083,#5084,#5085,#5086,#5087,#5088,
    #5089,#5090,#5091,#5092,#5093,#5094,#5095,#5096,#5097,#5098,#5099,
    #5100,#5101,#5102,#5103,#5104,#5105,#5106,#5107,#5108,#5109,#5110,
    #5111,#5112,#5113,#5114,#5115,#5116,#5117,#5118,#5119),
.UNSPECIFIED.,.F.,.F.) B_SPLINE_CURVE_WITH_KNOTS((13,11,11,11,11,11,11,
    11,13),(461.84480172992,463.80327598854,464.78251311785,
    465.27213168251,465.51694096483,465.639345606,465.70054792658,
465.73114908687,465.76175024716),.UNSPECIFIED.) CURVE() 
GEOMETRIC_REPRESENTATION_ITEM() RATIONAL_B_SPLINE_CURVE((1.,1.,1.,1.,1.,
    1.,1.,1.,1.,1.,1.,1.,1.,1.,1.000000000001,0.999999999999,
    1.000000000002,0.999999999998,1.000000000001,0.999999999999,1.,1.,1.
    ,1.,0.999999999999,1.000000000002,0.999999999997,1.000000000005,
    0.999999999995,1.000000000005,0.999999999997,1.000000000002,
    0.999999999999,1.,1.,1.,1.,1.000000000001,0.999999999999,
    1.000000000002,0.999999999998,1.000000000001,0.999999999999,1.,1.,1.
    ,0.999999999999,1.000000000002,0.999999999996,1.000000000005,
    0.999999999994,1.000000000005,0.999999999997,1.000000000002,
    0.999999999999,1.,1.,1.,1.,0.999999999999,1.000000000001,
    0.999999999998,1.000000000002,0.999999999999,1.000000000001,1.,1.,1.
    ,1.,1.,0.999999999999,1.000000000001,0.999999999999,1.000000000001,
    0.999999999999,1.,1.,1.,1.,1.,1.000000000001,0.999999999998,
    1.000000000003,0.999999999997,1.000000000003,0.999999999998,
1.000000000001,1.,1.,1.)) REPRESENTATION_ITEM('') );
#5030 = CARTESIAN_POINT('',(1.132264682207,-225.9999999999));
#5031 = CARTESIAN_POINT('',(1.132264682207,-226.150657715));
#5032 = CARTESIAN_POINT('',(1.135604741849,-226.3013776259));
#5033 = CARTESIAN_POINT('',(1.142367625183,-226.4517463216));
#5034 = CARTESIAN_POINT('',(1.152433309936,-226.6021203263));
#5035 = CARTESIAN_POINT('',(1.165834042749,-226.7538319998));
#5036 = CARTESIAN_POINT('',(1.182912154281,-226.9091350029));
#5037 = CARTESIAN_POINT('',(1.204363927214,-227.0709920973));
#5038 = CARTESIAN_POINT('',(1.231252810683,-227.2428080472));
#5039 = CARTESIAN_POINT('',(1.265075273911,-227.4282103928));
#5040 = CARTESIAN_POINT('',(1.307962592785,-227.630980864));
#5041 = CARTESIAN_POINT('',(1.363101862046,-227.8552402024));
#5042 = CARTESIAN_POINT('',(1.471638359008,-228.2313636411));
#5043 = CARTESIAN_POINT('',(1.512144141912,-228.3633498685));
#5044 = CARTESIAN_POINT('',(1.557552134945,-228.5025573249));
#5045 = CARTESIAN_POINT('',(1.6086221022,-228.6496264814));
#5046 = CARTESIAN_POINT('',(1.666265688521,-228.8052343466));
#5047 = CARTESIAN_POINT('',(1.731548114002,-228.9700968415));
#5048 = CARTESIAN_POINT('',(1.805724186744,-229.1449679986));
#5049 = CARTESIAN_POINT('',(1.890308633889,-229.3306359887));
#5050 = CARTESIAN_POINT('',(1.98718075097,-229.5279159729));
#5051 = CARTESIAN_POINT('',(2.098723369498,-229.7376397808));
#5052 = CARTESIAN_POINT('',(2.227996142868,-229.9606424152));
#5053 = CARTESIAN_POINT('',(2.454416654332,-230.3162968651));
#5054 = CARTESIAN_POINT('',(2.535328564062,-230.4383719288));
#5055 = CARTESIAN_POINT('',(2.622151358804,-230.5640751198));
#5056 = CARTESIAN_POINT('',(2.715466271343,-230.6935058924));
#5057 = CARTESIAN_POINT('',(2.815939217539,-230.8267606513));
#5058 = CARTESIAN_POINT('',(2.924318025283,-230.9639330742));
#5059 = CARTESIAN_POINT('',(3.041450962891,-231.1051127138));
#5060 = CARTESIAN_POINT('',(3.168326567097,-231.2503818783));
#5061 = CARTESIAN_POINT('',(3.306134770426,-231.3998107917));
#5062 = CARTESIAN_POINT('',(3.456349328262,-231.5534510327));
#5063 = CARTESIAN_POINT('',(3.620831545222,-231.711327253));
#5064 = CARTESIAN_POINT('',(3.89251717923,-231.9544771361));
#5065 = CARTESIAN_POINT('',(3.987252233377,-232.0365819455));
#5066 = CARTESIAN_POINT('',(4.086443755506,-232.1197412327));
#5067 = CARTESIAN_POINT('',(4.190441677498,-232.2039493875));
#5068 = CARTESIAN_POINT('',(4.299646601662,-232.2891969475));
#5069 = CARTESIAN_POINT('',(4.414507617677,-232.3754708183));
#5070 = CARTESIAN_POINT('',(4.535533906061,-232.4627533273));
#5071 = CARTESIAN_POINT('',(4.663320128276,-232.5510201118));
#5072 = CARTESIAN_POINT('',(4.79858560339,-232.6402368396));
#5073 = CARTESIAN_POINT('',(4.942227271307,-232.7303547642));
#5074 = CARTESIAN_POINT('',(5.095386442588,-232.8213051126));
#5075 = CARTESIAN_POINT('',(5.341600780981,-232.9588359048));
#5076 = CARTESIAN_POINT('',(5.426426319556,-233.0048630096));
#5077 = CARTESIAN_POINT('',(5.51418084397,-233.0510624084));
#5078 = CARTESIAN_POINT('',(5.605081548333,-233.097419309));
#5079 = CARTESIAN_POINT('',(5.699377904962,-233.1439162195));
#5080 = CARTESIAN_POINT('',(5.797350426422,-233.190533066));
#5081 = CARTESIAN_POINT('',(5.899318212014,-233.2372465524));
#5082 = CARTESIAN_POINT('',(6.005655278643,-233.2840287591));
#5083 = CARTESIAN_POINT('',(6.116815676181,-233.3308449826));
#5084 = CARTESIAN_POINT('',(6.233367387285,-233.377650815));
#5085 = CARTESIAN_POINT('',(6.356035011624,-233.4243884641));
#5086 = CARTESIAN_POINT('',(6.550609346048,-233.494279238));
#5087 = CARTESIAN_POINT('',(6.617217837953,-233.5175412423));
#5088 = CARTESIAN_POINT('',(6.685720610714,-233.5407564885));
#5089 = CARTESIAN_POINT('',(6.756256050947,-233.563913644));
#5090 = CARTESIAN_POINT('',(6.82896970737,-233.5870007761));
#5091 = CARTESIAN_POINT('',(6.9040269667,-233.6100042481));
#5092 = CARTESIAN_POINT('',(6.981625729454,-233.6329076138));
#5093 = CARTESIAN_POINT('',(7.062009085915,-233.6556905137));
#5094 = CARTESIAN_POINT('',(7.145477991965,-233.6783275695));
#5095 = CARTESIAN_POINT('',(7.23240394496,-233.7007872802));
#5096 = CARTESIAN_POINT('',(7.323241659624,-233.7230309168));
#5097 = CARTESIAN_POINT('',(7.466191786056,-233.7560016689));
#5098 = CARTESIAN_POINT('',(7.514955510792,-233.7669263058));
#5099 = CARTESIAN_POINT('',(7.564920279883,-233.7777778194));
#5100 = CARTESIAN_POINT('',(7.616171721464,-233.7885488595));
#5101 = CARTESIAN_POINT('',(7.668800676416,-233.7992316259));
#5102 = CARTESIAN_POINT('',(7.722910144492,-233.8098172584));
#5103 = CARTESIAN_POINT('',(7.778622230702,-233.8202952274));
#5104 = CARTESIAN_POINT('',(7.836085091461,-233.8306527244));
#5105 = CARTESIAN_POINT('',(7.8954798809,-233.8408740524));
#5106 = CARTESIAN_POINT('',(7.957027697128,-233.8509400159));
#5107 = CARTESIAN_POINT('',(8.020996528453,-233.860827312));
#5108 = CARTESIAN_POINT('',(8.154419870873,-233.8801885284));
#5109 = CARTESIAN_POINT('',(8.223934521599,-233.8896571373));
#5110 = CARTESIAN_POINT('',(8.296117462211,-233.8989260936));
#5111 = CARTESIAN_POINT('',(8.373677598821,-233.9077564208));
#5112 = CARTESIAN_POINT('',(8.450152441231,-233.9167199686));
#5113 = CARTESIAN_POINT('',(8.541657397366,-233.9243927819));
#5114 = CARTESIAN_POINT('',(8.623365109069,-233.9329703454));
#5115 = CARTESIAN_POINT('',(8.730428779095,-233.9393461087));
#5116 = CARTESIAN_POINT('',(8.828707559905,-233.9465391399));
#5117 = CARTESIAN_POINT('',(8.95395943118,-233.9513902349));
#5118 = CARTESIAN_POINT('',(9.084436994813,-233.9558236503));
#5119 = CARTESIAN_POINT('',(9.265155246695,-233.9558651414));
#5120 = ( GEOMETRIC_REPRESENTATION_CONTEXT(2) 
PARAMETRIC_REPRESENTATION_CONTEXT() REPRESENTATION_CONTEXT('2D SPACE',''
  ) );
#5121 = PCURVE('',#5122,#5393);
#5122 = ( BOUNDED_SURFACE() B_SPLINE_SURFACE(2,12,(
    (#5123,#5124,#5125,#5126,#5127,#5128,#5129,#5130,#5131,#5132,#5133
      ,#5134,#5135,#5136,#5137,#5138,#5139,#5140,#5141,#5142,#5143,#5144
      ,#5145,#5146,#5147,#5148,#5149,#5150,#5151,#5152,#5153,#5154,#5155
      ,#5156,#5157,#5158,#5159,#5160,#5161,#5162,#5163,#5164,#5165,#5166
      ,#5167,#5168,#5169,#5170,#5171,#5172,#5173,#5174,#5175,#5176,#5177
      ,#5178,#5179,#5180,#5181,#5182,#5183,#5184,#5185,#5186,#5187,#5188
      ,#5189,#5190,#5191,#5192,#5193,#5194,#5195,#5196,#5197,#5198,#5199
      ,#5200,#5201,#5202,#5203,#5204,#5205,#5206,#5207,#5208,#5209,#5210
      ,#5211,#5212)
    ,(#5213,#5214,#5215,#5216,#5217,#5218,#5219,#5220,#5221,#5222,#5223
      ,#5224,#5225,#5226,#5227,#5228,#5229,#5230,#5231,#5232,#5233,#5234
      ,#5235,#5236,#5237,#5238,#5239,#5240,#5241,#5242,#5243,#5244,#5245
      ,#5246,#5247,#5248,#5249,#5250,#5251,#5252,#5253,#5254,#5255,#5256
      ,#5257,#5258,#5259,#5260,#5261,#5262,#5263,#5264,#5265,#5266,#5267
      ,#5268,#5269,#5270,#5271,#5272,#5273,#5274,#5275,#5276,#5277,#5278
      ,#5279,#5280,#5281,#5282,#5283,#5284,#5285,#5286,#5287,#5288,#5289
      ,#5290,#5291,#5292,#5293,#5294,#5295,#5296,#5297,#5298,#5299,#5300
      ,#5301,#5302)
    ,(#5303,#5304,#5305,#5306,#5307,#5308,#5309,#5310,#5311,#5312,#5313
      ,#5314,#5315,#5316,#5317,#5318,#5319,#5320,#5321,#5322,#5323,#5324
      ,#5325,#5326,#5327,#5328,#5329,#5330,#5331,#5332,#5333,#5334,#5335
      ,#5336,#5337,#5338,#5339,#5340,#5341,#5342,#5343,#5344,#5345,#5346
      ,#5347,#5348,#5349,#5350,#5351,#5352,#5353,#5354,#5355,#5356,#5357
      ,#5358,#5359,#5360,#5361,#5362,#5363,#5364,#5365,#5366,#5367,#5368
      ,#5369,#5370,#5371,#5372,#5373,#5374,#5375,#5376,#5377,#5378,#5379
      ,#5380,#5381,#5382,#5383,#5384,#5385,#5386,#5387,#5388,#5389,#5390
      ,#5391,#5392
)),.UNSPECIFIED.,.F.,.F.,.F.) B_SPLINE_SURFACE_WITH_KNOTS((3,3),(13,11,
    11,11,11,11,11,11,13),(0.,3.916948517246),(461.84480172992,
    463.80327598854,464.78251311785,465.27213168251,465.51694096483,
    465.639345606,465.70054792658,465.73114908687,465.76175024716),
.UNSPECIFIED.) GEOMETRIC_REPRESENTATION_ITEM() RATIONAL_B_SPLINE_SURFACE
((
    (1.,1.,1.,1.,1.,1.,1.,1.,1.,1.,1.,1.,1.,1.,1.000000000001
      ,0.999999999999,1.000000000002,0.999999999998,1.000000000001
      ,0.999999999999,1.,1.,1.,1.,0.999999999999,1.000000000002
      ,0.999999999997,1.000000000005,0.999999999995,1.000000000005
      ,0.999999999997,1.000000000002,0.999999999999,1.,1.,1.,1.
      ,1.000000000001,0.999999999999,1.000000000002,0.999999999998
      ,1.000000000001,0.999999999999,1.,1.,1.,0.999999999999
      ,1.000000000002,0.999999999996,1.000000000005,0.999999999994
      ,1.000000000005,0.999999999997,1.000000000002,0.999999999999,1.,1.
      ,1.,1.,0.999999999999,1.000000000001,0.999999999998,1.000000000002
      ,0.999999999999,1.000000000001,1.,1.,1.,1.,1.,0.999999999999
      ,1.000000000001,0.999999999999,1.000000000001,0.999999999999,1.,1.
      ,1.,1.,1.,1.000000000001,0.999999999998,1.000000000003
      ,0.999999999997,1.000000000003,0.999999999998,1.000000000001,1.,1.
      ,1.)
    ,(0.637529564848,0.637529564848,0.6375613984,0.637627292871
      ,0.637724127925,0.637851977702,0.638015678239,0.638221970372
      ,0.638474768347,0.638771104361,0.639100299259,0.639448909622
      ,0.639996547376,0.640183187311,0.640373036399,0.64056583253
      ,0.640761765975,0.640961408789,0.641165744059,0.641376294897
      ,0.641595353288,0.641826308695,0.642074076491,0.642481401027
      ,0.642623260006,0.642771862181,0.64292840019,0.643094351011
      ,0.643271380412,0.643461401295,0.643666785654,0.64389073047
      ,0.644137777222,0.64441448529,0.644888145918,0.645055980562
      ,0.645234651176,0.645425761624,0.645631301252,0.64585352075
      ,0.646095014029,0.646359006172,0.646649847378,0.646973712987
      ,0.647339509507,0.647970225296,0.648194365718,0.6484336431
      ,0.648690216331,0.648966754028,0.649266283426,0.649592302491
      ,0.649949154853,0.650342668006,0.650781054352,0.65127607543
      ,0.652128665937,0.652430503019,0.652753542134,0.653100602224
      ,0.65347436529,0.653877982273,0.654315678988,0.654793361971
      ,0.655319224431,0.655904352102,0.656563329176,0.65769060168
      ,0.658089051475,0.658514235044,0.658969523809,0.659458244576
      ,0.659984304933,0.660552818712,0.661170731372,0.661847445462
      ,0.662595446016,0.663430925999,0.665317897439,0.666410573157
      ,0.667287789943,0.669819078952,0.668433618238,0.675471738191
      ,0.670691209918,0.680572157963,0.67789380273,0.686936807345
      ,0.690053369186,0.707106781555)
    ,(1.,1.,1.,1.,1.,1.,1.,1.,1.,1.,1.,1.,1.,1.,1.000000000001
      ,0.999999999999,1.000000000002,0.999999999998,1.000000000001
      ,0.999999999999,1.,1.,1.,1.,0.999999999999,1.000000000002
      ,0.999999999997,1.000000000005,0.999999999995,1.000000000005
      ,0.999999999997,1.000000000002,0.999999999999,1.,1.,1.,1.
      ,1.000000000001,0.999999999999,1.000000000002,0.999999999998
      ,1.000000000001,0.999999999999,1.,1.,1.,0.999999999999
      ,1.000000000002,0.999999999996,1.000000000005,0.999999999994
      ,1.000000000005,0.999999999997,1.000000000002,0.999999999999,1.,1.
      ,1.,1.,0.999999999999,1.000000000001,0.999999999998,1.000000000002
      ,0.999999999999,1.000000000001,1.,1.,1.,1.,1.,0.999999999999
      ,1.000000000001,0.999999999999,1.000000000001,0.999999999999,1.,1.
      ,1.,1.,1.,1.000000000001,0.999999999998,1.000000000003
      ,0.999999999997,1.000000000003,0.999999999998,1.000000000001,1.,1.
,1.))) REPRESENTATION_ITEM('') SURFACE() );
#5123 = CARTESIAN_POINT('',(210.,218.,4.198736428769));
#5124 = CARTESIAN_POINT('',(210.16085809139,218.,4.198736428769));
#5125 = CARTESIAN_POINT('',(210.32177203974,218.00351782868,
    4.198107680334));
#5126 = CARTESIAN_POINT('',(210.48236005923,218.01059637355,
    4.196844922557));
#5127 = CARTESIAN_POINT('',(210.64293163719,218.02116562138,
    4.194957438782));
#5128 = CARTESIAN_POINT('',(210.80452915554,218.03525676271,
    4.19243939147));
#5129 = CARTESIAN_POINT('',(210.96890039833,218.05311551638,
    4.189250285354));
#5130 = CARTESIAN_POINT('',(211.13843143294,218.07526756497,
    4.185298797262));
#5131 = CARTESIAN_POINT('',(211.31606935319,218.10258899342,
    4.180423210862));
#5132 = CARTESIAN_POINT('',(211.50526437175,218.13643462136,
    4.174361694778));
#5133 = CARTESIAN_POINT('',(211.70996075021,218.17887712171,
    4.166705662294));
#5134 = CARTESIAN_POINT('',(211.93466605428,218.23310981606,
    4.156829451082));
#5135 = CARTESIAN_POINT('',(212.30960930612,218.33954415058,
    4.13726961628));
#5136 = CARTESIAN_POINT('',(212.44089838312,218.37922491229,
    4.129954574733));
#5137 = CARTESIAN_POINT('',(212.57914583101,218.42368095979,
    4.121734212894));
#5138 = CARTESIAN_POINT('',(212.72503466444,218.47366695455,
    4.112464449378));
#5139 = CARTESIAN_POINT('',(212.87928371768,218.53008676564,
    4.101973372066));
#5140 = CARTESIAN_POINT('',(213.04264818199,218.59399454592,
    4.090060940536));
#5141 = CARTESIAN_POINT('',(213.21591749763,218.66662970277,
    4.07649236398));
#5142 = CARTESIAN_POINT('',(213.39991060041,218.74948576334,
    4.060985154582));
#5143 = CARTESIAN_POINT('',(213.59546852287,218.84441313417,
    4.043189856387));
#5144 = CARTESIAN_POINT('',(213.80344435005,218.95375575556,
    4.022664449624));
#5145 = CARTESIAN_POINT('',(214.02469052985,219.08052165017,
    3.998842430519));
#5146 = CARTESIAN_POINT('',(214.37772004197,219.30262022446,
    3.957070634594));
#5147 = CARTESIAN_POINT('',(214.49892169992,219.38199751961,
    3.942136714369));
#5148 = CARTESIAN_POINT('',(214.62375485485,219.46718361115,
    3.926105219115));
#5149 = CARTESIAN_POINT('',(214.7523205536,219.55874967145,3.90886892322
    ));
#5150 = CARTESIAN_POINT('',(214.88471660319,219.65735003273,
    3.890305136463));
#5151 = CARTESIAN_POINT('',(215.02103790831,219.76371946414,
    3.870276095404));
#5152 = CARTESIAN_POINT('',(215.16137508994,219.87869137919,
    3.848625571935));
#5153 = CARTESIAN_POINT('',(215.30581138506,220.00323697343,
    3.825171698997));
#5154 = CARTESIAN_POINT('',(215.45441782744,220.13852529259,
    3.799696013467));
#5155 = CARTESIAN_POINT('',(215.60724670958,220.28600423089,
    3.771928716192));
#5156 = CARTESIAN_POINT('',(215.76432332576,220.44750245973,
    3.741530149207));
#5157 = CARTESIAN_POINT('',(216.00629233129,220.71427720026,
    3.691337660549));
#5158 = CARTESIAN_POINT('',(216.08800660582,220.80730259094,
    3.673838904683));
#5159 = CARTESIAN_POINT('',(216.17077851924,220.90470676979,
    3.655520378641));
#5160 = CARTESIAN_POINT('',(216.25460253736,221.00683355514,
    3.636318716061));
#5161 = CARTESIAN_POINT('',(216.33946927442,221.11407656065,
    3.616161578072));
#5162 = CARTESIAN_POINT('',(216.42536571213,221.22687704046,
    3.594967896526));
#5163 = CARTESIAN_POINT('',(216.51227425537,221.34573529112,
    3.572645810458));
#5164 = CARTESIAN_POINT('',(216.6001706249,221.47123561064,
    3.549088295793));
#5165 = CARTESIAN_POINT('',(216.68902058666,221.60408481449,
    3.524166488267));
#5166 = CARTESIAN_POINT('',(216.77877551801,221.7451643085,3.49772069961
    ));
#5167 = CARTESIAN_POINT('',(216.86936681072,221.89559571885,
    3.469549126944));
#5168 = CARTESIAN_POINT('',(217.00636526076,222.13743225903,
    3.424316819657));
#5169 = CARTESIAN_POINT('',(217.05221596159,222.22075071638,
    3.408742341062));
#5170 = CARTESIAN_POINT('',(217.09824002313,222.3069473062,
    3.392639718789));
#5171 = CARTESIAN_POINT('',(217.14442268961,222.39623551848,
    3.375971167552));
#5172 = CARTESIAN_POINT('',(217.19074651268,222.48886058935,
    3.358693538794));
#5173 = CARTESIAN_POINT('',(217.2371914683,222.58509826665,3.34075834927
    ));
#5174 = CARTESIAN_POINT('',(217.28373431761,222.68526222982,
    3.32211051703));
#5175 = CARTESIAN_POINT('',(217.33034721137,222.78972016399,
    3.302685804819));
#5176 = CARTESIAN_POINT('',(217.37699553863,222.8989184884,
    3.282406970878));
#5177 = CARTESIAN_POINT('',(217.42363501894,223.0134157391,
    3.261178627165));
#5178 = CARTESIAN_POINT('',(217.47020803854,223.13392460587,
    3.238880804973));
#5179 = CARTESIAN_POINT('',(217.53985482632,223.32508163229,
    3.203601439463));
#5180 = CARTESIAN_POINT('',(217.56303598746,223.39052127329,
    3.191537466327));
#5181 = CARTESIAN_POINT('',(217.58617092357,223.45782325951,
    3.179147142399));
#5182 = CARTESIAN_POINT('',(217.60924834232,223.52712377642,
    3.166408326991));
#5183 = CARTESIAN_POINT('',(217.63225635168,223.59856600796,
    3.153297347781));
#5184 = CARTESIAN_POINT('',(217.65518136222,223.67231266265,
    3.139787443689));
#5185 = CARTESIAN_POINT('',(217.67800698945,223.74855849954,
    3.125847207768));
#5186 = CARTESIAN_POINT('',(217.70071295619,223.82754285439,
    3.111439030091));
#5187 = CARTESIAN_POINT('',(217.72327399485,223.90956216556,
    3.096517540632));
#5188 = CARTESIAN_POINT('',(217.74565874984,223.99498250017,
    3.081028052155));
#5189 = CARTESIAN_POINT('',(217.76782867985,224.08425208012,
    3.064905003099));
#5190 = CARTESIAN_POINT('',(217.80069110039,224.22474467208,
    3.039653099149));
#5191 = CARTESIAN_POINT('',(217.81157999646,224.27267160123,
    3.031057657876));
#5192 = CARTESIAN_POINT('',(217.82239618125,224.32178096121,
    3.022273182126));
#5193 = CARTESIAN_POINT('',(217.83313234435,224.37215726938,
    3.013288178898));
#5194 = CARTESIAN_POINT('',(217.84378072732,224.42389012472,
    3.004090108278));
#5195 = CARTESIAN_POINT('',(217.85433251894,224.47708113757,
    2.994664935011));
#5196 = CARTESIAN_POINT('',(217.86477725044,224.53185085954,
    2.984996680058));
#5197 = CARTESIAN_POINT('',(217.87510219074,224.58834571325,
    2.975066972182));
#5198 = CARTESIAN_POINT('',(217.88529174168,224.64674492229,
    2.964854599497));
#5199 = CARTESIAN_POINT('',(217.89532683322,224.70726744093,
    2.954335061052));
#5200 = CARTESIAN_POINT('',(217.90518431873,224.77017888403,
    2.943480118388));
#5201 = CARTESIAN_POINT('',(217.92448842164,224.90141802965,
    2.921034575835));
#5202 = CARTESIAN_POINT('',(217.93392879787,224.9698269538,
    2.909492817015));
#5203 = CARTESIAN_POINT('',(217.9431791334,225.04068403227,
    2.897121749035));
#5204 = CARTESIAN_POINT('',(217.9519578338,225.117660538,2.886143849723)
  );
#5205 = CARTESIAN_POINT('',(217.96096738176,225.19135357315,
    2.869623064879));
#5206 = CARTESIAN_POINT('',(217.9685010465,225.28428043429,
    2.862567175718));
#5207 = CARTESIAN_POINT('',(217.97721950824,225.36106710838,
    2.840050178194));
#5208 = CARTESIAN_POINT('',(217.98342324323,225.47042847453,
    2.834134585226));
#5209 = CARTESIAN_POINT('',(217.99073770686,225.56428406555,
    2.811488903304));
#5210 = CARTESIAN_POINT('',(217.99550003274,225.6902833547,2.80074619394
    ));
#5211 = CARTESIAN_POINT('',(218.,225.81796448934,2.780287662486));
#5212 = CARTESIAN_POINT('',(218.,226.,2.770165000727));
#5213 = CARTESIAN_POINT('',(209.99999999999,218.,4.802964007969));
#5214 = CARTESIAN_POINT('',(210.16320603401,218.,4.802964007969));
#5215 = CARTESIAN_POINT('',(210.3264469107,218.00362170766,4.80227415889
    ));
#5216 = CARTESIAN_POINT('',(210.48935860284,218.0109026891,
    4.800887305283));
#5217 = CARTESIAN_POINT('',(210.65223228941,218.02177754987,
    4.79881590323));
#5218 = CARTESIAN_POINT('',(210.81603781143,218.03627604124,
    4.796054285829));
#5219 = CARTESIAN_POINT('',(210.98240582377,218.05462970837,
    4.792558349231));
#5220 = CARTESIAN_POINT('',(211.15359275748,218.07733793599,
    4.788232972543));
#5221 = CARTESIAN_POINT('',(211.33244754809,218.10524448553,
    4.782917439296));
#5222 = CARTESIAN_POINT('',(211.52239445284,218.1396753579,
    4.776359177892));
#5223 = CARTESIAN_POINT('',(211.72744162051,218.18268808556,
    4.768166277385));
#5224 = CARTESIAN_POINT('',(211.9522190318,218.23748109406,
    4.757729513862));
#5225 = CARTESIAN_POINT('',(212.32684349433,218.34474184491,
    4.737298894652));
#5226 = CARTESIAN_POINT('',(212.4578892528,218.38467306708,
    4.729692947572));
#5227 = CARTESIAN_POINT('',(212.59583702137,218.42937334882,
    4.721178608193));
#5228 = CARTESIAN_POINT('',(212.74138167278,218.47960003086,
    4.711611621139));
#5229 = CARTESIAN_POINT('',(212.89525373474,218.53626087113,
    4.700819080134));
#5230 = CARTESIAN_POINT('',(213.05821861156,218.60041356235,
    4.688599519902));
#5231 = CARTESIAN_POINT('',(213.2310742732,218.67330053201,
    4.674716287586));
#5232 = CARTESIAN_POINT('',(213.41464722024,218.75641884556,
    4.658884227862));
#5233 = CARTESIAN_POINT('',(213.60978648724,218.85162497213,
    4.640749727562));
#5234 = CARTESIAN_POINT('',(213.8173553914,218.96127407663,
    4.619864183849));
#5235 = CARTESIAN_POINT('',(214.038220667,219.08839334896,4.595650989118
    ));
#5236 = CARTESIAN_POINT('',(214.39067299325,219.31108920888,
    4.553232730086));
#5237 = CARTESIAN_POINT('',(214.5116339407,219.39064413813,4.53807941023
    ));
#5238 = CARTESIAN_POINT('',(214.63622670939,219.47601612834,
    4.521818078761));
#5239 = CARTESIAN_POINT('',(214.76455356685,219.56777944305,
    4.504339352149));
#5240 = CARTESIAN_POINT('',(214.89671391543,219.66659267443,
    4.485517784269));
#5241 = CARTESIAN_POINT('',(215.03280381897,219.77319432557,
    4.465212707858));
#5242 = CARTESIAN_POINT('',(215.17291466953,219.88842101818,
    4.443264766411));
#5243 = CARTESIAN_POINT('',(215.31713076679,220.0132480791,
    4.419488183378));
#5244 = CARTESIAN_POINT('',(215.46552555673,220.14885217761,
    4.393658831281));
#5245 = CARTESIAN_POINT('',(215.61815624991,220.29669557299,
    4.365498184542));
#5246 = CARTESIAN_POINT('',(215.77505651331,220.45863136954,
    4.334653270914));
#5247 = CARTESIAN_POINT('',(216.01675291401,220.72616220456,
    4.283695016624));
#5248 = CARTESIAN_POINT('',(216.09833714494,220.81941136232,
    4.265933272288));
#5249 = CARTESIAN_POINT('',(216.18097834117,220.9170532711,
    4.247334813473));
#5250 = CARTESIAN_POINT('',(216.26467162303,221.01943568067,
    4.227833402125));
#5251 = CARTESIAN_POINT('',(216.34940851785,221.12695752599,
    4.207353050638));
#5252 = CARTESIAN_POINT('',(216.43517661376,221.2400649395,
    4.185808781395));
#5253 = CARTESIAN_POINT('',(216.52195865719,221.35926272505,
    4.163104441292));
#5254 = CARTESIAN_POINT('',(216.60973090495,221.48514098199,
    4.139127630446));
#5255 = CARTESIAN_POINT('',(216.69846053421,221.6184164927,
    4.113741818883));
#5256 = CARTESIAN_POINT('',(216.78810190795,221.75998838454,
    4.086775744247));
#5257 = CARTESIAN_POINT('',(216.8785914906,221.91100743408,
    4.058010211001));
#5258 = CARTESIAN_POINT('',(217.01542166006,222.15385472151,
    4.011753584824));
#5259 = CARTESIAN_POINT('',(217.06118568466,222.23747871741,
    3.995825204652));
#5260 = CARTESIAN_POINT('',(217.10712144069,222.32400126055,
    3.979344720245));
#5261 = CARTESIAN_POINT('',(217.15321445612,222.41364061548,
    3.962270557401));
#5262 = CARTESIAN_POINT('',(217.19944768436,222.50664832408,
    3.944554803381));
#5263 = CARTESIAN_POINT('',(217.24580128974,222.60330618633,
    3.926143782001));
#5264 = CARTESIAN_POINT('',(217.29225203561,222.7039338294,
    3.906976611892));
#5265 = CARTESIAN_POINT('',(217.33877214719,222.80890653763,
    3.886981810325));
#5266 = CARTESIAN_POINT('',(217.38532752009,222.9186829521,
    3.866072017092));
#5267 = CARTESIAN_POINT('',(217.43187514964,223.03384216322,
    3.844136929259));
#5268 = CARTESIAN_POINT('',(217.47835965984,223.1551295994,
    3.821034560464));
#5269 = CARTESIAN_POINT('',(217.54785310439,223.34761768751,
    3.784370162728));
#5270 = CARTESIAN_POINT('',(217.57096036806,223.41346668407,
    3.771827496717));
#5271 = CARTESIAN_POINT('',(217.59401949856,223.4812116293,
    3.758923697625));
#5272 = CARTESIAN_POINT('',(217.6170190737,223.55099401301,
    3.745631815015));
#5273 = CARTESIAN_POINT('',(217.63994670984,223.62295938925,
    3.731924124302));
#5274 = CARTESIAN_POINT('',(217.66278828385,223.69727320869,
    3.717769111076));
#5275 = CARTESIAN_POINT('',(217.68552703312,223.77413615335,
    3.703128550187));
#5276 = CARTESIAN_POINT('',(217.7081425378,223.85379890523,
    3.687954692688));
#5277 = CARTESIAN_POINT('',(217.73060959028,223.9365762621,
    3.672187577092));
#5278 = CARTESIAN_POINT('',(217.75289696027,224.02286048811,
    3.655752486424));
#5279 = CARTESIAN_POINT('',(217.77496606596,224.11313374904,
    3.63855757958));
#5280 = CARTESIAN_POINT('',(217.80765263244,224.25532099207,
    3.611474295193));
#5281 = CARTESIAN_POINT('',(217.81846735461,224.30378779846,
    3.602242522547));
#5282 = CARTESIAN_POINT('',(217.82920621251,224.3534768643,
    3.592777938577));
#5283 = CARTESIAN_POINT('',(217.83986156318,224.40447836867,
    3.583063366318));
#5284 = CARTESIAN_POINT('',(217.85042517729,224.45688557516,
    3.573081041271));
#5285 = CARTESIAN_POINT('',(217.86088771672,224.51080441291,
    3.562810786462));
#5286 = CARTESIAN_POINT('',(217.87123815734,224.56636268229,
    3.552228258961));
#5287 = CARTESIAN_POINT('',(217.88146316038,224.62371883876,
    3.541303276777));
#5288 = CARTESIAN_POINT('',(217.89154639733,224.68307029601,3.5299982373
    ));
#5289 = CARTESIAN_POINT('',(217.90146783453,224.74466117306,
    3.51826664167));
#5290 = CARTESIAN_POINT('',(217.91120298577,224.80878938594,
    3.50605174398));
#5291 = CARTESIAN_POINT('',(217.93021430452,224.94264642878,
    3.48055516439));
#5292 = CARTESIAN_POINT('',(217.93947666286,225.01254743529,
    3.467240686961));
#5293 = CARTESIAN_POINT('',(217.94855738499,225.08381759612,
    3.453665418233));
#5294 = CARTESIAN_POINT('',(217.95701347687,225.16655183474,
    3.437906515635));
#5295 = CARTESIAN_POINT('',(217.96607741223,225.23241663962,
    3.425360838519));
#5296 = CARTESIAN_POINT('',(217.97275029453,225.34420462324,
    3.404067889254));
#5297 = CARTESIAN_POINT('',(217.98199094211,225.40239094911,
    3.392984779569));
#5298 = CARTESIAN_POINT('',(217.98686104125,225.53600496047,
    3.367534491689));
#5299 = CARTESIAN_POINT('',(217.99453585724,225.61729327761,
    3.352051002709));
#5300 = CARTESIAN_POINT('',(217.99802432486,225.760258702,3.324819493301
    ));
#5301 = CARTESIAN_POINT('',(218.00218142531,225.8874640553,
    3.300589902197));
#5302 = CARTESIAN_POINT('',(218.,226.09355605436,3.261334283329));
#5303 = CARTESIAN_POINT('',(209.99999999997,218.59355605394,
    4.68990571198));
#5304 = CARTESIAN_POINT('',(210.15065771508,218.59355605394,
    4.68990571198));
#5305 = CARTESIAN_POINT('',(210.30137762596,218.59683712334,
    4.68928074638));
#5306 = CARTESIAN_POINT('',(210.45174632167,218.60348056446,
    4.688015329024));
#5307 = CARTESIAN_POINT('',(210.60212032637,218.61336847479,
    4.686131917533));
#5308 = CARTESIAN_POINT('',(210.75383199981,218.62653253145,
    4.683624478168));
#5309 = CARTESIAN_POINT('',(210.90913500294,218.64330901905,
    4.680428956722));
#5310 = CARTESIAN_POINT('',(211.07099209732,218.66438192292,
    4.676415070268));
#5311 = CARTESIAN_POINT('',(211.24280804721,218.69079591016,
    4.671383834606));
#5312 = CARTESIAN_POINT('',(211.42821039284,218.7240210202,
    4.665055242215));
#5313 = CARTESIAN_POINT('',(211.63098086401,218.76615088754,
    4.657030505579));
#5314 = CARTESIAN_POINT('',(211.85524020241,218.82031631826,
    4.646713280681));
#5315 = CARTESIAN_POINT('',(212.23136364114,218.92693590509,
    4.626404787951));
#5316 = CARTESIAN_POINT('',(212.36334986856,218.9667262978,4.61882566553
    ));
#5317 = CARTESIAN_POINT('',(212.50255732497,219.01133232058,
    4.610329280239));
#5318 = CARTESIAN_POINT('',(212.6496264814,219.061500319,4.600773471016)
  );
#5319 = CARTESIAN_POINT('',(212.80523434669,219.11812583695,
    4.589987658073));
#5320 = CARTESIAN_POINT('',(212.97009684154,219.18225528121,
    4.577772525832));
#5321 = CARTESIAN_POINT('',(213.14496799862,219.25512129817,
    4.563893284508));
#5322 = CARTESIAN_POINT('',(213.33063598871,219.33821186272,
    4.548066510307));
#5323 = CARTESIAN_POINT('',(213.5279159729,219.43337307934,
    4.529940564286));
#5324 = CARTESIAN_POINT('',(213.73763978088,219.54294569532,
    4.509069589812));
#5325 = CARTESIAN_POINT('',(213.96064241524,219.66993532619,
    4.484881088694));
#5326 = CARTESIAN_POINT('',(214.31629686514,219.89235692683,
    4.442515069524));
#5327 = CARTESIAN_POINT('',(214.43837192883,219.97183981624,
    4.427375471541));
#5328 = CARTESIAN_POINT('',(214.56407511989,220.05712919596,
    4.411129875404));
#5329 = CARTESIAN_POINT('',(214.69350589248,220.14879603337,
    4.393669525423));
#5330 = CARTESIAN_POINT('',(214.82676065131,220.2474944833,
    4.374869820672));
#5331 = CARTESIAN_POINT('',(214.96393307422,220.35395916593,
    4.354590833507));
#5332 = CARTESIAN_POINT('',(215.10511271382,220.46902336794,
    4.332673842645));
#5333 = CARTESIAN_POINT('',(215.25038187838,220.59365816709,
    4.308933880905));
#5334 = CARTESIAN_POINT('',(215.39981079178,220.72903247999,
    4.283148297494));
#5335 = CARTESIAN_POINT('',(215.55345103274,220.87659403339,
    4.255041334943));
#5336 = CARTESIAN_POINT('',(215.71132725305,221.0381712586,
    4.224264720616));
#5337 = CARTESIAN_POINT('',(215.95447713611,221.30505853483,
    4.173429048954));
#5338 = CARTESIAN_POINT('',(216.03658194555,221.39812043211,
    4.15570297328));
#5339 = CARTESIAN_POINT('',(216.11974123272,221.49556008976,
    4.13714303849));
#5340 = CARTESIAN_POINT('',(216.20394938755,221.59772125936,
    4.117683768091));
#5341 = CARTESIAN_POINT('',(216.28919694757,221.70499746801,
    4.097250204538));
#5342 = CARTESIAN_POINT('',(216.37547081831,221.81782987382,
    4.075758317717));
#5343 = CARTESIAN_POINT('',(216.46275332733,221.93671866445,
    4.053112833788));
#5344 = CARTESIAN_POINT('',(216.5510201118,222.06224799879,4.02920248439
    ));
#5345 = CARTESIAN_POINT('',(216.64023683965,222.1951244917,
    4.003892676217));
#5346 = CARTESIAN_POINT('',(216.73035476424,222.33622924184,
    3.977015580951));
#5347 = CARTESIAN_POINT('',(216.82130511265,222.48668340259,
    3.948357645569));
#5348 = CARTESIAN_POINT('',(216.95883590487,222.7285492428,3.90228796172
    ));
#5349 = CARTESIAN_POINT('',(217.00486300967,222.81187664076,
    3.886416076396));
#5350 = CARTESIAN_POINT('',(217.05106240842,222.89808129447,
    3.869996142355));
#5351 = CARTESIAN_POINT('',(217.09741930909,222.98737656208,
    3.852987519953));
#5352 = CARTESIAN_POINT('',(217.1439162195,223.08000750987,
    3.835343529899));
#5353 = CARTESIAN_POINT('',(217.19053306601,223.17624969615,
    3.817011684893));
#5354 = CARTESIAN_POINT('',(217.23724655241,223.27641658447,
    3.797932277594));
#5355 = CARTESIAN_POINT('',(217.28402875914,223.38087558606,
    3.77803532491));
#5356 = CARTESIAN_POINT('',(217.33084498265,223.49007273162,
    3.757235868612));
#5357 = CARTESIAN_POINT('',(217.37765081508,223.60456597242,
    3.735427632269));
#5358 = CARTESIAN_POINT('',(217.42438846419,223.72506711066,
    3.712475034509));
#5359 = CARTESIAN_POINT('',(217.49427923806,223.9162049834,
    3.676067820655));
#5360 = CARTESIAN_POINT('',(217.51754124233,223.98163707385,
    3.66360456533));
#5361 = CARTESIAN_POINT('',(217.54075648856,224.04892998944,
    3.650786867123));
#5362 = CARTESIAN_POINT('',(217.56391364401,224.11821967268,
    3.63758883222));
#5363 = CARTESIAN_POINT('',(217.58700077616,224.18964910169,
    3.623983226693));
#5364 = CARTESIAN_POINT('',(217.61000424811,224.26338074222,
    3.609939104689));
#5365 = CARTESIAN_POINT('',(217.63290761386,224.33960899958,
    3.59541943662));
#5366 = CARTESIAN_POINT('',(217.65569051372,224.41857267073,
    3.580378737352));
#5367 = CARTESIAN_POINT('',(217.67832756957,224.50056739624,
    3.564760694398));
#5368 = CARTESIAN_POINT('',(217.70078728025,224.58595811229,
    3.548495796103));
#5369 = CARTESIAN_POINT('',(217.72303091689,224.67519150269,
    3.531498959837));
#5370 = CARTESIAN_POINT('',(217.75600166891,224.81561692496,
    3.504751260358));
#5371 = CARTESIAN_POINT('',(217.76692630581,224.86351941241,
    3.495626977032));
#5372 = CARTESIAN_POINT('',(217.77777781941,224.91260173205,
    3.486277963769));
#5373 = CARTESIAN_POINT('',(217.78854885957,224.9629479997,
    3.476688198501));
#5374 = CARTESIAN_POINT('',(217.79923162596,225.01464745186,
    3.466840683805));
#5375 = CARTESIAN_POINT('',(217.80981725842,225.06780126916,
    3.456716147176));
#5376 = CARTESIAN_POINT('',(217.82029522744,225.12252940006,
    3.44629174129));
#5377 = CARTESIAN_POINT('',(217.83065272446,225.17897738432,
    3.435539744289));
#5378 = CARTESIAN_POINT('',(217.84087405241,225.23732317663,
    3.424426260038));
#5379 = CARTESIAN_POINT('',(217.85094001595,225.29778397019,
    3.412909918408));
#5380 = CARTESIAN_POINT('',(217.86082731205,225.36062302025,
    3.40094057554));
#5381 = CARTESIAN_POINT('',(217.88018852843,225.49168991517,
    3.375975452699));
#5382 = CARTESIAN_POINT('',(217.88965713734,225.55997683751,
    3.362968419872));
#5383 = CARTESIAN_POINT('',(217.89892609365,225.63088492391,
    3.349462117699));
#5384 = CARTESIAN_POINT('',(217.90775642081,225.70707523732,
    3.334949677052));
#5385 = CARTESIAN_POINT('',(217.91671996868,225.78219942438,
    3.320640308087));
#5386 = CARTESIAN_POINT('',(217.92439278192,225.87208827181,
    3.303518622862));
#5387 = CARTESIAN_POINT('',(217.93297034543,225.95235290819,
    3.288230120693));
#5388 = CARTESIAN_POINT('',(217.93934610876,226.05752568032,
    3.268197211718));
#5389 = CARTESIAN_POINT('',(217.94653913993,226.15406871697,
    3.24980806188));
#5390 = CARTESIAN_POINT('',(217.95139023496,226.27710846064,
    3.226371920228));
#5391 = CARTESIAN_POINT('',(217.95582365038,226.40528160345,
    3.201957988265));
#5392 = CARTESIAN_POINT('',(217.95586514141,226.58280811193,
    3.16814341522));
#5393 = DEFINITIONAL_REPRESENTATION('',(#5394),#5398);
#5394 = LINE('',#5395,#5396);
#5395 = CARTESIAN_POINT('',(3.916948517081,5.684341886081E-14));
#5396 = VECTOR('',#5397,1.);
#5397 = DIRECTION('',(3.566544470012E-13,1.));
#5398 = ( GEOMETRIC_REPRESENTATION_CONTEXT(2) 
PARAMETRIC_REPRESENTATION_CONTEXT() REPRESENTATION_CONTEXT('2D SPACE',''
  ) );
#5399 = ORIENTED_EDGE('',*,*,#5400,.T.);
#5400 = EDGE_CURVE('',#4933,#4767,#5401,.T.);
#5401 = SURFACE_CURVE('',#5402,(#5406,#5413),.PCURVE_S1.);
#5402 = LINE('',#5403,#5404);
#5403 = CARTESIAN_POINT('',(210.1,217.48128878921,4.901766143358));
#5404 = VECTOR('',#5405,1.);
#5405 = DIRECTION('',(0.,0.982338566422,-0.18711210789));
#5406 = PCURVE('',#1951,#5407);
#5407 = DEFINITIONAL_REPRESENTATION('',(#5408),#5412);
#5408 = LINE('',#5409,#5410);
#5409 = CARTESIAN_POINT('',(0.,-226.1));
#5410 = VECTOR('',#5411,1.);
#5411 = DIRECTION('',(1.,0.));
#5412 = ( GEOMETRIC_REPRESENTATION_CONTEXT(2) 
PARAMETRIC_REPRESENTATION_CONTEXT() REPRESENTATION_CONTEXT('2D SPACE',''
  ) );
#5413 = PCURVE('',#4136,#5414);
#5414 = DEFINITIONAL_REPRESENTATION('',(#5415),#5419);
#5415 = LINE('',#5416,#5417);
#5416 = CARTESIAN_POINT('',(-4.098233856642,5.77623269947));
#5417 = VECTOR('',#5418,1.);
#5418 = DIRECTION('',(-0.18711210789,-0.982338566422));
#5419 = ( GEOMETRIC_REPRESENTATION_CONTEXT(2) 
PARAMETRIC_REPRESENTATION_CONTEXT() REPRESENTATION_CONTEXT('2D SPACE',''
  ) );
#5420 = ADVANCED_FACE('',(#5421),#1985,.T.);
#5421 = FACE_BOUND('',#5422,.T.);
#5422 = EDGE_LOOP('',(#5423,#5450,#5451,#5452));
#5423 = ORIENTED_EDGE('',*,*,#5424,.F.);
#5424 = EDGE_CURVE('',#1969,#5425,#5427,.T.);
#5425 = VERTEX_POINT('',#5426);
#5426 = CARTESIAN_POINT('',(0.,218.5,-1.110223024625E-16));
#5427 = SURFACE_CURVE('',#5428,(#5433,#5439),.PCURVE_S1.);
#5428 = CIRCLE('',#5429,0.5);
#5429 = AXIS2_PLACEMENT_3D('',#5430,#5431,#5432);
#5430 = CARTESIAN_POINT('',(0.,218.5,0.5));
#5431 = DIRECTION('',(1.,0.,-0.));
#5432 = DIRECTION('',(0.,-1.,0.));
#5433 = PCURVE('',#1985,#5434);
#5434 = DEFINITIONAL_REPRESENTATION('',(#5435),#5438);
#5435 = B_SPLINE_CURVE_WITH_KNOTS('',1,(#5436,#5437),.UNSPECIFIED.,.F.,
  .F.,(2,2),(0.,1.570796326795),.PIECEWISE_BEZIER_KNOTS.);
#5436 = CARTESIAN_POINT('',(-2.22044604925E-16,0.));
#5437 = CARTESIAN_POINT('',(-2.22044604925E-16,1.570796326795));
#5438 = ( GEOMETRIC_REPRESENTATION_CONTEXT(2) 
PARAMETRIC_REPRESENTATION_CONTEXT() REPRESENTATION_CONTEXT('2D SPACE',''
  ) );
#5439 = PCURVE('',#5440,#5445);
#5440 = CYLINDRICAL_SURFACE('',#5441,0.5);
#5441 = AXIS2_PLACEMENT_3D('',#5442,#5443,#5444);
#5442 = CARTESIAN_POINT('',(210.,218.5,0.5));
#5443 = DIRECTION('',(-1.,0.,0.));
#5444 = DIRECTION('',(-0.,-1.,-0.));
#5445 = DEFINITIONAL_REPRESENTATION('',(#5446),#5449);
#5446 = B_SPLINE_CURVE_WITH_KNOTS('',1,(#5447,#5448),.UNSPECIFIED.,.F.,
  .F.,(2,2),(0.,1.570796326795),.PIECEWISE_BEZIER_KNOTS.);
#5447 = CARTESIAN_POINT('',(6.28318530718,210.));
#5448 = CARTESIAN_POINT('',(4.712388980385,210.));
#5449 = ( GEOMETRIC_REPRESENTATION_CONTEXT(2) 
PARAMETRIC_REPRESENTATION_CONTEXT() REPRESENTATION_CONTEXT('2D SPACE',''
  ) );
#5450 = ORIENTED_EDGE('',*,*,#1968,.T.);
#5451 = ORIENTED_EDGE('',*,*,#2142,.T.);
#5452 = ORIENTED_EDGE('',*,*,#5453,.F.);
#5453 = EDGE_CURVE('',#5425,#2115,#5454,.T.);
#5454 = SURFACE_CURVE('',#5455,(#5460,#5467),.PCURVE_S1.);
#5455 = CIRCLE('',#5456,7.5);
#5456 = AXIS2_PLACEMENT_3D('',#5457,#5458,#5459);
#5457 = CARTESIAN_POINT('',(0.,226.,0.));
#5458 = DIRECTION('',(-0.,0.,-1.));
#5459 = DIRECTION('',(-2.449293598295E-16,-1.,0.));
#5460 = PCURVE('',#1985,#5461);
#5461 = DEFINITIONAL_REPRESENTATION('',(#5462),#5466);
#5462 = LINE('',#5463,#5464);
#5463 = CARTESIAN_POINT('',(0.,1.570796326795));
#5464 = VECTOR('',#5465,1.);
#5465 = DIRECTION('',(1.,0.));
#5466 = ( GEOMETRIC_REPRESENTATION_CONTEXT(2) 
PARAMETRIC_REPRESENTATION_CONTEXT() REPRESENTATION_CONTEXT('2D SPACE',''
  ) );
#5467 = PCURVE('',#2130,#5468);
#5468 = DEFINITIONAL_REPRESENTATION('',(#5469),#5477);
#5469 = ( BOUNDED_CURVE() B_SPLINE_CURVE(2,(#5470,#5471,#5472,#5473,
#5474,#5475,#5476),.UNSPECIFIED.,.T.,.F.) B_SPLINE_CURVE_WITH_KNOTS((1,2
    ,2,2,2,1),(-2.094395102393,0.,2.094395102393,4.188790204786,
6.28318530718,8.377580409573),.UNSPECIFIED.) CURVE() 
GEOMETRIC_REPRESENTATION_ITEM() RATIONAL_B_SPLINE_CURVE((1.,0.5,1.,0.5,
1.,0.5,1.)) REPRESENTATION_ITEM('') );
#5470 = CARTESIAN_POINT('',(8.,0.5));
#5471 = CARTESIAN_POINT('',(-4.990381056767,0.5));
#5472 = CARTESIAN_POINT('',(1.504809471617,11.75));
#5473 = CARTESIAN_POINT('',(8.,23.));
#5474 = CARTESIAN_POINT('',(14.495190528383,11.75));
#5475 = CARTESIAN_POINT('',(20.990381056767,0.5));
#5476 = CARTESIAN_POINT('',(8.,0.5));
#5477 = ( GEOMETRIC_REPRESENTATION_CONTEXT(2) 
PARAMETRIC_REPRESENTATION_CONTEXT() REPRESENTATION_CONTEXT('2D SPACE',''
  ) );
#5478 = ADVANCED_FACE('',(#5479),#2013,.F.);
#5479 = FACE_BOUND('',#5480,.F.);
#5480 = EDGE_LOOP('',(#5481,#5506,#5527,#5528));
#5481 = ORIENTED_EDGE('',*,*,#5482,.F.);
#5482 = EDGE_CURVE('',#5483,#5485,#5487,.T.);
#5483 = VERTEX_POINT('',#5484);
#5484 = CARTESIAN_POINT('',(210.,218.,0.5));
#5485 = VERTEX_POINT('',#5486);
#5486 = CARTESIAN_POINT('',(210.,218.,4.198736428769));
#5487 = SURFACE_CURVE('',#5488,(#5492,#5499),.PCURVE_S1.);
#5488 = LINE('',#5489,#5490);
#5489 = CARTESIAN_POINT('',(210.,218.,0.));
#5490 = VECTOR('',#5491,1.);
#5491 = DIRECTION('',(0.,0.,1.));
#5492 = PCURVE('',#2013,#5493);
#5493 = DEFINITIONAL_REPRESENTATION('',(#5494),#5498);
#5494 = LINE('',#5495,#5496);
#5495 = CARTESIAN_POINT('',(0.,218.));
#5496 = VECTOR('',#5497,1.);
#5497 = DIRECTION('',(1.,0.));
#5498 = ( GEOMETRIC_REPRESENTATION_CONTEXT(2) 
PARAMETRIC_REPRESENTATION_CONTEXT() REPRESENTATION_CONTEXT('2D SPACE',''
  ) );
#5499 = PCURVE('',#3992,#5500);
#5500 = DEFINITIONAL_REPRESENTATION('',(#5501),#5505);
#5501 = LINE('',#5502,#5503);
#5502 = CARTESIAN_POINT('',(4.712388980385,0.));
#5503 = VECTOR('',#5504,1.);
#5504 = DIRECTION('',(-0.,1.));
#5505 = ( GEOMETRIC_REPRESENTATION_CONTEXT(2) 
PARAMETRIC_REPRESENTATION_CONTEXT() REPRESENTATION_CONTEXT('2D SPACE',''
  ) );
#5506 = ORIENTED_EDGE('',*,*,#5507,.T.);
#5507 = EDGE_CURVE('',#5483,#1969,#5508,.T.);
#5508 = SURFACE_CURVE('',#5509,(#5513,#5520),.PCURVE_S1.);
#5509 = LINE('',#5510,#5511);
#5510 = CARTESIAN_POINT('',(210.,218.,0.5));
#5511 = VECTOR('',#5512,1.);
#5512 = DIRECTION('',(-1.,0.,0.));
#5513 = PCURVE('',#2013,#5514);
#5514 = DEFINITIONAL_REPRESENTATION('',(#5515),#5519);
#5515 = LINE('',#5516,#5517);
#5516 = CARTESIAN_POINT('',(0.5,218.));
#5517 = VECTOR('',#5518,1.);
#5518 = DIRECTION('',(0.,-1.));
#5519 = ( GEOMETRIC_REPRESENTATION_CONTEXT(2) 
PARAMETRIC_REPRESENTATION_CONTEXT() REPRESENTATION_CONTEXT('2D SPACE',''
  ) );
#5520 = PCURVE('',#5440,#5521);
#5521 = DEFINITIONAL_REPRESENTATION('',(#5522),#5526);
#5522 = LINE('',#5523,#5524);
#5523 = CARTESIAN_POINT('',(6.28318530718,0.));
#5524 = VECTOR('',#5525,1.);
#5525 = DIRECTION('',(-0.,1.));
#5526 = ( GEOMETRIC_REPRESENTATION_CONTEXT(2) 
PARAMETRIC_REPRESENTATION_CONTEXT() REPRESENTATION_CONTEXT('2D SPACE',''
  ) );
#5527 = ORIENTED_EDGE('',*,*,#1997,.T.);
#5528 = ORIENTED_EDGE('',*,*,#5529,.T.);
#5529 = EDGE_CURVE('',#1998,#5485,#5530,.T.);
#5530 = SURFACE_CURVE('',#5531,(#5535,#5542),.PCURVE_S1.);
#5531 = LINE('',#5532,#5533);
#5532 = CARTESIAN_POINT('',(0.,218.,4.198736428769));
#5533 = VECTOR('',#5534,1.);
#5534 = DIRECTION('',(1.,-0.,0.));
#5535 = PCURVE('',#2013,#5536);
#5536 = DEFINITIONAL_REPRESENTATION('',(#5537),#5541);
#5537 = LINE('',#5538,#5539);
#5538 = CARTESIAN_POINT('',(4.198736428769,8.));
#5539 = VECTOR('',#5540,1.);
#5540 = DIRECTION('',(0.,1.));
#5541 = ( GEOMETRIC_REPRESENTATION_CONTEXT(2) 
PARAMETRIC_REPRESENTATION_CONTEXT() REPRESENTATION_CONTEXT('2D SPACE',''
  ) );
#5542 = PCURVE('',#4883,#5543);
#5543 = DEFINITIONAL_REPRESENTATION('',(#5544),#5548);
#5544 = LINE('',#5545,#5546);
#5545 = CARTESIAN_POINT('',(6.28318530718,0.));
#5546 = VECTOR('',#5547,1.);
#5547 = DIRECTION('',(-0.,1.));
#5548 = ( GEOMETRIC_REPRESENTATION_CONTEXT(2) 
PARAMETRIC_REPRESENTATION_CONTEXT() REPRESENTATION_CONTEXT('2D SPACE',''
  ) );
#5549 = ADVANCED_FACE('',(#5550),#2130,.F.);
#5550 = FACE_BOUND('',#5551,.F.);
#5551 = EDGE_LOOP('',(#5552,#5553,#5554,#5577,#5610,#5638,#5671,#5704,
    #5732,#5765,#5793,#5826,#5847,#5848));
#5552 = ORIENTED_EDGE('',*,*,#2114,.F.);
#5553 = ORIENTED_EDGE('',*,*,#5453,.F.);
#5554 = ORIENTED_EDGE('',*,*,#5555,.F.);
#5555 = EDGE_CURVE('',#5556,#5425,#5558,.T.);
#5556 = VERTEX_POINT('',#5557);
#5557 = CARTESIAN_POINT('',(210.,218.5,0.));
#5558 = SURFACE_CURVE('',#5559,(#5563,#5570),.PCURVE_S1.);
#5559 = LINE('',#5560,#5561);
#5560 = CARTESIAN_POINT('',(210.,218.5,-1.110223024625E-16));
#5561 = VECTOR('',#5562,1.);
#5562 = DIRECTION('',(-1.,0.,0.));
#5563 = PCURVE('',#2130,#5564);
#5564 = DEFINITIONAL_REPRESENTATION('',(#5565),#5569);
#5565 = LINE('',#5566,#5567);
#5566 = CARTESIAN_POINT('',(218.,0.5));
#5567 = VECTOR('',#5568,1.);
#5568 = DIRECTION('',(-1.,0.));
#5569 = ( GEOMETRIC_REPRESENTATION_CONTEXT(2) 
PARAMETRIC_REPRESENTATION_CONTEXT() REPRESENTATION_CONTEXT('2D SPACE',''
  ) );
#5570 = PCURVE('',#5440,#5571);
#5571 = DEFINITIONAL_REPRESENTATION('',(#5572),#5576);
#5572 = LINE('',#5573,#5574);
#5573 = CARTESIAN_POINT('',(4.712388980385,0.));
#5574 = VECTOR('',#5575,1.);
#5575 = DIRECTION('',(-0.,1.));
#5576 = ( GEOMETRIC_REPRESENTATION_CONTEXT(2) 
PARAMETRIC_REPRESENTATION_CONTEXT() REPRESENTATION_CONTEXT('2D SPACE',''
  ) );
#5577 = ORIENTED_EDGE('',*,*,#5578,.F.);
#5578 = EDGE_CURVE('',#5579,#5556,#5581,.T.);
#5579 = VERTEX_POINT('',#5580);
#5580 = CARTESIAN_POINT('',(217.5,226.,-1.110223024625E-16));
#5581 = SURFACE_CURVE('',#5582,(#5587,#5598),.PCURVE_S1.);
#5582 = CIRCLE('',#5583,7.5);
#5583 = AXIS2_PLACEMENT_3D('',#5584,#5585,#5586);
#5584 = CARTESIAN_POINT('',(210.,226.,0.));
#5585 = DIRECTION('',(0.,0.,-1.));
#5586 = DIRECTION('',(1.,0.,0.));
#5587 = PCURVE('',#2130,#5588);
#5588 = DEFINITIONAL_REPRESENTATION('',(#5589),#5597);
#5589 = ( BOUNDED_CURVE() B_SPLINE_CURVE(2,(#5590,#5591,#5592,#5593,
#5594,#5595,#5596),.UNSPECIFIED.,.T.,.F.) B_SPLINE_CURVE_WITH_KNOTS((1,2
    ,2,2,2,1),(-2.094395102393,0.,2.094395102393,4.188790204786,
6.28318530718,8.377580409573),.UNSPECIFIED.) CURVE() 
GEOMETRIC_REPRESENTATION_ITEM() RATIONAL_B_SPLINE_CURVE((1.,0.5,1.,0.5,
1.,0.5,1.)) REPRESENTATION_ITEM('') );
#5590 = CARTESIAN_POINT('',(225.5,8.));
#5591 = CARTESIAN_POINT('',(225.5,-4.990381056767));
#5592 = CARTESIAN_POINT('',(214.25,1.504809471617));
#5593 = CARTESIAN_POINT('',(203.,8.));
#5594 = CARTESIAN_POINT('',(214.25,14.495190528383));
#5595 = CARTESIAN_POINT('',(225.5,20.990381056767));
#5596 = CARTESIAN_POINT('',(225.5,8.));
#5597 = ( GEOMETRIC_REPRESENTATION_CONTEXT(2) 
PARAMETRIC_REPRESENTATION_CONTEXT() REPRESENTATION_CONTEXT('2D SPACE',''
  ) );
#5598 = PCURVE('',#5599,#5604);
#5599 = TOROIDAL_SURFACE('',#5600,7.5,0.5);
#5600 = AXIS2_PLACEMENT_3D('',#5601,#5602,#5603);
#5601 = CARTESIAN_POINT('',(210.,226.,0.5));
#5602 = DIRECTION('',(-0.,-0.,-1.));
#5603 = DIRECTION('',(1.,0.,-0.));
#5604 = DEFINITIONAL_REPRESENTATION('',(#5605),#5609);
#5605 = LINE('',#5606,#5607);
#5606 = CARTESIAN_POINT('',(0.,1.570796326795));
#5607 = VECTOR('',#5608,1.);
#5608 = DIRECTION('',(1.,0.));
#5609 = ( GEOMETRIC_REPRESENTATION_CONTEXT(2) 
PARAMETRIC_REPRESENTATION_CONTEXT() REPRESENTATION_CONTEXT('2D SPACE',''
  ) );
#5610 = ORIENTED_EDGE('',*,*,#5611,.F.);
#5611 = EDGE_CURVE('',#5612,#5579,#5614,.T.);
#5612 = VERTEX_POINT('',#5613);
#5613 = CARTESIAN_POINT('',(217.5,270.,0.));
#5614 = SURFACE_CURVE('',#5615,(#5619,#5626),.PCURVE_S1.);
#5615 = LINE('',#5616,#5617);
#5616 = CARTESIAN_POINT('',(217.5,270.,-1.110223024625E-16));
#5617 = VECTOR('',#5618,1.);
#5618 = DIRECTION('',(-0.,-1.,-0.));
#5619 = PCURVE('',#2130,#5620);
#5620 = DEFINITIONAL_REPRESENTATION('',(#5621),#5625);
#5621 = LINE('',#5622,#5623);
#5622 = CARTESIAN_POINT('',(225.5,52.));
#5623 = VECTOR('',#5624,1.);
#5624 = DIRECTION('',(0.,-1.));
#5625 = ( GEOMETRIC_REPRESENTATION_CONTEXT(2) 
PARAMETRIC_REPRESENTATION_CONTEXT() REPRESENTATION_CONTEXT('2D SPACE',''
  ) );
#5626 = PCURVE('',#5627,#5632);
#5627 = CYLINDRICAL_SURFACE('',#5628,0.5);
#5628 = AXIS2_PLACEMENT_3D('',#5629,#5630,#5631);
#5629 = CARTESIAN_POINT('',(217.5,270.,0.5));
#5630 = DIRECTION('',(-0.,-1.,-0.));
#5631 = DIRECTION('',(1.,0.,-0.));
#5632 = DEFINITIONAL_REPRESENTATION('',(#5633),#5637);
#5633 = LINE('',#5634,#5635);
#5634 = CARTESIAN_POINT('',(4.712388980385,0.));
#5635 = VECTOR('',#5636,1.);
#5636 = DIRECTION('',(-0.,1.));
#5637 = ( GEOMETRIC_REPRESENTATION_CONTEXT(2) 
PARAMETRIC_REPRESENTATION_CONTEXT() REPRESENTATION_CONTEXT('2D SPACE',''
  ) );
#5638 = ORIENTED_EDGE('',*,*,#5639,.F.);
#5639 = EDGE_CURVE('',#5640,#5612,#5642,.T.);
#5640 = VERTEX_POINT('',#5641);
#5641 = CARTESIAN_POINT('',(215.52263069107,275.0745,0.));
#5642 = SURFACE_CURVE('',#5643,(#5648,#5659),.PCURVE_S1.);
#5643 = CIRCLE('',#5644,7.5);
#5644 = AXIS2_PLACEMENT_3D('',#5645,#5646,#5647);
#5645 = CARTESIAN_POINT('',(210.,270.,0.));
#5646 = DIRECTION('',(0.,0.,-1.));
#5647 = DIRECTION('',(0.,1.,0.));
#5648 = PCURVE('',#2130,#5649);
#5649 = DEFINITIONAL_REPRESENTATION('',(#5650),#5658);
#5650 = ( BOUNDED_CURVE() B_SPLINE_CURVE(2,(#5651,#5652,#5653,#5654,
#5655,#5656,#5657),.UNSPECIFIED.,.T.,.F.) B_SPLINE_CURVE_WITH_KNOTS((1,2
    ,2,2,2,1),(-2.094395102393,0.,2.094395102393,4.188790204786,
6.28318530718,8.377580409573),.UNSPECIFIED.) CURVE() 
GEOMETRIC_REPRESENTATION_ITEM() RATIONAL_B_SPLINE_CURVE((1.,0.5,1.,0.5,
1.,0.5,1.)) REPRESENTATION_ITEM('') );
#5651 = CARTESIAN_POINT('',(218.,59.5));
#5652 = CARTESIAN_POINT('',(230.99038105676,59.5));
#5653 = CARTESIAN_POINT('',(224.49519052838,48.25));
#5654 = CARTESIAN_POINT('',(218.,37.));
#5655 = CARTESIAN_POINT('',(211.50480947161,48.25));
#5656 = CARTESIAN_POINT('',(205.00961894323,59.5));
#5657 = CARTESIAN_POINT('',(218.,59.5));
#5658 = ( GEOMETRIC_REPRESENTATION_CONTEXT(2) 
PARAMETRIC_REPRESENTATION_CONTEXT() REPRESENTATION_CONTEXT('2D SPACE',''
  ) );
#5659 = PCURVE('',#5660,#5665);
#5660 = TOROIDAL_SURFACE('',#5661,7.5,0.5);
#5661 = AXIS2_PLACEMENT_3D('',#5662,#5663,#5664);
#5662 = CARTESIAN_POINT('',(210.,270.,0.5));
#5663 = DIRECTION('',(-0.,-0.,-1.));
#5664 = DIRECTION('',(0.,1.,-0.));
#5665 = DEFINITIONAL_REPRESENTATION('',(#5666),#5670);
#5666 = LINE('',#5667,#5668);
#5667 = CARTESIAN_POINT('',(0.,1.570796326795));
#5668 = VECTOR('',#5669,1.);
#5669 = DIRECTION('',(1.,0.));
#5670 = ( GEOMETRIC_REPRESENTATION_CONTEXT(2) 
PARAMETRIC_REPRESENTATION_CONTEXT() REPRESENTATION_CONTEXT('2D SPACE',''
  ) );
#5671 = ORIENTED_EDGE('',*,*,#5672,.F.);
#5672 = EDGE_CURVE('',#5673,#5640,#5675,.T.);
#5673 = VERTEX_POINT('',#5674);
#5674 = CARTESIAN_POINT('',(217.4,280.,-1.110223024625E-16));
#5675 = SURFACE_CURVE('',#5676,(#5681,#5692),.PCURVE_S1.);
#5676 = CIRCLE('',#5677,7.4);
#5677 = AXIS2_PLACEMENT_3D('',#5678,#5679,#5680);
#5678 = CARTESIAN_POINT('',(210.,280.,0.));
#5679 = DIRECTION('',(0.,-0.,-1.));
#5680 = DIRECTION('',(1.,0.,-0.));
#5681 = PCURVE('',#2130,#5682);
#5682 = DEFINITIONAL_REPRESENTATION('',(#5683),#5691);
#5683 = ( BOUNDED_CURVE() B_SPLINE_CURVE(2,(#5684,#5685,#5686,#5687,
#5688,#5689,#5690),.UNSPECIFIED.,.T.,.F.) B_SPLINE_CURVE_WITH_KNOTS((1,2
    ,2,2,2,1),(-2.094395102393,0.,2.094395102393,4.188790204786,
6.28318530718,8.377580409573),.UNSPECIFIED.) CURVE() 
GEOMETRIC_REPRESENTATION_ITEM() RATIONAL_B_SPLINE_CURVE((1.,0.5,1.,0.5,
1.,0.5,1.)) REPRESENTATION_ITEM('') );
#5684 = CARTESIAN_POINT('',(225.4,62.));
#5685 = CARTESIAN_POINT('',(225.4,49.18282402399));
#5686 = CARTESIAN_POINT('',(214.3,55.591412011995));
#5687 = CARTESIAN_POINT('',(203.2,62.));
#5688 = CARTESIAN_POINT('',(214.3,68.408587988005));
#5689 = CARTESIAN_POINT('',(225.4,74.81717597601));
#5690 = CARTESIAN_POINT('',(225.4,62.));
#5691 = ( GEOMETRIC_REPRESENTATION_CONTEXT(2) 
PARAMETRIC_REPRESENTATION_CONTEXT() REPRESENTATION_CONTEXT('2D SPACE',''
  ) );
#5692 = PCURVE('',#5693,#5698);
#5693 = TOROIDAL_SURFACE('',#5694,7.4,0.6);
#5694 = AXIS2_PLACEMENT_3D('',#5695,#5696,#5697);
#5695 = CARTESIAN_POINT('',(210.,280.,0.6));
#5696 = DIRECTION('',(-0.,-0.,-1.));
#5697 = DIRECTION('',(1.,0.,-0.));
#5698 = DEFINITIONAL_REPRESENTATION('',(#5699),#5703);
#5699 = LINE('',#5700,#5701);
#5700 = CARTESIAN_POINT('',(0.,1.570796326795));
#5701 = VECTOR('',#5702,1.);
#5702 = DIRECTION('',(1.,0.));
#5703 = ( GEOMETRIC_REPRESENTATION_CONTEXT(2) 
PARAMETRIC_REPRESENTATION_CONTEXT() REPRESENTATION_CONTEXT('2D SPACE',''
  ) );
#5704 = ORIENTED_EDGE('',*,*,#5705,.F.);
#5705 = EDGE_CURVE('',#5706,#5673,#5708,.T.);
#5706 = VERTEX_POINT('',#5707);
#5707 = CARTESIAN_POINT('',(217.4,315.,0.));
#5708 = SURFACE_CURVE('',#5709,(#5713,#5720),.PCURVE_S1.);
#5709 = LINE('',#5710,#5711);
#5710 = CARTESIAN_POINT('',(217.4,315.,-1.110223024625E-16));
#5711 = VECTOR('',#5712,1.);
#5712 = DIRECTION('',(-0.,-1.,-0.));
#5713 = PCURVE('',#2130,#5714);
#5714 = DEFINITIONAL_REPRESENTATION('',(#5715),#5719);
#5715 = LINE('',#5716,#5717);
#5716 = CARTESIAN_POINT('',(225.4,97.));
#5717 = VECTOR('',#5718,1.);
#5718 = DIRECTION('',(0.,-1.));
#5719 = ( GEOMETRIC_REPRESENTATION_CONTEXT(2) 
PARAMETRIC_REPRESENTATION_CONTEXT() REPRESENTATION_CONTEXT('2D SPACE',''
  ) );
#5720 = PCURVE('',#5721,#5726);
#5721 = CYLINDRICAL_SURFACE('',#5722,0.6);
#5722 = AXIS2_PLACEMENT_3D('',#5723,#5724,#5725);
#5723 = CARTESIAN_POINT('',(217.4,315.,0.6));
#5724 = DIRECTION('',(-0.,-1.,-0.));
#5725 = DIRECTION('',(1.,0.,-0.));
#5726 = DEFINITIONAL_REPRESENTATION('',(#5727),#5731);
#5727 = LINE('',#5728,#5729);
#5728 = CARTESIAN_POINT('',(-1.570796326795,0.));
#5729 = VECTOR('',#5730,1.);
#5730 = DIRECTION('',(-0.,1.));
#5731 = ( GEOMETRIC_REPRESENTATION_CONTEXT(2) 
PARAMETRIC_REPRESENTATION_CONTEXT() REPRESENTATION_CONTEXT('2D SPACE',''
  ) );
#5732 = ORIENTED_EDGE('',*,*,#5733,.F.);
#5733 = EDGE_CURVE('',#5734,#5706,#5736,.T.);
#5734 = VERTEX_POINT('',#5735);
#5735 = CARTESIAN_POINT('',(210.,322.4,-1.110223024625E-16));
#5736 = SURFACE_CURVE('',#5737,(#5742,#5753),.PCURVE_S1.);
#5737 = CIRCLE('',#5738,7.4);
#5738 = AXIS2_PLACEMENT_3D('',#5739,#5740,#5741);
#5739 = CARTESIAN_POINT('',(210.,315.,0.));
#5740 = DIRECTION('',(0.,-0.,-1.));
#5741 = DIRECTION('',(0.,1.,-0.));
#5742 = PCURVE('',#2130,#5743);
#5743 = DEFINITIONAL_REPRESENTATION('',(#5744),#5752);
#5744 = ( BOUNDED_CURVE() B_SPLINE_CURVE(2,(#5745,#5746,#5747,#5748,
#5749,#5750,#5751),.UNSPECIFIED.,.T.,.F.) B_SPLINE_CURVE_WITH_KNOTS((1,2
    ,2,2,2,1),(-2.094395102393,0.,2.094395102393,4.188790204786,
6.28318530718,8.377580409573),.UNSPECIFIED.) CURVE() 
GEOMETRIC_REPRESENTATION_ITEM() RATIONAL_B_SPLINE_CURVE((1.,0.5,1.,0.5,
1.,0.5,1.)) REPRESENTATION_ITEM('') );
#5745 = CARTESIAN_POINT('',(218.,104.4));
#5746 = CARTESIAN_POINT('',(230.81717597601,104.4));
#5747 = CARTESIAN_POINT('',(224.408587988,93.3));
#5748 = CARTESIAN_POINT('',(218.,82.2));
#5749 = CARTESIAN_POINT('',(211.59141201199,93.3));
#5750 = CARTESIAN_POINT('',(205.18282402399,104.4));
#5751 = CARTESIAN_POINT('',(218.,104.4));
#5752 = ( GEOMETRIC_REPRESENTATION_CONTEXT(2) 
PARAMETRIC_REPRESENTATION_CONTEXT() REPRESENTATION_CONTEXT('2D SPACE',''
  ) );
#5753 = PCURVE('',#5754,#5759);
#5754 = TOROIDAL_SURFACE('',#5755,7.4,0.6);
#5755 = AXIS2_PLACEMENT_3D('',#5756,#5757,#5758);
#5756 = CARTESIAN_POINT('',(210.,315.,0.6));
#5757 = DIRECTION('',(-0.,-0.,-1.));
#5758 = DIRECTION('',(0.,1.,-0.));
#5759 = DEFINITIONAL_REPRESENTATION('',(#5760),#5764);
#5760 = LINE('',#5761,#5762);
#5761 = CARTESIAN_POINT('',(0.,1.570796326795));
#5762 = VECTOR('',#5763,1.);
#5763 = DIRECTION('',(1.,0.));
#5764 = ( GEOMETRIC_REPRESENTATION_CONTEXT(2) 
PARAMETRIC_REPRESENTATION_CONTEXT() REPRESENTATION_CONTEXT('2D SPACE',''
  ) );
#5765 = ORIENTED_EDGE('',*,*,#5766,.F.);
#5766 = EDGE_CURVE('',#5767,#5734,#5769,.T.);
#5767 = VERTEX_POINT('',#5768);
#5768 = CARTESIAN_POINT('',(0.,322.4,0.));
#5769 = SURFACE_CURVE('',#5770,(#5774,#5781),.PCURVE_S1.);
#5770 = LINE('',#5771,#5772);
#5771 = CARTESIAN_POINT('',(0.,322.4,-1.110223024625E-16));
#5772 = VECTOR('',#5773,1.);
#5773 = DIRECTION('',(1.,0.,0.));
#5774 = PCURVE('',#2130,#5775);
#5775 = DEFINITIONAL_REPRESENTATION('',(#5776),#5780);
#5776 = LINE('',#5777,#5778);
#5777 = CARTESIAN_POINT('',(8.,104.4));
#5778 = VECTOR('',#5779,1.);
#5779 = DIRECTION('',(1.,0.));
#5780 = ( GEOMETRIC_REPRESENTATION_CONTEXT(2) 
PARAMETRIC_REPRESENTATION_CONTEXT() REPRESENTATION_CONTEXT('2D SPACE',''
  ) );
#5781 = PCURVE('',#5782,#5787);
#5782 = CYLINDRICAL_SURFACE('',#5783,0.6);
#5783 = AXIS2_PLACEMENT_3D('',#5784,#5785,#5786);
#5784 = CARTESIAN_POINT('',(0.,322.4,0.6));
#5785 = DIRECTION('',(1.,0.,0.));
#5786 = DIRECTION('',(-0.,1.,0.));
#5787 = DEFINITIONAL_REPRESENTATION('',(#5788),#5792);
#5788 = LINE('',#5789,#5790);
#5789 = CARTESIAN_POINT('',(-1.570796326795,0.));
#5790 = VECTOR('',#5791,1.);
#5791 = DIRECTION('',(-0.,1.));
#5792 = ( GEOMETRIC_REPRESENTATION_CONTEXT(2) 
PARAMETRIC_REPRESENTATION_CONTEXT() REPRESENTATION_CONTEXT('2D SPACE',''
  ) );
#5793 = ORIENTED_EDGE('',*,*,#5794,.F.);
#5794 = EDGE_CURVE('',#5795,#5767,#5797,.T.);
#5795 = VERTEX_POINT('',#5796);
#5796 = CARTESIAN_POINT('',(-7.4,315.,-1.110223024625E-16));
#5797 = SURFACE_CURVE('',#5798,(#5803,#5814),.PCURVE_S1.);
#5798 = CIRCLE('',#5799,7.4);
#5799 = AXIS2_PLACEMENT_3D('',#5800,#5801,#5802);
#5800 = CARTESIAN_POINT('',(0.,315.,0.));
#5801 = DIRECTION('',(-0.,0.,-1.));
#5802 = DIRECTION('',(-1.,0.,0.));
#5803 = PCURVE('',#2130,#5804);
#5804 = DEFINITIONAL_REPRESENTATION('',(#5805),#5813);
#5805 = ( BOUNDED_CURVE() B_SPLINE_CURVE(2,(#5806,#5807,#5808,#5809,
#5810,#5811,#5812),.UNSPECIFIED.,.T.,.F.) B_SPLINE_CURVE_WITH_KNOTS((1,2
    ,2,2,2,1),(-2.094395102393,0.,2.094395102393,4.188790204786,
6.28318530718,8.377580409573),.UNSPECIFIED.) CURVE() 
GEOMETRIC_REPRESENTATION_ITEM() RATIONAL_B_SPLINE_CURVE((1.,0.5,1.,0.5,
1.,0.5,1.)) REPRESENTATION_ITEM('') );
#5806 = CARTESIAN_POINT('',(0.6,97.));
#5807 = CARTESIAN_POINT('',(0.6,109.81717597601));
#5808 = CARTESIAN_POINT('',(11.7,103.408587988));
#5809 = CARTESIAN_POINT('',(22.8,97.));
#5810 = CARTESIAN_POINT('',(11.7,90.591412011995));
#5811 = CARTESIAN_POINT('',(0.6,84.18282402399));
#5812 = CARTESIAN_POINT('',(0.6,97.));
#5813 = ( GEOMETRIC_REPRESENTATION_CONTEXT(2) 
PARAMETRIC_REPRESENTATION_CONTEXT() REPRESENTATION_CONTEXT('2D SPACE',''
  ) );
#5814 = PCURVE('',#5815,#5820);
#5815 = TOROIDAL_SURFACE('',#5816,7.4,0.6);
#5816 = AXIS2_PLACEMENT_3D('',#5817,#5818,#5819);
#5817 = CARTESIAN_POINT('',(0.,315.,0.6));
#5818 = DIRECTION('',(-0.,-0.,-1.));
#5819 = DIRECTION('',(-1.,0.,0.));
#5820 = DEFINITIONAL_REPRESENTATION('',(#5821),#5825);
#5821 = LINE('',#5822,#5823);
#5822 = CARTESIAN_POINT('',(0.,1.570796326795));
#5823 = VECTOR('',#5824,1.);
#5824 = DIRECTION('',(1.,0.));
#5825 = ( GEOMETRIC_REPRESENTATION_CONTEXT(2) 
PARAMETRIC_REPRESENTATION_CONTEXT() REPRESENTATION_CONTEXT('2D SPACE',''
  ) );
#5826 = ORIENTED_EDGE('',*,*,#5827,.F.);
#5827 = EDGE_CURVE('',#2272,#5795,#5828,.T.);
#5828 = SURFACE_CURVE('',#5829,(#5833,#5840),.PCURVE_S1.);
#5829 = LINE('',#5830,#5831);
#5830 = CARTESIAN_POINT('',(-7.4,280.,-1.110223024625E-16));
#5831 = VECTOR('',#5832,1.);
#5832 = DIRECTION('',(0.,1.,0.));
#5833 = PCURVE('',#2130,#5834);
#5834 = DEFINITIONAL_REPRESENTATION('',(#5835),#5839);
#5835 = LINE('',#5836,#5837);
#5836 = CARTESIAN_POINT('',(0.6,62.));
#5837 = VECTOR('',#5838,1.);
#5838 = DIRECTION('',(0.,1.));
#5839 = ( GEOMETRIC_REPRESENTATION_CONTEXT(2) 
PARAMETRIC_REPRESENTATION_CONTEXT() REPRESENTATION_CONTEXT('2D SPACE',''
  ) );
#5840 = PCURVE('',#2288,#5841);
#5841 = DEFINITIONAL_REPRESENTATION('',(#5842),#5846);
#5842 = LINE('',#5843,#5844);
#5843 = CARTESIAN_POINT('',(-1.570796326795,0.));
#5844 = VECTOR('',#5845,1.);
#5845 = DIRECTION('',(-0.,1.));
#5846 = ( GEOMETRIC_REPRESENTATION_CONTEXT(2) 
PARAMETRIC_REPRESENTATION_CONTEXT() REPRESENTATION_CONTEXT('2D SPACE',''
  ) );
#5847 = ORIENTED_EDGE('',*,*,#2300,.F.);
#5848 = ORIENTED_EDGE('',*,*,#2217,.F.);
#5849 = ADVANCED_FACE('',(#5850),#2288,.T.);
#5850 = FACE_BOUND('',#5851,.F.);
#5851 = EDGE_LOOP('',(#5852,#5853,#5854,#5878));
#5852 = ORIENTED_EDGE('',*,*,#2271,.T.);
#5853 = ORIENTED_EDGE('',*,*,#5827,.T.);
#5854 = ORIENTED_EDGE('',*,*,#5855,.F.);
#5855 = EDGE_CURVE('',#5856,#5795,#5858,.T.);
#5856 = VERTEX_POINT('',#5857);
#5857 = CARTESIAN_POINT('',(-8.,315.,0.6));
#5858 = SURFACE_CURVE('',#5859,(#5864,#5871),.PCURVE_S1.);
#5859 = CIRCLE('',#5860,0.6);
#5860 = AXIS2_PLACEMENT_3D('',#5861,#5862,#5863);
#5861 = CARTESIAN_POINT('',(-7.4,315.,0.6));
#5862 = DIRECTION('',(-0.,-1.,-0.));
#5863 = DIRECTION('',(-1.,0.,0.));
#5864 = PCURVE('',#2288,#5865);
#5865 = DEFINITIONAL_REPRESENTATION('',(#5866),#5870);
#5866 = LINE('',#5867,#5868);
#5867 = CARTESIAN_POINT('',(-0.,35.));
#5868 = VECTOR('',#5869,1.);
#5869 = DIRECTION('',(-1.,0.));
#5870 = ( GEOMETRIC_REPRESENTATION_CONTEXT(2) 
PARAMETRIC_REPRESENTATION_CONTEXT() REPRESENTATION_CONTEXT('2D SPACE',''
  ) );
#5871 = PCURVE('',#5815,#5872);
#5872 = DEFINITIONAL_REPRESENTATION('',(#5873),#5877);
#5873 = LINE('',#5874,#5875);
#5874 = CARTESIAN_POINT('',(0.,0.));
#5875 = VECTOR('',#5876,1.);
#5876 = DIRECTION('',(0.,1.));
#5877 = ( GEOMETRIC_REPRESENTATION_CONTEXT(2) 
PARAMETRIC_REPRESENTATION_CONTEXT() REPRESENTATION_CONTEXT('2D SPACE',''
  ) );
#5878 = ORIENTED_EDGE('',*,*,#5879,.F.);
#5879 = EDGE_CURVE('',#2248,#5856,#5880,.T.);
#5880 = SURFACE_CURVE('',#5881,(#5885,#5892),.PCURVE_S1.);
#5881 = LINE('',#5882,#5883);
#5882 = CARTESIAN_POINT('',(-8.,280.,0.6));
#5883 = VECTOR('',#5884,1.);
#5884 = DIRECTION('',(0.,1.,0.));
#5885 = PCURVE('',#2288,#5886);
#5886 = DEFINITIONAL_REPRESENTATION('',(#5887),#5891);
#5887 = LINE('',#5888,#5889);
#5888 = CARTESIAN_POINT('',(-0.,0.));
#5889 = VECTOR('',#5890,1.);
#5890 = DIRECTION('',(-0.,1.));
#5891 = ( GEOMETRIC_REPRESENTATION_CONTEXT(2) 
PARAMETRIC_REPRESENTATION_CONTEXT() REPRESENTATION_CONTEXT('2D SPACE',''
  ) );
#5892 = PCURVE('',#2346,#5893);
#5893 = DEFINITIONAL_REPRESENTATION('',(#5894),#5898);
#5894 = LINE('',#5895,#5896);
#5895 = CARTESIAN_POINT('',(0.6,-8.));
#5896 = VECTOR('',#5897,1.);
#5897 = DIRECTION('',(0.,-1.));
#5898 = ( GEOMETRIC_REPRESENTATION_CONTEXT(2) 
PARAMETRIC_REPRESENTATION_CONTEXT() REPRESENTATION_CONTEXT('2D SPACE',''
  ) );
#5899 = ADVANCED_FACE('',(#5900),#2346,.F.);
#5900 = FACE_BOUND('',#5901,.F.);
#5901 = EDGE_LOOP('',(#5902,#5903,#5904,#5932));
#5902 = ORIENTED_EDGE('',*,*,#2330,.F.);
#5903 = ORIENTED_EDGE('',*,*,#5879,.T.);
#5904 = ORIENTED_EDGE('',*,*,#5905,.T.);
#5905 = EDGE_CURVE('',#5856,#5906,#5908,.T.);
#5906 = VERTEX_POINT('',#5907);
#5907 = CARTESIAN_POINT('',(-8.,315.,3.));
#5908 = SURFACE_CURVE('',#5909,(#5913,#5920),.PCURVE_S1.);
#5909 = LINE('',#5910,#5911);
#5910 = CARTESIAN_POINT('',(-8.,315.,0.));
#5911 = VECTOR('',#5912,1.);
#5912 = DIRECTION('',(0.,0.,1.));
#5913 = PCURVE('',#2346,#5914);
#5914 = DEFINITIONAL_REPRESENTATION('',(#5915),#5919);
#5915 = LINE('',#5916,#5917);
#5916 = CARTESIAN_POINT('',(0.,-43.));
#5917 = VECTOR('',#5918,1.);
#5918 = DIRECTION('',(1.,0.));
#5919 = ( GEOMETRIC_REPRESENTATION_CONTEXT(2) 
PARAMETRIC_REPRESENTATION_CONTEXT() REPRESENTATION_CONTEXT('2D SPACE',''
  ) );
#5920 = PCURVE('',#5921,#5926);
#5921 = CYLINDRICAL_SURFACE('',#5922,8.);
#5922 = AXIS2_PLACEMENT_3D('',#5923,#5924,#5925);
#5923 = CARTESIAN_POINT('',(0.,315.,0.));
#5924 = DIRECTION('',(0.,0.,1.));
#5925 = DIRECTION('',(-1.,-0.,0.));
#5926 = DEFINITIONAL_REPRESENTATION('',(#5927),#5931);
#5927 = LINE('',#5928,#5929);
#5928 = CARTESIAN_POINT('',(-0.,0.));
#5929 = VECTOR('',#5930,1.);
#5930 = DIRECTION('',(-0.,1.));
#5931 = ( GEOMETRIC_REPRESENTATION_CONTEXT(2) 
PARAMETRIC_REPRESENTATION_CONTEXT() REPRESENTATION_CONTEXT('2D SPACE',''
  ) );
#5932 = ORIENTED_EDGE('',*,*,#5933,.F.);
#5933 = EDGE_CURVE('',#2331,#5906,#5934,.T.);
#5934 = SURFACE_CURVE('',#5935,(#5939,#5946),.PCURVE_S1.);
#5935 = LINE('',#5936,#5937);
#5936 = CARTESIAN_POINT('',(-8.,280.,3.));
#5937 = VECTOR('',#5938,1.);
#5938 = DIRECTION('',(0.,1.,0.));
#5939 = PCURVE('',#2346,#5940);
#5940 = DEFINITIONAL_REPRESENTATION('',(#5941),#5945);
#5941 = LINE('',#5942,#5943);
#5942 = CARTESIAN_POINT('',(3.,-8.));
#5943 = VECTOR('',#5944,1.);
#5944 = DIRECTION('',(0.,-1.));
#5945 = ( GEOMETRIC_REPRESENTATION_CONTEXT(2) 
PARAMETRIC_REPRESENTATION_CONTEXT() REPRESENTATION_CONTEXT('2D SPACE',''
  ) );
#5946 = PCURVE('',#2404,#5947);
#5947 = DEFINITIONAL_REPRESENTATION('',(#5948),#5952);
#5948 = LINE('',#5949,#5950);
#5949 = CARTESIAN_POINT('',(0.,0.));
#5950 = VECTOR('',#5951,1.);
#5951 = DIRECTION('',(0.,1.));
#5952 = ( GEOMETRIC_REPRESENTATION_CONTEXT(2) 
PARAMETRIC_REPRESENTATION_CONTEXT() REPRESENTATION_CONTEXT('2D SPACE',''
  ) );
#5953 = ADVANCED_FACE('',(#5954),#2404,.T.);
#5954 = FACE_BOUND('',#5955,.T.);
#5955 = EDGE_LOOP('',(#5956,#5957,#5958,#5980));
#5956 = ORIENTED_EDGE('',*,*,#2387,.T.);
#5957 = ORIENTED_EDGE('',*,*,#2445,.T.);
#5958 = ORIENTED_EDGE('',*,*,#5959,.F.);
#5959 = EDGE_CURVE('',#5906,#2446,#5960,.T.);
#5960 = SURFACE_CURVE('',#5961,(#5966,#5973),.PCURVE_S1.);
#5961 = CIRCLE('',#5962,1.);
#5962 = AXIS2_PLACEMENT_3D('',#5963,#5964,#5965);
#5963 = CARTESIAN_POINT('',(-7.,315.,3.));
#5964 = DIRECTION('',(0.,1.,0.));
#5965 = DIRECTION('',(-1.,0.,0.));
#5966 = PCURVE('',#2404,#5967);
#5967 = DEFINITIONAL_REPRESENTATION('',(#5968),#5972);
#5968 = LINE('',#5969,#5970);
#5969 = CARTESIAN_POINT('',(0.,35.));
#5970 = VECTOR('',#5971,1.);
#5971 = DIRECTION('',(1.,0.));
#5972 = ( GEOMETRIC_REPRESENTATION_CONTEXT(2) 
PARAMETRIC_REPRESENTATION_CONTEXT() REPRESENTATION_CONTEXT('2D SPACE',''
  ) );
#5973 = PCURVE('',#2661,#5974);
#5974 = DEFINITIONAL_REPRESENTATION('',(#5975),#5979);
#5975 = LINE('',#5976,#5977);
#5976 = CARTESIAN_POINT('',(-0.,0.));
#5977 = VECTOR('',#5978,1.);
#5978 = DIRECTION('',(-0.,1.));
#5979 = ( GEOMETRIC_REPRESENTATION_CONTEXT(2) 
PARAMETRIC_REPRESENTATION_CONTEXT() REPRESENTATION_CONTEXT('2D SPACE',''
  ) );
#5980 = ORIENTED_EDGE('',*,*,#5933,.F.);
#5981 = ADVANCED_FACE('',(#5982),#2661,.T.);
#5982 = FACE_BOUND('',#5983,.F.);
#5983 = EDGE_LOOP('',(#5984,#5985,#6009,#6031));
#5984 = ORIENTED_EDGE('',*,*,#5959,.F.);
#5985 = ORIENTED_EDGE('',*,*,#5986,.T.);
#5986 = EDGE_CURVE('',#5906,#5987,#5989,.T.);
#5987 = VERTEX_POINT('',#5988);
#5988 = CARTESIAN_POINT('',(0.,323.,3.));
#5989 = SURFACE_CURVE('',#5990,(#5995,#6002),.PCURVE_S1.);
#5990 = CIRCLE('',#5991,8.);
#5991 = AXIS2_PLACEMENT_3D('',#5992,#5993,#5994);
#5992 = CARTESIAN_POINT('',(0.,315.,3.));
#5993 = DIRECTION('',(-0.,0.,-1.));
#5994 = DIRECTION('',(-1.,0.,0.));
#5995 = PCURVE('',#2661,#5996);
#5996 = DEFINITIONAL_REPRESENTATION('',(#5997),#6001);
#5997 = LINE('',#5998,#5999);
#5998 = CARTESIAN_POINT('',(-0.,0.));
#5999 = VECTOR('',#6000,1.);
#6000 = DIRECTION('',(-1.,0.));
#6001 = ( GEOMETRIC_REPRESENTATION_CONTEXT(2) 
PARAMETRIC_REPRESENTATION_CONTEXT() REPRESENTATION_CONTEXT('2D SPACE',''
  ) );
#6002 = PCURVE('',#5921,#6003);
#6003 = DEFINITIONAL_REPRESENTATION('',(#6004),#6008);
#6004 = LINE('',#6005,#6006);
#6005 = CARTESIAN_POINT('',(-0.,3.));
#6006 = VECTOR('',#6007,1.);
#6007 = DIRECTION('',(-1.,0.));
#6008 = ( GEOMETRIC_REPRESENTATION_CONTEXT(2) 
PARAMETRIC_REPRESENTATION_CONTEXT() REPRESENTATION_CONTEXT('2D SPACE',''
  ) );
#6009 = ORIENTED_EDGE('',*,*,#6010,.T.);
#6010 = EDGE_CURVE('',#5987,#2615,#6011,.T.);
#6011 = SURFACE_CURVE('',#6012,(#6017,#6024),.PCURVE_S1.);
#6012 = CIRCLE('',#6013,1.);
#6013 = AXIS2_PLACEMENT_3D('',#6014,#6015,#6016);
#6014 = CARTESIAN_POINT('',(0.,322.,3.));
#6015 = DIRECTION('',(1.,6.123233995737E-17,-0.));
#6016 = DIRECTION('',(-6.123233995737E-17,1.,0.));
#6017 = PCURVE('',#2661,#6018);
#6018 = DEFINITIONAL_REPRESENTATION('',(#6019),#6023);
#6019 = LINE('',#6020,#6021);
#6020 = CARTESIAN_POINT('',(-1.570796326795,0.));
#6021 = VECTOR('',#6022,1.);
#6022 = DIRECTION('',(-0.,1.));
#6023 = ( GEOMETRIC_REPRESENTATION_CONTEXT(2) 
PARAMETRIC_REPRESENTATION_CONTEXT() REPRESENTATION_CONTEXT('2D SPACE',''
  ) );
#6024 = PCURVE('',#2630,#6025);
#6025 = DEFINITIONAL_REPRESENTATION('',(#6026),#6030);
#6026 = LINE('',#6027,#6028);
#6027 = CARTESIAN_POINT('',(0.,0.));
#6028 = VECTOR('',#6029,1.);
#6029 = DIRECTION('',(1.,0.));
#6030 = ( GEOMETRIC_REPRESENTATION_CONTEXT(2) 
PARAMETRIC_REPRESENTATION_CONTEXT() REPRESENTATION_CONTEXT('2D SPACE',''
  ) );
#6031 = ORIENTED_EDGE('',*,*,#2642,.F.);
#6032 = ADVANCED_FACE('',(#6033),#2630,.T.);
#6033 = FACE_BOUND('',#6034,.T.);
#6034 = EDGE_LOOP('',(#6035,#6036,#6037,#6061));
#6035 = ORIENTED_EDGE('',*,*,#6010,.T.);
#6036 = ORIENTED_EDGE('',*,*,#2614,.T.);
#6037 = ORIENTED_EDGE('',*,*,#6038,.F.);
#6038 = EDGE_CURVE('',#6039,#2582,#6041,.T.);
#6039 = VERTEX_POINT('',#6040);
#6040 = CARTESIAN_POINT('',(210.,323.,3.));
#6041 = SURFACE_CURVE('',#6042,(#6047,#6054),.PCURVE_S1.);
#6042 = CIRCLE('',#6043,1.);
#6043 = AXIS2_PLACEMENT_3D('',#6044,#6045,#6046);
#6044 = CARTESIAN_POINT('',(210.,322.,3.));
#6045 = DIRECTION('',(1.,0.,0.));
#6046 = DIRECTION('',(-0.,1.,0.));
#6047 = PCURVE('',#2630,#6048);
#6048 = DEFINITIONAL_REPRESENTATION('',(#6049),#6053);
#6049 = LINE('',#6050,#6051);
#6050 = CARTESIAN_POINT('',(0.,210.));
#6051 = VECTOR('',#6052,1.);
#6052 = DIRECTION('',(1.,0.));
#6053 = ( GEOMETRIC_REPRESENTATION_CONTEXT(2) 
PARAMETRIC_REPRESENTATION_CONTEXT() REPRESENTATION_CONTEXT('2D SPACE',''
  ) );
#6054 = PCURVE('',#2602,#6055);
#6055 = DEFINITIONAL_REPRESENTATION('',(#6056),#6060);
#6056 = LINE('',#6057,#6058);
#6057 = CARTESIAN_POINT('',(-0.,0.));
#6058 = VECTOR('',#6059,1.);
#6059 = DIRECTION('',(-0.,1.));
#6060 = ( GEOMETRIC_REPRESENTATION_CONTEXT(2) 
PARAMETRIC_REPRESENTATION_CONTEXT() REPRESENTATION_CONTEXT('2D SPACE',''
  ) );
#6061 = ORIENTED_EDGE('',*,*,#6062,.F.);
#6062 = EDGE_CURVE('',#5987,#6039,#6063,.T.);
#6063 = SURFACE_CURVE('',#6064,(#6068,#6075),.PCURVE_S1.);
#6064 = LINE('',#6065,#6066);
#6065 = CARTESIAN_POINT('',(0.,323.,3.));
#6066 = VECTOR('',#6067,1.);
#6067 = DIRECTION('',(1.,0.,0.));
#6068 = PCURVE('',#2630,#6069);
#6069 = DEFINITIONAL_REPRESENTATION('',(#6070),#6074);
#6070 = LINE('',#6071,#6072);
#6071 = CARTESIAN_POINT('',(0.,0.));
#6072 = VECTOR('',#6073,1.);
#6073 = DIRECTION('',(0.,1.));
#6074 = ( GEOMETRIC_REPRESENTATION_CONTEXT(2) 
PARAMETRIC_REPRESENTATION_CONTEXT() REPRESENTATION_CONTEXT('2D SPACE',''
  ) );
#6075 = PCURVE('',#6076,#6081);
#6076 = PLANE('',#6077);
#6077 = AXIS2_PLACEMENT_3D('',#6078,#6079,#6080);
#6078 = CARTESIAN_POINT('',(-8.,323.,0.));
#6079 = DIRECTION('',(0.,1.,0.));
#6080 = DIRECTION('',(0.,0.,1.));
#6081 = DEFINITIONAL_REPRESENTATION('',(#6082),#6086);
#6082 = LINE('',#6083,#6084);
#6083 = CARTESIAN_POINT('',(3.,8.));
#6084 = VECTOR('',#6085,1.);
#6085 = DIRECTION('',(0.,1.));
#6086 = ( GEOMETRIC_REPRESENTATION_CONTEXT(2) 
PARAMETRIC_REPRESENTATION_CONTEXT() REPRESENTATION_CONTEXT('2D SPACE',''
  ) );
#6087 = ADVANCED_FACE('',(#6088),#2602,.T.);
#6088 = FACE_BOUND('',#6089,.F.);
#6089 = EDGE_LOOP('',(#6090,#6091,#6120,#6142));
#6090 = ORIENTED_EDGE('',*,*,#6038,.F.);
#6091 = ORIENTED_EDGE('',*,*,#6092,.T.);
#6092 = EDGE_CURVE('',#6039,#6093,#6095,.T.);
#6093 = VERTEX_POINT('',#6094);
#6094 = CARTESIAN_POINT('',(218.,315.,3.));
#6095 = SURFACE_CURVE('',#6096,(#6101,#6108),.PCURVE_S1.);
#6096 = CIRCLE('',#6097,8.);
#6097 = AXIS2_PLACEMENT_3D('',#6098,#6099,#6100);
#6098 = CARTESIAN_POINT('',(210.,315.,3.));
#6099 = DIRECTION('',(0.,-0.,-1.));
#6100 = DIRECTION('',(0.,1.,-0.));
#6101 = PCURVE('',#2602,#6102);
#6102 = DEFINITIONAL_REPRESENTATION('',(#6103),#6107);
#6103 = LINE('',#6104,#6105);
#6104 = CARTESIAN_POINT('',(-0.,0.));
#6105 = VECTOR('',#6106,1.);
#6106 = DIRECTION('',(-1.,0.));
#6107 = ( GEOMETRIC_REPRESENTATION_CONTEXT(2) 
PARAMETRIC_REPRESENTATION_CONTEXT() REPRESENTATION_CONTEXT('2D SPACE',''
  ) );
#6108 = PCURVE('',#6109,#6114);
#6109 = CYLINDRICAL_SURFACE('',#6110,8.);
#6110 = AXIS2_PLACEMENT_3D('',#6111,#6112,#6113);
#6111 = CARTESIAN_POINT('',(210.,315.,0.));
#6112 = DIRECTION('',(0.,0.,1.));
#6113 = DIRECTION('',(1.,0.,-0.));
#6114 = DEFINITIONAL_REPRESENTATION('',(#6115),#6119);
#6115 = LINE('',#6116,#6117);
#6116 = CARTESIAN_POINT('',(1.570796326795,3.));
#6117 = VECTOR('',#6118,1.);
#6118 = DIRECTION('',(-1.,-0.));
#6119 = ( GEOMETRIC_REPRESENTATION_CONTEXT(2) 
PARAMETRIC_REPRESENTATION_CONTEXT() REPRESENTATION_CONTEXT('2D SPACE',''
  ) );
#6120 = ORIENTED_EDGE('',*,*,#6121,.T.);
#6121 = EDGE_CURVE('',#6093,#2554,#6122,.T.);
#6122 = SURFACE_CURVE('',#6123,(#6128,#6135),.PCURVE_S1.);
#6123 = CIRCLE('',#6124,1.);
#6124 = AXIS2_PLACEMENT_3D('',#6125,#6126,#6127);
#6125 = CARTESIAN_POINT('',(217.,315.,3.));
#6126 = DIRECTION('',(6.123233995737E-17,-1.,0.));
#6127 = DIRECTION('',(1.,6.123233995737E-17,0.));
#6128 = PCURVE('',#2602,#6129);
#6129 = DEFINITIONAL_REPRESENTATION('',(#6130),#6134);
#6130 = LINE('',#6131,#6132);
#6131 = CARTESIAN_POINT('',(-1.570796326795,0.));
#6132 = VECTOR('',#6133,1.);
#6133 = DIRECTION('',(-0.,1.));
#6134 = ( GEOMETRIC_REPRESENTATION_CONTEXT(2) 
PARAMETRIC_REPRESENTATION_CONTEXT() REPRESENTATION_CONTEXT('2D SPACE',''
  ) );
#6135 = PCURVE('',#2569,#6136);
#6136 = DEFINITIONAL_REPRESENTATION('',(#6137),#6141);
#6137 = LINE('',#6138,#6139);
#6138 = CARTESIAN_POINT('',(0.,0.));
#6139 = VECTOR('',#6140,1.);
#6140 = DIRECTION('',(1.,0.));
#6141 = ( GEOMETRIC_REPRESENTATION_CONTEXT(2) 
PARAMETRIC_REPRESENTATION_CONTEXT() REPRESENTATION_CONTEXT('2D SPACE',''
  ) );
#6142 = ORIENTED_EDGE('',*,*,#2581,.F.);
#6143 = ADVANCED_FACE('',(#6144),#2569,.T.);
#6144 = FACE_BOUND('',#6145,.T.);
#6145 = EDGE_LOOP('',(#6146,#6147,#6148,#6172));
#6146 = ORIENTED_EDGE('',*,*,#6121,.T.);
#6147 = ORIENTED_EDGE('',*,*,#2553,.T.);
#6148 = ORIENTED_EDGE('',*,*,#6149,.F.);
#6149 = EDGE_CURVE('',#6150,#2521,#6152,.T.);
#6150 = VERTEX_POINT('',#6151);
#6151 = CARTESIAN_POINT('',(218.,280.,3.));
#6152 = SURFACE_CURVE('',#6153,(#6158,#6165),.PCURVE_S1.);
#6153 = CIRCLE('',#6154,1.);
#6154 = AXIS2_PLACEMENT_3D('',#6155,#6156,#6157);
#6155 = CARTESIAN_POINT('',(217.,280.,3.));
#6156 = DIRECTION('',(0.,-1.,-0.));
#6157 = DIRECTION('',(1.,0.,-0.));
#6158 = PCURVE('',#2569,#6159);
#6159 = DEFINITIONAL_REPRESENTATION('',(#6160),#6164);
#6160 = LINE('',#6161,#6162);
#6161 = CARTESIAN_POINT('',(0.,35.));
#6162 = VECTOR('',#6163,1.);
#6163 = DIRECTION('',(1.,0.));
#6164 = ( GEOMETRIC_REPRESENTATION_CONTEXT(2) 
PARAMETRIC_REPRESENTATION_CONTEXT() REPRESENTATION_CONTEXT('2D SPACE',''
  ) );
#6165 = PCURVE('',#2541,#6166);
#6166 = DEFINITIONAL_REPRESENTATION('',(#6167),#6171);
#6167 = LINE('',#6168,#6169);
#6168 = CARTESIAN_POINT('',(-0.,0.));
#6169 = VECTOR('',#6170,1.);
#6170 = DIRECTION('',(-0.,1.));
#6171 = ( GEOMETRIC_REPRESENTATION_CONTEXT(2) 
PARAMETRIC_REPRESENTATION_CONTEXT() REPRESENTATION_CONTEXT('2D SPACE',''
  ) );
#6172 = ORIENTED_EDGE('',*,*,#6173,.F.);
#6173 = EDGE_CURVE('',#6093,#6150,#6174,.T.);
#6174 = SURFACE_CURVE('',#6175,(#6179,#6186),.PCURVE_S1.);
#6175 = LINE('',#6176,#6177);
#6176 = CARTESIAN_POINT('',(218.,315.,3.));
#6177 = VECTOR('',#6178,1.);
#6178 = DIRECTION('',(-0.,-1.,-0.));
#6179 = PCURVE('',#2569,#6180);
#6180 = DEFINITIONAL_REPRESENTATION('',(#6181),#6185);
#6181 = LINE('',#6182,#6183);
#6182 = CARTESIAN_POINT('',(0.,0.));
#6183 = VECTOR('',#6184,1.);
#6184 = DIRECTION('',(0.,1.));
#6185 = ( GEOMETRIC_REPRESENTATION_CONTEXT(2) 
PARAMETRIC_REPRESENTATION_CONTEXT() REPRESENTATION_CONTEXT('2D SPACE',''
  ) );
#6186 = PCURVE('',#6187,#6192);
#6187 = PLANE('',#6188);
#6188 = AXIS2_PLACEMENT_3D('',#6189,#6190,#6191);
#6189 = CARTESIAN_POINT('',(218.,272.,0.));
#6190 = DIRECTION('',(1.,0.,0.));
#6191 = DIRECTION('',(0.,0.,1.));
#6192 = DEFINITIONAL_REPRESENTATION('',(#6193),#6197);
#6193 = LINE('',#6194,#6195);
#6194 = CARTESIAN_POINT('',(3.,-43.));
#6195 = VECTOR('',#6196,1.);
#6196 = DIRECTION('',(0.,1.));
#6197 = ( GEOMETRIC_REPRESENTATION_CONTEXT(2) 
PARAMETRIC_REPRESENTATION_CONTEXT() REPRESENTATION_CONTEXT('2D SPACE',''
  ) );
#6198 = ADVANCED_FACE('',(#6199),#2541,.T.);
#6199 = FACE_BOUND('',#6200,.F.);
#6200 = EDGE_LOOP('',(#6201,#6202,#6231,#6303));
#6201 = ORIENTED_EDGE('',*,*,#6149,.F.);
#6202 = ORIENTED_EDGE('',*,*,#6203,.T.);
#6203 = EDGE_CURVE('',#6150,#6204,#6206,.T.);
#6204 = VERTEX_POINT('',#6205);
#6205 = CARTESIAN_POINT('',(216.24499799839,275.,3.));
#6206 = SURFACE_CURVE('',#6207,(#6212,#6219),.PCURVE_S1.);
#6207 = CIRCLE('',#6208,8.);
#6208 = AXIS2_PLACEMENT_3D('',#6209,#6210,#6211);
#6209 = CARTESIAN_POINT('',(210.,280.,3.));
#6210 = DIRECTION('',(0.,-0.,-1.));
#6211 = DIRECTION('',(1.,0.,-0.));
#6212 = PCURVE('',#2541,#6213);
#6213 = DEFINITIONAL_REPRESENTATION('',(#6214),#6218);
#6214 = LINE('',#6215,#6216);
#6215 = CARTESIAN_POINT('',(-0.,0.));
#6216 = VECTOR('',#6217,1.);
#6217 = DIRECTION('',(-1.,0.));
#6218 = ( GEOMETRIC_REPRESENTATION_CONTEXT(2) 
PARAMETRIC_REPRESENTATION_CONTEXT() REPRESENTATION_CONTEXT('2D SPACE',''
  ) );
#6219 = PCURVE('',#6220,#6225);
#6220 = CYLINDRICAL_SURFACE('',#6221,8.);
#6221 = AXIS2_PLACEMENT_3D('',#6222,#6223,#6224);
#6222 = CARTESIAN_POINT('',(210.,280.,0.));
#6223 = DIRECTION('',(0.,0.,1.));
#6224 = DIRECTION('',(1.,0.,-0.));
#6225 = DEFINITIONAL_REPRESENTATION('',(#6226),#6230);
#6226 = LINE('',#6227,#6228);
#6227 = CARTESIAN_POINT('',(-0.,3.));
#6228 = VECTOR('',#6229,1.);
#6229 = DIRECTION('',(-1.,0.));
#6230 = ( GEOMETRIC_REPRESENTATION_CONTEXT(2) 
PARAMETRIC_REPRESENTATION_CONTEXT() REPRESENTATION_CONTEXT('2D SPACE',''
  ) );
#6231 = ORIENTED_EDGE('',*,*,#6232,.T.);
#6232 = EDGE_CURVE('',#6204,#2492,#6233,.T.);
#6233 = SURFACE_CURVE('',#6234,(#6255,#6279),.PCURVE_S1.);
#6234 = B_SPLINE_CURVE_WITH_KNOTS('',7,(#6235,#6236,#6237,#6238,#6239,
    #6240,#6241,#6242,#6243,#6244,#6245,#6246,#6247,#6248,#6249,#6250,
    #6251,#6252,#6253,#6254),.UNSPECIFIED.,.F.,.F.,(8,6,6,8),(0.,
    0.319805568479,0.620556709348,1.),.UNSPECIFIED.);
#6235 = CARTESIAN_POINT('',(216.24499799839,275.,3.));
#6236 = CARTESIAN_POINT('',(216.24499799839,275.,3.065623802746));
#6237 = CARTESIAN_POINT('',(216.2417799223,275.00401938356,
    3.131238985164));
#6238 = CARTESIAN_POINT('',(216.23534523677,275.01205627169,
    3.196542663202));
#6239 = CARTESIAN_POINT('',(216.22566892523,275.02410863805,
    3.261214201056));
#6240 = CARTESIAN_POINT('',(216.21270732599,275.04016404217,
    3.324911213783));
#6241 = CARTESIAN_POINT('',(216.19640138045,275.06019499325,
    3.387264101133));
#6242 = CARTESIAN_POINT('',(216.15812450842,275.10669703336,
    3.504863199413));
#6243 = CARTESIAN_POINT('',(216.13655449763,275.1327066631,
    3.560294761116));
#6244 = CARTESIAN_POINT('',(216.11190398836,275.16215210634,3.6138325191
    ));
#6245 = CARTESIAN_POINT('',(216.08411111705,275.19497151879,
    3.665080852383));
#6246 = CARTESIAN_POINT('',(216.05312861793,275.23105818417,
    3.713583292424));
#6247 = CARTESIAN_POINT('',(216.01894427519,275.270243964,3.758831833524
    ));
#6248 = CARTESIAN_POINT('',(215.93449952926,275.36532831323,
    3.852577820133));
#6249 = CARTESIAN_POINT('',(215.88230398992,275.42299506525,
    3.898904477797));
#6250 = CARTESIAN_POINT('',(215.8252174196,275.48467990573,
    3.937997710352));
#6251 = CARTESIAN_POINT('',(215.76368066233,275.54950369193,
    3.968581437366));
#6252 = CARTESIAN_POINT('',(215.69845101201,275.61630403257,
    3.989523567749));
#6253 = CARTESIAN_POINT('',(215.63072207558,275.68366706023,4.));
#6254 = CARTESIAN_POINT('',(215.56214886532,275.75,4.));
#6255 = PCURVE('',#2541,#6256);
#6256 = DEFINITIONAL_REPRESENTATION('',(#6257),#6278);
#6257 = B_SPLINE_CURVE_WITH_KNOTS('',7,(#6258,#6259,#6260,#6261,#6262,
    #6263,#6264,#6265,#6266,#6267,#6268,#6269,#6270,#6271,#6272,#6273,
    #6274,#6275,#6276,#6277),.UNSPECIFIED.,.F.,.F.,(8,6,6,8),(0.,
    0.319805568479,0.620556709348,1.),.UNSPECIFIED.);
#6258 = CARTESIAN_POINT('',(-0.675131532937,0.));
#6259 = CARTESIAN_POINT('',(-0.675131532937,6.562380274572E-02));
#6260 = CARTESIAN_POINT('',(-0.674990741837,0.131239090123));
#6261 = CARTESIAN_POINT('',(-0.674709225603,0.197003994396));
#6262 = CARTESIAN_POINT('',(-0.674288029373,0.26306028802));
#6263 = CARTESIAN_POINT('',(-0.673729541805,0.329544051552));
#6264 = CARTESIAN_POINT('',(-0.673037768138,0.396597309451));
#6265 = CARTESIAN_POINT('',(-0.671448068094,0.528125340359));
#6266 = CARTESIAN_POINT('',(-0.670565105041,0.592497038824));
#6267 = CARTESIAN_POINT('',(-0.669574531082,0.657632704975));
#6268 = CARTESIAN_POINT('',(-0.668483098515,0.723641968763));
#6269 = CARTESIAN_POINT('',(-0.667300310698,0.790617555667));
#6270 = CARTESIAN_POINT('',(-0.666038950649,0.858638404758));
#6271 = CARTESIAN_POINT('',(-0.663045157811,1.014979758135));
#6272 = CARTESIAN_POINT('',(-0.661273358054,1.104083287236));
#6273 = CARTESIAN_POINT('',(-0.659436363058,1.194972312017));
#6274 = CARTESIAN_POINT('',(-0.657581236569,1.287470758147));
#6275 = CARTESIAN_POINT('',(-0.655764063977,1.381298891595));
#6276 = CARTESIAN_POINT('',(-0.654041887972,1.476034984277));
#6277 = CARTESIAN_POINT('',(-0.652459897318,1.570796326795));
#6278 = ( GEOMETRIC_REPRESENTATION_CONTEXT(2) 
PARAMETRIC_REPRESENTATION_CONTEXT() REPRESENTATION_CONTEXT('2D SPACE',''
  ) );
#6279 = PCURVE('',#2508,#6280);
#6280 = DEFINITIONAL_REPRESENTATION('',(#6281),#6302);
#6281 = B_SPLINE_CURVE_WITH_KNOTS('',7,(#6282,#6283,#6284,#6285,#6286,
    #6287,#6288,#6289,#6290,#6291,#6292,#6293,#6294,#6295,#6296,#6297,
    #6298,#6299,#6300,#6301),.UNSPECIFIED.,.F.,.F.,(8,6,6,8),(0.,
    0.319805568479,0.620556709348,1.),.UNSPECIFIED.);
#6282 = CARTESIAN_POINT('',(0.675131532937,3.));
#6283 = CARTESIAN_POINT('',(0.675131532937,3.065623802746));
#6284 = CARTESIAN_POINT('',(0.675775148949,3.131238985164));
#6285 = CARTESIAN_POINT('',(0.677062082872,3.196542663202));
#6286 = CARTESIAN_POINT('',(0.67899409179,3.261214201056));
#6287 = CARTESIAN_POINT('',(0.681573372407,3.324911213783));
#6288 = CARTESIAN_POINT('',(0.684801914875,3.387264101133));
#6289 = CARTESIAN_POINT('',(0.69233056709,3.504863199413));
#6290 = CARTESIAN_POINT('',(0.696554291655,3.560294761116));
#6291 = CARTESIAN_POINT('',(0.701354405992,3.6138325191));
#6292 = CARTESIAN_POINT('',(0.706730038687,3.665080852383));
#6293 = CARTESIAN_POINT('',(0.712675048355,3.713583292424));
#6294 = CARTESIAN_POINT('',(0.719174905748,3.758831833524));
#6295 = CARTESIAN_POINT('',(0.73507102781,3.852577820133));
#6296 = CARTESIAN_POINT('',(0.744793173778,3.898904477797));
#6297 = CARTESIAN_POINT('',(0.75529798814,3.937997710352));
#6298 = CARTESIAN_POINT('',(0.766468794535,3.968581437366));
#6299 = CARTESIAN_POINT('',(0.77813755395,3.989523567749));
#6300 = CARTESIAN_POINT('',(0.790077002106,4.));
#6301 = CARTESIAN_POINT('',(0.802002777804,4.));
#6302 = ( GEOMETRIC_REPRESENTATION_CONTEXT(2) 
PARAMETRIC_REPRESENTATION_CONTEXT() REPRESENTATION_CONTEXT('2D SPACE',''
  ) );
#6303 = ORIENTED_EDGE('',*,*,#2520,.F.);
#6304 = ADVANCED_FACE('',(#6305),#2508,.T.);
#6305 = FACE_BOUND('',#6306,.T.);
#6306 = EDGE_LOOP('',(#6307,#6337,#6361,#6390,#6409,#6410,#6411,#6412));
#6307 = ORIENTED_EDGE('',*,*,#6308,.F.);
#6308 = EDGE_CURVE('',#6309,#6311,#6313,.T.);
#6309 = VERTEX_POINT('',#6310);
#6310 = CARTESIAN_POINT('',(218.,270.,0.5));
#6311 = VERTEX_POINT('',#6312);
#6312 = CARTESIAN_POINT('',(218.,270.,19.));
#6313 = SURFACE_CURVE('',#6314,(#6318,#6325),.PCURVE_S1.);
#6314 = LINE('',#6315,#6316);
#6315 = CARTESIAN_POINT('',(218.,270.,0.));
#6316 = VECTOR('',#6317,1.);
#6317 = DIRECTION('',(0.,0.,1.));
#6318 = PCURVE('',#2508,#6319);
#6319 = DEFINITIONAL_REPRESENTATION('',(#6320),#6324);
#6320 = LINE('',#6321,#6322);
#6321 = CARTESIAN_POINT('',(0.,0.));
#6322 = VECTOR('',#6323,1.);
#6323 = DIRECTION('',(0.,1.));
#6324 = ( GEOMETRIC_REPRESENTATION_CONTEXT(2) 
PARAMETRIC_REPRESENTATION_CONTEXT() REPRESENTATION_CONTEXT('2D SPACE',''
  ) );
#6325 = PCURVE('',#6326,#6331);
#6326 = PLANE('',#6327);
#6327 = AXIS2_PLACEMENT_3D('',#6328,#6329,#6330);
#6328 = CARTESIAN_POINT('',(218.,218.,0.));
#6329 = DIRECTION('',(1.,0.,0.));
#6330 = DIRECTION('',(0.,0.,1.));
#6331 = DEFINITIONAL_REPRESENTATION('',(#6332),#6336);
#6332 = LINE('',#6333,#6334);
#6333 = CARTESIAN_POINT('',(0.,-52.));
#6334 = VECTOR('',#6335,1.);
#6335 = DIRECTION('',(1.,0.));
#6336 = ( GEOMETRIC_REPRESENTATION_CONTEXT(2) 
PARAMETRIC_REPRESENTATION_CONTEXT() REPRESENTATION_CONTEXT('2D SPACE',''
  ) );
#6337 = ORIENTED_EDGE('',*,*,#6338,.F.);
#6338 = EDGE_CURVE('',#6339,#6309,#6341,.T.);
#6339 = VERTEX_POINT('',#6340);
#6340 = CARTESIAN_POINT('',(216.23961970108,275.00671009605,0.5));
#6341 = SURFACE_CURVE('',#6342,(#6347,#6354),.PCURVE_S1.);
#6342 = CIRCLE('',#6343,8.);
#6343 = AXIS2_PLACEMENT_3D('',#6344,#6345,#6346);
#6344 = CARTESIAN_POINT('',(210.,270.,0.5));
#6345 = DIRECTION('',(0.,0.,-1.));
#6346 = DIRECTION('',(0.,1.,0.));
#6347 = PCURVE('',#2508,#6348);
#6348 = DEFINITIONAL_REPRESENTATION('',(#6349),#6353);
#6349 = LINE('',#6350,#6351);
#6350 = CARTESIAN_POINT('',(1.570796326795,0.5));
#6351 = VECTOR('',#6352,1.);
#6352 = DIRECTION('',(-1.,-0.));
#6353 = ( GEOMETRIC_REPRESENTATION_CONTEXT(2) 
PARAMETRIC_REPRESENTATION_CONTEXT() REPRESENTATION_CONTEXT('2D SPACE',''
  ) );
#6354 = PCURVE('',#5660,#6355);
#6355 = DEFINITIONAL_REPRESENTATION('',(#6356),#6360);
#6356 = LINE('',#6357,#6358);
#6357 = CARTESIAN_POINT('',(0.,0.));
#6358 = VECTOR('',#6359,1.);
#6359 = DIRECTION('',(1.,0.));
#6360 = ( GEOMETRIC_REPRESENTATION_CONTEXT(2) 
PARAMETRIC_REPRESENTATION_CONTEXT() REPRESENTATION_CONTEXT('2D SPACE',''
  ) );
#6361 = ORIENTED_EDGE('',*,*,#6362,.F.);
#6362 = EDGE_CURVE('',#6363,#6339,#6365,.T.);
#6363 = VERTEX_POINT('',#6364);
#6364 = CARTESIAN_POINT('',(216.24499799839,275.,0.6));
#6365 = SURFACE_CURVE('',#6366,(#6372,#6381),.PCURVE_S1.);
#6366 = B_SPLINE_CURVE_WITH_KNOTS('',4,(#6367,#6368,#6369,#6370,#6371),
  .UNSPECIFIED.,.F.,.F.,(5,5),(0.,1.),.PIECEWISE_BEZIER_KNOTS.);
#6367 = CARTESIAN_POINT('',(216.24499799839,275.,0.6));
#6368 = CARTESIAN_POINT('',(216.24499799839,275.,0.574905433549));
#6369 = CARTESIAN_POINT('',(216.24410166511,275.00111952187,
    0.549810946148));
#6370 = CARTESIAN_POINT('',(216.24230894463,275.00335862246,
    0.524810353895));
#6371 = CARTESIAN_POINT('',(216.23961963604,275.0067101771,0.4999994));
#6372 = PCURVE('',#2508,#6373);
#6373 = DEFINITIONAL_REPRESENTATION('',(#6374),#6380);
#6374 = B_SPLINE_CURVE_WITH_KNOTS('',4,(#6375,#6376,#6377,#6378,#6379),
  .UNSPECIFIED.,.F.,.F.,(5,5),(0.,1.),.PIECEWISE_BEZIER_KNOTS.);
#6375 = CARTESIAN_POINT('',(0.675131532937,0.6));
#6376 = CARTESIAN_POINT('',(0.675131532937,0.574905433549));
#6377 = CARTESIAN_POINT('',(0.675310799829,0.549810946148));
#6378 = CARTESIAN_POINT('',(0.675669343137,0.524810353895));
#6379 = CARTESIAN_POINT('',(0.676206483993,0.4999994));
#6380 = ( GEOMETRIC_REPRESENTATION_CONTEXT(2) 
PARAMETRIC_REPRESENTATION_CONTEXT() REPRESENTATION_CONTEXT('2D SPACE',''
  ) );
#6381 = PCURVE('',#5693,#6382);
#6382 = DEFINITIONAL_REPRESENTATION('',(#6383),#6389);
#6383 = B_SPLINE_CURVE_WITH_KNOTS('',4,(#6384,#6385,#6386,#6387,#6388),
  .UNSPECIFIED.,.F.,.F.,(5,5),(0.,1.),.PIECEWISE_BEZIER_KNOTS.);
#6384 = CARTESIAN_POINT('',(0.675131532937,0.));
#6385 = CARTESIAN_POINT('',(0.675131532937,4.18242774181E-02));
#6386 = CARTESIAN_POINT('',(0.675092319115,8.364849953203E-02));
#6387 = CARTESIAN_POINT('',(0.675013886321,0.125510926214));
#6388 = CARTESIAN_POINT('',(0.674896704209,0.167449099947));
#6389 = ( GEOMETRIC_REPRESENTATION_CONTEXT(2) 
PARAMETRIC_REPRESENTATION_CONTEXT() REPRESENTATION_CONTEXT('2D SPACE',''
  ) );
#6390 = ORIENTED_EDGE('',*,*,#6391,.T.);
#6391 = EDGE_CURVE('',#6363,#6204,#6392,.T.);
#6392 = SURFACE_CURVE('',#6393,(#6397,#6403),.PCURVE_S1.);
#6393 = LINE('',#6394,#6395);
#6394 = CARTESIAN_POINT('',(216.24499799839,275.,0.));
#6395 = VECTOR('',#6396,1.);
#6396 = DIRECTION('',(0.,0.,1.));
#6397 = PCURVE('',#2508,#6398);
#6398 = DEFINITIONAL_REPRESENTATION('',(#6399),#6402);
#6399 = B_SPLINE_CURVE_WITH_KNOTS('',1,(#6400,#6401),.UNSPECIFIED.,.F.,
  .F.,(2,2),(0.5999994,3.0000006),.PIECEWISE_BEZIER_KNOTS.);
#6400 = CARTESIAN_POINT('',(0.675131532937,0.5999994));
#6401 = CARTESIAN_POINT('',(0.675131532937,3.0000006));
#6402 = ( GEOMETRIC_REPRESENTATION_CONTEXT(2) 
PARAMETRIC_REPRESENTATION_CONTEXT() REPRESENTATION_CONTEXT('2D SPACE',''
  ) );
#6403 = PCURVE('',#6220,#6404);
#6404 = DEFINITIONAL_REPRESENTATION('',(#6405),#6408);
#6405 = B_SPLINE_CURVE_WITH_KNOTS('',1,(#6406,#6407),.UNSPECIFIED.,.F.,
  .F.,(2,2),(0.5999994,3.0000006),.PIECEWISE_BEZIER_KNOTS.);
#6406 = CARTESIAN_POINT('',(-0.675131532937,0.5999994));
#6407 = CARTESIAN_POINT('',(-0.675131532937,3.0000006));
#6408 = ( GEOMETRIC_REPRESENTATION_CONTEXT(2) 
PARAMETRIC_REPRESENTATION_CONTEXT() REPRESENTATION_CONTEXT('2D SPACE',''
  ) );
#6409 = ORIENTED_EDGE('',*,*,#6232,.T.);
#6410 = ORIENTED_EDGE('',*,*,#2491,.T.);
#6411 = ORIENTED_EDGE('',*,*,#2706,.T.);
#6412 = ORIENTED_EDGE('',*,*,#6413,.T.);
#6413 = EDGE_CURVE('',#2679,#6311,#6414,.T.);
#6414 = SURFACE_CURVE('',#6415,(#6420,#6427),.PCURVE_S1.);
#6415 = CIRCLE('',#6416,8.);
#6416 = AXIS2_PLACEMENT_3D('',#6417,#6418,#6419);
#6417 = CARTESIAN_POINT('',(210.,270.,19.));
#6418 = DIRECTION('',(0.,0.,-1.));
#6419 = DIRECTION('',(0.,1.,0.));
#6420 = PCURVE('',#2508,#6421);
#6421 = DEFINITIONAL_REPRESENTATION('',(#6422),#6426);
#6422 = LINE('',#6423,#6424);
#6423 = CARTESIAN_POINT('',(1.570796326795,19.));
#6424 = VECTOR('',#6425,1.);
#6425 = DIRECTION('',(-1.,-0.));
#6426 = ( GEOMETRIC_REPRESENTATION_CONTEXT(2) 
PARAMETRIC_REPRESENTATION_CONTEXT() REPRESENTATION_CONTEXT('2D SPACE',''
  ) );
#6427 = PCURVE('',#2924,#6428);
#6428 = DEFINITIONAL_REPRESENTATION('',(#6429),#6433);
#6429 = LINE('',#6430,#6431);
#6430 = CARTESIAN_POINT('',(6.28318530718,0.));
#6431 = VECTOR('',#6432,1.);
#6432 = DIRECTION('',(-1.,0.));
#6433 = ( GEOMETRIC_REPRESENTATION_CONTEXT(2) 
PARAMETRIC_REPRESENTATION_CONTEXT() REPRESENTATION_CONTEXT('2D SPACE',''
  ) );
#6434 = ADVANCED_FACE('',(#6435),#2694,.T.);
#6435 = FACE_BOUND('',#6436,.T.);
#6436 = EDGE_LOOP('',(#6437,#6438,#6439,#6461));
#6437 = ORIENTED_EDGE('',*,*,#2758,.T.);
#6438 = ORIENTED_EDGE('',*,*,#2936,.T.);
#6439 = ORIENTED_EDGE('',*,*,#6440,.F.);
#6440 = EDGE_CURVE('',#2679,#2904,#6441,.T.);
#6441 = SURFACE_CURVE('',#6442,(#6447,#6454),.PCURVE_S1.);
#6442 = CIRCLE('',#6443,1.);
#6443 = AXIS2_PLACEMENT_3D('',#6444,#6445,#6446);
#6444 = CARTESIAN_POINT('',(210.,277.,19.));
#6445 = DIRECTION('',(1.,0.,0.));
#6446 = DIRECTION('',(-0.,1.,0.));
#6447 = PCURVE('',#2694,#6448);
#6448 = DEFINITIONAL_REPRESENTATION('',(#6449),#6453);
#6449 = LINE('',#6450,#6451);
#6450 = CARTESIAN_POINT('',(0.,210.));
#6451 = VECTOR('',#6452,1.);
#6452 = DIRECTION('',(1.,0.));
#6453 = ( GEOMETRIC_REPRESENTATION_CONTEXT(2) 
PARAMETRIC_REPRESENTATION_CONTEXT() REPRESENTATION_CONTEXT('2D SPACE',''
  ) );
#6454 = PCURVE('',#2924,#6455);
#6455 = DEFINITIONAL_REPRESENTATION('',(#6456),#6460);
#6456 = LINE('',#6457,#6458);
#6457 = CARTESIAN_POINT('',(6.28318530718,0.));
#6458 = VECTOR('',#6459,1.);
#6459 = DIRECTION('',(-0.,1.));
#6460 = ( GEOMETRIC_REPRESENTATION_CONTEXT(2) 
PARAMETRIC_REPRESENTATION_CONTEXT() REPRESENTATION_CONTEXT('2D SPACE',''
  ) );
#6461 = ORIENTED_EDGE('',*,*,#2678,.F.);
#6462 = ADVANCED_FACE('',(#6463),#2802,.T.);
#6463 = FACE_BOUND('',#6464,.T.);
#6464 = EDGE_LOOP('',(#6465,#6466,#6494,#6495));
#6465 = ORIENTED_EDGE('',*,*,#2987,.T.);
#6466 = ORIENTED_EDGE('',*,*,#6467,.T.);
#6467 = EDGE_CURVE('',#2988,#2853,#6468,.T.);
#6468 = SURFACE_CURVE('',#6469,(#6474,#6480),.PCURVE_S1.);
#6469 = CIRCLE('',#6470,0.8);
#6470 = AXIS2_PLACEMENT_3D('',#6471,#6472,#6473);
#6471 = CARTESIAN_POINT('',(217.,254.36239464951,19.2));
#6472 = DIRECTION('',(-1.,0.,0.));
#6473 = DIRECTION('',(0.,-0.965925826289,0.258819045103));
#6474 = PCURVE('',#2802,#6475);
#6475 = DEFINITIONAL_REPRESENTATION('',(#6476),#6479);
#6476 = B_SPLINE_CURVE_WITH_KNOTS('',1,(#6477,#6478),.UNSPECIFIED.,.F.,
  .F.,(2,2),(0.,1.308996938996),.PIECEWISE_BEZIER_KNOTS.);
#6477 = CARTESIAN_POINT('',(6.28318530718,224.));
#6478 = CARTESIAN_POINT('',(4.974188368184,224.));
#6479 = ( GEOMETRIC_REPRESENTATION_CONTEXT(2) 
PARAMETRIC_REPRESENTATION_CONTEXT() REPRESENTATION_CONTEXT('2D SPACE',''
  ) );
#6480 = PCURVE('',#3034,#6481);
#6481 = DEFINITIONAL_REPRESENTATION('',(#6482),#6493);
#6482 = B_SPLINE_CURVE_WITH_KNOTS('',9,(#6483,#6484,#6485,#6486,#6487,
    #6488,#6489,#6490,#6491,#6492),.UNSPECIFIED.,.F.,.F.,(10,10),(0.,
    1.308996938996),.PIECEWISE_BEZIER_KNOTS.);
#6483 = CARTESIAN_POINT('',(-1.110223024625E-16,492.4982516312));
#6484 = CARTESIAN_POINT('',(0.166114099374,492.4982516312));
#6485 = CARTESIAN_POINT('',(0.323001742407,492.49825163118));
#6486 = CARTESIAN_POINT('',(0.474082562374,492.49825163124));
#6487 = CARTESIAN_POINT('',(0.62189447656,492.49825163115));
#6488 = CARTESIAN_POINT('',(0.768658368153,492.49825163124));
#6489 = CARTESIAN_POINT('',(0.916470282337,492.49825163117));
#6490 = CARTESIAN_POINT('',(1.067551102306,492.49825163121));
#6491 = CARTESIAN_POINT('',(1.224438745338,492.4982516312));
#6492 = CARTESIAN_POINT('',(1.390552844712,492.4982516312));
#6493 = ( GEOMETRIC_REPRESENTATION_CONTEXT(2) 
PARAMETRIC_REPRESENTATION_CONTEXT() REPRESENTATION_CONTEXT('2D SPACE',''
  ) );
#6494 = ORIENTED_EDGE('',*,*,#2852,.F.);
#6495 = ORIENTED_EDGE('',*,*,#2787,.F.);
#6496 = ADVANCED_FACE('',(#6497),#2891,.T.);
#6497 = FACE_BOUND('',#6498,.T.);
#6498 = EDGE_LOOP('',(#6499,#6522,#6544,#6545));
#6499 = ORIENTED_EDGE('',*,*,#6500,.F.);
#6500 = EDGE_CURVE('',#6311,#6501,#6503,.T.);
#6501 = VERTEX_POINT('',#6502);
#6502 = CARTESIAN_POINT('',(218.,254.30880481102,19.));
#6503 = SURFACE_CURVE('',#6504,(#6508,#6515),.PCURVE_S1.);
#6504 = LINE('',#6505,#6506);
#6505 = CARTESIAN_POINT('',(218.,270.,19.));
#6506 = VECTOR('',#6507,1.);
#6507 = DIRECTION('',(-0.,-1.,-0.));
#6508 = PCURVE('',#2891,#6509);
#6509 = DEFINITIONAL_REPRESENTATION('',(#6510),#6514);
#6510 = LINE('',#6511,#6512);
#6511 = CARTESIAN_POINT('',(0.,0.));
#6512 = VECTOR('',#6513,1.);
#6513 = DIRECTION('',(0.,1.));
#6514 = ( GEOMETRIC_REPRESENTATION_CONTEXT(2) 
PARAMETRIC_REPRESENTATION_CONTEXT() REPRESENTATION_CONTEXT('2D SPACE',''
  ) );
#6515 = PCURVE('',#6326,#6516);
#6516 = DEFINITIONAL_REPRESENTATION('',(#6517),#6521);
#6517 = LINE('',#6518,#6519);
#6518 = CARTESIAN_POINT('',(19.,-52.));
#6519 = VECTOR('',#6520,1.);
#6520 = DIRECTION('',(0.,1.));
#6521 = ( GEOMETRIC_REPRESENTATION_CONTEXT(2) 
PARAMETRIC_REPRESENTATION_CONTEXT() REPRESENTATION_CONTEXT('2D SPACE',''
  ) );
#6522 = ORIENTED_EDGE('',*,*,#6523,.T.);
#6523 = EDGE_CURVE('',#6311,#2876,#6524,.T.);
#6524 = SURFACE_CURVE('',#6525,(#6530,#6537),.PCURVE_S1.);
#6525 = CIRCLE('',#6526,1.);
#6526 = AXIS2_PLACEMENT_3D('',#6527,#6528,#6529);
#6527 = CARTESIAN_POINT('',(217.,270.,19.));
#6528 = DIRECTION('',(6.123233995737E-17,-1.,0.));
#6529 = DIRECTION('',(1.,6.123233995737E-17,0.));
#6530 = PCURVE('',#2891,#6531);
#6531 = DEFINITIONAL_REPRESENTATION('',(#6532),#6536);
#6532 = LINE('',#6533,#6534);
#6533 = CARTESIAN_POINT('',(0.,0.));
#6534 = VECTOR('',#6535,1.);
#6535 = DIRECTION('',(1.,0.));
#6536 = ( GEOMETRIC_REPRESENTATION_CONTEXT(2) 
PARAMETRIC_REPRESENTATION_CONTEXT() REPRESENTATION_CONTEXT('2D SPACE',''
  ) );
#6537 = PCURVE('',#2924,#6538);
#6538 = DEFINITIONAL_REPRESENTATION('',(#6539),#6543);
#6539 = LINE('',#6540,#6541);
#6540 = CARTESIAN_POINT('',(4.712388980385,0.));
#6541 = VECTOR('',#6542,1.);
#6542 = DIRECTION('',(-0.,1.));
#6543 = ( GEOMETRIC_REPRESENTATION_CONTEXT(2) 
PARAMETRIC_REPRESENTATION_CONTEXT() REPRESENTATION_CONTEXT('2D SPACE',''
  ) );
#6544 = ORIENTED_EDGE('',*,*,#2875,.T.);
#6545 = ORIENTED_EDGE('',*,*,#6546,.T.);
#6546 = EDGE_CURVE('',#2853,#6501,#6547,.T.);
#6547 = SURFACE_CURVE('',#6548,(#6556,#6567),.PCURVE_S1.);
#6548 = B_SPLINE_CURVE_WITH_KNOTS('',6,(#6549,#6550,#6551,#6552,#6553,
    #6554,#6555),.UNSPECIFIED.,.F.,.F.,(7,7),(492.4982516312,
    493.88880447591),.PIECEWISE_BEZIER_KNOTS.);
#6549 = CARTESIAN_POINT('',(217.,254.36239464951,20.));
#6550 = CARTESIAN_POINT('',(217.26518057578,254.36239464951,20.));
#6551 = CARTESIAN_POINT('',(217.53021490596,254.35751259579,
    19.91550898504));
#6552 = CARTESIAN_POINT('',(217.7623073256,254.34774906895,
    19.747295830167));
#6553 = CARTESIAN_POINT('',(217.92508277095,254.33453774286,
    19.510622340522));
#6554 = CARTESIAN_POINT('',(218.,254.32114875432,19.250217100257));
#6555 = CARTESIAN_POINT('',(218.,254.30880481102,19.));
#6556 = PCURVE('',#2891,#6557);
#6557 = DEFINITIONAL_REPRESENTATION('',(#6558),#6566);
#6558 = B_SPLINE_CURVE_WITH_KNOTS('',6,(#6559,#6560,#6561,#6562,#6563,
    #6564,#6565),.UNSPECIFIED.,.F.,.F.,(7,7),(492.4982516312,
    493.88880447591),.PIECEWISE_BEZIER_KNOTS.);
#6559 = CARTESIAN_POINT('',(1.570796326795,15.637605350484));
#6560 = CARTESIAN_POINT('',(1.305615751014,15.637605350484));
#6561 = CARTESIAN_POINT('',(1.040445599743,15.642487036966));
#6562 = CARTESIAN_POINT('',(0.775416512736,15.652251927715));
#6563 = CARTESIAN_POINT('',(0.510628543264,15.665461539202));
#6564 = CARTESIAN_POINT('',(0.250217100259,15.678851245678));
#6565 = CARTESIAN_POINT('',(3.880458650275E-14,15.691195188971));
#6566 = ( GEOMETRIC_REPRESENTATION_CONTEXT(2) 
PARAMETRIC_REPRESENTATION_CONTEXT() REPRESENTATION_CONTEXT('2D SPACE',''
  ) );
#6567 = PCURVE('',#3034,#6568);
#6568 = DEFINITIONAL_REPRESENTATION('',(#6569),#6573);
#6569 = LINE('',#6570,#6571);
#6570 = CARTESIAN_POINT('',(1.390552844712,0.));
#6571 = VECTOR('',#6572,1.);
#6572 = DIRECTION('',(0.,1.));
#6573 = ( GEOMETRIC_REPRESENTATION_CONTEXT(2) 
PARAMETRIC_REPRESENTATION_CONTEXT() REPRESENTATION_CONTEXT('2D SPACE',''
  ) );
#6574 = ADVANCED_FACE('',(#6575),#2924,.T.);
#6575 = FACE_BOUND('',#6576,.T.);
#6576 = EDGE_LOOP('',(#6577,#6578,#6579,#6580));
#6577 = ORIENTED_EDGE('',*,*,#2903,.T.);
#6578 = ORIENTED_EDGE('',*,*,#6523,.F.);
#6579 = ORIENTED_EDGE('',*,*,#6413,.F.);
#6580 = ORIENTED_EDGE('',*,*,#6440,.T.);
#6581 = ADVANCED_FACE('',(#6582),#3034,.F.);
#6582 = FACE_BOUND('',#6583,.F.);
#6583 = EDGE_LOOP('',(#6584,#6585,#6586,#6605));
#6584 = ORIENTED_EDGE('',*,*,#6467,.T.);
#6585 = ORIENTED_EDGE('',*,*,#6546,.T.);
#6586 = ORIENTED_EDGE('',*,*,#6587,.F.);
#6587 = EDGE_CURVE('',#3011,#6501,#6588,.T.);
#6588 = SURFACE_CURVE('',#6589,(#6593,#6599),.PCURVE_S1.);
#6589 = ( BOUNDED_CURVE() B_SPLINE_CURVE(2,(#6590,#6591,#6592),
.UNSPECIFIED.,.F.,.F.) B_SPLINE_CURVE_WITH_KNOTS((3,3),(0.,
1.390552844712),.PIECEWISE_BEZIER_KNOTS.) CURVE() 
GEOMETRIC_REPRESENTATION_ITEM() RATIONAL_B_SPLINE_CURVE((1.,
0.707106781187,1.)) REPRESENTATION_ITEM('') );
#6590 = CARTESIAN_POINT('',(217.21557763758,253.49540273291,
    19.055304761624));
#6591 = CARTESIAN_POINT('',(218.,253.53606414999,19.207055236082));
#6592 = CARTESIAN_POINT('',(218.,254.30880481102,19.));
#6593 = PCURVE('',#3034,#6594);
#6594 = DEFINITIONAL_REPRESENTATION('',(#6595),#6598);
#6595 = B_SPLINE_CURVE_WITH_KNOTS('',1,(#6596,#6597),.UNSPECIFIED.,.F.,
  .F.,(2,2),(0.,1.390552844712),.PIECEWISE_BEZIER_KNOTS.);
#6596 = CARTESIAN_POINT('',(0.,493.88880447591));
#6597 = CARTESIAN_POINT('',(1.390552844712,493.88880447591));
#6598 = ( GEOMETRIC_REPRESENTATION_CONTEXT(2) 
PARAMETRIC_REPRESENTATION_CONTEXT() REPRESENTATION_CONTEXT('2D SPACE',''
  ) );
#6599 = PCURVE('',#3081,#6600);
#6600 = DEFINITIONAL_REPRESENTATION('',(#6601),#6604);
#6601 = B_SPLINE_CURVE_WITH_KNOTS('',1,(#6602,#6603),.UNSPECIFIED.,.F.,
  .F.,(2,2),(0.,1.390552844712),.PIECEWISE_BEZIER_KNOTS.);
#6602 = CARTESIAN_POINT('',(0.,493.88880447591));
#6603 = CARTESIAN_POINT('',(0.208069383712,493.88880447591));
#6604 = ( GEOMETRIC_REPRESENTATION_CONTEXT(2) 
PARAMETRIC_REPRESENTATION_CONTEXT() REPRESENTATION_CONTEXT('2D SPACE',''
  ) );
#6605 = ORIENTED_EDGE('',*,*,#3010,.F.);
#6606 = ADVANCED_FACE('',(#6607),#3081,.F.);
#6607 = FACE_BOUND('',#6608,.F.);
#6608 = EDGE_LOOP('',(#6609,#6610,#6635,#6662));
#6609 = ORIENTED_EDGE('',*,*,#6587,.T.);
#6610 = ORIENTED_EDGE('',*,*,#6611,.T.);
#6611 = EDGE_CURVE('',#6501,#6612,#6614,.T.);
#6612 = VERTEX_POINT('',#6613);
#6613 = CARTESIAN_POINT('',(218.,254.25332452773,18.792944763918));
#6614 = SURFACE_CURVE('',#6615,(#6620,#6627),.PCURVE_S1.);
#6615 = B_SPLINE_CURVE_WITH_KNOTS('',3,(#6616,#6617,#6618,#6619),
  .UNSPECIFIED.,.F.,.F.,(4,4),(493.88880447591,494.09687385962),
  .PIECEWISE_BEZIER_KNOTS.);
#6616 = CARTESIAN_POINT('',(218.,254.30880481102,19.));
#6617 = CARTESIAN_POINT('',(218.,254.28983727669,18.92921219816));
#6618 = CARTESIAN_POINT('',(218.,254.27158497538,18.86109368233));
#6619 = CARTESIAN_POINT('',(218.,254.25332452773,18.792944763918));
#6620 = PCURVE('',#3081,#6621);
#6621 = DEFINITIONAL_REPRESENTATION('',(#6622),#6626);
#6622 = LINE('',#6623,#6624);
#6623 = CARTESIAN_POINT('',(0.208069383712,0.));
#6624 = VECTOR('',#6625,1.);
#6625 = DIRECTION('',(0.,1.));
#6626 = ( GEOMETRIC_REPRESENTATION_CONTEXT(2) 
PARAMETRIC_REPRESENTATION_CONTEXT() REPRESENTATION_CONTEXT('2D SPACE',''
  ) );
#6627 = PCURVE('',#6326,#6628);
#6628 = DEFINITIONAL_REPRESENTATION('',(#6629),#6634);
#6629 = B_SPLINE_CURVE_WITH_KNOTS('',3,(#6630,#6631,#6632,#6633),
  .UNSPECIFIED.,.F.,.F.,(4,4),(493.88880447591,494.09687385962),
  .PIECEWISE_BEZIER_KNOTS.);
#6630 = CARTESIAN_POINT('',(19.,-36.30880481102));
#6631 = CARTESIAN_POINT('',(18.92921219816,-36.28983727669));
#6632 = CARTESIAN_POINT('',(18.86109368233,-36.27158497538));
#6633 = CARTESIAN_POINT('',(18.792944763918,-36.25332452773));
#6634 = ( GEOMETRIC_REPRESENTATION_CONTEXT(2) 
PARAMETRIC_REPRESENTATION_CONTEXT() REPRESENTATION_CONTEXT('2D SPACE',''
  ) );
#6635 = ORIENTED_EDGE('',*,*,#6636,.F.);
#6636 = EDGE_CURVE('',#3064,#6612,#6637,.T.);
#6637 = SURFACE_CURVE('',#6638,(#6642,#6648),.PCURVE_S1.);
#6638 = ( BOUNDED_CURVE() B_SPLINE_CURVE(2,(#6639,#6640,#6641),
.UNSPECIFIED.,.F.,.F.) B_SPLINE_CURVE_WITH_KNOTS((3,3),(0.,
0.208069383712),.PIECEWISE_BEZIER_KNOTS.) CURVE() 
GEOMETRIC_REPRESENTATION_ITEM() RATIONAL_B_SPLINE_CURVE((1.,
0.707106781187,1.)) REPRESENTATION_ITEM('') );
#6639 = CARTESIAN_POINT('',(217.2,253.4805838667,19.));
#6640 = CARTESIAN_POINT('',(218.,253.4805838667,19.));
#6641 = CARTESIAN_POINT('',(218.,254.25332452773,18.792944763918));
#6642 = PCURVE('',#3081,#6643);
#6643 = DEFINITIONAL_REPRESENTATION('',(#6644),#6647);
#6644 = B_SPLINE_CURVE_WITH_KNOTS('',1,(#6645,#6646),.UNSPECIFIED.,.F.,
  .F.,(2,2),(0.,0.208069383712),.PIECEWISE_BEZIER_KNOTS.);
#6645 = CARTESIAN_POINT('',(0.,494.09687385962));
#6646 = CARTESIAN_POINT('',(0.208069383712,494.09687385962));
#6647 = ( GEOMETRIC_REPRESENTATION_CONTEXT(2) 
PARAMETRIC_REPRESENTATION_CONTEXT() REPRESENTATION_CONTEXT('2D SPACE',''
  ) );
#6648 = PCURVE('',#3115,#6649);
#6649 = DEFINITIONAL_REPRESENTATION('',(#6650),#6661);
#6650 = B_SPLINE_CURVE_WITH_KNOTS('',9,(#6651,#6652,#6653,#6654,#6655,
    #6656,#6657,#6658,#6659,#6660),.UNSPECIFIED.,.F.,.F.,(10,10),(0.,
    0.208069383712),.PIECEWISE_BEZIER_KNOTS.);
#6651 = CARTESIAN_POINT('',(6.28318530718,0.));
#6652 = CARTESIAN_POINT('',(6.126050466916,0.));
#6653 = CARTESIAN_POINT('',(5.957410594524,0.));
#6654 = CARTESIAN_POINT('',(5.778618907801,0.));
#6655 = CARTESIAN_POINT('',(5.592440465155,0.));
#6656 = CARTESIAN_POINT('',(5.403133841411,0.));
#6657 = CARTESIAN_POINT('',(5.216955354856,0.));
#6658 = CARTESIAN_POINT('',(5.038163701334,0.));
#6659 = CARTESIAN_POINT('',(4.869523820649,0.));
#6660 = CARTESIAN_POINT('',(4.712388980385,0.));
#6661 = ( GEOMETRIC_REPRESENTATION_CONTEXT(2) 
PARAMETRIC_REPRESENTATION_CONTEXT() REPRESENTATION_CONTEXT('2D SPACE',''
  ) );
#6662 = ORIENTED_EDGE('',*,*,#3063,.F.);
#6663 = ADVANCED_FACE('',(#6664),#3115,.T.);
#6664 = FACE_BOUND('',#6665,.T.);
#6665 = EDGE_LOOP('',(#6666,#6667,#6689,#6710));
#6666 = ORIENTED_EDGE('',*,*,#3101,.T.);
#6667 = ORIENTED_EDGE('',*,*,#6668,.T.);
#6668 = EDGE_CURVE('',#2962,#6669,#6671,.T.);
#6669 = VERTEX_POINT('',#6670);
#6670 = CARTESIAN_POINT('',(218.,250.25831376799,3.883361631783));
#6671 = SURFACE_CURVE('',#6672,(#6677,#6683),.PCURVE_S1.);
#6672 = CIRCLE('',#6673,0.8);
#6673 = AXIS2_PLACEMENT_3D('',#6674,#6675,#6676);
#6674 = CARTESIAN_POINT('',(217.2,250.25831376799,3.883361631783));
#6675 = DIRECTION('',(-0.,0.258819045103,0.965925826289));
#6676 = DIRECTION('',(0.,-0.965925826289,0.258819045103));
#6677 = PCURVE('',#3115,#6678);
#6678 = DEFINITIONAL_REPRESENTATION('',(#6679),#6682);
#6679 = B_SPLINE_CURVE_WITH_KNOTS('',1,(#6680,#6681),.UNSPECIFIED.,.F.,
  .F.,(2,2),(0.,1.570796326795),.PIECEWISE_BEZIER_KNOTS.);
#6680 = CARTESIAN_POINT('',(6.28318530718,15.435536276543));
#6681 = CARTESIAN_POINT('',(4.712388980385,15.435536276543));
#6682 = ( GEOMETRIC_REPRESENTATION_CONTEXT(2) 
PARAMETRIC_REPRESENTATION_CONTEXT() REPRESENTATION_CONTEXT('2D SPACE',''
  ) );
#6683 = PCURVE('',#3147,#6684);
#6684 = DEFINITIONAL_REPRESENTATION('',(#6685),#6688);
#6685 = B_SPLINE_CURVE_WITH_KNOTS('',1,(#6686,#6687),.UNSPECIFIED.,.F.,
  .F.,(2,2),(0.,1.570796326795),.PIECEWISE_BEZIER_KNOTS.);
#6686 = CARTESIAN_POINT('',(0.,3.14159265359));
#6687 = CARTESIAN_POINT('',(0.,4.712388980385));
#6688 = ( GEOMETRIC_REPRESENTATION_CONTEXT(2) 
PARAMETRIC_REPRESENTATION_CONTEXT() REPRESENTATION_CONTEXT('2D SPACE',''
  ) );
#6689 = ORIENTED_EDGE('',*,*,#6690,.F.);
#6690 = EDGE_CURVE('',#6612,#6669,#6691,.T.);
#6691 = SURFACE_CURVE('',#6692,(#6696,#6703),.PCURVE_S1.);
#6692 = LINE('',#6693,#6694);
#6693 = CARTESIAN_POINT('',(218.,254.25332452773,18.792944763918));
#6694 = VECTOR('',#6695,1.);
#6695 = DIRECTION('',(0.,-0.258819045103,-0.965925826289));
#6696 = PCURVE('',#3115,#6697);
#6697 = DEFINITIONAL_REPRESENTATION('',(#6698),#6702);
#6698 = LINE('',#6699,#6700);
#6699 = CARTESIAN_POINT('',(4.712388980385,0.));
#6700 = VECTOR('',#6701,1.);
#6701 = DIRECTION('',(-0.,1.));
#6702 = ( GEOMETRIC_REPRESENTATION_CONTEXT(2) 
PARAMETRIC_REPRESENTATION_CONTEXT() REPRESENTATION_CONTEXT('2D SPACE',''
  ) );
#6703 = PCURVE('',#6326,#6704);
#6704 = DEFINITIONAL_REPRESENTATION('',(#6705),#6709);
#6705 = LINE('',#6706,#6707);
#6706 = CARTESIAN_POINT('',(18.792944763918,-36.25332452773));
#6707 = VECTOR('',#6708,1.);
#6708 = DIRECTION('',(-0.965925826289,0.258819045103));
#6709 = ( GEOMETRIC_REPRESENTATION_CONTEXT(2) 
PARAMETRIC_REPRESENTATION_CONTEXT() REPRESENTATION_CONTEXT('2D SPACE',''
  ) );
#6710 = ORIENTED_EDGE('',*,*,#6636,.F.);
#6711 = ADVANCED_FACE('',(#6712),#3147,.T.);
#6712 = FACE_BOUND('',#6713,.T.);
#6713 = EDGE_LOOP('',(#6714,#6715,#6716,#6738));
#6714 = ORIENTED_EDGE('',*,*,#6668,.F.);
#6715 = ORIENTED_EDGE('',*,*,#3130,.T.);
#6716 = ORIENTED_EDGE('',*,*,#6717,.T.);
#6717 = EDGE_CURVE('',#3131,#6718,#6720,.T.);
#6718 = VERTEX_POINT('',#6719);
#6719 = CARTESIAN_POINT('',(218.,248.29872197376,2.751990781884));
#6720 = SURFACE_CURVE('',#6721,(#6726,#6732),.PCURVE_S1.);
#6721 = CIRCLE('',#6722,0.8);
#6722 = AXIS2_PLACEMENT_3D('',#6723,#6724,#6725);
#6723 = CARTESIAN_POINT('',(217.2,248.29872197376,2.751990781884));
#6724 = DIRECTION('',(-0.,0.965925826289,-0.258819045103));
#6725 = DIRECTION('',(0.,-0.258819045103,-0.965925826289));
#6726 = PCURVE('',#3147,#6727);
#6727 = DEFINITIONAL_REPRESENTATION('',(#6728),#6731);
#6728 = B_SPLINE_CURVE_WITH_KNOTS('',1,(#6729,#6730),.UNSPECIFIED.,.F.,
  .F.,(2,2),(3.14159265359,4.712388980385),.PIECEWISE_BEZIER_KNOTS.);
#6729 = CARTESIAN_POINT('',(1.570796326795,3.14159265359));
#6730 = CARTESIAN_POINT('',(1.570796326795,4.712388980385));
#6731 = ( GEOMETRIC_REPRESENTATION_CONTEXT(2) 
PARAMETRIC_REPRESENTATION_CONTEXT() REPRESENTATION_CONTEXT('2D SPACE',''
  ) );
#6732 = PCURVE('',#3224,#6733);
#6733 = DEFINITIONAL_REPRESENTATION('',(#6734),#6737);
#6734 = B_SPLINE_CURVE_WITH_KNOTS('',1,(#6735,#6736),.UNSPECIFIED.,.F.,
  .F.,(2,2),(3.14159265359,4.712388980385),.PIECEWISE_BEZIER_KNOTS.);
#6735 = CARTESIAN_POINT('',(6.28318530718,0.));
#6736 = CARTESIAN_POINT('',(4.712388980385,0.));
#6737 = ( GEOMETRIC_REPRESENTATION_CONTEXT(2) 
PARAMETRIC_REPRESENTATION_CONTEXT() REPRESENTATION_CONTEXT('2D SPACE',''
  ) );
#6738 = ORIENTED_EDGE('',*,*,#6739,.F.);
#6739 = EDGE_CURVE('',#6669,#6718,#6740,.T.);
#6740 = SURFACE_CURVE('',#6741,(#6746,#6753),.PCURVE_S1.);
#6741 = CIRCLE('',#6742,1.6);
#6742 = AXIS2_PLACEMENT_3D('',#6743,#6744,#6745);
#6743 = CARTESIAN_POINT('',(218.,248.71283244593,4.297472103947));
#6744 = DIRECTION('',(-1.,-0.,0.));
#6745 = DIRECTION('',(-0.,0.965925826289,-0.258819045103));
#6746 = PCURVE('',#3147,#6747);
#6747 = DEFINITIONAL_REPRESENTATION('',(#6748),#6752);
#6748 = LINE('',#6749,#6750);
#6749 = CARTESIAN_POINT('',(0.,4.712388980385));
#6750 = VECTOR('',#6751,1.);
#6751 = DIRECTION('',(1.,0.));
#6752 = ( GEOMETRIC_REPRESENTATION_CONTEXT(2) 
PARAMETRIC_REPRESENTATION_CONTEXT() REPRESENTATION_CONTEXT('2D SPACE',''
  ) );
#6753 = PCURVE('',#6326,#6754);
#6754 = DEFINITIONAL_REPRESENTATION('',(#6755),#6763);
#6755 = ( BOUNDED_CURVE() B_SPLINE_CURVE(2,(#6756,#6757,#6758,#6759,
#6760,#6761,#6762),.UNSPECIFIED.,.T.,.F.) B_SPLINE_CURVE_WITH_KNOTS((1,2
    ,2,2,2,1),(-2.094395102393,0.,2.094395102393,4.188790204786,
6.28318530718,8.377580409573),.UNSPECIFIED.) CURVE() 
GEOMETRIC_REPRESENTATION_ITEM() RATIONAL_B_SPLINE_CURVE((1.,0.5,1.,0.5,
1.,0.5,1.)) REPRESENTATION_ITEM('') );
#6756 = CARTESIAN_POINT('',(3.883361631782,-32.25831376799));
#6757 = CARTESIAN_POINT('',(1.206509459822,-31.54105339025));
#6758 = CARTESIAN_POINT('',(3.166101254049,-29.58146159603));
#6759 = CARTESIAN_POINT('',(5.125693048277,-27.6218698018));
#6760 = CARTESIAN_POINT('',(5.84295342601,-30.29872197376));
#6761 = CARTESIAN_POINT('',(6.560213803743,-32.97557414572));
#6762 = CARTESIAN_POINT('',(3.883361631782,-32.25831376799));
#6763 = ( GEOMETRIC_REPRESENTATION_CONTEXT(2) 
PARAMETRIC_REPRESENTATION_CONTEXT() REPRESENTATION_CONTEXT('2D SPACE',''
  ) );
#6764 = ADVANCED_FACE('',(#6765),#3224,.T.);
#6765 = FACE_BOUND('',#6766,.T.);
#6766 = EDGE_LOOP('',(#6767,#6768,#6790,#6811));
#6767 = ORIENTED_EDGE('',*,*,#3210,.T.);
#6768 = ORIENTED_EDGE('',*,*,#6769,.T.);
#6769 = EDGE_CURVE('',#3188,#6770,#6772,.T.);
#6770 = VERTEX_POINT('',#6771);
#6771 = CARTESIAN_POINT('',(218.,237.28716755407,5.702527896053));
#6772 = SURFACE_CURVE('',#6773,(#6778,#6784),.PCURVE_S1.);
#6773 = CIRCLE('',#6774,0.8);
#6774 = AXIS2_PLACEMENT_3D('',#6775,#6776,#6777);
#6775 = CARTESIAN_POINT('',(217.2,237.28716755407,5.702527896053));
#6776 = DIRECTION('',(-0.,0.965925826289,-0.258819045103));
#6777 = DIRECTION('',(0.,0.258819045103,0.965925826289));
#6778 = PCURVE('',#3224,#6779);
#6779 = DEFINITIONAL_REPRESENTATION('',(#6780),#6783);
#6780 = B_SPLINE_CURVE_WITH_KNOTS('',1,(#6781,#6782),.UNSPECIFIED.,.F.,
  .F.,(2,2),(0.,1.570796326795),.PIECEWISE_BEZIER_KNOTS.);
#6781 = CARTESIAN_POINT('',(6.28318530718,11.4));
#6782 = CARTESIAN_POINT('',(4.712388980385,11.4));
#6783 = ( GEOMETRIC_REPRESENTATION_CONTEXT(2) 
PARAMETRIC_REPRESENTATION_CONTEXT() REPRESENTATION_CONTEXT('2D SPACE',''
  ) );
#6784 = PCURVE('',#3279,#6785);
#6785 = DEFINITIONAL_REPRESENTATION('',(#6786),#6789);
#6786 = B_SPLINE_CURVE_WITH_KNOTS('',1,(#6787,#6788),.UNSPECIFIED.,.F.,
  .F.,(2,2),(0.,1.570796326795),.PIECEWISE_BEZIER_KNOTS.);
#6787 = CARTESIAN_POINT('',(-3.552713678801E-14,3.14159265359));
#6788 = CARTESIAN_POINT('',(-3.552713678801E-14,4.712388980385));
#6789 = ( GEOMETRIC_REPRESENTATION_CONTEXT(2) 
PARAMETRIC_REPRESENTATION_CONTEXT() REPRESENTATION_CONTEXT('2D SPACE',''
  ) );
#6790 = ORIENTED_EDGE('',*,*,#6791,.F.);
#6791 = EDGE_CURVE('',#6718,#6770,#6792,.T.);
#6792 = SURFACE_CURVE('',#6793,(#6797,#6804),.PCURVE_S1.);
#6793 = LINE('',#6794,#6795);
#6794 = CARTESIAN_POINT('',(218.,248.29872197376,2.751990781884));
#6795 = VECTOR('',#6796,1.);
#6796 = DIRECTION('',(0.,-0.965925826289,0.258819045103));
#6797 = PCURVE('',#3224,#6798);
#6798 = DEFINITIONAL_REPRESENTATION('',(#6799),#6803);
#6799 = LINE('',#6800,#6801);
#6800 = CARTESIAN_POINT('',(4.712388980385,0.));
#6801 = VECTOR('',#6802,1.);
#6802 = DIRECTION('',(-0.,1.));
#6803 = ( GEOMETRIC_REPRESENTATION_CONTEXT(2) 
PARAMETRIC_REPRESENTATION_CONTEXT() REPRESENTATION_CONTEXT('2D SPACE',''
  ) );
#6804 = PCURVE('',#6326,#6805);
#6805 = DEFINITIONAL_REPRESENTATION('',(#6806),#6810);
#6806 = LINE('',#6807,#6808);
#6807 = CARTESIAN_POINT('',(2.751990781884,-30.29872197376));
#6808 = VECTOR('',#6809,1.);
#6809 = DIRECTION('',(0.258819045103,0.965925826289));
#6810 = ( GEOMETRIC_REPRESENTATION_CONTEXT(2) 
PARAMETRIC_REPRESENTATION_CONTEXT() REPRESENTATION_CONTEXT('2D SPACE',''
  ) );
#6811 = ORIENTED_EDGE('',*,*,#6717,.F.);
#6812 = ADVANCED_FACE('',(#6813),#3279,.T.);
#6813 = FACE_BOUND('',#6814,.T.);
#6814 = EDGE_LOOP('',(#6815,#6816,#6817,#6839));
#6815 = ORIENTED_EDGE('',*,*,#6769,.F.);
#6816 = ORIENTED_EDGE('',*,*,#3264,.T.);
#6817 = ORIENTED_EDGE('',*,*,#6818,.T.);
#6818 = EDGE_CURVE('',#3240,#6819,#6821,.T.);
#6819 = VERTEX_POINT('',#6820);
#6820 = CARTESIAN_POINT('',(218.,236.15579670417,7.66211969028));
#6821 = SURFACE_CURVE('',#6822,(#6827,#6833),.PCURVE_S1.);
#6822 = CIRCLE('',#6823,0.8);
#6823 = AXIS2_PLACEMENT_3D('',#6824,#6825,#6826);
#6824 = CARTESIAN_POINT('',(217.2,236.15579670417,7.66211969028));
#6825 = DIRECTION('',(0.,-0.258819045102,-0.965925826289));
#6826 = DIRECTION('',(0.,-0.965925826289,0.258819045102));
#6827 = PCURVE('',#3279,#6828);
#6828 = DEFINITIONAL_REPRESENTATION('',(#6829),#6832);
#6829 = B_SPLINE_CURVE_WITH_KNOTS('',1,(#6830,#6831),.UNSPECIFIED.,.F.,
  .F.,(2,2),(3.14159265359,4.712388980385),.PIECEWISE_BEZIER_KNOTS.);
#6830 = CARTESIAN_POINT('',(1.570796326795,3.14159265359));
#6831 = CARTESIAN_POINT('',(1.570796326795,4.712388980385));
#6832 = ( GEOMETRIC_REPRESENTATION_CONTEXT(2) 
PARAMETRIC_REPRESENTATION_CONTEXT() REPRESENTATION_CONTEXT('2D SPACE',''
  ) );
#6833 = PCURVE('',#3529,#6834);
#6834 = DEFINITIONAL_REPRESENTATION('',(#6835),#6838);
#6835 = B_SPLINE_CURVE_WITH_KNOTS('',1,(#6836,#6837),.UNSPECIFIED.,.F.,
  .F.,(2,2),(3.14159265359,4.712388980385),.PIECEWISE_BEZIER_KNOTS.);
#6836 = CARTESIAN_POINT('',(6.28318530718,8.881784197001E-15));
#6837 = CARTESIAN_POINT('',(4.712388980385,8.881784197001E-15));
#6838 = ( GEOMETRIC_REPRESENTATION_CONTEXT(2) 
PARAMETRIC_REPRESENTATION_CONTEXT() REPRESENTATION_CONTEXT('2D SPACE',''
  ) );
#6839 = ORIENTED_EDGE('',*,*,#6840,.F.);
#6840 = EDGE_CURVE('',#6770,#6819,#6841,.T.);
#6841 = SURFACE_CURVE('',#6842,(#6847,#6854),.PCURVE_S1.);
#6842 = CIRCLE('',#6843,1.6);
#6843 = AXIS2_PLACEMENT_3D('',#6844,#6845,#6846);
#6844 = CARTESIAN_POINT('',(218.,237.70127802623,7.248009218116));
#6845 = DIRECTION('',(-1.,-0.,0.));
#6846 = DIRECTION('',(0.,-0.258819045103,-0.965925826289));
#6847 = PCURVE('',#3279,#6848);
#6848 = DEFINITIONAL_REPRESENTATION('',(#6849),#6853);
#6849 = LINE('',#6850,#6851);
#6850 = CARTESIAN_POINT('',(0.,4.712388980385));
#6851 = VECTOR('',#6852,1.);
#6852 = DIRECTION('',(1.,0.));
#6853 = ( GEOMETRIC_REPRESENTATION_CONTEXT(2) 
PARAMETRIC_REPRESENTATION_CONTEXT() REPRESENTATION_CONTEXT('2D SPACE',''
  ) );
#6854 = PCURVE('',#6326,#6855);
#6855 = DEFINITIONAL_REPRESENTATION('',(#6856),#6864);
#6856 = ( BOUNDED_CURVE() B_SPLINE_CURVE(2,(#6857,#6858,#6859,#6860,
#6861,#6862,#6863),.UNSPECIFIED.,.T.,.F.) B_SPLINE_CURVE_WITH_KNOTS((1,2
    ,2,2,2,1),(-2.094395102393,0.,2.094395102393,4.188790204786,
6.28318530718,8.377580409573),.UNSPECIFIED.) CURVE() 
GEOMETRIC_REPRESENTATION_ITEM() RATIONAL_B_SPLINE_CURVE((1.,0.5,1.,0.5,
1.,0.5,1.)) REPRESENTATION_ITEM('') );
#6857 = CARTESIAN_POINT('',(5.702527896054,-19.28716755406));
#6858 = CARTESIAN_POINT('',(6.419788273789,-16.6103153821));
#6859 = CARTESIAN_POINT('',(8.379380068015,-18.56990717633));
#6860 = CARTESIAN_POINT('',(10.338971862241,-20.52949897056));
#6861 = CARTESIAN_POINT('',(7.662119690279,-21.24675934829));
#6862 = CARTESIAN_POINT('',(4.985267518318,-21.96401972602));
#6863 = CARTESIAN_POINT('',(5.702527896054,-19.28716755406));
#6864 = ( GEOMETRIC_REPRESENTATION_CONTEXT(2) 
PARAMETRIC_REPRESENTATION_CONTEXT() REPRESENTATION_CONTEXT('2D SPACE',''
  ) );
#6865 = ADVANCED_FACE('',(#6866),#3353,.T.);
#6866 = FACE_BOUND('',#6867,.T.);
#6867 = EDGE_LOOP('',(#6868,#6869,#6870,#6871));
#6868 = ORIENTED_EDGE('',*,*,#3337,.T.);
#6869 = ORIENTED_EDGE('',*,*,#3544,.T.);
#6870 = ORIENTED_EDGE('',*,*,#3630,.F.);
#6871 = ORIENTED_EDGE('',*,*,#6872,.F.);
#6872 = EDGE_CURVE('',#3338,#3631,#6873,.T.);
#6873 = SURFACE_CURVE('',#6874,(#6879,#6885),.PCURVE_S1.);
#6874 = CIRCLE('',#6875,0.8);
#6875 = AXIS2_PLACEMENT_3D('',#6876,#6877,#6878);
#6876 = CARTESIAN_POINT('',(217.,239.24736241552,19.2));
#6877 = DIRECTION('',(1.,-0.,0.));
#6878 = DIRECTION('',(0.,0.965925826289,-0.258819045103));
#6879 = PCURVE('',#3353,#6880);
#6880 = DEFINITIONAL_REPRESENTATION('',(#6881),#6884);
#6881 = B_SPLINE_CURVE_WITH_KNOTS('',1,(#6882,#6883),.UNSPECIFIED.,.F.,
  .F.,(2,2),(0.,1.832595714594),.PIECEWISE_BEZIER_KNOTS.);
#6882 = CARTESIAN_POINT('',(6.28318530718,0.));
#6883 = CARTESIAN_POINT('',(4.450589592586,0.));
#6884 = ( GEOMETRIC_REPRESENTATION_CONTEXT(2) 
PARAMETRIC_REPRESENTATION_CONTEXT() REPRESENTATION_CONTEXT('2D SPACE',''
  ) );
#6885 = PCURVE('',#3399,#6886);
#6886 = DEFINITIONAL_REPRESENTATION('',(#6887),#6890);
#6887 = B_SPLINE_CURVE_WITH_KNOTS('',1,(#6888,#6889),.UNSPECIFIED.,.F.,
  .F.,(2,2),(0.,1.832595714594),.PIECEWISE_BEZIER_KNOTS.);
#6888 = CARTESIAN_POINT('',(1.,0.));
#6889 = CARTESIAN_POINT('',(1.,1.));
#6890 = ( GEOMETRIC_REPRESENTATION_CONTEXT(2) 
PARAMETRIC_REPRESENTATION_CONTEXT() REPRESENTATION_CONTEXT('2D SPACE',''
  ) );
#6891 = ADVANCED_FACE('',(#6892),#3399,.T.);
#6892 = FACE_BOUND('',#6893,.T.);
#6893 = EDGE_LOOP('',(#6894,#6916,#6917,#6918));
#6894 = ORIENTED_EDGE('',*,*,#6895,.F.);
#6895 = EDGE_CURVE('',#3366,#6896,#6898,.T.);
#6896 = VERTEX_POINT('',#6897);
#6897 = CARTESIAN_POINT('',(218.,239.19377257704,19.));
#6898 = SURFACE_CURVE('',#6899,(#6904,#6910),.PCURVE_S1.);
#6899 = CIRCLE('',#6900,0.8);
#6900 = AXIS2_PLACEMENT_3D('',#6901,#6902,#6903);
#6901 = CARTESIAN_POINT('',(217.2,239.19377257704,19.));
#6902 = DIRECTION('',(0.,-0.258819045103,-0.965925826289));
#6903 = DIRECTION('',(0.,0.965925826289,-0.258819045103));
#6904 = PCURVE('',#3399,#6905);
#6905 = DEFINITIONAL_REPRESENTATION('',(#6906),#6909);
#6906 = B_SPLINE_CURVE_WITH_KNOTS('',1,(#6907,#6908),.UNSPECIFIED.,.F.,
  .F.,(2,2),(0.,1.570796326795),.PIECEWISE_BEZIER_KNOTS.);
#6907 = CARTESIAN_POINT('',(0.,0.));
#6908 = CARTESIAN_POINT('',(0.,1.));
#6909 = ( GEOMETRIC_REPRESENTATION_CONTEXT(2) 
PARAMETRIC_REPRESENTATION_CONTEXT() REPRESENTATION_CONTEXT('2D SPACE',''
  ) );
#6910 = PCURVE('',#3529,#6911);
#6911 = DEFINITIONAL_REPRESENTATION('',(#6912),#6915);
#6912 = B_SPLINE_CURVE_WITH_KNOTS('',1,(#6913,#6914),.UNSPECIFIED.,.F.,
  .F.,(2,2),(0.,1.570796326795),.PIECEWISE_BEZIER_KNOTS.);
#6913 = CARTESIAN_POINT('',(6.28318530718,11.737837420994));
#6914 = CARTESIAN_POINT('',(4.712388980385,11.737837420994));
#6915 = ( GEOMETRIC_REPRESENTATION_CONTEXT(2) 
PARAMETRIC_REPRESENTATION_CONTEXT() REPRESENTATION_CONTEXT('2D SPACE',''
  ) );
#6916 = ORIENTED_EDGE('',*,*,#3365,.T.);
#6917 = ORIENTED_EDGE('',*,*,#6872,.T.);
#6918 = ORIENTED_EDGE('',*,*,#6919,.F.);
#6919 = EDGE_CURVE('',#6896,#3631,#6920,.T.);
#6920 = SURFACE_CURVE('',#6921,(#6934,#6941),.PCURVE_S1.);
#6921 = B_SPLINE_CURVE_WITH_KNOTS('',11,(#6922,#6923,#6924,#6925,#6926,
    #6927,#6928,#6929,#6930,#6931,#6932,#6933),.UNSPECIFIED.,.F.,.F.,(12
    ,12),(0.,1.),.PIECEWISE_BEZIER_KNOTS.);
#6922 = CARTESIAN_POINT('',(218.,239.19377257704,19.));
#6923 = CARTESIAN_POINT('',(218.,239.20141920401,19.142688001733));
#6924 = CARTESIAN_POINT('',(217.97761577812,239.2101481929,
    19.285157417879));
#6925 = CARTESIAN_POINT('',(217.9327786896,239.20487288846,
    19.425421906381));
#6926 = CARTESIAN_POINT('',(217.86611369684,239.23752082723,
    19.553464871489));
#6927 = CARTESIAN_POINT('',(217.77999682282,239.20524848709,
    19.67700655475));
#6928 = CARTESIAN_POINT('',(217.67492349163,239.24837935577,
    19.777537884229));
#6929 = CARTESIAN_POINT('',(217.55598823656,239.22715971685,
    19.867118302091));
#6930 = CARTESIAN_POINT('',(217.42451147494,239.24472927217,
    19.932241926943));
#6931 = CARTESIAN_POINT('',(217.2858685498,239.24490460105,
    19.977608186435));
#6932 = CARTESIAN_POINT('',(217.14286499392,239.24736241553,20.));
#6933 = CARTESIAN_POINT('',(217.,239.24736241552,20.));
#6934 = PCURVE('',#3399,#6935);
#6935 = DEFINITIONAL_REPRESENTATION('',(#6936),#6940);
#6936 = LINE('',#6937,#6938);
#6937 = CARTESIAN_POINT('',(0.,1.));
#6938 = VECTOR('',#6939,1.);
#6939 = DIRECTION('',(1.,0.));
#6940 = ( GEOMETRIC_REPRESENTATION_CONTEXT(2) 
PARAMETRIC_REPRESENTATION_CONTEXT() REPRESENTATION_CONTEXT('2D SPACE',''
  ) );
#6941 = PCURVE('',#3832,#6942);
#6942 = DEFINITIONAL_REPRESENTATION('',(#6943),#6956);
#6943 = B_SPLINE_CURVE_WITH_KNOTS('',11,(#6944,#6945,#6946,#6947,#6948,
    #6949,#6950,#6951,#6952,#6953,#6954,#6955),.UNSPECIFIED.,.F.,.F.,(12
    ,12),(0.,1.),.PIECEWISE_BEZIER_KNOTS.);
#6944 = CARTESIAN_POINT('',(-2.775557561563E-14,30.806227422958));
#6945 = CARTESIAN_POINT('',(0.142688001732,30.798580795989));
#6946 = CARTESIAN_POINT('',(0.285179196601,30.789850027684));
#6947 = CARTESIAN_POINT('',(0.429198142515,30.795136085625));
#6948 = CARTESIAN_POINT('',(0.569469637413,30.762456627434));
#6949 = CARTESIAN_POINT('',(0.715345335009,30.794786667541));
#6950 = CARTESIAN_POINT('',(0.855369333653,30.751584542391));
#6951 = CARTESIAN_POINT('',(0.999902056854,30.77286461894));
#6952 = CARTESIAN_POINT('',(1.142103926806,30.755260660215));
#6953 = CARTESIAN_POINT('',(1.284969651153,30.755097428277));
#6954 = CARTESIAN_POINT('',(1.427931332874,30.75263758447));
#6955 = CARTESIAN_POINT('',(1.570796326795,30.752637584472));
#6956 = ( GEOMETRIC_REPRESENTATION_CONTEXT(2) 
PARAMETRIC_REPRESENTATION_CONTEXT() REPRESENTATION_CONTEXT('2D SPACE',''
  ) );
#6957 = ADVANCED_FACE('',(#6958),#3529,.T.);
#6958 = FACE_BOUND('',#6959,.T.);
#6959 = EDGE_LOOP('',(#6960,#6961,#6962,#6983));
#6960 = ORIENTED_EDGE('',*,*,#3515,.T.);
#6961 = ORIENTED_EDGE('',*,*,#6895,.T.);
#6962 = ORIENTED_EDGE('',*,*,#6963,.F.);
#6963 = EDGE_CURVE('',#6819,#6896,#6964,.T.);
#6964 = SURFACE_CURVE('',#6965,(#6969,#6976),.PCURVE_S1.);
#6965 = LINE('',#6966,#6967);
#6966 = CARTESIAN_POINT('',(218.,236.15579670417,7.66211969028));
#6967 = VECTOR('',#6968,1.);
#6968 = DIRECTION('',(-0.,0.258819045103,0.965925826289));
#6969 = PCURVE('',#3529,#6970);
#6970 = DEFINITIONAL_REPRESENTATION('',(#6971),#6975);
#6971 = LINE('',#6972,#6973);
#6972 = CARTESIAN_POINT('',(4.712388980385,0.));
#6973 = VECTOR('',#6974,1.);
#6974 = DIRECTION('',(-0.,1.));
#6975 = ( GEOMETRIC_REPRESENTATION_CONTEXT(2) 
PARAMETRIC_REPRESENTATION_CONTEXT() REPRESENTATION_CONTEXT('2D SPACE',''
  ) );
#6976 = PCURVE('',#6326,#6977);
#6977 = DEFINITIONAL_REPRESENTATION('',(#6978),#6982);
#6978 = LINE('',#6979,#6980);
#6979 = CARTESIAN_POINT('',(7.66211969028,-18.15579670417));
#6980 = VECTOR('',#6981,1.);
#6981 = DIRECTION('',(0.965925826289,-0.258819045103));
#6982 = ( GEOMETRIC_REPRESENTATION_CONTEXT(2) 
PARAMETRIC_REPRESENTATION_CONTEXT() REPRESENTATION_CONTEXT('2D SPACE',''
  ) );
#6983 = ORIENTED_EDGE('',*,*,#6818,.F.);
#6984 = ADVANCED_FACE('',(#6985),#3615,.T.);
#6985 = FACE_BOUND('',#6986,.T.);
#6986 = EDGE_LOOP('',(#6987,#6988,#7014,#7015));
#6987 = ORIENTED_EDGE('',*,*,#4026,.F.);
#6988 = ORIENTED_EDGE('',*,*,#6989,.T.);
#6989 = EDGE_CURVE('',#4027,#3656,#6990,.T.);
#6990 = SURFACE_CURVE('',#6991,(#6996,#7003),.PCURVE_S1.);
#6991 = CIRCLE('',#6992,1.);
#6992 = AXIS2_PLACEMENT_3D('',#6993,#6994,#6995);
#6993 = CARTESIAN_POINT('',(2.,219.,19.));
#6994 = DIRECTION('',(-1.,0.,0.));
#6995 = DIRECTION('',(0.,-1.,0.));
#6996 = PCURVE('',#3615,#6997);
#6997 = DEFINITIONAL_REPRESENTATION('',(#6998),#7002);
#6998 = LINE('',#6999,#7000);
#6999 = CARTESIAN_POINT('',(0.,208.));
#7000 = VECTOR('',#7001,1.);
#7001 = DIRECTION('',(1.,0.));
#7002 = ( GEOMETRIC_REPRESENTATION_CONTEXT(2) 
PARAMETRIC_REPRESENTATION_CONTEXT() REPRESENTATION_CONTEXT('2D SPACE',''
  ) );
#7003 = PCURVE('',#3694,#7004);
#7004 = DEFINITIONAL_REPRESENTATION('',(#7005),#7013);
#7005 = ( BOUNDED_CURVE() B_SPLINE_CURVE(2,(#7006,#7007,#7008,#7009,
#7010,#7011,#7012),.UNSPECIFIED.,.T.,.F.) B_SPLINE_CURVE_WITH_KNOTS((1,2
    ,2,2,2,1),(-2.094395102393,0.,2.094395102393,4.188790204786,
6.28318530718,8.377580409573),.UNSPECIFIED.) CURVE() 
GEOMETRIC_REPRESENTATION_ITEM() RATIONAL_B_SPLINE_CURVE((1.,0.5,1.,0.5,
1.,0.5,1.)) REPRESENTATION_ITEM('') );
#7006 = CARTESIAN_POINT('',(19.,0.));
#7007 = CARTESIAN_POINT('',(20.732050807569,0.));
#7008 = CARTESIAN_POINT('',(19.866025403784,-1.5));
#7009 = CARTESIAN_POINT('',(19.,-3.));
#7010 = CARTESIAN_POINT('',(18.133974596216,-1.5));
#7011 = CARTESIAN_POINT('',(17.267949192431,-1.554312234475E-15));
#7012 = CARTESIAN_POINT('',(19.,0.));
#7013 = ( GEOMETRIC_REPRESENTATION_CONTEXT(2) 
PARAMETRIC_REPRESENTATION_CONTEXT() REPRESENTATION_CONTEXT('2D SPACE',''
  ) );
#7014 = ORIENTED_EDGE('',*,*,#3655,.T.);
#7015 = ORIENTED_EDGE('',*,*,#3600,.F.);
#7016 = ADVANCED_FACE('',(#7017),#3694,.F.);
#7017 = FACE_BOUND('',#7018,.F.);
#7018 = EDGE_LOOP('',(#7019,#7020,#7021));
#7019 = ORIENTED_EDGE('',*,*,#4049,.F.);
#7020 = ORIENTED_EDGE('',*,*,#6989,.T.);
#7021 = ORIENTED_EDGE('',*,*,#3678,.F.);
#7022 = ADVANCED_FACE('',(#7023),#3745,.T.);
#7023 = FACE_BOUND('',#7024,.T.);
#7024 = EDGE_LOOP('',(#7025,#7026,#7052));
#7025 = ORIENTED_EDGE('',*,*,#4071,.F.);
#7026 = ORIENTED_EDGE('',*,*,#7027,.T.);
#7027 = EDGE_CURVE('',#4072,#3730,#7028,.T.);
#7028 = SURFACE_CURVE('',#7029,(#7034,#7045),.PCURVE_S1.);
#7029 = CIRCLE('',#7030,1.);
#7030 = AXIS2_PLACEMENT_3D('',#7031,#7032,#7033);
#7031 = CARTESIAN_POINT('',(208.,219.,19.));
#7032 = DIRECTION('',(-1.,0.,0.));
#7033 = DIRECTION('',(0.,-1.,0.));
#7034 = PCURVE('',#3745,#7035);
#7035 = DEFINITIONAL_REPRESENTATION('',(#7036),#7044);
#7036 = ( BOUNDED_CURVE() B_SPLINE_CURVE(2,(#7037,#7038,#7039,#7040,
#7041,#7042,#7043),.UNSPECIFIED.,.T.,.F.) B_SPLINE_CURVE_WITH_KNOTS((1,2
    ,2,2,2,1),(-2.094395102393,0.,2.094395102393,4.188790204786,
6.28318530718,8.377580409573),.UNSPECIFIED.) CURVE() 
GEOMETRIC_REPRESENTATION_ITEM() RATIONAL_B_SPLINE_CURVE((1.,0.5,1.,0.5,
1.,0.5,1.)) REPRESENTATION_ITEM('') );
#7037 = CARTESIAN_POINT('',(19.,0.));
#7038 = CARTESIAN_POINT('',(20.732050807569,0.));
#7039 = CARTESIAN_POINT('',(19.866025403784,-1.5));
#7040 = CARTESIAN_POINT('',(19.,-3.));
#7041 = CARTESIAN_POINT('',(18.133974596216,-1.5));
#7042 = CARTESIAN_POINT('',(17.267949192431,-1.554312234475E-15));
#7043 = CARTESIAN_POINT('',(19.,0.));
#7044 = ( GEOMETRIC_REPRESENTATION_CONTEXT(2) 
PARAMETRIC_REPRESENTATION_CONTEXT() REPRESENTATION_CONTEXT('2D SPACE',''
  ) );
#7045 = PCURVE('',#3773,#7046);
#7046 = DEFINITIONAL_REPRESENTATION('',(#7047),#7051);
#7047 = LINE('',#7048,#7049);
#7048 = CARTESIAN_POINT('',(0.,2.));
#7049 = VECTOR('',#7050,1.);
#7050 = DIRECTION('',(1.,0.));
#7051 = ( GEOMETRIC_REPRESENTATION_CONTEXT(2) 
PARAMETRIC_REPRESENTATION_CONTEXT() REPRESENTATION_CONTEXT('2D SPACE',''
  ) );
#7052 = ORIENTED_EDGE('',*,*,#3729,.F.);
#7053 = ADVANCED_FACE('',(#7054),#3773,.T.);
#7054 = FACE_BOUND('',#7055,.T.);
#7055 = EDGE_LOOP('',(#7056,#7057,#7079,#7080));
#7056 = ORIENTED_EDGE('',*,*,#4094,.F.);
#7057 = ORIENTED_EDGE('',*,*,#7058,.T.);
#7058 = EDGE_CURVE('',#3977,#3758,#7059,.T.);
#7059 = SURFACE_CURVE('',#7060,(#7065,#7072),.PCURVE_S1.);
#7060 = CIRCLE('',#7061,1.);
#7061 = AXIS2_PLACEMENT_3D('',#7062,#7063,#7064);
#7062 = CARTESIAN_POINT('',(210.,219.,19.));
#7063 = DIRECTION('',(-1.,-6.123233995737E-17,0.));
#7064 = DIRECTION('',(6.123233995737E-17,-1.,-0.));
#7065 = PCURVE('',#3773,#7066);
#7066 = DEFINITIONAL_REPRESENTATION('',(#7067),#7071);
#7067 = LINE('',#7068,#7069);
#7068 = CARTESIAN_POINT('',(0.,0.));
#7069 = VECTOR('',#7070,1.);
#7070 = DIRECTION('',(1.,0.));
#7071 = ( GEOMETRIC_REPRESENTATION_CONTEXT(2) 
PARAMETRIC_REPRESENTATION_CONTEXT() REPRESENTATION_CONTEXT('2D SPACE',''
  ) );
#7072 = PCURVE('',#3806,#7073);
#7073 = DEFINITIONAL_REPRESENTATION('',(#7074),#7078);
#7074 = LINE('',#7075,#7076);
#7075 = CARTESIAN_POINT('',(4.712388980385,0.));
#7076 = VECTOR('',#7077,1.);
#7077 = DIRECTION('',(-0.,1.));
#7078 = ( GEOMETRIC_REPRESENTATION_CONTEXT(2) 
PARAMETRIC_REPRESENTATION_CONTEXT() REPRESENTATION_CONTEXT('2D SPACE',''
  ) );
#7079 = ORIENTED_EDGE('',*,*,#3757,.T.);
#7080 = ORIENTED_EDGE('',*,*,#7027,.F.);
#7081 = ADVANCED_FACE('',(#7082),#3806,.T.);
#7082 = FACE_BOUND('',#7083,.T.);
#7083 = EDGE_LOOP('',(#7084,#7085,#7086,#7110));
#7084 = ORIENTED_EDGE('',*,*,#3785,.T.);
#7085 = ORIENTED_EDGE('',*,*,#7058,.F.);
#7086 = ORIENTED_EDGE('',*,*,#7087,.F.);
#7087 = EDGE_CURVE('',#7088,#3977,#7090,.T.);
#7088 = VERTEX_POINT('',#7089);
#7089 = CARTESIAN_POINT('',(218.,226.,19.));
#7090 = SURFACE_CURVE('',#7091,(#7096,#7103),.PCURVE_S1.);
#7091 = CIRCLE('',#7092,8.);
#7092 = AXIS2_PLACEMENT_3D('',#7093,#7094,#7095);
#7093 = CARTESIAN_POINT('',(210.,226.,19.));
#7094 = DIRECTION('',(0.,0.,-1.));
#7095 = DIRECTION('',(1.,0.,0.));
#7096 = PCURVE('',#3806,#7097);
#7097 = DEFINITIONAL_REPRESENTATION('',(#7098),#7102);
#7098 = LINE('',#7099,#7100);
#7099 = CARTESIAN_POINT('',(6.28318530718,0.));
#7100 = VECTOR('',#7101,1.);
#7101 = DIRECTION('',(-1.,0.));
#7102 = ( GEOMETRIC_REPRESENTATION_CONTEXT(2) 
PARAMETRIC_REPRESENTATION_CONTEXT() REPRESENTATION_CONTEXT('2D SPACE',''
  ) );
#7103 = PCURVE('',#3992,#7104);
#7104 = DEFINITIONAL_REPRESENTATION('',(#7105),#7109);
#7105 = LINE('',#7106,#7107);
#7106 = CARTESIAN_POINT('',(6.28318530718,19.));
#7107 = VECTOR('',#7108,1.);
#7108 = DIRECTION('',(-1.,0.));
#7109 = ( GEOMETRIC_REPRESENTATION_CONTEXT(2) 
PARAMETRIC_REPRESENTATION_CONTEXT() REPRESENTATION_CONTEXT('2D SPACE',''
  ) );
#7110 = ORIENTED_EDGE('',*,*,#7111,.T.);
#7111 = EDGE_CURVE('',#7088,#3786,#7112,.T.);
#7112 = SURFACE_CURVE('',#7113,(#7118,#7125),.PCURVE_S1.);
#7113 = CIRCLE('',#7114,1.);
#7114 = AXIS2_PLACEMENT_3D('',#7115,#7116,#7117);
#7115 = CARTESIAN_POINT('',(217.,226.,19.));
#7116 = DIRECTION('',(0.,-1.,-0.));
#7117 = DIRECTION('',(1.,0.,0.));
#7118 = PCURVE('',#3806,#7119);
#7119 = DEFINITIONAL_REPRESENTATION('',(#7120),#7124);
#7120 = LINE('',#7121,#7122);
#7121 = CARTESIAN_POINT('',(6.28318530718,0.));
#7122 = VECTOR('',#7123,1.);
#7123 = DIRECTION('',(-0.,1.));
#7124 = ( GEOMETRIC_REPRESENTATION_CONTEXT(2) 
PARAMETRIC_REPRESENTATION_CONTEXT() REPRESENTATION_CONTEXT('2D SPACE',''
  ) );
#7125 = PCURVE('',#3832,#7126);
#7126 = DEFINITIONAL_REPRESENTATION('',(#7127),#7131);
#7127 = LINE('',#7128,#7129);
#7128 = CARTESIAN_POINT('',(0.,44.));
#7129 = VECTOR('',#7130,1.);
#7130 = DIRECTION('',(1.,0.));
#7131 = ( GEOMETRIC_REPRESENTATION_CONTEXT(2) 
PARAMETRIC_REPRESENTATION_CONTEXT() REPRESENTATION_CONTEXT('2D SPACE',''
  ) );
#7132 = ADVANCED_FACE('',(#7133),#3832,.T.);
#7133 = FACE_BOUND('',#7134,.T.);
#7134 = EDGE_LOOP('',(#7135,#7156,#7157,#7158));
#7135 = ORIENTED_EDGE('',*,*,#7136,.F.);
#7136 = EDGE_CURVE('',#6896,#7088,#7137,.T.);
#7137 = SURFACE_CURVE('',#7138,(#7142,#7149),.PCURVE_S1.);
#7138 = LINE('',#7139,#7140);
#7139 = CARTESIAN_POINT('',(218.,270.,19.));
#7140 = VECTOR('',#7141,1.);
#7141 = DIRECTION('',(-0.,-1.,-0.));
#7142 = PCURVE('',#3832,#7143);
#7143 = DEFINITIONAL_REPRESENTATION('',(#7144),#7148);
#7144 = LINE('',#7145,#7146);
#7145 = CARTESIAN_POINT('',(0.,0.));
#7146 = VECTOR('',#7147,1.);
#7147 = DIRECTION('',(0.,1.));
#7148 = ( GEOMETRIC_REPRESENTATION_CONTEXT(2) 
PARAMETRIC_REPRESENTATION_CONTEXT() REPRESENTATION_CONTEXT('2D SPACE',''
  ) );
#7149 = PCURVE('',#6326,#7150);
#7150 = DEFINITIONAL_REPRESENTATION('',(#7151),#7155);
#7151 = LINE('',#7152,#7153);
#7152 = CARTESIAN_POINT('',(19.,-52.));
#7153 = VECTOR('',#7154,1.);
#7154 = DIRECTION('',(0.,1.));
#7155 = ( GEOMETRIC_REPRESENTATION_CONTEXT(2) 
PARAMETRIC_REPRESENTATION_CONTEXT() REPRESENTATION_CONTEXT('2D SPACE',''
  ) );
#7156 = ORIENTED_EDGE('',*,*,#6919,.T.);
#7157 = ORIENTED_EDGE('',*,*,#3818,.T.);
#7158 = ORIENTED_EDGE('',*,*,#7111,.F.);
#7159 = ADVANCED_FACE('',(#7160),#3911,.T.);
#7160 = FACE_BOUND('',#7161,.T.);
#7161 = EDGE_LOOP('',(#7162,#7163,#7164,#7165));
#7162 = ORIENTED_EDGE('',*,*,#4004,.T.);
#7163 = ORIENTED_EDGE('',*,*,#3847,.T.);
#7164 = ORIENTED_EDGE('',*,*,#4616,.F.);
#7165 = ORIENTED_EDGE('',*,*,#7166,.F.);
#7166 = EDGE_CURVE('',#3975,#4149,#7167,.T.);
#7167 = SURFACE_CURVE('',#7168,(#7172,#7186),.PCURVE_S1.);
#7168 = ( BOUNDED_CURVE() B_SPLINE_CURVE(2,(#7169,#7170,#7171),
.UNSPECIFIED.,.F.,.F.) B_SPLINE_CURVE_WITH_KNOTS((3,3),(0.,
3.916948830329),.PIECEWISE_BEZIER_KNOTS.) CURVE() 
GEOMETRIC_REPRESENTATION_ITEM() RATIONAL_B_SPLINE_CURVE((1.,
0.637529564848,1.)) REPRESENTATION_ITEM('') );
#7169 = CARTESIAN_POINT('',(210.,218.,13.801263571231));
#7170 = CARTESIAN_POINT('',(209.99999999999,218.,13.197035992031));
#7171 = CARTESIAN_POINT('',(210.00000000003,218.59355605394,
    13.31009428802));
#7172 = PCURVE('',#3911,#7173);
#7173 = DEFINITIONAL_REPRESENTATION('',(#7174),#7185);
#7174 = B_SPLINE_CURVE_WITH_KNOTS('',9,(#7175,#7176,#7177,#7178,#7179,
    #7180,#7181,#7182,#7183,#7184),.UNSPECIFIED.,.F.,.F.,(10,10),(0.,
    3.916948830329),.PIECEWISE_BEZIER_KNOTS.);
#7175 = CARTESIAN_POINT('',(6.28318530718,0.));
#7176 = CARTESIAN_POINT('',(6.111979553564,0.));
#7177 = CARTESIAN_POINT('',(5.925262478285,0.));
#7178 = CARTESIAN_POINT('',(5.724225083667,0.));
#7179 = CARTESIAN_POINT('',(5.512275786451,0.));
#7180 = CARTESIAN_POINT('',(5.295076995811,0.));
#7181 = CARTESIAN_POINT('',(5.083127698591,0.));
#7182 = CARTESIAN_POINT('',(4.882090303976,0.));
#7183 = CARTESIAN_POINT('',(4.695373228697,0.));
#7184 = CARTESIAN_POINT('',(4.52416747508,0.));
#7185 = ( GEOMETRIC_REPRESENTATION_CONTEXT(2) 
PARAMETRIC_REPRESENTATION_CONTEXT() REPRESENTATION_CONTEXT('2D SPACE',''
  ) );
#7186 = PCURVE('',#4338,#7187);
#7187 = DEFINITIONAL_REPRESENTATION('',(#7188),#7191);
#7188 = B_SPLINE_CURVE_WITH_KNOTS('',1,(#7189,#7190),.UNSPECIFIED.,.F.,
  .F.,(2,2),(0.,3.916948830329),.PIECEWISE_BEZIER_KNOTS.);
#7189 = CARTESIAN_POINT('',(0.,0.100002698849));
#7190 = CARTESIAN_POINT('',(3.916948830329,0.100002698849));
#7191 = ( GEOMETRIC_REPRESENTATION_CONTEXT(2) 
PARAMETRIC_REPRESENTATION_CONTEXT() REPRESENTATION_CONTEXT('2D SPACE',''
  ) );
#7192 = ADVANCED_FACE('',(#7193),#3992,.T.);
#7193 = FACE_BOUND('',#7194,.T.);
#7194 = EDGE_LOOP('',(#7195,#7310,#7333,#7446,#7447,#7471,#7492,#7493));
#7195 = ORIENTED_EDGE('',*,*,#7196,.F.);
#7196 = EDGE_CURVE('',#7197,#3975,#7199,.T.);
#7197 = VERTEX_POINT('',#7198);
#7198 = CARTESIAN_POINT('',(210.1,218.00062408149,13.801375058679));
#7199 = SURFACE_CURVE('',#7200,(#7291,#7303),.PCURVE_S1.);
#7200 = ( BOUNDED_CURVE() B_SPLINE_CURVE(12,(#7201,#7202,#7203,#7204,
    #7205,#7206,#7207,#7208,#7209,#7210,#7211,#7212,#7213,#7214,#7215,
    #7216,#7217,#7218,#7219,#7220,#7221,#7222,#7223,#7224,#7225,#7226,
    #7227,#7228,#7229,#7230,#7231,#7232,#7233,#7234,#7235,#7236,#7237,
    #7238,#7239,#7240,#7241,#7242,#7243,#7244,#7245,#7246,#7247,#7248,
    #7249,#7250,#7251,#7252,#7253,#7254,#7255,#7256,#7257,#7258,#7259,
    #7260,#7261,#7262,#7263,#7264,#7265,#7266,#7267,#7268,#7269,#7270,
    #7271,#7272,#7273,#7274,#7275,#7276,#7277,#7278,#7279,#7280,#7281,
    #7282,#7283,#7284,#7285,#7286,#7287,#7288,#7289,#7290),
.UNSPECIFIED.,.F.,.F.) B_SPLINE_CURVE_WITH_KNOTS((13,11,11,11,11,11,11,
    11,13),(-3.81694613148,-3.786344968743,-3.755743806006,
    -3.694541480532,-3.572136829584,-3.327327527689,-2.837708923898,
-1.858471716315,0.100002698849),.UNSPECIFIED.) CURVE() 
GEOMETRIC_REPRESENTATION_ITEM() RATIONAL_B_SPLINE_CURVE((1.,1.,1.,1.,1.,
    1.,1.,1.,1.,1.,1.,1.,1.,0.999999999999,1.000000000001,0.999999999997
    ,1.000000000004,0.999999999996,1.000000000003,0.999999999998,
    1.000000000001,1.,1.,1.,1.000000000001,0.999999999999,1.000000000003
    ,0.999999999996,1.000000000004,0.999999999996,1.000000000003,
    0.999999999999,1.,1.,1.,1.,0.999999999999,1.000000000001,
    0.999999999998,1.000000000002,0.999999999999,1.000000000001,1.,1.,1.
    ,1.,1.000000000001,0.999999999997,1.000000000005,0.999999999993,
    1.000000000007,0.999999999994,1.000000000004,0.999999999998,
    1.000000000001,1.,1.,0.999999999999,1.000000000001,0.999999999997,
    1.000000000004,0.999999999996,1.000000000003,0.999999999998,
    1.000000000001,1.,1.,1.,1.,1.,1.,1.,1.,1.,1.,1.,1.,1.,1.,1.,1.,1.,
    0.999999999999,1.000000000001,0.999999999999,1.000000000001,1.,1.,1.
,1.)) REPRESENTATION_ITEM('') );
#7201 = CARTESIAN_POINT('',(218.,226.,15.229835007322));
#7202 = CARTESIAN_POINT('',(218.,225.8179638965,15.219712345607));
#7203 = CARTESIAN_POINT('',(217.99550000373,225.69028259829,
    15.199253707242));
#7204 = CARTESIAN_POINT('',(217.99073766458,225.56428293916,
    15.18851105136));
#7205 = CARTESIAN_POINT('',(217.9834231593,225.47042739112,
    15.165865194852));
#7206 = CARTESIAN_POINT('',(217.97721941556,225.36106561109,
    15.159949746585));
#7207 = CARTESIAN_POINT('',(217.96850090765,225.28427906213,
    15.137432547742));
#7208 = CARTESIAN_POINT('',(217.960967228,225.19135188839,
    15.130376766634));
#7209 = CARTESIAN_POINT('',(217.95195764344,225.11765885531,
    15.113855883299));
#7210 = CARTESIAN_POINT('',(217.94317891701,225.04068220592,
    15.102877993705));
#7211 = CARTESIAN_POINT('',(217.93392855137,224.96982504683,
    15.09050689813));
#7212 = CARTESIAN_POINT('',(217.92448814582,224.9014160349,
    15.078965122064));
#7213 = CARTESIAN_POINT('',(217.90518398386,224.77017672696,
    15.056519545093));
#7214 = CARTESIAN_POINT('',(217.89532646874,224.70726520776,
    15.045664586298));
#7215 = CARTESIAN_POINT('',(217.88529134753,224.6467426173,
    15.035145032647));
#7216 = CARTESIAN_POINT('',(217.87510176688,224.58834334011,
    15.024932645554));
#7217 = CARTESIAN_POINT('',(217.86477679686,224.5318484214,
    15.015002923964));
#7218 = CARTESIAN_POINT('',(217.85433203561,224.47707863724,
    15.005334655913));
#7219 = CARTESIAN_POINT('',(217.84378021427,224.42388756468,
    14.995909470097));
#7220 = CARTESIAN_POINT('',(217.83313180157,224.37215465188,
    14.986711387426));
#7221 = CARTESIAN_POINT('',(217.82239560876,224.32177828833,
    14.977726372605));
#7222 = CARTESIAN_POINT('',(217.81157939426,224.27266887489,
    14.968941885681));
#7223 = CARTESIAN_POINT('',(217.80069046851,224.22474189403,
    14.96034643362));
#7224 = CARTESIAN_POINT('',(217.76782795899,224.08424915168,
    14.935094498354));
#7225 = CARTESIAN_POINT('',(217.74565796976,223.99497947785,
    14.918971429825));
#7226 = CARTESIAN_POINT('',(217.72327315565,223.90955905478,
    14.903481923066));
#7227 = CARTESIAN_POINT('',(217.70071205798,223.82753965983,
    14.888560416347));
#7228 = CARTESIAN_POINT('',(217.67800603238,223.74855522529,
    14.874152222298));
#7229 = CARTESIAN_POINT('',(217.6551803464,223.67230931229,
    14.860211970788));
#7230 = CARTESIAN_POINT('',(217.63225527728,223.59856258476,
    14.846702051808));
#7231 = CARTESIAN_POINT('',(217.60924720945,223.52712028334,
    14.833591058347));
#7232 = CARTESIAN_POINT('',(217.58616973239,223.4578196993,
    14.820852229277));
#7233 = CARTESIAN_POINT('',(217.56303473811,223.39051764848,
    14.808461892228));
#7234 = CARTESIAN_POINT('',(217.53985351894,223.32507794522,
    14.796397906471));
#7235 = CARTESIAN_POINT('',(217.4702065575,223.13392073844,
    14.761118504453));
#7236 = CARTESIAN_POINT('',(217.4236334227,223.01341176006,
    14.738820659754));
#7237 = CARTESIAN_POINT('',(217.37699382778,222.89891440513,
    14.717592295084));
#7238 = CARTESIAN_POINT('',(217.33034538647,222.78971598291,
    14.69731344153));
#7239 = CARTESIAN_POINT('',(217.28373237924,222.68525795664,
    14.677888710886));
#7240 = CARTESIAN_POINT('',(217.23718941706,222.58509390651,
    14.65924086128));
#7241 = CARTESIAN_POINT('',(217.1907443491,222.48885614692,
    14.641305655349));
#7242 = CARTESIAN_POINT('',(217.1444204143,222.39623099807,
    14.624028011069));
#7243 = CARTESIAN_POINT('',(217.09823763664,222.30694271178,
    14.607359445116));
#7244 = CARTESIAN_POINT('',(217.0522134645,222.22074605161,
    14.591256808875));
#7245 = CARTESIAN_POINT('',(217.00636265364,222.1374275273,
    14.575682317001));
#7246 = CARTESIAN_POINT('',(216.86936387519,221.89559079591,
    14.530449971826));
#7247 = CARTESIAN_POINT('',(216.77877236583,221.74515927087,
    14.502278376485));
#7248 = CARTESIAN_POINT('',(216.68901722009,221.60407967325,
    14.475832567381));
#7249 = CARTESIAN_POINT('',(216.60016704622,221.47123037556,
    14.450910741359));
#7250 = CARTESIAN_POINT('',(216.51227046685,221.34572997093,
    14.427353209937));
#7251 = CARTESIAN_POINT('',(216.42536171604,221.22687164312,
    14.405031108689));
#7252 = CARTESIAN_POINT('',(216.33946507307,221.11407109342,
    14.3838374134));
#7253 = CARTESIAN_POINT('',(216.25459813302,221.00682802473,
    14.363680262992));
#7254 = CARTESIAN_POINT('',(216.17077391424,220.9047011824,
    14.344478589212));
#7255 = CARTESIAN_POINT('',(216.08800180248,220.80729695232,
    14.3261600531));
#7256 = CARTESIAN_POINT('',(216.00628733196,220.71427151576,
    14.308661288213));
#7257 = CARTESIAN_POINT('',(215.76431774551,220.44749665273,
    14.258468775454));
#7258 = CARTESIAN_POINT('',(215.60724075149,220.28599836233,
    14.228070196336));
#7259 = CARTESIAN_POINT('',(215.45441150108,220.13851937993,
    14.20030289033));
#7260 = CARTESIAN_POINT('',(215.30580470018,220.00323103201,
    14.174827199049));
#7261 = CARTESIAN_POINT('',(215.16136805647,219.87868542268,
    14.151373323009));
#7262 = CARTESIAN_POINT('',(215.02103053637,219.76371350486,
    14.129722798815));
#7263 = CARTESIAN_POINT('',(214.88470890314,219.65734408183,
    14.109693759181));
#7264 = CARTESIAN_POINT('',(214.75231253603,219.55874373909,
    14.091129975803));
#7265 = CARTESIAN_POINT('',(214.62374653059,219.46717770659,
    14.073893685063));
#7266 = CARTESIAN_POINT('',(214.49891308008,219.3819916513,
    14.057862196581));
#7267 = CARTESIAN_POINT('',(214.37771113791,219.30261440013,
    14.042928284604));
#7268 = CARTESIAN_POINT('',(214.02468080813,219.08051597923,
    14.001156517499));
#7269 = CARTESIAN_POINT('',(213.80343412985,218.95375021532,
    13.977334523023));
#7270 = CARTESIAN_POINT('',(213.59545785307,218.84440774813,
    13.956809145328));
#7271 = CARTESIAN_POINT('',(213.39989953232,218.74948055093,
    13.939013879848));
#7272 = CARTESIAN_POINT('',(213.21590608504,218.66662468013,
    13.923506706164));
#7273 = CARTESIAN_POINT('',(213.04263648124,218.59398972639,
    13.909938167778));
#7274 = CARTESIAN_POINT('',(212.8792717876,218.53008216017,
    13.898025776421));
#7275 = CARTESIAN_POINT('',(212.72502256627,218.47366257197,
    13.887534740882));
#7276 = CARTESIAN_POINT('',(212.57913362822,218.42367680697,
    13.878265020381));
#7277 = CARTESIAN_POINT('',(212.44088614114,218.37922099429,
    13.870044702465));
#7278 = CARTESIAN_POINT('',(212.309597092,218.33954047074,
    13.862729705439));
#7279 = CARTESIAN_POINT('',(211.93465412837,218.23310685599,
    13.843170005119));
#7280 = CARTESIAN_POINT('',(211.70994918166,218.17887464993,
    13.833293884877));
#7281 = CARTESIAN_POINT('',(211.5052536826,218.13643262839,
    13.825637941961));
#7282 = CARTESIAN_POINT('',(211.31605981012,218.10258746117,
    13.819576511836));
#7283 = CARTESIAN_POINT('',(211.13842311942,218.07526646506,
    13.814701005236));
#7284 = CARTESIAN_POINT('',(210.96889345992,218.0531148038,
    13.810749587593));
#7285 = CARTESIAN_POINT('',(210.80452390155,218.03525637112,
    13.807560539028));
#7286 = CARTESIAN_POINT('',(210.64292837542,218.02116546329,
    13.805042533169));
#7287 = CARTESIAN_POINT('',(210.48235873526,218.01059634937,
    13.803155073081));
#7288 = CARTESIAN_POINT('',(210.32177194575,218.0035178453,
    13.801892322584));
#7289 = CARTESIAN_POINT('',(210.16085810394,218.,13.801263571231));
#7290 = CARTESIAN_POINT('',(210.,218.,13.801263571231));
#7291 = PCURVE('',#3992,#7292);
#7292 = DEFINITIONAL_REPRESENTATION('',(#7293),#7302);
#7293 = B_SPLINE_CURVE_WITH_KNOTS('',7,(#7294,#7295,#7296,#7297,#7298,
    #7299,#7300,#7301),.UNSPECIFIED.,.F.,.F.,(8,8),(-1.45637912041E-03,
    0.100002698849),.PIECEWISE_BEZIER_KNOTS.);
#7294 = CARTESIAN_POINT('',(4.724889227618,13.801375058678));
#7295 = CARTESIAN_POINT('',(4.723103482889,13.801343193094));
#7296 = CARTESIAN_POINT('',(4.721318228387,13.801316651142));
#7297 = CARTESIAN_POINT('',(4.719531382503,13.801295397825));
#7298 = CARTESIAN_POINT('',(4.717746702949,13.801279493568));
#7299 = CARTESIAN_POINT('',(4.715960289406,13.801268872162));
#7300 = CARTESIAN_POINT('',(4.714174683159,13.801263571231));
#7301 = CARTESIAN_POINT('',(4.712388980385,13.801263571231));
#7302 = ( GEOMETRIC_REPRESENTATION_CONTEXT(2) 
PARAMETRIC_REPRESENTATION_CONTEXT() REPRESENTATION_CONTEXT('2D SPACE',''
  ) );
#7303 = PCURVE('',#4338,#7304);
#7304 = DEFINITIONAL_REPRESENTATION('',(#7305),#7309);
#7305 = LINE('',#7306,#7307);
#7306 = CARTESIAN_POINT('',(0.,0.));
#7307 = VECTOR('',#7308,1.);
#7308 = DIRECTION('',(0.,1.));
#7309 = ( GEOMETRIC_REPRESENTATION_CONTEXT(2) 
PARAMETRIC_REPRESENTATION_CONTEXT() REPRESENTATION_CONTEXT('2D SPACE',''
  ) );
#7310 = ORIENTED_EDGE('',*,*,#7311,.T.);
#7311 = EDGE_CURVE('',#7197,#7312,#7314,.T.);
#7312 = VERTEX_POINT('',#7313);
#7313 = CARTESIAN_POINT('',(210.1,218.00062408019,4.198624941549));
#7314 = SURFACE_CURVE('',#7315,(#7319,#7326),.PCURVE_S1.);
#7315 = LINE('',#7316,#7317);
#7316 = CARTESIAN_POINT('',(210.1,218.00062408149,13.801375058679));
#7317 = VECTOR('',#7318,1.);
#7318 = DIRECTION('',(0.,-1.357872660793E-10,-1.));
#7319 = PCURVE('',#3992,#7320);
#7320 = DEFINITIONAL_REPRESENTATION('',(#7321),#7325);
#7321 = LINE('',#7322,#7323);
#7322 = CARTESIAN_POINT('',(4.724889305929,13.801375058678));
#7323 = VECTOR('',#7324,1.);
#7324 = DIRECTION('',(-0.,-1.));
#7325 = ( GEOMETRIC_REPRESENTATION_CONTEXT(2) 
PARAMETRIC_REPRESENTATION_CONTEXT() REPRESENTATION_CONTEXT('2D SPACE',''
  ) );
#7326 = PCURVE('',#4136,#7327);
#7327 = DEFINITIONAL_REPRESENTATION('',(#7328),#7332);
#7328 = LINE('',#7329,#7330);
#7329 = CARTESIAN_POINT('',(4.801375058679,5.25689740719));
#7330 = VECTOR('',#7331,1.);
#7331 = DIRECTION('',(-1.,1.357872660793E-10));
#7332 = ( GEOMETRIC_REPRESENTATION_CONTEXT(2) 
PARAMETRIC_REPRESENTATION_CONTEXT() REPRESENTATION_CONTEXT('2D SPACE',''
  ) );
#7333 = ORIENTED_EDGE('',*,*,#7334,.F.);
#7334 = EDGE_CURVE('',#5485,#7312,#7335,.T.);
#7335 = SURFACE_CURVE('',#7336,(#7427,#7439),.PCURVE_S1.);
#7336 = ( BOUNDED_CURVE() B_SPLINE_CURVE(12,(#7337,#7338,#7339,#7340,
    #7341,#7342,#7343,#7344,#7345,#7346,#7347,#7348,#7349,#7350,#7351,
    #7352,#7353,#7354,#7355,#7356,#7357,#7358,#7359,#7360,#7361,#7362,
    #7363,#7364,#7365,#7366,#7367,#7368,#7369,#7370,#7371,#7372,#7373,
    #7374,#7375,#7376,#7377,#7378,#7379,#7380,#7381,#7382,#7383,#7384,
    #7385,#7386,#7387,#7388,#7389,#7390,#7391,#7392,#7393,#7394,#7395,
    #7396,#7397,#7398,#7399,#7400,#7401,#7402,#7403,#7404,#7405,#7406,
    #7407,#7408,#7409,#7410,#7411,#7412,#7413,#7414,#7415,#7416,#7417,
    #7418,#7419,#7420,#7421,#7422,#7423,#7424,#7425,#7426),
.UNSPECIFIED.,.F.,.F.) B_SPLINE_CURVE_WITH_KNOTS((13,11,11,11,11,11,11,
    11,13),(461.84480172992,463.80327598854,464.78251311785,
    465.27213168251,465.51694096483,465.639345606,465.70054792658,
465.73114908687,465.76175024716),.UNSPECIFIED.) CURVE() 
GEOMETRIC_REPRESENTATION_ITEM() RATIONAL_B_SPLINE_CURVE((1.,1.,1.,1.,1.,
    1.,1.,1.,1.,1.,1.,1.,1.,1.,1.000000000001,0.999999999999,
    1.000000000002,0.999999999998,1.000000000001,0.999999999999,1.,1.,1.
    ,1.,0.999999999999,1.000000000002,0.999999999997,1.000000000005,
    0.999999999995,1.000000000005,0.999999999997,1.000000000002,
    0.999999999999,1.,1.,1.,1.,1.000000000001,0.999999999999,
    1.000000000002,0.999999999998,1.000000000001,0.999999999999,1.,1.,1.
    ,0.999999999999,1.000000000002,0.999999999996,1.000000000005,
    0.999999999994,1.000000000005,0.999999999997,1.000000000002,
    0.999999999999,1.,1.,1.,1.,0.999999999999,1.000000000001,
    0.999999999998,1.000000000002,0.999999999999,1.000000000001,1.,1.,1.
    ,1.,1.,0.999999999999,1.000000000001,0.999999999999,1.000000000001,
    0.999999999999,1.,1.,1.,1.,1.,1.000000000001,0.999999999998,
    1.000000000003,0.999999999997,1.000000000003,0.999999999998,
1.000000000001,1.,1.,1.)) REPRESENTATION_ITEM('') );
#7337 = CARTESIAN_POINT('',(210.,218.,4.198736428769));
#7338 = CARTESIAN_POINT('',(210.16085809139,218.,4.198736428769));
#7339 = CARTESIAN_POINT('',(210.32177203974,218.00351782868,
    4.198107680334));
#7340 = CARTESIAN_POINT('',(210.48236005923,218.01059637355,
    4.196844922557));
#7341 = CARTESIAN_POINT('',(210.64293163719,218.02116562138,
    4.194957438782));
#7342 = CARTESIAN_POINT('',(210.80452915554,218.03525676271,
    4.19243939147));
#7343 = CARTESIAN_POINT('',(210.96890039833,218.05311551638,
    4.189250285354));
#7344 = CARTESIAN_POINT('',(211.13843143294,218.07526756497,
    4.185298797262));
#7345 = CARTESIAN_POINT('',(211.31606935319,218.10258899342,
    4.180423210862));
#7346 = CARTESIAN_POINT('',(211.50526437175,218.13643462136,
    4.174361694778));
#7347 = CARTESIAN_POINT('',(211.70996075021,218.17887712171,
    4.166705662294));
#7348 = CARTESIAN_POINT('',(211.93466605428,218.23310981606,
    4.156829451082));
#7349 = CARTESIAN_POINT('',(212.30960930612,218.33954415058,
    4.13726961628));
#7350 = CARTESIAN_POINT('',(212.44089838312,218.37922491229,
    4.129954574733));
#7351 = CARTESIAN_POINT('',(212.57914583101,218.42368095979,
    4.121734212894));
#7352 = CARTESIAN_POINT('',(212.72503466444,218.47366695455,
    4.112464449378));
#7353 = CARTESIAN_POINT('',(212.87928371768,218.53008676564,
    4.101973372066));
#7354 = CARTESIAN_POINT('',(213.04264818199,218.59399454592,
    4.090060940536));
#7355 = CARTESIAN_POINT('',(213.21591749763,218.66662970277,
    4.07649236398));
#7356 = CARTESIAN_POINT('',(213.39991060041,218.74948576334,
    4.060985154582));
#7357 = CARTESIAN_POINT('',(213.59546852287,218.84441313417,
    4.043189856387));
#7358 = CARTESIAN_POINT('',(213.80344435005,218.95375575556,
    4.022664449624));
#7359 = CARTESIAN_POINT('',(214.02469052985,219.08052165017,
    3.998842430519));
#7360 = CARTESIAN_POINT('',(214.37772004197,219.30262022446,
    3.957070634594));
#7361 = CARTESIAN_POINT('',(214.49892169992,219.38199751961,
    3.942136714369));
#7362 = CARTESIAN_POINT('',(214.62375485485,219.46718361115,
    3.926105219115));
#7363 = CARTESIAN_POINT('',(214.7523205536,219.55874967145,3.90886892322
    ));
#7364 = CARTESIAN_POINT('',(214.88471660319,219.65735003273,
    3.890305136463));
#7365 = CARTESIAN_POINT('',(215.02103790831,219.76371946414,
    3.870276095404));
#7366 = CARTESIAN_POINT('',(215.16137508994,219.87869137919,
    3.848625571935));
#7367 = CARTESIAN_POINT('',(215.30581138506,220.00323697343,
    3.825171698997));
#7368 = CARTESIAN_POINT('',(215.45441782744,220.13852529259,
    3.799696013467));
#7369 = CARTESIAN_POINT('',(215.60724670958,220.28600423089,
    3.771928716192));
#7370 = CARTESIAN_POINT('',(215.76432332576,220.44750245973,
    3.741530149207));
#7371 = CARTESIAN_POINT('',(216.00629233129,220.71427720026,
    3.691337660549));
#7372 = CARTESIAN_POINT('',(216.08800660582,220.80730259094,
    3.673838904683));
#7373 = CARTESIAN_POINT('',(216.17077851924,220.90470676979,
    3.655520378641));
#7374 = CARTESIAN_POINT('',(216.25460253736,221.00683355514,
    3.636318716061));
#7375 = CARTESIAN_POINT('',(216.33946927442,221.11407656065,
    3.616161578072));
#7376 = CARTESIAN_POINT('',(216.42536571213,221.22687704046,
    3.594967896526));
#7377 = CARTESIAN_POINT('',(216.51227425537,221.34573529112,
    3.572645810458));
#7378 = CARTESIAN_POINT('',(216.6001706249,221.47123561064,
    3.549088295793));
#7379 = CARTESIAN_POINT('',(216.68902058666,221.60408481449,
    3.524166488267));
#7380 = CARTESIAN_POINT('',(216.77877551801,221.7451643085,3.49772069961
    ));
#7381 = CARTESIAN_POINT('',(216.86936681072,221.89559571885,
    3.469549126944));
#7382 = CARTESIAN_POINT('',(217.00636526076,222.13743225903,
    3.424316819657));
#7383 = CARTESIAN_POINT('',(217.05221596159,222.22075071638,
    3.408742341062));
#7384 = CARTESIAN_POINT('',(217.09824002313,222.3069473062,
    3.392639718789));
#7385 = CARTESIAN_POINT('',(217.14442268961,222.39623551848,
    3.375971167552));
#7386 = CARTESIAN_POINT('',(217.19074651268,222.48886058935,
    3.358693538794));
#7387 = CARTESIAN_POINT('',(217.2371914683,222.58509826665,3.34075834927
    ));
#7388 = CARTESIAN_POINT('',(217.28373431761,222.68526222982,
    3.32211051703));
#7389 = CARTESIAN_POINT('',(217.33034721137,222.78972016399,
    3.302685804819));
#7390 = CARTESIAN_POINT('',(217.37699553863,222.8989184884,
    3.282406970878));
#7391 = CARTESIAN_POINT('',(217.42363501894,223.0134157391,
    3.261178627165));
#7392 = CARTESIAN_POINT('',(217.47020803854,223.13392460587,
    3.238880804973));
#7393 = CARTESIAN_POINT('',(217.53985482632,223.32508163229,
    3.203601439463));
#7394 = CARTESIAN_POINT('',(217.56303598746,223.39052127329,
    3.191537466327));
#7395 = CARTESIAN_POINT('',(217.58617092357,223.45782325951,
    3.179147142399));
#7396 = CARTESIAN_POINT('',(217.60924834232,223.52712377642,
    3.166408326991));
#7397 = CARTESIAN_POINT('',(217.63225635168,223.59856600796,
    3.153297347781));
#7398 = CARTESIAN_POINT('',(217.65518136222,223.67231266265,
    3.139787443689));
#7399 = CARTESIAN_POINT('',(217.67800698945,223.74855849954,
    3.125847207768));
#7400 = CARTESIAN_POINT('',(217.70071295619,223.82754285439,
    3.111439030091));
#7401 = CARTESIAN_POINT('',(217.72327399485,223.90956216556,
    3.096517540632));
#7402 = CARTESIAN_POINT('',(217.74565874984,223.99498250017,
    3.081028052155));
#7403 = CARTESIAN_POINT('',(217.76782867985,224.08425208012,
    3.064905003099));
#7404 = CARTESIAN_POINT('',(217.80069110039,224.22474467208,
    3.039653099149));
#7405 = CARTESIAN_POINT('',(217.81157999646,224.27267160123,
    3.031057657876));
#7406 = CARTESIAN_POINT('',(217.82239618125,224.32178096121,
    3.022273182126));
#7407 = CARTESIAN_POINT('',(217.83313234435,224.37215726938,
    3.013288178898));
#7408 = CARTESIAN_POINT('',(217.84378072732,224.42389012472,
    3.004090108278));
#7409 = CARTESIAN_POINT('',(217.85433251894,224.47708113757,
    2.994664935011));
#7410 = CARTESIAN_POINT('',(217.86477725044,224.53185085954,
    2.984996680058));
#7411 = CARTESIAN_POINT('',(217.87510219074,224.58834571325,
    2.975066972182));
#7412 = CARTESIAN_POINT('',(217.88529174168,224.64674492229,
    2.964854599497));
#7413 = CARTESIAN_POINT('',(217.89532683322,224.70726744093,
    2.954335061052));
#7414 = CARTESIAN_POINT('',(217.90518431873,224.77017888403,
    2.943480118388));
#7415 = CARTESIAN_POINT('',(217.92448842164,224.90141802965,
    2.921034575835));
#7416 = CARTESIAN_POINT('',(217.93392879787,224.9698269538,
    2.909492817015));
#7417 = CARTESIAN_POINT('',(217.9431791334,225.04068403227,
    2.897121749035));
#7418 = CARTESIAN_POINT('',(217.9519578338,225.117660538,2.886143849723)
  );
#7419 = CARTESIAN_POINT('',(217.96096738176,225.19135357315,
    2.869623064879));
#7420 = CARTESIAN_POINT('',(217.9685010465,225.28428043429,
    2.862567175718));
#7421 = CARTESIAN_POINT('',(217.97721950824,225.36106710838,
    2.840050178194));
#7422 = CARTESIAN_POINT('',(217.98342324323,225.47042847453,
    2.834134585226));
#7423 = CARTESIAN_POINT('',(217.99073770686,225.56428406555,
    2.811488903304));
#7424 = CARTESIAN_POINT('',(217.99550003274,225.6902833547,2.80074619394
    ));
#7425 = CARTESIAN_POINT('',(218.,225.81796448934,2.780287662486));
#7426 = CARTESIAN_POINT('',(218.,226.,2.770165000727));
#7427 = PCURVE('',#3992,#7428);
#7428 = DEFINITIONAL_REPRESENTATION('',(#7429),#7438);
#7429 = B_SPLINE_CURVE_WITH_KNOTS('',7,(#7430,#7431,#7432,#7433,#7434,
    #7435,#7436,#7437),.UNSPECIFIED.,.F.,.F.,(8,8),(461.84480172992,
    461.94626075991),.PIECEWISE_BEZIER_KNOTS.);
#7430 = CARTESIAN_POINT('',(4.712388980385,4.198736428769));
#7431 = CARTESIAN_POINT('',(4.714174682318,4.198736428769));
#7432 = CARTESIAN_POINT('',(4.715960294958,4.198731127836));
#7433 = CARTESIAN_POINT('',(4.717746694197,4.198720506537));
#7434 = CARTESIAN_POINT('',(4.719531382356,4.198704602293));
#7435 = CARTESIAN_POINT('',(4.721318226478,4.198683349035));
#7436 = CARTESIAN_POINT('',(4.723103481661,4.198656807119));
#7437 = CARTESIAN_POINT('',(4.724889227617,4.198624941549));
#7438 = ( GEOMETRIC_REPRESENTATION_CONTEXT(2) 
PARAMETRIC_REPRESENTATION_CONTEXT() REPRESENTATION_CONTEXT('2D SPACE',''
  ) );
#7439 = PCURVE('',#5122,#7440);
#7440 = DEFINITIONAL_REPRESENTATION('',(#7441),#7445);
#7441 = LINE('',#7442,#7443);
#7442 = CARTESIAN_POINT('',(-2.43787892766E-11,0.));
#7443 = VECTOR('',#7444,1.);
#7444 = DIRECTION('',(5.277792261163E-14,1.));
#7445 = ( GEOMETRIC_REPRESENTATION_CONTEXT(2) 
PARAMETRIC_REPRESENTATION_CONTEXT() REPRESENTATION_CONTEXT('2D SPACE',''
  ) );
#7446 = ORIENTED_EDGE('',*,*,#5482,.F.);
#7447 = ORIENTED_EDGE('',*,*,#7448,.F.);
#7448 = EDGE_CURVE('',#7449,#5483,#7451,.T.);
#7449 = VERTEX_POINT('',#7450);
#7450 = CARTESIAN_POINT('',(218.,226.,0.5));
#7451 = SURFACE_CURVE('',#7452,(#7457,#7464),.PCURVE_S1.);
#7452 = CIRCLE('',#7453,8.);
#7453 = AXIS2_PLACEMENT_3D('',#7454,#7455,#7456);
#7454 = CARTESIAN_POINT('',(210.,226.,0.5));
#7455 = DIRECTION('',(0.,0.,-1.));
#7456 = DIRECTION('',(1.,0.,0.));
#7457 = PCURVE('',#3992,#7458);
#7458 = DEFINITIONAL_REPRESENTATION('',(#7459),#7463);
#7459 = LINE('',#7460,#7461);
#7460 = CARTESIAN_POINT('',(6.28318530718,0.5));
#7461 = VECTOR('',#7462,1.);
#7462 = DIRECTION('',(-1.,0.));
#7463 = ( GEOMETRIC_REPRESENTATION_CONTEXT(2) 
PARAMETRIC_REPRESENTATION_CONTEXT() REPRESENTATION_CONTEXT('2D SPACE',''
  ) );
#7464 = PCURVE('',#5599,#7465);
#7465 = DEFINITIONAL_REPRESENTATION('',(#7466),#7470);
#7466 = LINE('',#7467,#7468);
#7467 = CARTESIAN_POINT('',(0.,0.));
#7468 = VECTOR('',#7469,1.);
#7469 = DIRECTION('',(1.,0.));
#7470 = ( GEOMETRIC_REPRESENTATION_CONTEXT(2) 
PARAMETRIC_REPRESENTATION_CONTEXT() REPRESENTATION_CONTEXT('2D SPACE',''
  ) );
#7471 = ORIENTED_EDGE('',*,*,#7472,.T.);
#7472 = EDGE_CURVE('',#7449,#7088,#7473,.T.);
#7473 = SURFACE_CURVE('',#7474,(#7478,#7485),.PCURVE_S1.);
#7474 = LINE('',#7475,#7476);
#7475 = CARTESIAN_POINT('',(218.,226.,0.));
#7476 = VECTOR('',#7477,1.);
#7477 = DIRECTION('',(0.,0.,1.));
#7478 = PCURVE('',#3992,#7479);
#7479 = DEFINITIONAL_REPRESENTATION('',(#7480),#7484);
#7480 = LINE('',#7481,#7482);
#7481 = CARTESIAN_POINT('',(6.28318530718,0.));
#7482 = VECTOR('',#7483,1.);
#7483 = DIRECTION('',(-0.,1.));
#7484 = ( GEOMETRIC_REPRESENTATION_CONTEXT(2) 
PARAMETRIC_REPRESENTATION_CONTEXT() REPRESENTATION_CONTEXT('2D SPACE',''
  ) );
#7485 = PCURVE('',#6326,#7486);
#7486 = DEFINITIONAL_REPRESENTATION('',(#7487),#7491);
#7487 = LINE('',#7488,#7489);
#7488 = CARTESIAN_POINT('',(0.,-8.));
#7489 = VECTOR('',#7490,1.);
#7490 = DIRECTION('',(1.,0.));
#7491 = ( GEOMETRIC_REPRESENTATION_CONTEXT(2) 
PARAMETRIC_REPRESENTATION_CONTEXT() REPRESENTATION_CONTEXT('2D SPACE',''
  ) );
#7492 = ORIENTED_EDGE('',*,*,#7087,.T.);
#7493 = ORIENTED_EDGE('',*,*,#3974,.F.);
#7494 = ADVANCED_FACE('',(#7495),#4136,.F.);
#7495 = FACE_BOUND('',#7496,.F.);
#7496 = EDGE_LOOP('',(#7497,#7498,#7576,#7577,#7655,#7656,#7657,#7658));
#7497 = ORIENTED_EDGE('',*,*,#4118,.T.);
#7498 = ORIENTED_EDGE('',*,*,#7499,.F.);
#7499 = EDGE_CURVE('',#7197,#4121,#7500,.T.);
#7500 = SURFACE_CURVE('',#7501,(#7524,#7550),.PCURVE_S1.);
#7501 = B_SPLINE_CURVE_WITH_KNOTS('',6,(#7502,#7503,#7504,#7505,#7506,
    #7507,#7508,#7509,#7510,#7511,#7512,#7513,#7514,#7515,#7516,#7517,
    #7518,#7519,#7520,#7521,#7522,#7523),.UNSPECIFIED.,.F.,.F.,(7,5,5,5,
    7),(0.,0.249395282973,0.499998520267,0.750602772664,1.),
  .UNSPECIFIED.);
#7502 = CARTESIAN_POINT('',(210.1,218.00062408149,13.801375058679));
#7503 = CARTESIAN_POINT('',(210.1,218.00062408734,13.769169136342));
#7504 = CARTESIAN_POINT('',(210.1,218.0031137196,13.735835066047));
#7505 = CARTESIAN_POINT('',(210.1,218.00841921197,13.701661007858));
#7506 = CARTESIAN_POINT('',(210.1,218.01683396059,13.667049654813));
#7507 = CARTESIAN_POINT('',(210.1,218.0285426443,13.632529435514));
#7508 = CARTESIAN_POINT('',(210.1,218.05864958606,13.564648835287));
#7509 = CARTESIAN_POINT('',(210.1,218.07708069999,13.531293725511));
#7510 = CARTESIAN_POINT('',(210.1,218.09886830242,13.499185398849));
#7511 = CARTESIAN_POINT('',(210.1,218.12386024739,13.468946780576));
#7512 = CARTESIAN_POINT('',(210.1,218.15169199636,13.441139091338));
#7513 = CARTESIAN_POINT('',(210.1,218.21204923452,13.391198138907));
#7514 = CARTESIAN_POINT('',(210.1,218.2445761097,13.369063767591));
#7515 = CARTESIAN_POINT('',(210.1,218.27895972236,13.350173753904));
#7516 = CARTESIAN_POINT('',(210.1,218.3145805045,13.334781123908));
#7517 = CARTESIAN_POINT('',(210.1,218.3507980352,13.32291873496));
#7518 = CARTESIAN_POINT('',(210.1,218.42311894362,13.30604834122));
#7519 = CARTESIAN_POINT('',(210.1,218.45922328977,13.301007102861));
#7520 = CARTESIAN_POINT('',(210.1,218.49480080371,13.299218411522));
#7521 = CARTESIAN_POINT('',(210.1,218.52936692514,13.300401980105));
#7522 = CARTESIAN_POINT('',(210.1,218.56258094985,13.304194268194));
#7523 = CARTESIAN_POINT('',(210.1,218.59422082976,13.310220911985));
#7524 = PCURVE('',#4136,#7525);
#7525 = DEFINITIONAL_REPRESENTATION('',(#7526),#7549);
#7526 = B_SPLINE_CURVE_WITH_KNOTS('',6,(#7527,#7528,#7529,#7530,#7531,
    #7532,#7533,#7534,#7535,#7536,#7537,#7538,#7539,#7540,#7541,#7542,
    #7543,#7544,#7545,#7546,#7547,#7548),.UNSPECIFIED.,.F.,.F.,(7,5,5,5,
    7),(0.,0.249395282973,0.499998520267,0.750602772664,1.),
  .UNSPECIFIED.);
#7527 = CARTESIAN_POINT('',(4.801375058679,5.25689740719));
#7528 = CARTESIAN_POINT('',(4.769169136342,5.25689740134));
#7529 = CARTESIAN_POINT('',(4.735835066047,5.25440776908));
#7530 = CARTESIAN_POINT('',(4.701661007858,5.24910227671));
#7531 = CARTESIAN_POINT('',(4.667049654813,5.24068752809));
#7532 = CARTESIAN_POINT('',(4.632529435514,5.22897884438));
#7533 = CARTESIAN_POINT('',(4.564648835287,5.19887190262));
#7534 = CARTESIAN_POINT('',(4.531293725511,5.18044078869));
#7535 = CARTESIAN_POINT('',(4.499185398849,5.15865318626));
#7536 = CARTESIAN_POINT('',(4.468946780576,5.13366124129));
#7537 = CARTESIAN_POINT('',(4.441139091338,5.10582949232));
#7538 = CARTESIAN_POINT('',(4.391198138907,5.04547225416));
#7539 = CARTESIAN_POINT('',(4.369063767591,5.01294537898));
#7540 = CARTESIAN_POINT('',(4.350173753904,4.97856176632));
#7541 = CARTESIAN_POINT('',(4.334781123908,4.94294098418));
#7542 = CARTESIAN_POINT('',(4.32291873496,4.90672345348));
#7543 = CARTESIAN_POINT('',(4.30604834122,4.83440254506));
#7544 = CARTESIAN_POINT('',(4.301007102861,4.79829819891));
#7545 = CARTESIAN_POINT('',(4.299218411522,4.76272068497));
#7546 = CARTESIAN_POINT('',(4.300401980105,4.72815456354));
#7547 = CARTESIAN_POINT('',(4.304194268194,4.69494053883));
#7548 = CARTESIAN_POINT('',(4.310220911985,4.66330065892));
#7549 = ( GEOMETRIC_REPRESENTATION_CONTEXT(2) 
PARAMETRIC_REPRESENTATION_CONTEXT() REPRESENTATION_CONTEXT('2D SPACE',''
  ) );
#7550 = PCURVE('',#4338,#7551);
#7551 = DEFINITIONAL_REPRESENTATION('',(#7552),#7575);
#7552 = B_SPLINE_CURVE_WITH_KNOTS('',6,(#7553,#7554,#7555,#7556,#7557,
    #7558,#7559,#7560,#7561,#7562,#7563,#7564,#7565,#7566,#7567,#7568,
    #7569,#7570,#7571,#7572,#7573,#7574),.UNSPECIFIED.,.F.,.F.,(7,5,5,5,
    7),(0.,0.249395282973,0.499998520267,0.750602772664,1.),
  .UNSPECIFIED.);
#7553 = CARTESIAN_POINT('',(0.,-1.456379120442E-03));
#7554 = CARTESIAN_POINT('',(0.163739844065,-1.377467875058E-03));
#7555 = CARTESIAN_POINT('',(0.327261154746,-1.32797019515E-03));
#7556 = CARTESIAN_POINT('',(0.490558108353,-1.312587528383E-03));
#7557 = CARTESIAN_POINT('',(0.65363678465,-1.335931555324E-03));
#7558 = CARTESIAN_POINT('',(0.816521112641,-1.40177521117E-03));
#7559 = CARTESIAN_POINT('',(1.142741407328,-1.623045846281E-03));
#7560 = CARTESIAN_POINT('',(1.30608206738,-1.778911421781E-03));
#7561 = CARTESIAN_POINT('',(1.469277774839,-1.981796785346E-03));
#7562 = CARTESIAN_POINT('',(1.632373371056,-2.232043687441E-03));
#7563 = CARTESIAN_POINT('',(1.795426068185,-2.527448238591E-03));
#7564 = CARTESIAN_POINT('',(2.121523414049,-3.199898929462E-03));
#7565 = CARTESIAN_POINT('',(2.284576471183,-3.576961804098E-03));
#7566 = CARTESIAN_POINT('',(2.447672135533,-3.99054712346E-03));
#7567 = CARTESIAN_POINT('',(2.610867653976,-4.434251696365E-03));
#7568 = CARTESIAN_POINT('',(2.774207925606,-4.900344572803E-03));
#7569 = CARTESIAN_POINT('',(3.100427811111,-5.859591703688E-03));
#7570 = CARTESIAN_POINT('',(3.263312113791,-6.35262098994E-03));
#7571 = CARTESIAN_POINT('',(3.4263907118,-6.852641698132E-03));
#7572 = CARTESIAN_POINT('',(3.589687597809,-7.352110739188E-03));
#7573 = CARTESIAN_POINT('',(3.753208900823,-7.844725083061E-03));
#7574 = CARTESIAN_POINT('',(3.916948830329,-8.325616765547E-03));
#7575 = ( GEOMETRIC_REPRESENTATION_CONTEXT(2) 
PARAMETRIC_REPRESENTATION_CONTEXT() REPRESENTATION_CONTEXT('2D SPACE',''
  ) );
#7576 = ORIENTED_EDGE('',*,*,#7311,.T.);
#7577 = ORIENTED_EDGE('',*,*,#7578,.T.);
#7578 = EDGE_CURVE('',#7312,#4933,#7579,.T.);
#7579 = SURFACE_CURVE('',#7580,(#7603,#7629),.PCURVE_S1.);
#7580 = B_SPLINE_CURVE_WITH_KNOTS('',6,(#7581,#7582,#7583,#7584,#7585,
    #7586,#7587,#7588,#7589,#7590,#7591,#7592,#7593,#7594,#7595,#7596,
    #7597,#7598,#7599,#7600,#7601,#7602),.UNSPECIFIED.,.F.,.F.,(7,5,5,5,
    7),(0.,0.249395282888,0.499998520277,0.750602772764,1.),
  .UNSPECIFIED.);
#7581 = CARTESIAN_POINT('',(210.1,218.00062408019,4.198624941549));
#7582 = CARTESIAN_POINT('',(210.1,218.00062408604,4.230830863901));
#7583 = CARTESIAN_POINT('',(210.1,218.0031137183,4.264164934208));
#7584 = CARTESIAN_POINT('',(210.1,218.00841921068,4.2983389924));
#7585 = CARTESIAN_POINT('',(210.1,218.0168339593,4.332950345442));
#7586 = CARTESIAN_POINT('',(210.1,218.028542643,4.367470564733));
#7587 = CARTESIAN_POINT('',(210.1,218.05864958475,4.435351164958));
#7588 = CARTESIAN_POINT('',(210.1,218.07708069867,4.468706274741));
#7589 = CARTESIAN_POINT('',(210.1,218.09886830109,4.500814601405));
#7590 = CARTESIAN_POINT('',(210.1,218.12386024604,4.531053219677));
#7591 = CARTESIAN_POINT('',(210.1,218.151691995,4.558860908915));
#7592 = CARTESIAN_POINT('',(210.1,218.21204923312,4.608801861348));
#7593 = CARTESIAN_POINT('',(210.1,218.24457610827,4.630936232665));
#7594 = CARTESIAN_POINT('',(210.1,218.27895972091,4.649826246357));
#7595 = CARTESIAN_POINT('',(210.1,218.31458050303,4.665218876359));
#7596 = CARTESIAN_POINT('',(210.1,218.35079803372,4.677081265316));
#7597 = CARTESIAN_POINT('',(210.1,218.42311894208,4.693951659064));
#7598 = CARTESIAN_POINT('',(210.1,218.4592232882,4.698992897428));
#7599 = CARTESIAN_POINT('',(210.1,218.49480080211,4.700781588775));
#7600 = CARTESIAN_POINT('',(210.1,218.52936692353,4.6995980202));
#7601 = CARTESIAN_POINT('',(210.1,218.56258094822,4.695805732116));
#7602 = CARTESIAN_POINT('',(210.1,218.59422082812,4.689779088326));
#7603 = PCURVE('',#4136,#7604);
#7604 = DEFINITIONAL_REPRESENTATION('',(#7605),#7628);
#7605 = B_SPLINE_CURVE_WITH_KNOTS('',6,(#7606,#7607,#7608,#7609,#7610,
    #7611,#7612,#7613,#7614,#7615,#7616,#7617,#7618,#7619,#7620,#7621,
    #7622,#7623,#7624,#7625,#7626,#7627),.UNSPECIFIED.,.F.,.F.,(7,5,5,5,
    7),(0.,0.249395282888,0.499998520277,0.750602772764,1.),
  .UNSPECIFIED.);
#7606 = CARTESIAN_POINT('',(-4.801375058451,5.25689740849));
#7607 = CARTESIAN_POINT('',(-4.769169136099,5.25689740264));
#7608 = CARTESIAN_POINT('',(-4.735835065792,5.25440777038));
#7609 = CARTESIAN_POINT('',(-4.7016610076,5.249102278));
#7610 = CARTESIAN_POINT('',(-4.667049654558,5.24068752938));
#7611 = CARTESIAN_POINT('',(-4.632529435267,5.22897884568));
#7612 = CARTESIAN_POINT('',(-4.564648835042,5.19887190393));
#7613 = CARTESIAN_POINT('',(-4.531293725259,5.18044079001));
#7614 = CARTESIAN_POINT('',(-4.499185398595,5.15865318759));
#7615 = CARTESIAN_POINT('',(-4.468946780323,5.13366124264));
#7616 = CARTESIAN_POINT('',(-4.441139091085,5.10582949368));
#7617 = CARTESIAN_POINT('',(-4.391198138652,5.04547225556));
#7618 = CARTESIAN_POINT('',(-4.369063767335,5.01294538041));
#7619 = CARTESIAN_POINT('',(-4.350173753643,4.97856176777));
#7620 = CARTESIAN_POINT('',(-4.334781123641,4.94294098565));
#7621 = CARTESIAN_POINT('',(-4.322918734684,4.90672345496));
#7622 = CARTESIAN_POINT('',(-4.306048340936,4.8344025466));
#7623 = CARTESIAN_POINT('',(-4.301007102572,4.79829820048));
#7624 = CARTESIAN_POINT('',(-4.299218411225,4.76272068657));
#7625 = CARTESIAN_POINT('',(-4.3004019798,4.72815456515));
#7626 = CARTESIAN_POINT('',(-4.304194267884,4.69494054046));
#7627 = CARTESIAN_POINT('',(-4.310220911674,4.66330066056));
#7628 = ( GEOMETRIC_REPRESENTATION_CONTEXT(2) 
PARAMETRIC_REPRESENTATION_CONTEXT() REPRESENTATION_CONTEXT('2D SPACE',''
  ) );
#7629 = PCURVE('',#5122,#7630);
#7630 = DEFINITIONAL_REPRESENTATION('',(#7631),#7654);
#7631 = B_SPLINE_CURVE_WITH_KNOTS('',6,(#7632,#7633,#7634,#7635,#7636,
    #7637,#7638,#7639,#7640,#7641,#7642,#7643,#7644,#7645,#7646,#7647,
    #7648,#7649,#7650,#7651,#7652,#7653),.UNSPECIFIED.,.F.,.F.,(7,5,5,5,
    7),(0.,0.249395282888,0.499998520277,0.750602772764,1.),
  .UNSPECIFIED.);
#7632 = CARTESIAN_POINT('',(0.,461.94626075991));
#7633 = CARTESIAN_POINT('',(0.163739831059,461.94618184887));
#7634 = CARTESIAN_POINT('',(0.327261128718,461.94613235131));
#7635 = CARTESIAN_POINT('',(0.490558069286,461.94611696867));
#7636 = CARTESIAN_POINT('',(0.653636732528,461.94614031263));
#7637 = CARTESIAN_POINT('',(0.816521047451,461.9462061561));
#7638 = CARTESIAN_POINT('',(1.142741316032,461.94642742612));
#7639 = CARTESIAN_POINT('',(1.306081963047,461.94658329127));
#7640 = CARTESIAN_POINT('',(1.46927765746,461.94678617608));
#7641 = CARTESIAN_POINT('',(1.632373240624,461.94703642229));
#7642 = CARTESIAN_POINT('',(1.795425924698,461.94733182602));
#7643 = CARTESIAN_POINT('',(2.121523244448,461.94800427482));
#7644 = CARTESIAN_POINT('',(2.284576288526,461.94838133663));
#7645 = CARTESIAN_POINT('',(2.447671939822,461.94879492076));
#7646 = CARTESIAN_POINT('',(2.61086744522,461.94923862404));
#7647 = CARTESIAN_POINT('',(2.774207703815,461.94970471553));
#7648 = CARTESIAN_POINT('',(3.100427563217,461.95066395977));
#7649 = CARTESIAN_POINT('',(3.26331185283,461.95115698755));
#7650 = CARTESIAN_POINT('',(3.426390437782,461.9516570067));
#7651 = CARTESIAN_POINT('',(3.589687310755,461.95215647415));
#7652 = CARTESIAN_POINT('',(3.753208600746,461.95264908691));
#7653 = CARTESIAN_POINT('',(3.916948517246,461.95312997702));
#7654 = ( GEOMETRIC_REPRESENTATION_CONTEXT(2) 
PARAMETRIC_REPRESENTATION_CONTEXT() REPRESENTATION_CONTEXT('2D SPACE',''
  ) );
#7655 = ORIENTED_EDGE('',*,*,#5400,.T.);
#7656 = ORIENTED_EDGE('',*,*,#4791,.F.);
#7657 = ORIENTED_EDGE('',*,*,#4742,.T.);
#7658 = ORIENTED_EDGE('',*,*,#4688,.F.);
#7659 = ADVANCED_FACE('',(#7660),#4338,.F.);
#7660 = FACE_BOUND('',#7661,.F.);
#7661 = EDGE_LOOP('',(#7662,#7663,#7664,#7665));
#7662 = ORIENTED_EDGE('',*,*,#7499,.T.);
#7663 = ORIENTED_EDGE('',*,*,#4148,.T.);
#7664 = ORIENTED_EDGE('',*,*,#7166,.F.);
#7665 = ORIENTED_EDGE('',*,*,#7196,.F.);
#7666 = ADVANCED_FACE('',(#7667),#4883,.T.);
#7667 = FACE_BOUND('',#7668,.T.);
#7668 = EDGE_LOOP('',(#7669,#7670,#7730,#7731));
#7669 = ORIENTED_EDGE('',*,*,#5529,.T.);
#7670 = ORIENTED_EDGE('',*,*,#7671,.T.);
#7671 = EDGE_CURVE('',#5485,#4910,#7672,.T.);
#7672 = SURFACE_CURVE('',#7673,(#7678,#7684),.PCURVE_S1.);
#7673 = CIRCLE('',#7674,0.5);
#7674 = AXIS2_PLACEMENT_3D('',#7675,#7676,#7677);
#7675 = CARTESIAN_POINT('',(210.,218.5,4.198736428769));
#7676 = DIRECTION('',(-1.,0.,0.));
#7677 = DIRECTION('',(-0.,-1.,0.));
#7678 = PCURVE('',#4883,#7679);
#7679 = DEFINITIONAL_REPRESENTATION('',(#7680),#7683);
#7680 = B_SPLINE_CURVE_WITH_KNOTS('',1,(#7681,#7682),.UNSPECIFIED.,.F.,
  .F.,(2,2),(0.,1.7590178321),.PIECEWISE_BEZIER_KNOTS.);
#7681 = CARTESIAN_POINT('',(6.28318530718,210.));
#7682 = CARTESIAN_POINT('',(4.52416747508,210.));
#7683 = ( GEOMETRIC_REPRESENTATION_CONTEXT(2) 
PARAMETRIC_REPRESENTATION_CONTEXT() REPRESENTATION_CONTEXT('2D SPACE',''
  ) );
#7684 = PCURVE('',#5122,#7685);
#7685 = DEFINITIONAL_REPRESENTATION('',(#7686),#7729);
#7686 = B_SPLINE_CURVE_WITH_KNOTS('',11,(#7687,#7688,#7689,#7690,#7691,
    #7692,#7693,#7694,#7695,#7696,#7697,#7698,#7699,#7700,#7701,#7702,
    #7703,#7704,#7705,#7706,#7707,#7708,#7709,#7710,#7711,#7712,#7713,
    #7714,#7715,#7716,#7717,#7718,#7719,#7720,#7721,#7722,#7723,#7724,
    #7725,#7726,#7727,#7728),.UNSPECIFIED.,.F.,.F.,(12,10,10,10,12),(0.,
    0.439754458025,0.87950891605,1.319263374075,1.7590178321),
  .UNSPECIFIED.);
#7687 = CARTESIAN_POINT('',(-1.110223024625E-16,461.84480172992));
#7688 = CARTESIAN_POINT('',(0.101625937256,461.84480172989));
#7689 = CARTESIAN_POINT('',(0.201149390759,461.84480173002));
#7690 = CARTESIAN_POINT('',(0.298751509764,461.84480172969));
#7691 = CARTESIAN_POINT('',(0.394601559672,461.84480173024));
#7692 = CARTESIAN_POINT('',(0.488839703364,461.84480172957));
#7693 = CARTESIAN_POINT('',(0.581651365952,461.84480173021));
#7694 = CARTESIAN_POINT('',(0.673096466593,461.84480172972));
#7695 = CARTESIAN_POINT('',(0.763375267793,461.84480173001));
#7696 = CARTESIAN_POINT('',(0.852560996064,461.84480172988));
#7697 = CARTESIAN_POINT('',(0.940783832015,461.84480172993));
#7698 = CARTESIAN_POINT('',(1.115511543361,461.8448017299));
#7699 = CARTESIAN_POINT('',(1.202016426056,461.84480173001));
#7700 = CARTESIAN_POINT('',(1.28777409943,461.84480172968));
#7701 = CARTESIAN_POINT('',(1.372871021423,461.84480173032));
#7702 = CARTESIAN_POINT('',(1.457448498319,461.84480172942));
#7703 = CARTESIAN_POINT('',(1.541534231031,461.84480173036));
#7704 = CARTESIAN_POINT('',(1.625285073026,461.84480172962));
#7705 = CARTESIAN_POINT('',(1.708763355141,461.84480173006));
#7706 = CARTESIAN_POINT('',(1.792059138228,461.84480172987));
#7707 = CARTESIAN_POINT('',(1.875266820672,461.84480172992));
#7708 = CARTESIAN_POINT('',(2.041681696573,461.84480172992));
#7709 = CARTESIAN_POINT('',(2.124889379017,461.84480172986));
#7710 = CARTESIAN_POINT('',(2.208185162105,461.84480173005));
#7711 = CARTESIAN_POINT('',(2.291663444218,461.84480172972));
#7712 = CARTESIAN_POINT('',(2.375414286217,461.84480173013));
#7713 = CARTESIAN_POINT('',(2.459500018924,461.84480172972));
#7714 = CARTESIAN_POINT('',(2.544077495825,461.84480173005));
#7715 = CARTESIAN_POINT('',(2.629174417815,461.84480172983));
#7716 = CARTESIAN_POINT('',(2.71493209119,461.84480172996));
#7717 = CARTESIAN_POINT('',(2.801436973885,461.8448017299));
#7718 = CARTESIAN_POINT('',(2.976164685231,461.84480172995));
#7719 = CARTESIAN_POINT('',(3.064387521181,461.84480172974));
#7720 = CARTESIAN_POINT('',(3.153573249454,461.84480173034));
#7721 = CARTESIAN_POINT('',(3.243852050652,461.84480172923));
#7722 = CARTESIAN_POINT('',(3.335297151294,461.84480173073));
#7723 = CARTESIAN_POINT('',(3.428108813879,461.84480172917));
#7724 = CARTESIAN_POINT('',(3.522346957578,461.84480173044));
#7725 = CARTESIAN_POINT('',(3.618197007479,461.84480172963));
#7726 = CARTESIAN_POINT('',(3.715799126487,461.84480173003));
#7727 = CARTESIAN_POINT('',(3.81532257999,461.84480172989));
#7728 = CARTESIAN_POINT('',(3.916948517246,461.84480172992));
#7729 = ( GEOMETRIC_REPRESENTATION_CONTEXT(2) 
PARAMETRIC_REPRESENTATION_CONTEXT() REPRESENTATION_CONTEXT('2D SPACE',''
  ) );
#7730 = ORIENTED_EDGE('',*,*,#4909,.F.);
#7731 = ORIENTED_EDGE('',*,*,#4870,.F.);
#7732 = ADVANCED_FACE('',(#7733),#5122,.F.);
#7733 = FACE_BOUND('',#7734,.F.);
#7734 = EDGE_LOOP('',(#7735,#7736,#7737,#7738));
#7735 = ORIENTED_EDGE('',*,*,#7671,.T.);
#7736 = ORIENTED_EDGE('',*,*,#4932,.T.);
#7737 = ORIENTED_EDGE('',*,*,#7578,.F.);
#7738 = ORIENTED_EDGE('',*,*,#7334,.F.);
#7739 = ADVANCED_FACE('',(#7740),#5440,.T.);
#7740 = FACE_BOUND('',#7741,.T.);
#7741 = EDGE_LOOP('',(#7742,#7743,#7744,#7745));
#7742 = ORIENTED_EDGE('',*,*,#5507,.T.);
#7743 = ORIENTED_EDGE('',*,*,#5424,.T.);
#7744 = ORIENTED_EDGE('',*,*,#5555,.F.);
#7745 = ORIENTED_EDGE('',*,*,#7746,.F.);
#7746 = EDGE_CURVE('',#5483,#5556,#7747,.T.);
#7747 = SURFACE_CURVE('',#7748,(#7753,#7759),.PCURVE_S1.);
#7748 = CIRCLE('',#7749,0.5);
#7749 = AXIS2_PLACEMENT_3D('',#7750,#7751,#7752);
#7750 = CARTESIAN_POINT('',(210.,218.5,0.5));
#7751 = DIRECTION('',(1.,6.123233995737E-17,0.));
#7752 = DIRECTION('',(6.123233995737E-17,-1.,0.));
#7753 = PCURVE('',#5440,#7754);
#7754 = DEFINITIONAL_REPRESENTATION('',(#7755),#7758);
#7755 = B_SPLINE_CURVE_WITH_KNOTS('',1,(#7756,#7757),.UNSPECIFIED.,.F.,
  .F.,(2,2),(0.,1.570796326795),.PIECEWISE_BEZIER_KNOTS.);
#7756 = CARTESIAN_POINT('',(6.28318530718,0.));
#7757 = CARTESIAN_POINT('',(4.712388980385,0.));
#7758 = ( GEOMETRIC_REPRESENTATION_CONTEXT(2) 
PARAMETRIC_REPRESENTATION_CONTEXT() REPRESENTATION_CONTEXT('2D SPACE',''
  ) );
#7759 = PCURVE('',#5599,#7760);
#7760 = DEFINITIONAL_REPRESENTATION('',(#7761),#7764);
#7761 = B_SPLINE_CURVE_WITH_KNOTS('',1,(#7762,#7763),.UNSPECIFIED.,.F.,
  .F.,(2,2),(0.,1.570796326795),.PIECEWISE_BEZIER_KNOTS.);
#7762 = CARTESIAN_POINT('',(1.570796326795,0.));
#7763 = CARTESIAN_POINT('',(1.570796326795,1.570796326795));
#7764 = ( GEOMETRIC_REPRESENTATION_CONTEXT(2) 
PARAMETRIC_REPRESENTATION_CONTEXT() REPRESENTATION_CONTEXT('2D SPACE',''
  ) );
#7765 = ADVANCED_FACE('',(#7766),#5660,.T.);
#7766 = FACE_BOUND('',#7767,.T.);
#7767 = EDGE_LOOP('',(#7768,#7816,#7817,#7837));
#7768 = ORIENTED_EDGE('',*,*,#7769,.T.);
#7769 = EDGE_CURVE('',#5640,#6339,#7770,.T.);
#7770 = SURFACE_CURVE('',#7771,(#7784,#7800),.PCURVE_S1.);
#7771 = B_SPLINE_CURVE_WITH_KNOTS('',6,(#7772,#7773,#7774,#7775,#7776,
    #7777,#7778,#7779,#7780,#7781,#7782,#7783),.UNSPECIFIED.,.F.,.F.,(7,
    5,7),(0.,0.506085324173,1.),.UNSPECIFIED.);
#7772 = CARTESIAN_POINT('',(215.52263069117,275.07449999989,0.));
#7773 = CARTESIAN_POINT('',(215.6129014394,275.07062872559,
    -7.314959661261E-08));
#7774 = CARTESIAN_POINT('',(215.70255037722,275.06665197472,
    9.785223095511E-03));
#7775 = CARTESIAN_POINT('',(215.78944232494,275.06248070689,
    2.942528210835E-02));
#7776 = CARTESIAN_POINT('',(215.87145308172,275.05802867302,
    5.87277157135E-02));
#7777 = CARTESIAN_POINT('',(215.94642163407,275.05320222317,
    9.709874442792E-02));
#7778 = CARTESIAN_POINT('',(216.07680873905,275.04268504084,
    0.188600816292));
#7779 = CARTESIAN_POINT('',(216.13267545859,275.03701589829,
    0.241369944709));
#7780 = CARTESIAN_POINT('',(216.17815874236,275.03076301647,
    0.300644298421));
#7781 = CARTESIAN_POINT('',(216.211701166,275.02378070145,0.364884358264
    ));
#7782 = CARTESIAN_POINT('',(216.23225786101,275.0158847992,
    0.432080907569));
#7783 = CARTESIAN_POINT('',(216.23961970108,275.00671009605,0.5));
#7784 = PCURVE('',#5660,#7785);
#7785 = DEFINITIONAL_REPRESENTATION('',(#7786),#7799);
#7786 = B_SPLINE_CURVE_WITH_KNOTS('',6,(#7787,#7788,#7789,#7790,#7791,
    #7792,#7793,#7794,#7795,#7796,#7797,#7798),.UNSPECIFIED.,.F.,.F.,(7,
    5,7),(0.,0.506085324173,1.),.UNSPECIFIED.);
#7787 = CARTESIAN_POINT('',(0.827660910224,1.570796326795));
#7788 = CARTESIAN_POINT('',(0.836184617784,1.443092927818));
#7789 = CARTESIAN_POINT('',(0.844488421668,1.315141143021));
#7790 = CARTESIAN_POINT('',(0.852397360855,1.186529885727));
#7791 = CARTESIAN_POINT('',(0.859764058016,1.056950156634));
#7792 = CARTESIAN_POINT('',(0.866460612168,0.926158316296));
#7793 = CARTESIAN_POINT('',(0.87816611754,0.665087097849));
#7794 = CARTESIAN_POINT('',(0.883213759789,0.534828306052));
#7795 = CARTESIAN_POINT('',(0.887427735471,0.403222895759));
#7796 = CARTESIAN_POINT('',(0.890741475327,0.270231282655));
#7797 = CARTESIAN_POINT('',(0.893119461143,0.135838184861));
#7798 = CARTESIAN_POINT('',(0.894589855792,0.));
#7799 = ( GEOMETRIC_REPRESENTATION_CONTEXT(2) 
PARAMETRIC_REPRESENTATION_CONTEXT() REPRESENTATION_CONTEXT('2D SPACE',''
  ) );
#7800 = PCURVE('',#5693,#7801);
#7801 = DEFINITIONAL_REPRESENTATION('',(#7802),#7815);
#7802 = B_SPLINE_CURVE_WITH_KNOTS('',6,(#7803,#7804,#7805,#7806,#7807,
    #7808,#7809,#7810,#7811,#7812,#7813,#7814),.UNSPECIFIED.,.F.,.F.,(7,
    5,7),(0.,0.506085324173,1.),.UNSPECIFIED.);
#7803 = CARTESIAN_POINT('',(0.728308351294,1.570796326559));
#7804 = CARTESIAN_POINT('',(0.720579188331,1.454219569907));
#7805 = CARTESIAN_POINT('',(0.71309193224,1.337416312308));
#7806 = CARTESIAN_POINT('',(0.706037124875,1.220152817996));
#7807 = CARTESIAN_POINT('',(0.69957667805,1.102295106711));
#7808 = CARTESIAN_POINT('',(0.693854679483,0.98380035353));
#7809 = CARTESIAN_POINT('',(0.684254637871,0.748732949493));
#7810 = CARTESIAN_POINT('',(0.680333972613,0.632144807914));
#7811 = CARTESIAN_POINT('',(0.677354339529,0.515294370471));
#7812 = CARTESIAN_POINT('',(0.675410633162,0.398507810774));
#7813 = CARTESIAN_POINT('',(0.674575930197,0.282252304505));
#7814 = CARTESIAN_POINT('',(0.67489670998,0.167448084512));
#7815 = ( GEOMETRIC_REPRESENTATION_CONTEXT(2) 
PARAMETRIC_REPRESENTATION_CONTEXT() REPRESENTATION_CONTEXT('2D SPACE',''
  ) );
#7816 = ORIENTED_EDGE('',*,*,#6338,.T.);
#7817 = ORIENTED_EDGE('',*,*,#7818,.T.);
#7818 = EDGE_CURVE('',#6309,#5612,#7819,.T.);
#7819 = SURFACE_CURVE('',#7820,(#7825,#7831),.PCURVE_S1.);
#7820 = CIRCLE('',#7821,0.5);
#7821 = AXIS2_PLACEMENT_3D('',#7822,#7823,#7824);
#7822 = CARTESIAN_POINT('',(217.5,270.,0.5));
#7823 = DIRECTION('',(-6.123233995737E-17,1.,0.));
#7824 = DIRECTION('',(1.,6.123233995737E-17,0.));
#7825 = PCURVE('',#5660,#7826);
#7826 = DEFINITIONAL_REPRESENTATION('',(#7827),#7830);
#7827 = B_SPLINE_CURVE_WITH_KNOTS('',1,(#7828,#7829),.UNSPECIFIED.,.F.,
  .F.,(2,2),(0.,1.570796326795),.PIECEWISE_BEZIER_KNOTS.);
#7828 = CARTESIAN_POINT('',(1.570796326795,0.));
#7829 = CARTESIAN_POINT('',(1.570796326795,1.570796326795));
#7830 = ( GEOMETRIC_REPRESENTATION_CONTEXT(2) 
PARAMETRIC_REPRESENTATION_CONTEXT() REPRESENTATION_CONTEXT('2D SPACE',''
  ) );
#7831 = PCURVE('',#5627,#7832);
#7832 = DEFINITIONAL_REPRESENTATION('',(#7833),#7836);
#7833 = B_SPLINE_CURVE_WITH_KNOTS('',1,(#7834,#7835),.UNSPECIFIED.,.F.,
  .F.,(2,2),(0.,1.570796326795),.PIECEWISE_BEZIER_KNOTS.);
#7834 = CARTESIAN_POINT('',(6.28318530718,0.));
#7835 = CARTESIAN_POINT('',(4.712388980385,0.));
#7836 = ( GEOMETRIC_REPRESENTATION_CONTEXT(2) 
PARAMETRIC_REPRESENTATION_CONTEXT() REPRESENTATION_CONTEXT('2D SPACE',''
  ) );
#7837 = ORIENTED_EDGE('',*,*,#5639,.F.);
#7838 = ADVANCED_FACE('',(#7839),#5627,.T.);
#7839 = FACE_BOUND('',#7840,.T.);
#7840 = EDGE_LOOP('',(#7841,#7862,#7882,#7883));
#7841 = ORIENTED_EDGE('',*,*,#7842,.T.);
#7842 = EDGE_CURVE('',#6309,#7449,#7843,.T.);
#7843 = SURFACE_CURVE('',#7844,(#7848,#7855),.PCURVE_S1.);
#7844 = LINE('',#7845,#7846);
#7845 = CARTESIAN_POINT('',(218.,270.,0.5));
#7846 = VECTOR('',#7847,1.);
#7847 = DIRECTION('',(-0.,-1.,-0.));
#7848 = PCURVE('',#5627,#7849);
#7849 = DEFINITIONAL_REPRESENTATION('',(#7850),#7854);
#7850 = LINE('',#7851,#7852);
#7851 = CARTESIAN_POINT('',(6.28318530718,0.));
#7852 = VECTOR('',#7853,1.);
#7853 = DIRECTION('',(-0.,1.));
#7854 = ( GEOMETRIC_REPRESENTATION_CONTEXT(2) 
PARAMETRIC_REPRESENTATION_CONTEXT() REPRESENTATION_CONTEXT('2D SPACE',''
  ) );
#7855 = PCURVE('',#6326,#7856);
#7856 = DEFINITIONAL_REPRESENTATION('',(#7857),#7861);
#7857 = LINE('',#7858,#7859);
#7858 = CARTESIAN_POINT('',(0.5,-52.));
#7859 = VECTOR('',#7860,1.);
#7860 = DIRECTION('',(0.,1.));
#7861 = ( GEOMETRIC_REPRESENTATION_CONTEXT(2) 
PARAMETRIC_REPRESENTATION_CONTEXT() REPRESENTATION_CONTEXT('2D SPACE',''
  ) );
#7862 = ORIENTED_EDGE('',*,*,#7863,.T.);
#7863 = EDGE_CURVE('',#7449,#5579,#7864,.T.);
#7864 = SURFACE_CURVE('',#7865,(#7870,#7876),.PCURVE_S1.);
#7865 = CIRCLE('',#7866,0.5);
#7866 = AXIS2_PLACEMENT_3D('',#7867,#7868,#7869);
#7867 = CARTESIAN_POINT('',(217.5,226.,0.5));
#7868 = DIRECTION('',(0.,1.,0.));
#7869 = DIRECTION('',(1.,0.,-0.));
#7870 = PCURVE('',#5627,#7871);
#7871 = DEFINITIONAL_REPRESENTATION('',(#7872),#7875);
#7872 = B_SPLINE_CURVE_WITH_KNOTS('',1,(#7873,#7874),.UNSPECIFIED.,.F.,
  .F.,(2,2),(0.,1.570796326795),.PIECEWISE_BEZIER_KNOTS.);
#7873 = CARTESIAN_POINT('',(6.28318530718,44.));
#7874 = CARTESIAN_POINT('',(4.712388980385,44.));
#7875 = ( GEOMETRIC_REPRESENTATION_CONTEXT(2) 
PARAMETRIC_REPRESENTATION_CONTEXT() REPRESENTATION_CONTEXT('2D SPACE',''
  ) );
#7876 = PCURVE('',#5599,#7877);
#7877 = DEFINITIONAL_REPRESENTATION('',(#7878),#7881);
#7878 = B_SPLINE_CURVE_WITH_KNOTS('',1,(#7879,#7880),.UNSPECIFIED.,.F.,
  .F.,(2,2),(0.,1.570796326795),.PIECEWISE_BEZIER_KNOTS.);
#7879 = CARTESIAN_POINT('',(0.,0.));
#7880 = CARTESIAN_POINT('',(0.,1.570796326795));
#7881 = ( GEOMETRIC_REPRESENTATION_CONTEXT(2) 
PARAMETRIC_REPRESENTATION_CONTEXT() REPRESENTATION_CONTEXT('2D SPACE',''
  ) );
#7882 = ORIENTED_EDGE('',*,*,#5611,.F.);
#7883 = ORIENTED_EDGE('',*,*,#7818,.F.);
#7884 = ADVANCED_FACE('',(#7885),#5599,.T.);
#7885 = FACE_BOUND('',#7886,.T.);
#7886 = EDGE_LOOP('',(#7887,#7888,#7889,#7890));
#7887 = ORIENTED_EDGE('',*,*,#7863,.F.);
#7888 = ORIENTED_EDGE('',*,*,#7448,.T.);
#7889 = ORIENTED_EDGE('',*,*,#7746,.T.);
#7890 = ORIENTED_EDGE('',*,*,#5578,.F.);
#7891 = ADVANCED_FACE('',(#7892),#5815,.T.);
#7892 = FACE_BOUND('',#7893,.T.);
#7893 = EDGE_LOOP('',(#7894,#7895,#7919,#7941));
#7894 = ORIENTED_EDGE('',*,*,#5855,.F.);
#7895 = ORIENTED_EDGE('',*,*,#7896,.T.);
#7896 = EDGE_CURVE('',#5856,#7897,#7899,.T.);
#7897 = VERTEX_POINT('',#7898);
#7898 = CARTESIAN_POINT('',(0.,323.,0.6));
#7899 = SURFACE_CURVE('',#7900,(#7905,#7912),.PCURVE_S1.);
#7900 = CIRCLE('',#7901,8.);
#7901 = AXIS2_PLACEMENT_3D('',#7902,#7903,#7904);
#7902 = CARTESIAN_POINT('',(0.,315.,0.6));
#7903 = DIRECTION('',(-0.,0.,-1.));
#7904 = DIRECTION('',(-1.,0.,0.));
#7905 = PCURVE('',#5815,#7906);
#7906 = DEFINITIONAL_REPRESENTATION('',(#7907),#7911);
#7907 = LINE('',#7908,#7909);
#7908 = CARTESIAN_POINT('',(0.,0.));
#7909 = VECTOR('',#7910,1.);
#7910 = DIRECTION('',(1.,0.));
#7911 = ( GEOMETRIC_REPRESENTATION_CONTEXT(2) 
PARAMETRIC_REPRESENTATION_CONTEXT() REPRESENTATION_CONTEXT('2D SPACE',''
  ) );
#7912 = PCURVE('',#5921,#7913);
#7913 = DEFINITIONAL_REPRESENTATION('',(#7914),#7918);
#7914 = LINE('',#7915,#7916);
#7915 = CARTESIAN_POINT('',(-0.,0.6));
#7916 = VECTOR('',#7917,1.);
#7917 = DIRECTION('',(-1.,0.));
#7918 = ( GEOMETRIC_REPRESENTATION_CONTEXT(2) 
PARAMETRIC_REPRESENTATION_CONTEXT() REPRESENTATION_CONTEXT('2D SPACE',''
  ) );
#7919 = ORIENTED_EDGE('',*,*,#7920,.T.);
#7920 = EDGE_CURVE('',#7897,#5767,#7921,.T.);
#7921 = SURFACE_CURVE('',#7922,(#7927,#7934),.PCURVE_S1.);
#7922 = CIRCLE('',#7923,0.6);
#7923 = AXIS2_PLACEMENT_3D('',#7924,#7925,#7926);
#7924 = CARTESIAN_POINT('',(0.,322.4,0.6));
#7925 = DIRECTION('',(-1.,-6.123233995737E-17,0.));
#7926 = DIRECTION('',(-6.123233995737E-17,1.,0.));
#7927 = PCURVE('',#5815,#7928);
#7928 = DEFINITIONAL_REPRESENTATION('',(#7929),#7933);
#7929 = LINE('',#7930,#7931);
#7930 = CARTESIAN_POINT('',(1.570796326795,0.));
#7931 = VECTOR('',#7932,1.);
#7932 = DIRECTION('',(0.,1.));
#7933 = ( GEOMETRIC_REPRESENTATION_CONTEXT(2) 
PARAMETRIC_REPRESENTATION_CONTEXT() REPRESENTATION_CONTEXT('2D SPACE',''
  ) );
#7934 = PCURVE('',#5782,#7935);
#7935 = DEFINITIONAL_REPRESENTATION('',(#7936),#7940);
#7936 = LINE('',#7937,#7938);
#7937 = CARTESIAN_POINT('',(-0.,0.));
#7938 = VECTOR('',#7939,1.);
#7939 = DIRECTION('',(-1.,0.));
#7940 = ( GEOMETRIC_REPRESENTATION_CONTEXT(2) 
PARAMETRIC_REPRESENTATION_CONTEXT() REPRESENTATION_CONTEXT('2D SPACE',''
  ) );
#7941 = ORIENTED_EDGE('',*,*,#5794,.F.);
#7942 = ADVANCED_FACE('',(#7943),#5782,.T.);
#7943 = FACE_BOUND('',#7944,.F.);
#7944 = EDGE_LOOP('',(#7945,#7946,#7947,#7971));
#7945 = ORIENTED_EDGE('',*,*,#7920,.T.);
#7946 = ORIENTED_EDGE('',*,*,#5766,.T.);
#7947 = ORIENTED_EDGE('',*,*,#7948,.F.);
#7948 = EDGE_CURVE('',#7949,#5734,#7951,.T.);
#7949 = VERTEX_POINT('',#7950);
#7950 = CARTESIAN_POINT('',(210.,323.,0.6));
#7951 = SURFACE_CURVE('',#7952,(#7957,#7964),.PCURVE_S1.);
#7952 = CIRCLE('',#7953,0.6);
#7953 = AXIS2_PLACEMENT_3D('',#7954,#7955,#7956);
#7954 = CARTESIAN_POINT('',(210.,322.4,0.6));
#7955 = DIRECTION('',(-1.,0.,-0.));
#7956 = DIRECTION('',(-0.,1.,0.));
#7957 = PCURVE('',#5782,#7958);
#7958 = DEFINITIONAL_REPRESENTATION('',(#7959),#7963);
#7959 = LINE('',#7960,#7961);
#7960 = CARTESIAN_POINT('',(-0.,210.));
#7961 = VECTOR('',#7962,1.);
#7962 = DIRECTION('',(-1.,0.));
#7963 = ( GEOMETRIC_REPRESENTATION_CONTEXT(2) 
PARAMETRIC_REPRESENTATION_CONTEXT() REPRESENTATION_CONTEXT('2D SPACE',''
  ) );
#7964 = PCURVE('',#5754,#7965);
#7965 = DEFINITIONAL_REPRESENTATION('',(#7966),#7970);
#7966 = LINE('',#7967,#7968);
#7967 = CARTESIAN_POINT('',(0.,0.));
#7968 = VECTOR('',#7969,1.);
#7969 = DIRECTION('',(0.,1.));
#7970 = ( GEOMETRIC_REPRESENTATION_CONTEXT(2) 
PARAMETRIC_REPRESENTATION_CONTEXT() REPRESENTATION_CONTEXT('2D SPACE',''
  ) );
#7971 = ORIENTED_EDGE('',*,*,#7972,.F.);
#7972 = EDGE_CURVE('',#7897,#7949,#7973,.T.);
#7973 = SURFACE_CURVE('',#7974,(#7978,#7985),.PCURVE_S1.);
#7974 = LINE('',#7975,#7976);
#7975 = CARTESIAN_POINT('',(0.,323.,0.6));
#7976 = VECTOR('',#7977,1.);
#7977 = DIRECTION('',(1.,0.,0.));
#7978 = PCURVE('',#5782,#7979);
#7979 = DEFINITIONAL_REPRESENTATION('',(#7980),#7984);
#7980 = LINE('',#7981,#7982);
#7981 = CARTESIAN_POINT('',(-0.,0.));
#7982 = VECTOR('',#7983,1.);
#7983 = DIRECTION('',(-0.,1.));
#7984 = ( GEOMETRIC_REPRESENTATION_CONTEXT(2) 
PARAMETRIC_REPRESENTATION_CONTEXT() REPRESENTATION_CONTEXT('2D SPACE',''
  ) );
#7985 = PCURVE('',#6076,#7986);
#7986 = DEFINITIONAL_REPRESENTATION('',(#7987),#7991);
#7987 = LINE('',#7988,#7989);
#7988 = CARTESIAN_POINT('',(0.6,8.));
#7989 = VECTOR('',#7990,1.);
#7990 = DIRECTION('',(0.,1.));
#7991 = ( GEOMETRIC_REPRESENTATION_CONTEXT(2) 
PARAMETRIC_REPRESENTATION_CONTEXT() REPRESENTATION_CONTEXT('2D SPACE',''
  ) );
#7992 = ADVANCED_FACE('',(#7993),#5754,.T.);
#7993 = FACE_BOUND('',#7994,.T.);
#7994 = EDGE_LOOP('',(#7995,#7996,#8020,#8042));
#7995 = ORIENTED_EDGE('',*,*,#7948,.F.);
#7996 = ORIENTED_EDGE('',*,*,#7997,.T.);
#7997 = EDGE_CURVE('',#7949,#7998,#8000,.T.);
#7998 = VERTEX_POINT('',#7999);
#7999 = CARTESIAN_POINT('',(218.,315.,0.6));
#8000 = SURFACE_CURVE('',#8001,(#8006,#8013),.PCURVE_S1.);
#8001 = CIRCLE('',#8002,8.);
#8002 = AXIS2_PLACEMENT_3D('',#8003,#8004,#8005);
#8003 = CARTESIAN_POINT('',(210.,315.,0.6));
#8004 = DIRECTION('',(0.,-0.,-1.));
#8005 = DIRECTION('',(0.,1.,-0.));
#8006 = PCURVE('',#5754,#8007);
#8007 = DEFINITIONAL_REPRESENTATION('',(#8008),#8012);
#8008 = LINE('',#8009,#8010);
#8009 = CARTESIAN_POINT('',(0.,0.));
#8010 = VECTOR('',#8011,1.);
#8011 = DIRECTION('',(1.,0.));
#8012 = ( GEOMETRIC_REPRESENTATION_CONTEXT(2) 
PARAMETRIC_REPRESENTATION_CONTEXT() REPRESENTATION_CONTEXT('2D SPACE',''
  ) );
#8013 = PCURVE('',#6109,#8014);
#8014 = DEFINITIONAL_REPRESENTATION('',(#8015),#8019);
#8015 = LINE('',#8016,#8017);
#8016 = CARTESIAN_POINT('',(1.570796326795,0.6));
#8017 = VECTOR('',#8018,1.);
#8018 = DIRECTION('',(-1.,-0.));
#8019 = ( GEOMETRIC_REPRESENTATION_CONTEXT(2) 
PARAMETRIC_REPRESENTATION_CONTEXT() REPRESENTATION_CONTEXT('2D SPACE',''
  ) );
#8020 = ORIENTED_EDGE('',*,*,#8021,.T.);
#8021 = EDGE_CURVE('',#7998,#5706,#8022,.T.);
#8022 = SURFACE_CURVE('',#8023,(#8028,#8035),.PCURVE_S1.);
#8023 = CIRCLE('',#8024,0.6);
#8024 = AXIS2_PLACEMENT_3D('',#8025,#8026,#8027);
#8025 = CARTESIAN_POINT('',(217.4,315.,0.6));
#8026 = DIRECTION('',(-6.123233995737E-17,1.,0.));
#8027 = DIRECTION('',(1.,6.123233995737E-17,0.));
#8028 = PCURVE('',#5754,#8029);
#8029 = DEFINITIONAL_REPRESENTATION('',(#8030),#8034);
#8030 = LINE('',#8031,#8032);
#8031 = CARTESIAN_POINT('',(1.570796326795,0.));
#8032 = VECTOR('',#8033,1.);
#8033 = DIRECTION('',(0.,1.));
#8034 = ( GEOMETRIC_REPRESENTATION_CONTEXT(2) 
PARAMETRIC_REPRESENTATION_CONTEXT() REPRESENTATION_CONTEXT('2D SPACE',''
  ) );
#8035 = PCURVE('',#5721,#8036);
#8036 = DEFINITIONAL_REPRESENTATION('',(#8037),#8041);
#8037 = LINE('',#8038,#8039);
#8038 = CARTESIAN_POINT('',(-0.,0.));
#8039 = VECTOR('',#8040,1.);
#8040 = DIRECTION('',(-1.,0.));
#8041 = ( GEOMETRIC_REPRESENTATION_CONTEXT(2) 
PARAMETRIC_REPRESENTATION_CONTEXT() REPRESENTATION_CONTEXT('2D SPACE',''
  ) );
#8042 = ORIENTED_EDGE('',*,*,#5733,.F.);
#8043 = ADVANCED_FACE('',(#8044),#5721,.T.);
#8044 = FACE_BOUND('',#8045,.F.);
#8045 = EDGE_LOOP('',(#8046,#8047,#8048,#8072));
#8046 = ORIENTED_EDGE('',*,*,#8021,.T.);
#8047 = ORIENTED_EDGE('',*,*,#5705,.T.);
#8048 = ORIENTED_EDGE('',*,*,#8049,.F.);
#8049 = EDGE_CURVE('',#8050,#5673,#8052,.T.);
#8050 = VERTEX_POINT('',#8051);
#8051 = CARTESIAN_POINT('',(218.,280.,0.6));
#8052 = SURFACE_CURVE('',#8053,(#8058,#8065),.PCURVE_S1.);
#8053 = CIRCLE('',#8054,0.6);
#8054 = AXIS2_PLACEMENT_3D('',#8055,#8056,#8057);
#8055 = CARTESIAN_POINT('',(217.4,280.,0.6));
#8056 = DIRECTION('',(0.,1.,0.));
#8057 = DIRECTION('',(1.,0.,-0.));
#8058 = PCURVE('',#5721,#8059);
#8059 = DEFINITIONAL_REPRESENTATION('',(#8060),#8064);
#8060 = LINE('',#8061,#8062);
#8061 = CARTESIAN_POINT('',(-0.,35.));
#8062 = VECTOR('',#8063,1.);
#8063 = DIRECTION('',(-1.,0.));
#8064 = ( GEOMETRIC_REPRESENTATION_CONTEXT(2) 
PARAMETRIC_REPRESENTATION_CONTEXT() REPRESENTATION_CONTEXT('2D SPACE',''
  ) );
#8065 = PCURVE('',#5693,#8066);
#8066 = DEFINITIONAL_REPRESENTATION('',(#8067),#8071);
#8067 = LINE('',#8068,#8069);
#8068 = CARTESIAN_POINT('',(0.,0.));
#8069 = VECTOR('',#8070,1.);
#8070 = DIRECTION('',(0.,1.));
#8071 = ( GEOMETRIC_REPRESENTATION_CONTEXT(2) 
PARAMETRIC_REPRESENTATION_CONTEXT() REPRESENTATION_CONTEXT('2D SPACE',''
  ) );
#8072 = ORIENTED_EDGE('',*,*,#8073,.F.);
#8073 = EDGE_CURVE('',#7998,#8050,#8074,.T.);
#8074 = SURFACE_CURVE('',#8075,(#8079,#8086),.PCURVE_S1.);
#8075 = LINE('',#8076,#8077);
#8076 = CARTESIAN_POINT('',(218.,315.,0.6));
#8077 = VECTOR('',#8078,1.);
#8078 = DIRECTION('',(-0.,-1.,-0.));
#8079 = PCURVE('',#5721,#8080);
#8080 = DEFINITIONAL_REPRESENTATION('',(#8081),#8085);
#8081 = LINE('',#8082,#8083);
#8082 = CARTESIAN_POINT('',(-0.,0.));
#8083 = VECTOR('',#8084,1.);
#8084 = DIRECTION('',(-0.,1.));
#8085 = ( GEOMETRIC_REPRESENTATION_CONTEXT(2) 
PARAMETRIC_REPRESENTATION_CONTEXT() REPRESENTATION_CONTEXT('2D SPACE',''
  ) );
#8086 = PCURVE('',#6187,#8087);
#8087 = DEFINITIONAL_REPRESENTATION('',(#8088),#8092);
#8088 = LINE('',#8089,#8090);
#8089 = CARTESIAN_POINT('',(0.6,-43.));
#8090 = VECTOR('',#8091,1.);
#8091 = DIRECTION('',(0.,1.));
#8092 = ( GEOMETRIC_REPRESENTATION_CONTEXT(2) 
PARAMETRIC_REPRESENTATION_CONTEXT() REPRESENTATION_CONTEXT('2D SPACE',''
  ) );
#8093 = ADVANCED_FACE('',(#8094),#5693,.T.);
#8094 = FACE_BOUND('',#8095,.T.);
#8095 = EDGE_LOOP('',(#8096,#8097,#8098,#8099,#8121));
#8096 = ORIENTED_EDGE('',*,*,#7769,.F.);
#8097 = ORIENTED_EDGE('',*,*,#5672,.F.);
#8098 = ORIENTED_EDGE('',*,*,#8049,.F.);
#8099 = ORIENTED_EDGE('',*,*,#8100,.T.);
#8100 = EDGE_CURVE('',#8050,#6363,#8101,.T.);
#8101 = SURFACE_CURVE('',#8102,(#8107,#8114),.PCURVE_S1.);
#8102 = CIRCLE('',#8103,8.);
#8103 = AXIS2_PLACEMENT_3D('',#8104,#8105,#8106);
#8104 = CARTESIAN_POINT('',(210.,280.,0.6));
#8105 = DIRECTION('',(0.,-0.,-1.));
#8106 = DIRECTION('',(1.,0.,-0.));
#8107 = PCURVE('',#5693,#8108);
#8108 = DEFINITIONAL_REPRESENTATION('',(#8109),#8113);
#8109 = LINE('',#8110,#8111);
#8110 = CARTESIAN_POINT('',(0.,0.));
#8111 = VECTOR('',#8112,1.);
#8112 = DIRECTION('',(1.,0.));
#8113 = ( GEOMETRIC_REPRESENTATION_CONTEXT(2) 
PARAMETRIC_REPRESENTATION_CONTEXT() REPRESENTATION_CONTEXT('2D SPACE',''
  ) );
#8114 = PCURVE('',#6220,#8115);
#8115 = DEFINITIONAL_REPRESENTATION('',(#8116),#8120);
#8116 = LINE('',#8117,#8118);
#8117 = CARTESIAN_POINT('',(-0.,0.6));
#8118 = VECTOR('',#8119,1.);
#8119 = DIRECTION('',(-1.,0.));
#8120 = ( GEOMETRIC_REPRESENTATION_CONTEXT(2) 
PARAMETRIC_REPRESENTATION_CONTEXT() REPRESENTATION_CONTEXT('2D SPACE',''
  ) );
#8121 = ORIENTED_EDGE('',*,*,#6362,.T.);
#8122 = ADVANCED_FACE('',(#8123),#5921,.T.);
#8123 = FACE_BOUND('',#8124,.F.);
#8124 = EDGE_LOOP('',(#8125,#8126,#8127,#8148));
#8125 = ORIENTED_EDGE('',*,*,#5905,.F.);
#8126 = ORIENTED_EDGE('',*,*,#7896,.T.);
#8127 = ORIENTED_EDGE('',*,*,#8128,.T.);
#8128 = EDGE_CURVE('',#7897,#5987,#8129,.T.);
#8129 = SURFACE_CURVE('',#8130,(#8134,#8141),.PCURVE_S1.);
#8130 = LINE('',#8131,#8132);
#8131 = CARTESIAN_POINT('',(0.,323.,0.));
#8132 = VECTOR('',#8133,1.);
#8133 = DIRECTION('',(0.,0.,1.));
#8134 = PCURVE('',#5921,#8135);
#8135 = DEFINITIONAL_REPRESENTATION('',(#8136),#8140);
#8136 = LINE('',#8137,#8138);
#8137 = CARTESIAN_POINT('',(-1.570796326795,0.));
#8138 = VECTOR('',#8139,1.);
#8139 = DIRECTION('',(-0.,1.));
#8140 = ( GEOMETRIC_REPRESENTATION_CONTEXT(2) 
PARAMETRIC_REPRESENTATION_CONTEXT() REPRESENTATION_CONTEXT('2D SPACE',''
  ) );
#8141 = PCURVE('',#6076,#8142);
#8142 = DEFINITIONAL_REPRESENTATION('',(#8143),#8147);
#8143 = LINE('',#8144,#8145);
#8144 = CARTESIAN_POINT('',(0.,8.));
#8145 = VECTOR('',#8146,1.);
#8146 = DIRECTION('',(1.,0.));
#8147 = ( GEOMETRIC_REPRESENTATION_CONTEXT(2) 
PARAMETRIC_REPRESENTATION_CONTEXT() REPRESENTATION_CONTEXT('2D SPACE',''
  ) );
#8148 = ORIENTED_EDGE('',*,*,#5986,.F.);
#8149 = ADVANCED_FACE('',(#8150),#6076,.T.);
#8150 = FACE_BOUND('',#8151,.T.);
#8151 = EDGE_LOOP('',(#8152,#8153,#8154,#8175));
#8152 = ORIENTED_EDGE('',*,*,#8128,.T.);
#8153 = ORIENTED_EDGE('',*,*,#6062,.T.);
#8154 = ORIENTED_EDGE('',*,*,#8155,.F.);
#8155 = EDGE_CURVE('',#7949,#6039,#8156,.T.);
#8156 = SURFACE_CURVE('',#8157,(#8161,#8168),.PCURVE_S1.);
#8157 = LINE('',#8158,#8159);
#8158 = CARTESIAN_POINT('',(210.,323.,0.));
#8159 = VECTOR('',#8160,1.);
#8160 = DIRECTION('',(0.,0.,1.));
#8161 = PCURVE('',#6076,#8162);
#8162 = DEFINITIONAL_REPRESENTATION('',(#8163),#8167);
#8163 = LINE('',#8164,#8165);
#8164 = CARTESIAN_POINT('',(0.,218.));
#8165 = VECTOR('',#8166,1.);
#8166 = DIRECTION('',(1.,0.));
#8167 = ( GEOMETRIC_REPRESENTATION_CONTEXT(2) 
PARAMETRIC_REPRESENTATION_CONTEXT() REPRESENTATION_CONTEXT('2D SPACE',''
  ) );
#8168 = PCURVE('',#6109,#8169);
#8169 = DEFINITIONAL_REPRESENTATION('',(#8170),#8174);
#8170 = LINE('',#8171,#8172);
#8171 = CARTESIAN_POINT('',(1.570796326795,0.));
#8172 = VECTOR('',#8173,1.);
#8173 = DIRECTION('',(0.,1.));
#8174 = ( GEOMETRIC_REPRESENTATION_CONTEXT(2) 
PARAMETRIC_REPRESENTATION_CONTEXT() REPRESENTATION_CONTEXT('2D SPACE',''
  ) );
#8175 = ORIENTED_EDGE('',*,*,#7972,.F.);
#8176 = ADVANCED_FACE('',(#8177),#6109,.T.);
#8177 = FACE_BOUND('',#8178,.T.);
#8178 = EDGE_LOOP('',(#8179,#8200,#8201,#8202));
#8179 = ORIENTED_EDGE('',*,*,#8180,.F.);
#8180 = EDGE_CURVE('',#7998,#6093,#8181,.T.);
#8181 = SURFACE_CURVE('',#8182,(#8186,#8193),.PCURVE_S1.);
#8182 = LINE('',#8183,#8184);
#8183 = CARTESIAN_POINT('',(218.,315.,0.));
#8184 = VECTOR('',#8185,1.);
#8185 = DIRECTION('',(0.,0.,1.));
#8186 = PCURVE('',#6109,#8187);
#8187 = DEFINITIONAL_REPRESENTATION('',(#8188),#8192);
#8188 = LINE('',#8189,#8190);
#8189 = CARTESIAN_POINT('',(0.,0.));
#8190 = VECTOR('',#8191,1.);
#8191 = DIRECTION('',(0.,1.));
#8192 = ( GEOMETRIC_REPRESENTATION_CONTEXT(2) 
PARAMETRIC_REPRESENTATION_CONTEXT() REPRESENTATION_CONTEXT('2D SPACE',''
  ) );
#8193 = PCURVE('',#6187,#8194);
#8194 = DEFINITIONAL_REPRESENTATION('',(#8195),#8199);
#8195 = LINE('',#8196,#8197);
#8196 = CARTESIAN_POINT('',(0.,-43.));
#8197 = VECTOR('',#8198,1.);
#8198 = DIRECTION('',(1.,0.));
#8199 = ( GEOMETRIC_REPRESENTATION_CONTEXT(2) 
PARAMETRIC_REPRESENTATION_CONTEXT() REPRESENTATION_CONTEXT('2D SPACE',''
  ) );
#8200 = ORIENTED_EDGE('',*,*,#7997,.F.);
#8201 = ORIENTED_EDGE('',*,*,#8155,.T.);
#8202 = ORIENTED_EDGE('',*,*,#6092,.T.);
#8203 = ADVANCED_FACE('',(#8204),#6187,.T.);
#8204 = FACE_BOUND('',#8205,.T.);
#8205 = EDGE_LOOP('',(#8206,#8227,#8228,#8229));
#8206 = ORIENTED_EDGE('',*,*,#8207,.F.);
#8207 = EDGE_CURVE('',#8050,#6150,#8208,.T.);
#8208 = SURFACE_CURVE('',#8209,(#8213,#8220),.PCURVE_S1.);
#8209 = LINE('',#8210,#8211);
#8210 = CARTESIAN_POINT('',(218.,280.,0.));
#8211 = VECTOR('',#8212,1.);
#8212 = DIRECTION('',(0.,0.,1.));
#8213 = PCURVE('',#6187,#8214);
#8214 = DEFINITIONAL_REPRESENTATION('',(#8215),#8219);
#8215 = LINE('',#8216,#8217);
#8216 = CARTESIAN_POINT('',(0.,-8.));
#8217 = VECTOR('',#8218,1.);
#8218 = DIRECTION('',(1.,0.));
#8219 = ( GEOMETRIC_REPRESENTATION_CONTEXT(2) 
PARAMETRIC_REPRESENTATION_CONTEXT() REPRESENTATION_CONTEXT('2D SPACE',''
  ) );
#8220 = PCURVE('',#6220,#8221);
#8221 = DEFINITIONAL_REPRESENTATION('',(#8222),#8226);
#8222 = LINE('',#8223,#8224);
#8223 = CARTESIAN_POINT('',(-0.,0.));
#8224 = VECTOR('',#8225,1.);
#8225 = DIRECTION('',(-0.,1.));
#8226 = ( GEOMETRIC_REPRESENTATION_CONTEXT(2) 
PARAMETRIC_REPRESENTATION_CONTEXT() REPRESENTATION_CONTEXT('2D SPACE',''
  ) );
#8227 = ORIENTED_EDGE('',*,*,#8073,.F.);
#8228 = ORIENTED_EDGE('',*,*,#8180,.T.);
#8229 = ORIENTED_EDGE('',*,*,#6173,.T.);
#8230 = ADVANCED_FACE('',(#8231),#6220,.T.);
#8231 = FACE_BOUND('',#8232,.F.);
#8232 = EDGE_LOOP('',(#8233,#8234,#8235,#8236));
#8233 = ORIENTED_EDGE('',*,*,#8207,.F.);
#8234 = ORIENTED_EDGE('',*,*,#8100,.T.);
#8235 = ORIENTED_EDGE('',*,*,#6391,.T.);
#8236 = ORIENTED_EDGE('',*,*,#6203,.F.);
#8237 = ADVANCED_FACE('',(#8238),#6326,.T.);
#8238 = FACE_BOUND('',#8239,.T.);
#8239 = EDGE_LOOP('',(#8240,#8241,#8242,#8243,#8244,#8245,#8246,#8247,
    #8248,#8249,#8250));
#8240 = ORIENTED_EDGE('',*,*,#7472,.F.);
#8241 = ORIENTED_EDGE('',*,*,#7842,.F.);
#8242 = ORIENTED_EDGE('',*,*,#6308,.T.);
#8243 = ORIENTED_EDGE('',*,*,#6500,.T.);
#8244 = ORIENTED_EDGE('',*,*,#6611,.T.);
#8245 = ORIENTED_EDGE('',*,*,#6690,.T.);
#8246 = ORIENTED_EDGE('',*,*,#6739,.T.);
#8247 = ORIENTED_EDGE('',*,*,#6791,.T.);
#8248 = ORIENTED_EDGE('',*,*,#6840,.T.);
#8249 = ORIENTED_EDGE('',*,*,#6963,.T.);
#8250 = ORIENTED_EDGE('',*,*,#7136,.T.);
#8251 = ( GEOMETRIC_REPRESENTATION_CONTEXT(3) 
GLOBAL_UNCERTAINTY_ASSIGNED_CONTEXT((#8255)) 
GLOBAL_UNIT_ASSIGNED_CONTEXT((#8252,#8253,#8254)) REPRESENTATION_CONTEXT
('Context #1','3D Context with UNIT and UNCERTAINTY') );
#8252 = ( LENGTH_UNIT() NAMED_UNIT(*) SI_UNIT(.MILLI.,.METRE.) );
#8253 = ( NAMED_UNIT(*) PLANE_ANGLE_UNIT() SI_UNIT($,.RADIAN.) );
#8254 = ( NAMED_UNIT(*) SI_UNIT($,.STERADIAN.) SOLID_ANGLE_UNIT() );
#8255 = UNCERTAINTY_MEASURE_WITH_UNIT(LENGTH_MEASURE(5.E-07),#8252,
  'distance_accuracy_value','confusion accuracy');
#8256 = PRODUCT_RELATED_PRODUCT_CATEGORY('part',$,(#7));
ENDSEC;
END-ISO-10303-21;
