ISO-10303-21;
HEADER;
FILE_DESCRIPTION(('Open CASCADE Model'),'2;1');
FILE_NAME('Open CASCADE Shape Model','2026-10-07T16:16:23',('Author'),(
    'Open CASCADE'),'Open CASCADE STEP processor 7.9','Open CASCADE 7.9'
  ,'Unknown');
FILE_SCHEMA(('AUTOMOTIVE_DESIGN { 1 0 10303 214 1 1 1 1 }'));
ENDSEC;
DATA;
#1 = APPLICATION_PROTOCOL_DEFINITION('international standard',
  'automotive_design',2000,#2);
#2 = APPLICATION_CONTEXT(
  'core data for automotive mechanical design processes');
#3 = SHAPE_DEFINITION_REPRESENTATION(#4,#10);
#4 = PRODUCT_DEFINITION_SHAPE('','',#5);
#5 = PRODUCT_DEFINITION('design','',#6,#9);
#6 = PRODUCT_DEFINITION_FORMATION('','',#7);
#7 = PRODUCT('Open CASCADE STEP translator 7.9 1',
  'Open CASCADE STEP translator 7.9 1','',(#8));
#8 = PRODUCT_CONTEXT('',#2,'mechanical');
#9 = PRODUCT_DEFINITION_CONTEXT('part definition',#2,'design');
#10 = ADVANCED_BREP_SHAPE_REPRESENTATION('',(#11,#15),#11012);
#11 = AXIS2_PLACEMENT_3D('',#12,#13,#14);
#12 = CARTESIAN_POINT('',(0.,0.,0.));
#13 = DIRECTION('',(0.,0.,1.));
#14 = DIRECTION('',(1.,0.,-0.));
#15 = MANIFOLD_SOLID_BREP('',#16);
#16 = CLOSED_SHELL('',(#17,#523,#607,#858,#983,#1066,#1114,#1168,#1221,
    #1275,#1442,#1542,#1729,#1821,#1875,#1924,#1978,#2120,#2230,#2311,
    #2675,#2701,#2761,#2835,#3285,#3336,#3391,#3420,#3486,#3676,#3952,
    #4007,#4061,#4116,#4366,#4392,#4452,#4669,#4918,#5062,#5264,#5412,
    #5483,#5509,#5558,#5611,#5688,#5773,#5828,#5884,#5939,#5995,#6022,
    #6054,#6189,#6239,#6290,#6340,#6391,#6441,#6542,#6641,#6693,#6880,
    #6930,#7104,#7151,#7318,#7345,#7372,#7486,#7649,#7704,#7758,#7792,
    #7875,#8068,#8124,#8202,#8259,#8307,#8360,#8408,#8461,#8487,#8553,
    #8580,#8612,#8618,#8649,#8677,#8728,#8755,#9080,#9164,#9748,#9802,
    #9851,#9905,#9983,#10029,#10063,#10090,#10117,#10144,#10171,#10178,
    #10205,#10232,#10239,#10317,#10344,#10422,#10449,#10476,#10483,
    #10510,#10517,#10572,#10645,#10672,#10720,#10726,#10758,#10785,
    #10812,#10819,#10893,#10971,#10978,#11005));
#17 = ADVANCED_FACE('',(#18),#32,.F.);
#18 = FACE_BOUND('',#19,.F.);
#19 = EDGE_LOOP('',(#20,#55,#83,#111,#149,#177,#206,#234,#263,#291,#319,
    #347,#375,#408,#436,#469,#497));
#20 = ORIENTED_EDGE('',*,*,#21,.T.);
#21 = EDGE_CURVE('',#22,#24,#26,.T.);
#22 = VERTEX_POINT('',#23);
#23 = CARTESIAN_POINT('',(-8.,226.,0.5));
#24 = VERTEX_POINT('',#25);
#25 = CARTESIAN_POINT('',(-8.,270.,0.5));
#26 = SURFACE_CURVE('',#27,(#31,#43),.PCURVE_S1.);
#27 = LINE('',#28,#29);
#28 = CARTESIAN_POINT('',(-8.,226.,0.5));
#29 = VECTOR('',#30,1.);
#30 = DIRECTION('',(0.,1.,0.));
#31 = PCURVE('',#32,#37);
#32 = PLANE('',#33);
#33 = AXIS2_PLACEMENT_3D('',#34,#35,#36);
#34 = CARTESIAN_POINT('',(-8.,218.,0.));
#35 = DIRECTION('',(1.,0.,0.));
#36 = DIRECTION('',(0.,0.,1.));
#37 = DEFINITIONAL_REPRESENTATION('',(#38),#42);
#38 = LINE('',#39,#40);
#39 = CARTESIAN_POINT('',(0.5,-8.));
#40 = VECTOR('',#41,1.);
#41 = DIRECTION('',(0.,-1.));
#42 = ( GEOMETRIC_REPRESENTATION_CONTEXT(2)
PARAMETRIC_REPRESENTATION_CONTEXT() REPRESENTATION_CONTEXT('2D SPACE',''
  ) );
#43 = PCURVE('',#44,#49);
#44 = CYLINDRICAL_SURFACE('',#45,0.5);
#45 = AXIS2_PLACEMENT_3D('',#46,#47,#48);
#46 = CARTESIAN_POINT('',(-7.5,226.,0.5));
#47 = DIRECTION('',(0.,1.,0.));
#48 = DIRECTION('',(-1.,0.,0.));
#49 = DEFINITIONAL_REPRESENTATION('',(#50),#54);
#50 = LINE('',#51,#52);
#51 = CARTESIAN_POINT('',(6.28318530718,0.));
#52 = VECTOR('',#53,1.);
#53 = DIRECTION('',(-0.,1.));
#54 = ( GEOMETRIC_REPRESENTATION_CONTEXT(2)
PARAMETRIC_REPRESENTATION_CONTEXT() REPRESENTATION_CONTEXT('2D SPACE',''
  ) );
#55 = ORIENTED_EDGE('',*,*,#56,.T.);
#56 = EDGE_CURVE('',#24,#57,#59,.T.);
#57 = VERTEX_POINT('',#58);
#58 = CARTESIAN_POINT('',(-8.,270.,19.));
#59 = SURFACE_CURVE('',#60,(#64,#71),.PCURVE_S1.);
#60 = LINE('',#61,#62);
#61 = CARTESIAN_POINT('',(-8.,270.,0.));
#62 = VECTOR('',#63,1.);
#63 = DIRECTION('',(0.,0.,1.));
#64 = PCURVE('',#32,#65);
#65 = DEFINITIONAL_REPRESENTATION('',(#66),#70);
#66 = LINE('',#67,#68);
#67 = CARTESIAN_POINT('',(0.,-52.));
#68 = VECTOR('',#69,1.);
#69 = DIRECTION('',(1.,0.));
#70 = ( GEOMETRIC_REPRESENTATION_CONTEXT(2)
PARAMETRIC_REPRESENTATION_CONTEXT() REPRESENTATION_CONTEXT('2D SPACE',''
  ) );
#71 = PCURVE('',#72,#77);
#72 = CYLINDRICAL_SURFACE('',#73,8.);
#73 = AXIS2_PLACEMENT_3D('',#74,#75,#76);
#74 = CARTESIAN_POINT('',(0.,270.,0.));
#75 = DIRECTION('',(0.,0.,1.));
#76 = DIRECTION('',(-1.,-0.,0.));
#77 = DEFINITIONAL_REPRESENTATION('',(#78),#82);
#78 = LINE('',#79,#80);
#79 = CARTESIAN_POINT('',(6.28318530718,0.));
#80 = VECTOR('',#81,1.);
#81 = DIRECTION('',(-0.,1.));
#82 = ( GEOMETRIC_REPRESENTATION_CONTEXT(2)
PARAMETRIC_REPRESENTATION_CONTEXT() REPRESENTATION_CONTEXT('2D SPACE',''
  ) );
#83 = ORIENTED_EDGE('',*,*,#84,.F.);
#84 = EDGE_CURVE('',#85,#57,#87,.T.);
#85 = VERTEX_POINT('',#86);
#86 = CARTESIAN_POINT('',(-8.,254.30880481102,19.));
#87 = SURFACE_CURVE('',#88,(#92,#99),.PCURVE_S1.);
#88 = LINE('',#89,#90);
#89 = CARTESIAN_POINT('',(-8.,226.,19.));
#90 = VECTOR('',#91,1.);
#91 = DIRECTION('',(0.,1.,0.));
#92 = PCURVE('',#32,#93);
#93 = DEFINITIONAL_REPRESENTATION('',(#94),#98);
#94 = LINE('',#95,#96);
#95 = CARTESIAN_POINT('',(19.,-8.));
#96 = VECTOR('',#97,1.);
#97 = DIRECTION('',(0.,-1.));
#98 = ( GEOMETRIC_REPRESENTATION_CONTEXT(2)
PARAMETRIC_REPRESENTATION_CONTEXT() REPRESENTATION_CONTEXT('2D SPACE',''
  ) );
#99 = PCURVE('',#100,#105);
#100 = CYLINDRICAL_SURFACE('',#101,1.);
#101 = AXIS2_PLACEMENT_3D('',#102,#103,#104);
#102 = CARTESIAN_POINT('',(-7.,226.,19.));
#103 = DIRECTION('',(0.,1.,0.));
#104 = DIRECTION('',(-1.,0.,0.));
#105 = DEFINITIONAL_REPRESENTATION('',(#106),#110);
#106 = LINE('',#107,#108);
#107 = CARTESIAN_POINT('',(0.,0.));
#108 = VECTOR('',#109,1.);
#109 = DIRECTION('',(0.,1.));
#110 = ( GEOMETRIC_REPRESENTATION_CONTEXT(2)
PARAMETRIC_REPRESENTATION_CONTEXT() REPRESENTATION_CONTEXT('2D SPACE',''
  ) );
#111 = ORIENTED_EDGE('',*,*,#112,.F.);
#112 = EDGE_CURVE('',#113,#85,#115,.T.);
#113 = VERTEX_POINT('',#114);
#114 = CARTESIAN_POINT('',(-8.,254.25332452773,18.792944763918));
#115 = SURFACE_CURVE('',#116,(#121,#129),.PCURVE_S1.);
#116 = B_SPLINE_CURVE_WITH_KNOTS('',3,(#117,#118,#119,#120),
  .UNSPECIFIED.,.F.,.F.,(4,4),(266.89962940277,267.10769878649),
  .PIECEWISE_BEZIER_KNOTS.);
#117 = CARTESIAN_POINT('',(-8.,254.25332452773,18.792944763918));
#118 = CARTESIAN_POINT('',(-8.,254.27158497538,18.86109368233));
#119 = CARTESIAN_POINT('',(-8.,254.28983727669,18.92921219816));
#120 = CARTESIAN_POINT('',(-8.,254.30880481102,19.));
#121 = PCURVE('',#32,#122);
#122 = DEFINITIONAL_REPRESENTATION('',(#123),#128);
#123 = B_SPLINE_CURVE_WITH_KNOTS('',3,(#124,#125,#126,#127),
  .UNSPECIFIED.,.F.,.F.,(4,4),(266.89962940277,267.10769878649),
  .PIECEWISE_BEZIER_KNOTS.);
#124 = CARTESIAN_POINT('',(18.792944763918,-36.25332452773));
#125 = CARTESIAN_POINT('',(18.86109368233,-36.27158497538));
#126 = CARTESIAN_POINT('',(18.92921219816,-36.28983727669));
#127 = CARTESIAN_POINT('',(19.,-36.30880481102));
#128 = ( GEOMETRIC_REPRESENTATION_CONTEXT(2)
PARAMETRIC_REPRESENTATION_CONTEXT() REPRESENTATION_CONTEXT('2D SPACE',''
  ) );
#129 = PCURVE('',#130,#143);
#130 = ( BOUNDED_SURFACE() B_SPLINE_SURFACE(2,3,(
    (#131,#132,#133,#134)
    ,(#135,#136,#137,#138)
    ,(#139,#140,#141,#142
)),.UNSPECIFIED.,.F.,.F.,.F.) B_SPLINE_SURFACE_WITH_KNOTS((3,3),(4,4),(
    0.,0.208069383712),(266.89962940277,267.10769878649),
.PIECEWISE_BEZIER_KNOTS.) GEOMETRIC_REPRESENTATION_ITEM()
RATIONAL_B_SPLINE_SURFACE((
    (1.,1.,1.,1.)
    ,(0.707106781187,0.707106781187,0.707106781187,0.707106781187)
,(1.,1.,1.,1.))) REPRESENTATION_ITEM('') SURFACE() );
#131 = CARTESIAN_POINT('',(-7.2,253.4805838667,19.));
#132 = CARTESIAN_POINT('',(-7.2,253.48521453067,19.017281873213));
#133 = CARTESIAN_POINT('',(-7.205207316788,253.48983665838,
    19.034531888671));
#134 = CARTESIAN_POINT('',(-7.215577637581,253.49540273291,
    19.055304761624));
#135 = CARTESIAN_POINT('',(-8.,253.4805838667,19.));
#136 = CARTESIAN_POINT('',(-8.,253.49884431435,19.068148918412));
#137 = CARTESIAN_POINT('',(-8.,253.51709661566,19.136267434242));
#138 = CARTESIAN_POINT('',(-8.,253.53606414999,19.207055236082));
#139 = CARTESIAN_POINT('',(-8.,254.25332452773,18.792944763918));
#140 = CARTESIAN_POINT('',(-8.,254.27158497538,18.86109368233));
#141 = CARTESIAN_POINT('',(-8.,254.28983727669,18.92921219816));
#142 = CARTESIAN_POINT('',(-8.,254.30880481102,19.));
#143 = DEFINITIONAL_REPRESENTATION('',(#144),#148);
#144 = LINE('',#145,#146);
#145 = CARTESIAN_POINT('',(0.208069383712,0.));
#146 = VECTOR('',#147,1.);
#147 = DIRECTION('',(0.,1.));
#148 = ( GEOMETRIC_REPRESENTATION_CONTEXT(2)
PARAMETRIC_REPRESENTATION_CONTEXT() REPRESENTATION_CONTEXT('2D SPACE',''
  ) );
#149 = ORIENTED_EDGE('',*,*,#150,.F.);
#150 = EDGE_CURVE('',#151,#113,#153,.T.);
#151 = VERTEX_POINT('',#152);
#152 = CARTESIAN_POINT('',(-8.,250.25831376799,3.883361631783));
#153 = SURFACE_CURVE('',#154,(#158,#165),.PCURVE_S1.);
#154 = LINE('',#155,#156);
#155 = CARTESIAN_POINT('',(-8.,250.25831376799,3.883361631783));
#156 = VECTOR('',#157,1.);
#157 = DIRECTION('',(-0.,0.258819045103,0.965925826289));
#158 = PCURVE('',#32,#159);
#159 = DEFINITIONAL_REPRESENTATION('',(#160),#164);
#160 = LINE('',#161,#162);
#161 = CARTESIAN_POINT('',(3.883361631783,-32.25831376799));
#162 = VECTOR('',#163,1.);
#163 = DIRECTION('',(0.965925826289,-0.258819045103));
#164 = ( GEOMETRIC_REPRESENTATION_CONTEXT(2)
PARAMETRIC_REPRESENTATION_CONTEXT() REPRESENTATION_CONTEXT('2D SPACE',''
  ) );
#165 = PCURVE('',#166,#171);
#166 = CYLINDRICAL_SURFACE('',#167,0.8);
#167 = AXIS2_PLACEMENT_3D('',#168,#169,#170);
#168 = CARTESIAN_POINT('',(-7.2,250.25831376799,3.883361631783));
#169 = DIRECTION('',(-0.,0.258819045103,0.965925826289));
#170 = DIRECTION('',(-0.,-0.965925826289,0.258819045103));
#171 = DEFINITIONAL_REPRESENTATION('',(#172),#176);
#172 = LINE('',#173,#174);
#173 = CARTESIAN_POINT('',(4.712388980385,0.));
#174 = VECTOR('',#175,1.);
#175 = DIRECTION('',(-0.,1.));
#176 = ( GEOMETRIC_REPRESENTATION_CONTEXT(2)
PARAMETRIC_REPRESENTATION_CONTEXT() REPRESENTATION_CONTEXT('2D SPACE',''
  ) );
#177 = ORIENTED_EDGE('',*,*,#178,.F.);
#178 = EDGE_CURVE('',#179,#151,#181,.T.);
#179 = VERTEX_POINT('',#180);
#180 = CARTESIAN_POINT('',(-8.,248.29872197376,2.751990781884));
#181 = SURFACE_CURVE('',#182,(#187,#194),.PCURVE_S1.);
#182 = CIRCLE('',#183,1.6);
#183 = AXIS2_PLACEMENT_3D('',#184,#185,#186);
#184 = CARTESIAN_POINT('',(-8.,248.71283244593,4.297472103947));
#185 = DIRECTION('',(1.,0.,0.));
#186 = DIRECTION('',(0.,-0.258819045103,-0.965925826289));
#187 = PCURVE('',#32,#188);
#188 = DEFINITIONAL_REPRESENTATION('',(#189),#193);
#189 = CIRCLE('',#190,1.6);
#190 = AXIS2_PLACEMENT_2D('',#191,#192);
#191 = CARTESIAN_POINT('',(4.297472103947,-30.71283244593));
#192 = DIRECTION('',(-0.965925826289,0.258819045103));
#193 = ( GEOMETRIC_REPRESENTATION_CONTEXT(2)
PARAMETRIC_REPRESENTATION_CONTEXT() REPRESENTATION_CONTEXT('2D SPACE',''
  ) );
#194 = PCURVE('',#195,#200);
#195 = TOROIDAL_SURFACE('',#196,1.6,0.8);
#196 = AXIS2_PLACEMENT_3D('',#197,#198,#199);
#197 = CARTESIAN_POINT('',(-7.2,248.71283244593,4.297472103947));
#198 = DIRECTION('',(1.,0.,-0.));
#199 = DIRECTION('',(0.,-0.258819045103,-0.965925826289));
#200 = DEFINITIONAL_REPRESENTATION('',(#201),#205);
#201 = LINE('',#202,#203);
#202 = CARTESIAN_POINT('',(0.,4.712388980385));
#203 = VECTOR('',#204,1.);
#204 = DIRECTION('',(1.,0.));
#205 = ( GEOMETRIC_REPRESENTATION_CONTEXT(2)
PARAMETRIC_REPRESENTATION_CONTEXT() REPRESENTATION_CONTEXT('2D SPACE',''
  ) );
#206 = ORIENTED_EDGE('',*,*,#207,.F.);
#207 = EDGE_CURVE('',#208,#179,#210,.T.);
#208 = VERTEX_POINT('',#209);
#209 = CARTESIAN_POINT('',(-8.,237.28716755407,5.702527896053));
#210 = SURFACE_CURVE('',#211,(#215,#222),.PCURVE_S1.);
#211 = LINE('',#212,#213);
#212 = CARTESIAN_POINT('',(-8.,237.28716755407,5.702527896053));
#213 = VECTOR('',#214,1.);
#214 = DIRECTION('',(-0.,0.965925826289,-0.258819045103));
#215 = PCURVE('',#32,#216);
#216 = DEFINITIONAL_REPRESENTATION('',(#217),#221);
#217 = LINE('',#218,#219);
#218 = CARTESIAN_POINT('',(5.702527896053,-19.28716755407));
#219 = VECTOR('',#220,1.);
#220 = DIRECTION('',(-0.258819045103,-0.965925826289));
#221 = ( GEOMETRIC_REPRESENTATION_CONTEXT(2)
PARAMETRIC_REPRESENTATION_CONTEXT() REPRESENTATION_CONTEXT('2D SPACE',''
  ) );
#222 = PCURVE('',#223,#228);
#223 = CYLINDRICAL_SURFACE('',#224,0.8);
#224 = AXIS2_PLACEMENT_3D('',#225,#226,#227);
#225 = CARTESIAN_POINT('',(-7.2,237.28716755407,5.702527896053));
#226 = DIRECTION('',(-0.,0.965925826289,-0.258819045103));
#227 = DIRECTION('',(0.,0.258819045103,0.965925826289));
#228 = DEFINITIONAL_REPRESENTATION('',(#229),#233);
#229 = LINE('',#230,#231);
#230 = CARTESIAN_POINT('',(4.712388980385,0.));
#231 = VECTOR('',#232,1.);
#232 = DIRECTION('',(-0.,1.));
#233 = ( GEOMETRIC_REPRESENTATION_CONTEXT(2)
PARAMETRIC_REPRESENTATION_CONTEXT() REPRESENTATION_CONTEXT('2D SPACE',''
  ) );
#234 = ORIENTED_EDGE('',*,*,#235,.F.);
#235 = EDGE_CURVE('',#236,#208,#238,.T.);
#236 = VERTEX_POINT('',#237);
#237 = CARTESIAN_POINT('',(-8.,236.15579670417,7.66211969028));
#238 = SURFACE_CURVE('',#239,(#244,#251),.PCURVE_S1.);
#239 = CIRCLE('',#240,1.6);
#240 = AXIS2_PLACEMENT_3D('',#241,#242,#243);
#241 = CARTESIAN_POINT('',(-8.,237.70127802623,7.248009218116));
#242 = DIRECTION('',(1.,0.,0.));
#243 = DIRECTION('',(0.,-0.965925826289,0.258819045103));
#244 = PCURVE('',#32,#245);
#245 = DEFINITIONAL_REPRESENTATION('',(#246),#250);
#246 = CIRCLE('',#247,1.6);
#247 = AXIS2_PLACEMENT_2D('',#248,#249);
#248 = CARTESIAN_POINT('',(7.248009218116,-19.70127802623));
#249 = DIRECTION('',(0.258819045103,0.965925826289));
#250 = ( GEOMETRIC_REPRESENTATION_CONTEXT(2)
PARAMETRIC_REPRESENTATION_CONTEXT() REPRESENTATION_CONTEXT('2D SPACE',''
  ) );
#251 = PCURVE('',#252,#257);
#252 = TOROIDAL_SURFACE('',#253,1.6,0.8);
#253 = AXIS2_PLACEMENT_3D('',#254,#255,#256);
#254 = CARTESIAN_POINT('',(-7.2,237.70127802623,7.248009218116));
#255 = DIRECTION('',(1.,0.,-0.));
#256 = DIRECTION('',(0.,-0.965925826289,0.258819045103));
#257 = DEFINITIONAL_REPRESENTATION('',(#258),#262);
#258 = LINE('',#259,#260);
#259 = CARTESIAN_POINT('',(0.,4.712388980385));
#260 = VECTOR('',#261,1.);
#261 = DIRECTION('',(1.,0.));
#262 = ( GEOMETRIC_REPRESENTATION_CONTEXT(2)
PARAMETRIC_REPRESENTATION_CONTEXT() REPRESENTATION_CONTEXT('2D SPACE',''
  ) );
#263 = ORIENTED_EDGE('',*,*,#264,.F.);
#264 = EDGE_CURVE('',#265,#236,#267,.T.);
#265 = VERTEX_POINT('',#266);
#266 = CARTESIAN_POINT('',(-8.,239.19377257704,19.));
#267 = SURFACE_CURVE('',#268,(#272,#279),.PCURVE_S1.);
#268 = LINE('',#269,#270);
#269 = CARTESIAN_POINT('',(-8.,239.24925286033,19.207055236082));
#270 = VECTOR('',#271,1.);
#271 = DIRECTION('',(0.,-0.258819045103,-0.965925826289));
#272 = PCURVE('',#32,#273);
#273 = DEFINITIONAL_REPRESENTATION('',(#274),#278);
#274 = LINE('',#275,#276);
#275 = CARTESIAN_POINT('',(19.207055236082,-21.24925286033));
#276 = VECTOR('',#277,1.);
#277 = DIRECTION('',(-0.965925826289,0.258819045103));
#278 = ( GEOMETRIC_REPRESENTATION_CONTEXT(2)
PARAMETRIC_REPRESENTATION_CONTEXT() REPRESENTATION_CONTEXT('2D SPACE',''
  ) );
#279 = PCURVE('',#280,#285);
#280 = CYLINDRICAL_SURFACE('',#281,0.8);
#281 = AXIS2_PLACEMENT_3D('',#282,#283,#284);
#282 = CARTESIAN_POINT('',(-7.2,239.24925286033,19.207055236082));
#283 = DIRECTION('',(0.,-0.258819045103,-0.965925826289));
#284 = DIRECTION('',(0.,0.965925826289,-0.258819045103));
#285 = DEFINITIONAL_REPRESENTATION('',(#286),#290);
#286 = LINE('',#287,#288);
#287 = CARTESIAN_POINT('',(4.712388980385,0.));
#288 = VECTOR('',#289,1.);
#289 = DIRECTION('',(-0.,1.));
#290 = ( GEOMETRIC_REPRESENTATION_CONTEXT(2)
PARAMETRIC_REPRESENTATION_CONTEXT() REPRESENTATION_CONTEXT('2D SPACE',''
  ) );
#291 = ORIENTED_EDGE('',*,*,#292,.F.);
#292 = EDGE_CURVE('',#293,#265,#295,.T.);
#293 = VERTEX_POINT('',#294);
#294 = CARTESIAN_POINT('',(-8.,226.,19.));
#295 = SURFACE_CURVE('',#296,(#300,#307),.PCURVE_S1.);
#296 = LINE('',#297,#298);
#297 = CARTESIAN_POINT('',(-8.,226.,19.));
#298 = VECTOR('',#299,1.);
#299 = DIRECTION('',(0.,1.,0.));
#300 = PCURVE('',#32,#301);
#301 = DEFINITIONAL_REPRESENTATION('',(#302),#306);
#302 = LINE('',#303,#304);
#303 = CARTESIAN_POINT('',(19.,-8.));
#304 = VECTOR('',#305,1.);
#305 = DIRECTION('',(0.,-1.));
#306 = ( GEOMETRIC_REPRESENTATION_CONTEXT(2)
PARAMETRIC_REPRESENTATION_CONTEXT() REPRESENTATION_CONTEXT('2D SPACE',''
  ) );
#307 = PCURVE('',#308,#313);
#308 = CYLINDRICAL_SURFACE('',#309,1.);
#309 = AXIS2_PLACEMENT_3D('',#310,#311,#312);
#310 = CARTESIAN_POINT('',(-7.,226.,19.));
#311 = DIRECTION('',(0.,1.,0.));
#312 = DIRECTION('',(-1.,0.,0.));
#313 = DEFINITIONAL_REPRESENTATION('',(#314),#318);
#314 = LINE('',#315,#316);
#315 = CARTESIAN_POINT('',(0.,0.));
#316 = VECTOR('',#317,1.);
#317 = DIRECTION('',(0.,1.));
#318 = ( GEOMETRIC_REPRESENTATION_CONTEXT(2)
PARAMETRIC_REPRESENTATION_CONTEXT() REPRESENTATION_CONTEXT('2D SPACE',''
  ) );
#319 = ORIENTED_EDGE('',*,*,#320,.F.);
#320 = EDGE_CURVE('',#321,#293,#323,.T.);
#321 = VERTEX_POINT('',#322);
#322 = CARTESIAN_POINT('',(-8.,226.,15.280733948199));
#323 = SURFACE_CURVE('',#324,(#328,#335),.PCURVE_S1.);
#324 = LINE('',#325,#326);
#325 = CARTESIAN_POINT('',(-8.,226.,0.));
#326 = VECTOR('',#327,1.);
#327 = DIRECTION('',(0.,0.,1.));
#328 = PCURVE('',#32,#329);
#329 = DEFINITIONAL_REPRESENTATION('',(#330),#334);
#330 = LINE('',#331,#332);
#331 = CARTESIAN_POINT('',(0.,-8.));
#332 = VECTOR('',#333,1.);
#333 = DIRECTION('',(1.,0.));
#334 = ( GEOMETRIC_REPRESENTATION_CONTEXT(2)
PARAMETRIC_REPRESENTATION_CONTEXT() REPRESENTATION_CONTEXT('2D SPACE',''
  ) );
#335 = PCURVE('',#336,#341);
#336 = CYLINDRICAL_SURFACE('',#337,8.);
#337 = AXIS2_PLACEMENT_3D('',#338,#339,#340);
#338 = CARTESIAN_POINT('',(0.,226.,0.));
#339 = DIRECTION('',(0.,0.,1.));
#340 = DIRECTION('',(-1.,-0.,0.));
#341 = DEFINITIONAL_REPRESENTATION('',(#342),#346);
#342 = LINE('',#343,#344);
#343 = CARTESIAN_POINT('',(0.,0.));
#344 = VECTOR('',#345,1.);
#345 = DIRECTION('',(0.,1.));
#346 = ( GEOMETRIC_REPRESENTATION_CONTEXT(2)
PARAMETRIC_REPRESENTATION_CONTEXT() REPRESENTATION_CONTEXT('2D SPACE',''
  ) );
#347 = ORIENTED_EDGE('',*,*,#348,.T.);
#348 = EDGE_CURVE('',#321,#349,#351,.T.);
#349 = VERTEX_POINT('',#350);
#350 = CARTESIAN_POINT('',(-8.,227.87837712987,15.638520068175));
#351 = SURFACE_CURVE('',#352,(#356,#363),.PCURVE_S1.);
#352 = LINE('',#353,#354);
#353 = CARTESIAN_POINT('',(-8.,221.67487603578,14.456900812157));
#354 = VECTOR('',#355,1.);
#355 = DIRECTION('',(-0.,0.982338566422,0.18711210789));
#356 = PCURVE('',#32,#357);
#357 = DEFINITIONAL_REPRESENTATION('',(#358),#362);
#358 = LINE('',#359,#360);
#359 = CARTESIAN_POINT('',(14.456900812157,-3.67487603578));
#360 = VECTOR('',#361,1.);
#361 = DIRECTION('',(0.18711210789,-0.982338566422));
#362 = ( GEOMETRIC_REPRESENTATION_CONTEXT(2)
PARAMETRIC_REPRESENTATION_CONTEXT() REPRESENTATION_CONTEXT('2D SPACE',''
  ) );
#363 = PCURVE('',#364,#369);
#364 = PLANE('',#365);
#365 = AXIS2_PLACEMENT_3D('',#366,#367,#368);
#366 = CARTESIAN_POINT('',(-8.5,227.87837712987,15.638520068175));
#367 = DIRECTION('',(0.,0.18711210789,-0.982338566422));
#368 = DIRECTION('',(0.,-0.982338566422,-0.18711210789));
#369 = DEFINITIONAL_REPRESENTATION('',(#370),#374);
#370 = LINE('',#371,#372);
#371 = CARTESIAN_POINT('',(6.315033641286,-0.5));
#372 = VECTOR('',#373,1.);
#373 = DIRECTION('',(-1.,0.));
#374 = ( GEOMETRIC_REPRESENTATION_CONTEXT(2)
PARAMETRIC_REPRESENTATION_CONTEXT() REPRESENTATION_CONTEXT('2D SPACE',''
  ) );
#375 = ORIENTED_EDGE('',*,*,#376,.T.);
#376 = EDGE_CURVE('',#349,#377,#379,.T.);
#377 = VERTEX_POINT('',#378);
#378 = CARTESIAN_POINT('',(-8.,228.65,15.));
#379 = SURFACE_CURVE('',#380,(#385,#396),.PCURVE_S1.);
#380 = CIRCLE('',#381,0.65);
#381 = AXIS2_PLACEMENT_3D('',#382,#383,#384);
#382 = CARTESIAN_POINT('',(-8.,228.,15.));
#383 = DIRECTION('',(-1.,-0.,0.));
#384 = DIRECTION('',(0.,-0.982338566422,-0.18711210789));
#385 = PCURVE('',#32,#386);
#386 = DEFINITIONAL_REPRESENTATION('',(#387),#395);
#387 = ( BOUNDED_CURVE() B_SPLINE_CURVE(2,(#388,#389,#390,#391,#392,#393
,#394),.UNSPECIFIED.,.T.,.F.) B_SPLINE_CURVE_WITH_KNOTS((1,2,2,2,2,1),(
    -2.094395102393,0.,2.094395102393,4.188790204786,6.28318530718,
8.377580409573),.UNSPECIFIED.) CURVE() GEOMETRIC_REPRESENTATION_ITEM()
RATIONAL_B_SPLINE_CURVE((1.,0.5,1.,0.5,1.,0.5,1.)) REPRESENTATION_ITEM(
  '') );
#388 = CARTESIAN_POINT('',(14.878377129871,-9.361479931825));
#389 = CARTESIAN_POINT('',(15.984326329602,-9.1508229414));
#390 = CARTESIAN_POINT('',(15.61378603493,-10.21393153887));
#391 = CARTESIAN_POINT('',(15.243245740257,-11.27704013634));
#392 = CARTESIAN_POINT('',(14.507836835199,-10.4245885293));
#393 = CARTESIAN_POINT('',(13.772427930141,-9.57213692225));
#394 = CARTESIAN_POINT('',(14.878377129871,-9.361479931825));
#395 = ( GEOMETRIC_REPRESENTATION_CONTEXT(2)
PARAMETRIC_REPRESENTATION_CONTEXT() REPRESENTATION_CONTEXT('2D SPACE',''
  ) );
#396 = PCURVE('',#397,#402);
#397 = CYLINDRICAL_SURFACE('',#398,0.65);
#398 = AXIS2_PLACEMENT_3D('',#399,#400,#401);
#399 = CARTESIAN_POINT('',(-8.5,228.,15.));
#400 = DIRECTION('',(-1.,-0.,0.));
#401 = DIRECTION('',(0.,-0.982338566422,-0.18711210789));
#402 = DEFINITIONAL_REPRESENTATION('',(#403),#407);
#403 = LINE('',#404,#405);
#404 = CARTESIAN_POINT('',(0.,-0.5));
#405 = VECTOR('',#406,1.);
#406 = DIRECTION('',(1.,0.));
#407 = ( GEOMETRIC_REPRESENTATION_CONTEXT(2)
PARAMETRIC_REPRESENTATION_CONTEXT() REPRESENTATION_CONTEXT('2D SPACE',''
  ) );
#408 = ORIENTED_EDGE('',*,*,#409,.T.);
#409 = EDGE_CURVE('',#377,#410,#412,.T.);
#410 = VERTEX_POINT('',#411);
#411 = CARTESIAN_POINT('',(-8.,228.65,3.));
#412 = SURFACE_CURVE('',#413,(#417,#424),.PCURVE_S1.);
#413 = LINE('',#414,#415);
#414 = CARTESIAN_POINT('',(-8.,228.65,1.5));
#415 = VECTOR('',#416,1.);
#416 = DIRECTION('',(0.,0.,-1.));
#417 = PCURVE('',#32,#418);
#418 = DEFINITIONAL_REPRESENTATION('',(#419),#423);
#419 = LINE('',#420,#421);
#420 = CARTESIAN_POINT('',(1.5,-10.65));
#421 = VECTOR('',#422,1.);
#422 = DIRECTION('',(-1.,0.));
#423 = ( GEOMETRIC_REPRESENTATION_CONTEXT(2)
PARAMETRIC_REPRESENTATION_CONTEXT() REPRESENTATION_CONTEXT('2D SPACE',''
  ) );
#424 = PCURVE('',#425,#430);
#425 = PLANE('',#426);
#426 = AXIS2_PLACEMENT_3D('',#427,#428,#429);
#427 = CARTESIAN_POINT('',(-8.5,228.65,3.));
#428 = DIRECTION('',(0.,-1.,0.));
#429 = DIRECTION('',(0.,0.,1.));
#430 = DEFINITIONAL_REPRESENTATION('',(#431),#435);
#431 = LINE('',#432,#433);
#432 = CARTESIAN_POINT('',(-1.5,-0.5));
#433 = VECTOR('',#434,1.);
#434 = DIRECTION('',(-1.,0.));
#435 = ( GEOMETRIC_REPRESENTATION_CONTEXT(2)
PARAMETRIC_REPRESENTATION_CONTEXT() REPRESENTATION_CONTEXT('2D SPACE',''
  ) );
#436 = ORIENTED_EDGE('',*,*,#437,.T.);
#437 = EDGE_CURVE('',#410,#438,#440,.T.);
#438 = VERTEX_POINT('',#439);
#439 = CARTESIAN_POINT('',(-8.,227.87837712987,2.361479931825));
#440 = SURFACE_CURVE('',#441,(#446,#457),.PCURVE_S1.);
#441 = CIRCLE('',#442,0.65);
#442 = AXIS2_PLACEMENT_3D('',#443,#444,#445);
#443 = CARTESIAN_POINT('',(-8.,228.,3.));
#444 = DIRECTION('',(-1.,-0.,0.));
#445 = DIRECTION('',(0.,0.,1.));
#446 = PCURVE('',#32,#447);
#447 = DEFINITIONAL_REPRESENTATION('',(#448),#456);
#448 = ( BOUNDED_CURVE() B_SPLINE_CURVE(2,(#449,#450,#451,#452,#453,#454
,#455),.UNSPECIFIED.,.T.,.F.) B_SPLINE_CURVE_WITH_KNOTS((1,2,2,2,2,1),(
    -2.094395102393,0.,2.094395102393,4.188790204786,6.28318530718,
8.377580409573),.UNSPECIFIED.) CURVE() GEOMETRIC_REPRESENTATION_ITEM()
RATIONAL_B_SPLINE_CURVE((1.,0.5,1.,0.5,1.,0.5,1.)) REPRESENTATION_ITEM(
  '') );
#449 = CARTESIAN_POINT('',(3.65,-10.));
#450 = CARTESIAN_POINT('',(3.65,-11.12583302492));
#451 = CARTESIAN_POINT('',(2.675,-10.56291651246));
#452 = CARTESIAN_POINT('',(1.7,-10.));
#453 = CARTESIAN_POINT('',(2.675,-9.43708348754));
#454 = CARTESIAN_POINT('',(3.65,-8.87416697508));
#455 = CARTESIAN_POINT('',(3.65,-10.));
#456 = ( GEOMETRIC_REPRESENTATION_CONTEXT(2)
PARAMETRIC_REPRESENTATION_CONTEXT() REPRESENTATION_CONTEXT('2D SPACE',''
  ) );
#457 = PCURVE('',#458,#463);
#458 = CYLINDRICAL_SURFACE('',#459,0.65);
#459 = AXIS2_PLACEMENT_3D('',#460,#461,#462);
#460 = CARTESIAN_POINT('',(-8.5,228.,3.));
#461 = DIRECTION('',(-1.,-0.,0.));
#462 = DIRECTION('',(0.,0.,1.));
#463 = DEFINITIONAL_REPRESENTATION('',(#464),#468);
#464 = LINE('',#465,#466);
#465 = CARTESIAN_POINT('',(0.,-0.5));
#466 = VECTOR('',#467,1.);
#467 = DIRECTION('',(1.,0.));
#468 = ( GEOMETRIC_REPRESENTATION_CONTEXT(2)
PARAMETRIC_REPRESENTATION_CONTEXT() REPRESENTATION_CONTEXT('2D SPACE',''
  ) );
#469 = ORIENTED_EDGE('',*,*,#470,.T.);
#470 = EDGE_CURVE('',#438,#471,#473,.T.);
#471 = VERTEX_POINT('',#472);
#472 = CARTESIAN_POINT('',(-8.,226.,2.719266051801));
#473 = SURFACE_CURVE('',#474,(#478,#485),.PCURVE_S1.);
#474 = LINE('',#475,#476);
#475 = CARTESIAN_POINT('',(-8.,218.0791429942,4.228000719572));
#476 = VECTOR('',#477,1.);
#477 = DIRECTION('',(0.,-0.982338566422,0.18711210789));
#478 = PCURVE('',#32,#479);
#479 = DEFINITIONAL_REPRESENTATION('',(#480),#484);
#480 = LINE('',#481,#482);
#481 = CARTESIAN_POINT('',(4.228000719572,-7.91429942E-02));
#482 = VECTOR('',#483,1.);
#483 = DIRECTION('',(0.18711210789,0.982338566422));
#484 = ( GEOMETRIC_REPRESENTATION_CONTEXT(2)
PARAMETRIC_REPRESENTATION_CONTEXT() REPRESENTATION_CONTEXT('2D SPACE',''
  ) );
#485 = PCURVE('',#486,#491);
#486 = PLANE('',#487);
#487 = AXIS2_PLACEMENT_3D('',#488,#489,#490);
#488 = CARTESIAN_POINT('',(-8.5,217.37837712987,4.361479931825));
#489 = DIRECTION('',(-0.,0.18711210789,0.982338566422));
#490 = DIRECTION('',(0.,0.982338566422,-0.18711210789));
#491 = DEFINITIONAL_REPRESENTATION('',(#492),#496);
#492 = LINE('',#493,#494);
#493 = CARTESIAN_POINT('',(0.713364911328,-0.5));
#494 = VECTOR('',#495,1.);
#495 = DIRECTION('',(-1.,-0.));
#496 = ( GEOMETRIC_REPRESENTATION_CONTEXT(2)
PARAMETRIC_REPRESENTATION_CONTEXT() REPRESENTATION_CONTEXT('2D SPACE',''
  ) );
#497 = ORIENTED_EDGE('',*,*,#498,.F.);
#498 = EDGE_CURVE('',#22,#471,#499,.T.);
#499 = SURFACE_CURVE('',#500,(#504,#511),.PCURVE_S1.);
#500 = LINE('',#501,#502);
#501 = CARTESIAN_POINT('',(-8.,226.,0.));
#502 = VECTOR('',#503,1.);
#503 = DIRECTION('',(0.,0.,1.));
#504 = PCURVE('',#32,#505);
#505 = DEFINITIONAL_REPRESENTATION('',(#506),#510);
#506 = LINE('',#507,#508);
#507 = CARTESIAN_POINT('',(0.,-8.));
#508 = VECTOR('',#509,1.);
#509 = DIRECTION('',(1.,0.));
#510 = ( GEOMETRIC_REPRESENTATION_CONTEXT(2)
PARAMETRIC_REPRESENTATION_CONTEXT() REPRESENTATION_CONTEXT('2D SPACE',''
  ) );
#511 = PCURVE('',#512,#517);
#512 = CYLINDRICAL_SURFACE('',#513,8.);
#513 = AXIS2_PLACEMENT_3D('',#514,#515,#516);
#514 = CARTESIAN_POINT('',(0.,226.,0.));
#515 = DIRECTION('',(0.,0.,1.));
#516 = DIRECTION('',(-1.,-0.,0.));
#517 = DEFINITIONAL_REPRESENTATION('',(#518),#522);
#518 = LINE('',#519,#520);
#519 = CARTESIAN_POINT('',(0.,0.));
#520 = VECTOR('',#521,1.);
#521 = DIRECTION('',(0.,1.));
#522 = ( GEOMETRIC_REPRESENTATION_CONTEXT(2)
PARAMETRIC_REPRESENTATION_CONTEXT() REPRESENTATION_CONTEXT('2D SPACE',''
  ) );
#523 = ADVANCED_FACE('',(#524),#44,.T.);
#524 = FACE_BOUND('',#525,.T.);
#525 = EDGE_LOOP('',(#526,#527,#554,#582));
#526 = ORIENTED_EDGE('',*,*,#21,.T.);
#527 = ORIENTED_EDGE('',*,*,#528,.T.);
#528 = EDGE_CURVE('',#24,#529,#531,.T.);
#529 = VERTEX_POINT('',#530);
#530 = CARTESIAN_POINT('',(-7.5,270.,-1.110223024625E-16));
#531 = SURFACE_CURVE('',#532,(#537,#543),.PCURVE_S1.);
#532 = CIRCLE('',#533,0.5);
#533 = AXIS2_PLACEMENT_3D('',#534,#535,#536);
#534 = CARTESIAN_POINT('',(-7.5,270.,0.5));
#535 = DIRECTION('',(-0.,-1.,-0.));
#536 = DIRECTION('',(-1.,0.,0.));
#537 = PCURVE('',#44,#538);
#538 = DEFINITIONAL_REPRESENTATION('',(#539),#542);
#539 = B_SPLINE_CURVE_WITH_KNOTS('',1,(#540,#541),.UNSPECIFIED.,.F.,.F.,
  (2,2),(0.,1.570796326795),.PIECEWISE_BEZIER_KNOTS.);
#540 = CARTESIAN_POINT('',(6.28318530718,44.));
#541 = CARTESIAN_POINT('',(4.712388980385,44.));
#542 = ( GEOMETRIC_REPRESENTATION_CONTEXT(2)
PARAMETRIC_REPRESENTATION_CONTEXT() REPRESENTATION_CONTEXT('2D SPACE',''
  ) );
#543 = PCURVE('',#544,#549);
#544 = TOROIDAL_SURFACE('',#545,7.5,0.5);
#545 = AXIS2_PLACEMENT_3D('',#546,#547,#548);
#546 = CARTESIAN_POINT('',(0.,270.,0.5));
#547 = DIRECTION('',(-0.,-0.,-1.));
#548 = DIRECTION('',(-1.,0.,0.));
#549 = DEFINITIONAL_REPRESENTATION('',(#550),#553);
#550 = B_SPLINE_CURVE_WITH_KNOTS('',1,(#551,#552),.UNSPECIFIED.,.F.,.F.,
  (2,2),(0.,1.570796326795),.PIECEWISE_BEZIER_KNOTS.);
#551 = CARTESIAN_POINT('',(0.,0.));
#552 = CARTESIAN_POINT('',(0.,1.570796326795));
#553 = ( GEOMETRIC_REPRESENTATION_CONTEXT(2)
PARAMETRIC_REPRESENTATION_CONTEXT() REPRESENTATION_CONTEXT('2D SPACE',''
  ) );
#554 = ORIENTED_EDGE('',*,*,#555,.F.);
#555 = EDGE_CURVE('',#556,#529,#558,.T.);
#556 = VERTEX_POINT('',#557);
#557 = CARTESIAN_POINT('',(-7.5,226.,-1.110223024625E-16));
#558 = SURFACE_CURVE('',#559,(#563,#570),.PCURVE_S1.);
#559 = LINE('',#560,#561);
#560 = CARTESIAN_POINT('',(-7.5,226.,-1.110223024625E-16));
#561 = VECTOR('',#562,1.);
#562 = DIRECTION('',(0.,1.,0.));
#563 = PCURVE('',#44,#564);
#564 = DEFINITIONAL_REPRESENTATION('',(#565),#569);
#565 = LINE('',#566,#567);
#566 = CARTESIAN_POINT('',(4.712388980385,0.));
#567 = VECTOR('',#568,1.);
#568 = DIRECTION('',(-0.,1.));
#569 = ( GEOMETRIC_REPRESENTATION_CONTEXT(2)
PARAMETRIC_REPRESENTATION_CONTEXT() REPRESENTATION_CONTEXT('2D SPACE',''
  ) );
#570 = PCURVE('',#571,#576);
#571 = PLANE('',#572);
#572 = AXIS2_PLACEMENT_3D('',#573,#574,#575);
#573 = CARTESIAN_POINT('',(-8.,218.,0.));
#574 = DIRECTION('',(0.,0.,1.));
#575 = DIRECTION('',(1.,0.,-0.));
#576 = DEFINITIONAL_REPRESENTATION('',(#577),#581);
#577 = LINE('',#578,#579);
#578 = CARTESIAN_POINT('',(0.5,8.));
#579 = VECTOR('',#580,1.);
#580 = DIRECTION('',(0.,1.));
#581 = ( GEOMETRIC_REPRESENTATION_CONTEXT(2)
PARAMETRIC_REPRESENTATION_CONTEXT() REPRESENTATION_CONTEXT('2D SPACE',''
  ) );
#582 = ORIENTED_EDGE('',*,*,#583,.F.);
#583 = EDGE_CURVE('',#22,#556,#584,.T.);
#584 = SURFACE_CURVE('',#585,(#590,#596),.PCURVE_S1.);
#585 = CIRCLE('',#586,0.5);
#586 = AXIS2_PLACEMENT_3D('',#587,#588,#589);
#587 = CARTESIAN_POINT('',(-7.5,226.,0.5));
#588 = DIRECTION('',(-0.,-1.,-0.));
#589 = DIRECTION('',(-1.,0.,0.));
#590 = PCURVE('',#44,#591);
#591 = DEFINITIONAL_REPRESENTATION('',(#592),#595);
#592 = B_SPLINE_CURVE_WITH_KNOTS('',1,(#593,#594),.UNSPECIFIED.,.F.,.F.,
  (2,2),(0.,1.570796326795),.PIECEWISE_BEZIER_KNOTS.);
#593 = CARTESIAN_POINT('',(6.28318530718,0.));
#594 = CARTESIAN_POINT('',(4.712388980385,0.));
#595 = ( GEOMETRIC_REPRESENTATION_CONTEXT(2)
PARAMETRIC_REPRESENTATION_CONTEXT() REPRESENTATION_CONTEXT('2D SPACE',''
  ) );
#596 = PCURVE('',#597,#602);
#597 = TOROIDAL_SURFACE('',#598,7.5,0.5);
#598 = AXIS2_PLACEMENT_3D('',#599,#600,#601);
#599 = CARTESIAN_POINT('',(0.,226.,0.5));
#600 = DIRECTION('',(-0.,-0.,-1.));
#601 = DIRECTION('',(-2.449293598295E-16,-1.,0.));
#602 = DEFINITIONAL_REPRESENTATION('',(#603),#606);
#603 = B_SPLINE_CURVE_WITH_KNOTS('',1,(#604,#605),.UNSPECIFIED.,.F.,.F.,
  (2,2),(0.,1.570796326795),.PIECEWISE_BEZIER_KNOTS.);
#604 = CARTESIAN_POINT('',(1.570796326795,0.));
#605 = CARTESIAN_POINT('',(1.570796326795,1.570796326795));
#606 = ( GEOMETRIC_REPRESENTATION_CONTEXT(2)
PARAMETRIC_REPRESENTATION_CONTEXT() REPRESENTATION_CONTEXT('2D SPACE',''
  ) );
#607 = ADVANCED_FACE('',(#608),#72,.T.);
#608 = FACE_BOUND('',#609,.T.);
#609 = EDGE_LOOP('',(#610,#611,#640,#668,#697,#776,#802,#836));
#610 = ORIENTED_EDGE('',*,*,#56,.T.);
#611 = ORIENTED_EDGE('',*,*,#612,.T.);
#612 = EDGE_CURVE('',#57,#613,#615,.T.);
#613 = VERTEX_POINT('',#614);
#614 = CARTESIAN_POINT('',(0.,278.,19.));
#615 = SURFACE_CURVE('',#616,(#621,#628),.PCURVE_S1.);
#616 = CIRCLE('',#617,8.);
#617 = AXIS2_PLACEMENT_3D('',#618,#619,#620);
#618 = CARTESIAN_POINT('',(0.,270.,19.));
#619 = DIRECTION('',(0.,0.,-1.));
#620 = DIRECTION('',(-1.,0.,0.));
#621 = PCURVE('',#72,#622);
#622 = DEFINITIONAL_REPRESENTATION('',(#623),#627);
#623 = LINE('',#624,#625);
#624 = CARTESIAN_POINT('',(6.28318530718,19.));
#625 = VECTOR('',#626,1.);
#626 = DIRECTION('',(-1.,0.));
#627 = ( GEOMETRIC_REPRESENTATION_CONTEXT(2)
PARAMETRIC_REPRESENTATION_CONTEXT() REPRESENTATION_CONTEXT('2D SPACE',''
  ) );
#628 = PCURVE('',#629,#634);
#629 = TOROIDAL_SURFACE('',#630,7.,1.);
#630 = AXIS2_PLACEMENT_3D('',#631,#632,#633);
#631 = CARTESIAN_POINT('',(0.,270.,19.));
#632 = DIRECTION('',(0.,0.,1.));
#633 = DIRECTION('',(-1.,0.,0.));
#634 = DEFINITIONAL_REPRESENTATION('',(#635),#639);
#635 = LINE('',#636,#637);
#636 = CARTESIAN_POINT('',(6.28318530718,0.));
#637 = VECTOR('',#638,1.);
#638 = DIRECTION('',(-1.,0.));
#639 = ( GEOMETRIC_REPRESENTATION_CONTEXT(2)
PARAMETRIC_REPRESENTATION_CONTEXT() REPRESENTATION_CONTEXT('2D SPACE',''
  ) );
#640 = ORIENTED_EDGE('',*,*,#641,.F.);
#641 = EDGE_CURVE('',#642,#613,#644,.T.);
#642 = VERTEX_POINT('',#643);
#643 = CARTESIAN_POINT('',(0.,278.,4.));
#644 = SURFACE_CURVE('',#645,(#649,#656),.PCURVE_S1.);
#645 = LINE('',#646,#647);
#646 = CARTESIAN_POINT('',(0.,278.,0.));
#647 = VECTOR('',#648,1.);
#648 = DIRECTION('',(0.,0.,1.));
#649 = PCURVE('',#72,#650);
#650 = DEFINITIONAL_REPRESENTATION('',(#651),#655);
#651 = LINE('',#652,#653);
#652 = CARTESIAN_POINT('',(4.712388980385,0.));
#653 = VECTOR('',#654,1.);
#654 = DIRECTION('',(-0.,1.));
#655 = ( GEOMETRIC_REPRESENTATION_CONTEXT(2)
PARAMETRIC_REPRESENTATION_CONTEXT() REPRESENTATION_CONTEXT('2D SPACE',''
  ) );
#656 = PCURVE('',#657,#662);
#657 = PLANE('',#658);
#658 = AXIS2_PLACEMENT_3D('',#659,#660,#661);
#659 = CARTESIAN_POINT('',(-8.,278.,0.));
#660 = DIRECTION('',(0.,1.,0.));
#661 = DIRECTION('',(0.,-0.,1.));
#662 = DEFINITIONAL_REPRESENTATION('',(#663),#667);
#663 = LINE('',#664,#665);
#664 = CARTESIAN_POINT('',(0.,8.));
#665 = VECTOR('',#666,1.);
#666 = DIRECTION('',(1.,0.));
#667 = ( GEOMETRIC_REPRESENTATION_CONTEXT(2)
PARAMETRIC_REPRESENTATION_CONTEXT() REPRESENTATION_CONTEXT('2D SPACE',''
  ) );
#668 = ORIENTED_EDGE('',*,*,#669,.T.);
#669 = EDGE_CURVE('',#642,#670,#672,.T.);
#670 = VERTEX_POINT('',#671);
#671 = CARTESIAN_POINT('',(-5.562148865322,275.75,4.));
#672 = SURFACE_CURVE('',#673,(#678,#685),.PCURVE_S1.);
#673 = CIRCLE('',#674,8.);
#674 = AXIS2_PLACEMENT_3D('',#675,#676,#677);
#675 = CARTESIAN_POINT('',(0.,270.,4.));
#676 = DIRECTION('',(0.,0.,1.));
#677 = DIRECTION('',(-1.,-0.,0.));
#678 = PCURVE('',#72,#679);
#679 = DEFINITIONAL_REPRESENTATION('',(#680),#684);
#680 = LINE('',#681,#682);
#681 = CARTESIAN_POINT('',(0.,4.));
#682 = VECTOR('',#683,1.);
#683 = DIRECTION('',(1.,0.));
#684 = ( GEOMETRIC_REPRESENTATION_CONTEXT(2)
PARAMETRIC_REPRESENTATION_CONTEXT() REPRESENTATION_CONTEXT('2D SPACE',''
  ) );
#685 = PCURVE('',#686,#691);
#686 = PLANE('',#687);
#687 = AXIS2_PLACEMENT_3D('',#688,#689,#690);
#688 = CARTESIAN_POINT('',(-8.,272.,4.));
#689 = DIRECTION('',(0.,0.,1.));
#690 = DIRECTION('',(1.,0.,-0.));
#691 = DEFINITIONAL_REPRESENTATION('',(#692),#696);
#692 = CIRCLE('',#693,8.);
#693 = AXIS2_PLACEMENT_2D('',#694,#695);
#694 = CARTESIAN_POINT('',(8.,-2.));
#695 = DIRECTION('',(-1.,0.));
#696 = ( GEOMETRIC_REPRESENTATION_CONTEXT(2)
PARAMETRIC_REPRESENTATION_CONTEXT() REPRESENTATION_CONTEXT('2D SPACE',''
  ) );
#697 = ORIENTED_EDGE('',*,*,#698,.F.);
#698 = EDGE_CURVE('',#699,#670,#701,.T.);
#699 = VERTEX_POINT('',#700);
#700 = CARTESIAN_POINT('',(-6.244997998398,275.,3.));
#701 = SURFACE_CURVE('',#702,(#723,#747),.PCURVE_S1.);
#702 = B_SPLINE_CURVE_WITH_KNOTS('',7,(#703,#704,#705,#706,#707,#708,
    #709,#710,#711,#712,#713,#714,#715,#716,#717,#718,#719,#720,#721,
    #722),.UNSPECIFIED.,.F.,.F.,(8,6,6,8),(0.,0.319805568379,
    0.620556709256,1.),.UNSPECIFIED.);
#703 = CARTESIAN_POINT('',(-6.244997998398,275.,3.));
#704 = CARTESIAN_POINT('',(-6.244997998398,275.,3.065623802725));
#705 = CARTESIAN_POINT('',(-6.241779922306,275.00401938356,
    3.131238985123));
#706 = CARTESIAN_POINT('',(-6.235345236781,275.01205627168,
    3.196542663141));
#707 = CARTESIAN_POINT('',(-6.225668925251,275.02410863804,
    3.261214200975));
#708 = CARTESIAN_POINT('',(-6.212707326014,275.04016404215,
    3.324911213684));
#709 = CARTESIAN_POINT('',(-6.196401380489,275.06019499321,
    3.387264101017));
#710 = CARTESIAN_POINT('',(-6.158124508477,275.10669703331,
    3.504863199286));
#711 = CARTESIAN_POINT('',(-6.136554497693,275.13270666303,
    3.560294760993));
#712 = CARTESIAN_POINT('',(-6.111903988426,275.16215210627,
    3.613832518983));
#713 = CARTESIAN_POINT('',(-6.084111117119,275.19497151872,
    3.665080852273));
#714 = CARTESIAN_POINT('',(-6.053128618001,275.23105818408,3.71358329232
    ));
#715 = CARTESIAN_POINT('',(-6.018944275271,275.27024396391,
    3.758831833428));
#716 = CARTESIAN_POINT('',(-5.934499529341,275.36532831314,
    3.852577820065));
#717 = CARTESIAN_POINT('',(-5.882303989998,275.42299506518,
    3.898904477751));
#718 = CARTESIAN_POINT('',(-5.825217419661,275.48467990567,
    3.937997710322));
#719 = CARTESIAN_POINT('',(-5.763680662381,275.54950369189,
    3.968581437351));
#720 = CARTESIAN_POINT('',(-5.698451012051,275.61630403254,
    3.989523567744));
#721 = CARTESIAN_POINT('',(-5.630722075598,275.68366706022,4.));
#722 = CARTESIAN_POINT('',(-5.562148865322,275.75,4.));
#723 = PCURVE('',#72,#724);
#724 = DEFINITIONAL_REPRESENTATION('',(#725),#746);
#725 = B_SPLINE_CURVE_WITH_KNOTS('',7,(#726,#727,#728,#729,#730,#731,
    #732,#733,#734,#735,#736,#737,#738,#739,#740,#741,#742,#743,#744,
    #745),.UNSPECIFIED.,.F.,.F.,(8,6,6,8),(0.,0.319805568379,
    0.620556709256,1.),.UNSPECIFIED.);
#726 = CARTESIAN_POINT('',(5.608053774243,3.));
#727 = CARTESIAN_POINT('',(5.608053774243,3.065623802725));
#728 = CARTESIAN_POINT('',(5.607410158231,3.131238985123));
#729 = CARTESIAN_POINT('',(5.606123224309,3.196542663141));
#730 = CARTESIAN_POINT('',(5.604191215392,3.261214200975));
#731 = CARTESIAN_POINT('',(5.601611934776,3.324911213684));
#732 = CARTESIAN_POINT('',(5.598383392311,3.387264101017));
#733 = CARTESIAN_POINT('',(5.590854740099,3.504863199286));
#734 = CARTESIAN_POINT('',(5.586631015535,3.560294760993));
#735 = CARTESIAN_POINT('',(5.581830901199,3.613832518983));
#736 = CARTESIAN_POINT('',(5.576455268505,3.665080852273));
#737 = CARTESIAN_POINT('',(5.570510258838,3.71358329232));
#738 = CARTESIAN_POINT('',(5.564010401446,3.758831833428));
#739 = CARTESIAN_POINT('',(5.548114279383,3.852577820065));
#740 = CARTESIAN_POINT('',(5.538392133414,3.898904477751));
#741 = CARTESIAN_POINT('',(5.527887319051,3.937997710322));
#742 = CARTESIAN_POINT('',(5.516716512653,3.968581437351));
#743 = CARTESIAN_POINT('',(5.505047753235,3.989523567744));
#744 = CARTESIAN_POINT('',(5.493108305076,4.));
#745 = CARTESIAN_POINT('',(5.481182529376,4.));
#746 = ( GEOMETRIC_REPRESENTATION_CONTEXT(2)
PARAMETRIC_REPRESENTATION_CONTEXT() REPRESENTATION_CONTEXT('2D SPACE',''
  ) );
#747 = PCURVE('',#748,#753);
#748 = TOROIDAL_SURFACE('',#749,7.,1.);
#749 = AXIS2_PLACEMENT_3D('',#750,#751,#752);
#750 = CARTESIAN_POINT('',(0.,280.,3.));
#751 = DIRECTION('',(0.,0.,1.));
#752 = DIRECTION('',(0.,-1.,0.));
#753 = DEFINITIONAL_REPRESENTATION('',(#754),#775);
#754 = B_SPLINE_CURVE_WITH_KNOTS('',7,(#755,#756,#757,#758,#759,#760,
    #761,#762,#763,#764,#765,#766,#767,#768,#769,#770,#771,#772,#773,
    #774),.UNSPECIFIED.,.F.,.F.,(8,6,6,8),(0.,0.319805568379,
    0.620556709256,1.),.UNSPECIFIED.);
#755 = CARTESIAN_POINT('',(5.387520513322,0.));
#756 = CARTESIAN_POINT('',(5.387520513322,6.562380272535E-02));
#757 = CARTESIAN_POINT('',(5.387379722222,0.131239090083));
#758 = CARTESIAN_POINT('',(5.387098205989,0.197003994335));
#759 = CARTESIAN_POINT('',(5.386677009758,0.263060287938));
#760 = CARTESIAN_POINT('',(5.386118522191,0.329544051448));
#761 = CARTESIAN_POINT('',(5.385426748524,0.396597309326));
#762 = CARTESIAN_POINT('',(5.383837048481,0.528125340212));
#763 = CARTESIAN_POINT('',(5.382954085428,0.592497038677));
#764 = CARTESIAN_POINT('',(5.381963511469,0.657632704828));
#765 = CARTESIAN_POINT('',(5.380872078902,0.723641968616));
#766 = CARTESIAN_POINT('',(5.379689291086,0.79061755552));
#767 = CARTESIAN_POINT('',(5.378427931037,0.858638404611));
#768 = CARTESIAN_POINT('',(5.375434138198,1.014979758006));
#769 = CARTESIAN_POINT('',(5.373662338441,1.104083287127));
#770 = CARTESIAN_POINT('',(5.371825343445,1.194972311926));
#771 = CARTESIAN_POINT('',(5.369970216955,1.287470758081));
#772 = CARTESIAN_POINT('',(5.368153044363,1.381298891548));
#773 = CARTESIAN_POINT('',(5.366430868357,1.476034984254));
#774 = CARTESIAN_POINT('',(5.364848877703,1.570796326795));
#775 = ( GEOMETRIC_REPRESENTATION_CONTEXT(2)
PARAMETRIC_REPRESENTATION_CONTEXT() REPRESENTATION_CONTEXT('2D SPACE',''
  ) );
#776 = ORIENTED_EDGE('',*,*,#777,.F.);
#777 = EDGE_CURVE('',#778,#699,#780,.T.);
#778 = VERTEX_POINT('',#779);
#779 = CARTESIAN_POINT('',(-6.244997998398,275.,0.6));
#780 = SURFACE_CURVE('',#781,(#785,#791),.PCURVE_S1.);
#781 = LINE('',#782,#783);
#782 = CARTESIAN_POINT('',(-6.244997998398,275.,0.));
#783 = VECTOR('',#784,1.);
#784 = DIRECTION('',(0.,0.,1.));
#785 = PCURVE('',#72,#786);
#786 = DEFINITIONAL_REPRESENTATION('',(#787),#790);
#787 = B_SPLINE_CURVE_WITH_KNOTS('',1,(#788,#789),.UNSPECIFIED.,.F.,.F.,
  (2,2),(0.5999994,3.0000006),.PIECEWISE_BEZIER_KNOTS.);
#788 = CARTESIAN_POINT('',(5.608053774243,0.5999994));
#789 = CARTESIAN_POINT('',(5.608053774243,3.0000006));
#790 = ( GEOMETRIC_REPRESENTATION_CONTEXT(2)
PARAMETRIC_REPRESENTATION_CONTEXT() REPRESENTATION_CONTEXT('2D SPACE',''
  ) );
#791 = PCURVE('',#792,#797);
#792 = CYLINDRICAL_SURFACE('',#793,8.);
#793 = AXIS2_PLACEMENT_3D('',#794,#795,#796);
#794 = CARTESIAN_POINT('',(0.,280.,0.));
#795 = DIRECTION('',(0.,0.,1.));
#796 = DIRECTION('',(-1.,-0.,0.));
#797 = DEFINITIONAL_REPRESENTATION('',(#798),#801);
#798 = B_SPLINE_CURVE_WITH_KNOTS('',1,(#799,#800),.UNSPECIFIED.,.F.,.F.,
  (2,2),(0.5999994,3.0000006),.PIECEWISE_BEZIER_KNOTS.);
#799 = CARTESIAN_POINT('',(0.675131532937,0.5999994));
#800 = CARTESIAN_POINT('',(0.675131532937,3.0000006));
#801 = ( GEOMETRIC_REPRESENTATION_CONTEXT(2)
PARAMETRIC_REPRESENTATION_CONTEXT() REPRESENTATION_CONTEXT('2D SPACE',''
  ) );
#802 = ORIENTED_EDGE('',*,*,#803,.T.);
#803 = EDGE_CURVE('',#778,#804,#806,.T.);
#804 = VERTEX_POINT('',#805);
#805 = CARTESIAN_POINT('',(-6.23961970108,275.00671009605,0.5));
#806 = SURFACE_CURVE('',#807,(#813,#822),.PCURVE_S1.);
#807 = B_SPLINE_CURVE_WITH_KNOTS('',4,(#808,#809,#810,#811,#812),
  .UNSPECIFIED.,.F.,.F.,(5,5),(0.,1.),.PIECEWISE_BEZIER_KNOTS.);
#808 = CARTESIAN_POINT('',(-6.244997998398,275.,0.6));
#809 = CARTESIAN_POINT('',(-6.244997998398,275.,0.574905433549));
#810 = CARTESIAN_POINT('',(-6.244101665117,275.00111952187,
    0.549810946148));
#811 = CARTESIAN_POINT('',(-6.242308944637,275.00335862246,
    0.524810353895));
#812 = CARTESIAN_POINT('',(-6.239619636045,275.0067101771,0.4999994));
#813 = PCURVE('',#72,#814);
#814 = DEFINITIONAL_REPRESENTATION('',(#815),#821);
#815 = B_SPLINE_CURVE_WITH_KNOTS('',4,(#816,#817,#818,#819,#820),
  .UNSPECIFIED.,.F.,.F.,(5,5),(0.,1.),.PIECEWISE_BEZIER_KNOTS.);
#816 = CARTESIAN_POINT('',(5.608053774243,0.6));
#817 = CARTESIAN_POINT('',(5.608053774243,0.574905433549));
#818 = CARTESIAN_POINT('',(5.607874507351,0.549810946148));
#819 = CARTESIAN_POINT('',(5.607515964043,0.524810353895));
#820 = CARTESIAN_POINT('',(5.606978823187,0.4999994));
#821 = ( GEOMETRIC_REPRESENTATION_CONTEXT(2)
PARAMETRIC_REPRESENTATION_CONTEXT() REPRESENTATION_CONTEXT('2D SPACE',''
  ) );
#822 = PCURVE('',#823,#828);
#823 = TOROIDAL_SURFACE('',#824,7.4,0.6);
#824 = AXIS2_PLACEMENT_3D('',#825,#826,#827);
#825 = CARTESIAN_POINT('',(0.,280.,0.6));
#826 = DIRECTION('',(-0.,-0.,-1.));
#827 = DIRECTION('',(0.,-1.,0.));
#828 = DEFINITIONAL_REPRESENTATION('',(#829),#835);
#829 = B_SPLINE_CURVE_WITH_KNOTS('',4,(#830,#831,#832,#833,#834),
  .UNSPECIFIED.,.F.,.F.,(5,5),(0.,0.999993954284),
  .PIECEWISE_BEZIER_KNOTS.);
#830 = CARTESIAN_POINT('',(0.895664793858,0.));
#831 = CARTESIAN_POINT('',(0.895664793858,4.182402285048E-02));
#832 = CARTESIAN_POINT('',(0.895704007203,8.364799039748E-02));
#833 = CARTESIAN_POINT('',(0.895782439042,0.125510161815));
#834 = CARTESIAN_POINT('',(0.895899619733,0.167448078904));
#835 = ( GEOMETRIC_REPRESENTATION_CONTEXT(2)
PARAMETRIC_REPRESENTATION_CONTEXT() REPRESENTATION_CONTEXT('2D SPACE',''
  ) );
#836 = ORIENTED_EDGE('',*,*,#837,.F.);
#837 = EDGE_CURVE('',#24,#804,#838,.T.);
#838 = SURFACE_CURVE('',#839,(#844,#851),.PCURVE_S1.);
#839 = CIRCLE('',#840,8.);
#840 = AXIS2_PLACEMENT_3D('',#841,#842,#843);
#841 = CARTESIAN_POINT('',(0.,270.,0.5));
#842 = DIRECTION('',(0.,0.,-1.));
#843 = DIRECTION('',(-1.,0.,0.));
#844 = PCURVE('',#72,#845);
#845 = DEFINITIONAL_REPRESENTATION('',(#846),#850);
#846 = LINE('',#847,#848);
#847 = CARTESIAN_POINT('',(6.28318530718,0.5));
#848 = VECTOR('',#849,1.);
#849 = DIRECTION('',(-1.,0.));
#850 = ( GEOMETRIC_REPRESENTATION_CONTEXT(2)
PARAMETRIC_REPRESENTATION_CONTEXT() REPRESENTATION_CONTEXT('2D SPACE',''
  ) );
#851 = PCURVE('',#544,#852);
#852 = DEFINITIONAL_REPRESENTATION('',(#853),#857);
#853 = LINE('',#854,#855);
#854 = CARTESIAN_POINT('',(0.,0.));
#855 = VECTOR('',#856,1.);
#856 = DIRECTION('',(1.,0.));
#857 = ( GEOMETRIC_REPRESENTATION_CONTEXT(2)
PARAMETRIC_REPRESENTATION_CONTEXT() REPRESENTATION_CONTEXT('2D SPACE',''
  ) );
#858 = ADVANCED_FACE('',(#859),#100,.T.);
#859 = FACE_BOUND('',#860,.T.);
#860 = EDGE_LOOP('',(#861,#862,#933,#961));
#861 = ORIENTED_EDGE('',*,*,#84,.F.);
#862 = ORIENTED_EDGE('',*,*,#863,.T.);
#863 = EDGE_CURVE('',#85,#864,#866,.T.);
#864 = VERTEX_POINT('',#865);
#865 = CARTESIAN_POINT('',(-7.,254.36239464951,20.));
#866 = SURFACE_CURVE('',#867,(#875,#904),.PCURVE_S1.);
#867 = B_SPLINE_CURVE_WITH_KNOTS('',6,(#868,#869,#870,#871,#872,#873,
    #874),.UNSPECIFIED.,.F.,.F.,(7,7),(267.10769878649,268.4982516312),
  .PIECEWISE_BEZIER_KNOTS.);
#868 = CARTESIAN_POINT('',(-8.,254.30880481102,19.));
#869 = CARTESIAN_POINT('',(-8.,254.32114875432,19.250217100257));
#870 = CARTESIAN_POINT('',(-7.925082770951,254.33453774286,
    19.510622340523));
#871 = CARTESIAN_POINT('',(-7.762307325601,254.34774906895,
    19.747295830167));
#872 = CARTESIAN_POINT('',(-7.530214905967,254.35751259579,
    19.91550898504));
#873 = CARTESIAN_POINT('',(-7.265180575781,254.36239464951,20.));
#874 = CARTESIAN_POINT('',(-7.,254.36239464951,20.));
#875 = PCURVE('',#100,#876);
#876 = DEFINITIONAL_REPRESENTATION('',(#877),#903);
#877 = B_SPLINE_CURVE_WITH_KNOTS('',3,(#878,#879,#880,#881,#882,#883,
    #884,#885,#886,#887,#888,#889,#890,#891,#892,#893,#894,#895,#896,
    #897,#898,#899,#900,#901,#902),.UNSPECIFIED.,.F.,.F.,(4,1,1,1,1,1,1,
    1,1,1,1,1,1,1,1,1,1,1,1,1,1,1,4),(267.10769878649,267.17090573397,
    267.23411268146,267.29731962895,267.36052657643,267.42373352392,
    267.48694047141,267.55014741889,267.61335436638,267.67656131387,
    267.73976826135,267.80297520884,267.86618215633,267.92938910381,
    267.9925960513,268.05580299879,268.11900994627,268.18221689376,
    268.24542384125,268.30863078874,268.37183773622,268.43504468371,
    268.4982516312),.QUASI_UNIFORM_KNOTS.);
#878 = CARTESIAN_POINT('',(0.,28.30880481102));
#879 = CARTESIAN_POINT('',(2.274733566157E-02,28.30992677785));
#880 = CARTESIAN_POINT('',(6.845123384094E-02,28.312193114134));
#881 = CARTESIAN_POINT('',(0.137574438686,28.315641767131));
#882 = CARTESIAN_POINT('',(0.207203336783,28.319122380983));
#883 = CARTESIAN_POINT('',(0.27728095847,28.322614717405));
#884 = CARTESIAN_POINT('',(0.34775288147,28.326097147477));
#885 = CARTESIAN_POINT('',(0.418567769111,28.329546781333));
#886 = CARTESIAN_POINT('',(0.489677507985,28.332939973367));
#887 = CARTESIAN_POINT('',(0.561037610427,28.336252692294));
#888 = CARTESIAN_POINT('',(0.632607563107,28.3394608929));
#889 = CARTESIAN_POINT('',(0.704351094842,28.342540852828));
#890 = CARTESIAN_POINT('',(0.776236291725,28.345469484198));
#891 = CARTESIAN_POINT('',(0.848235535712,28.348224617467));
#892 = CARTESIAN_POINT('',(0.920325266335,28.350785258184));
#893 = CARTESIAN_POINT('',(0.992485593624,28.35313181653));
#894 = CARTESIAN_POINT('',(1.064699813237,28.355246309501));
#895 = CARTESIAN_POINT('',(1.136953895945,28.357112536367));
#896 = CARTESIAN_POINT('',(1.209236030555,28.358716225037));
#897 = CARTESIAN_POINT('',(1.281536333111,28.360045158157));
#898 = CARTESIAN_POINT('',(1.353846739513,28.361089246033));
#899 = CARTESIAN_POINT('',(1.426161454846,28.361840669159));
#900 = CARTESIAN_POINT('',(1.498476970219,28.362293632154));
#901 = CARTESIAN_POINT('',(1.54668944156,28.362394836784));
#902 = CARTESIAN_POINT('',(1.570796326795,28.36239464951));
#903 = ( GEOMETRIC_REPRESENTATION_CONTEXT(2)
PARAMETRIC_REPRESENTATION_CONTEXT() REPRESENTATION_CONTEXT('2D SPACE',''
  ) );
#904 = PCURVE('',#905,#927);
#905 = ( BOUNDED_SURFACE() B_SPLINE_SURFACE(2,6,(
    (#906,#907,#908,#909,#910,#911,#912)
    ,(#913,#914,#915,#916,#917,#918,#919)
    ,(#920,#921,#922,#923,#924,#925,#926
)),.UNSPECIFIED.,.F.,.F.,.F.) B_SPLINE_SURFACE_WITH_KNOTS((3,3),(7,7),(
    0.,1.390552844712),(267.10769878649,268.4982516312),
.PIECEWISE_BEZIER_KNOTS.) GEOMETRIC_REPRESENTATION_ITEM()
RATIONAL_B_SPLINE_SURFACE((
    (1.,1.,1.,1.,1.,1.,1.)
    ,(0.707106781187,0.730457929635,0.753611103852,0.77317798974
      ,0.786592244788,0.793353340291,0.793353340291)
,(1.,1.,1.,1.,1.,1.,1.))) REPRESENTATION_ITEM('') SURFACE() );
#906 = CARTESIAN_POINT('',(-7.215577637581,253.49540273291,
    19.055304761624));
#907 = CARTESIAN_POINT('',(-7.25023069134,253.5140021074,19.124718572206
    ));
#908 = CARTESIAN_POINT('',(-7.259965445804,253.53746721755,
    19.212291555478));
#909 = CARTESIAN_POINT('',(-7.231222594646,253.56183423512,
    19.303230503094));
#910 = CARTESIAN_POINT('',(-7.165964393065,253.58038379889,
    19.372458417555));
#911 = CARTESIAN_POINT('',(-7.083001591693,253.58965398848,
    19.407055236082));
#912 = CARTESIAN_POINT('',(-7.,253.58965398848,19.407055236082));
#913 = CARTESIAN_POINT('',(-8.,253.53606414999,19.207055236082));
#914 = CARTESIAN_POINT('',(-7.949847452432,253.59481944098,
    19.42633296727));
#915 = CARTESIAN_POINT('',(-7.839849416348,253.65056276981,
    19.63436990265));
#916 = CARTESIAN_POINT('',(-7.672430291009,253.6985265553,
    19.813373187001));
#917 = CARTESIAN_POINT('',(-7.459293919813,253.73218952383,
    19.939005095891));
#918 = CARTESIAN_POINT('',(-7.227723730111,253.74853305913,20.));
#919 = CARTESIAN_POINT('',(-7.,253.74853305913,20.));
#920 = CARTESIAN_POINT('',(-8.,254.30880481102,19.));
#921 = CARTESIAN_POINT('',(-8.,254.32114875432,19.250217100257));
#922 = CARTESIAN_POINT('',(-7.925082770951,254.33453774286,
    19.510622340523));
#923 = CARTESIAN_POINT('',(-7.762307325601,254.34774906895,
    19.747295830167));
#924 = CARTESIAN_POINT('',(-7.530214905967,254.35751259579,
    19.91550898504));
#925 = CARTESIAN_POINT('',(-7.265180575781,254.36239464951,20.));
#926 = CARTESIAN_POINT('',(-7.,254.36239464951,20.));
#927 = DEFINITIONAL_REPRESENTATION('',(#928),#932);
#928 = LINE('',#929,#930);
#929 = CARTESIAN_POINT('',(1.390552844712,0.));
#930 = VECTOR('',#931,1.);
#931 = DIRECTION('',(0.,1.));
#932 = ( GEOMETRIC_REPRESENTATION_CONTEXT(2)
PARAMETRIC_REPRESENTATION_CONTEXT() REPRESENTATION_CONTEXT('2D SPACE',''
  ) );
#933 = ORIENTED_EDGE('',*,*,#934,.T.);
#934 = EDGE_CURVE('',#864,#935,#937,.T.);
#935 = VERTEX_POINT('',#936);
#936 = CARTESIAN_POINT('',(-7.,270.,20.));
#937 = SURFACE_CURVE('',#938,(#942,#949),.PCURVE_S1.);
#938 = LINE('',#939,#940);
#939 = CARTESIAN_POINT('',(-7.,226.,20.));
#940 = VECTOR('',#941,1.);
#941 = DIRECTION('',(0.,1.,0.));
#942 = PCURVE('',#100,#943);
#943 = DEFINITIONAL_REPRESENTATION('',(#944),#948);
#944 = LINE('',#945,#946);
#945 = CARTESIAN_POINT('',(1.570796326795,0.));
#946 = VECTOR('',#947,1.);
#947 = DIRECTION('',(0.,1.));
#948 = ( GEOMETRIC_REPRESENTATION_CONTEXT(2)
PARAMETRIC_REPRESENTATION_CONTEXT() REPRESENTATION_CONTEXT('2D SPACE',''
  ) );
#949 = PCURVE('',#950,#955);
#950 = PLANE('',#951);
#951 = AXIS2_PLACEMENT_3D('',#952,#953,#954);
#952 = CARTESIAN_POINT('',(-8.,218.,20.));
#953 = DIRECTION('',(0.,0.,1.));
#954 = DIRECTION('',(1.,0.,-0.));
#955 = DEFINITIONAL_REPRESENTATION('',(#956),#960);
#956 = LINE('',#957,#958);
#957 = CARTESIAN_POINT('',(1.,8.));
#958 = VECTOR('',#959,1.);
#959 = DIRECTION('',(0.,1.));
#960 = ( GEOMETRIC_REPRESENTATION_CONTEXT(2)
PARAMETRIC_REPRESENTATION_CONTEXT() REPRESENTATION_CONTEXT('2D SPACE',''
  ) );
#961 = ORIENTED_EDGE('',*,*,#962,.F.);
#962 = EDGE_CURVE('',#57,#935,#963,.T.);
#963 = SURFACE_CURVE('',#964,(#969,#976),.PCURVE_S1.);
#964 = CIRCLE('',#965,1.);
#965 = AXIS2_PLACEMENT_3D('',#966,#967,#968);
#966 = CARTESIAN_POINT('',(-7.,270.,19.));
#967 = DIRECTION('',(0.,1.,0.));
#968 = DIRECTION('',(-1.,0.,0.));
#969 = PCURVE('',#100,#970);
#970 = DEFINITIONAL_REPRESENTATION('',(#971),#975);
#971 = LINE('',#972,#973);
#972 = CARTESIAN_POINT('',(0.,44.));
#973 = VECTOR('',#974,1.);
#974 = DIRECTION('',(1.,0.));
#975 = ( GEOMETRIC_REPRESENTATION_CONTEXT(2)
PARAMETRIC_REPRESENTATION_CONTEXT() REPRESENTATION_CONTEXT('2D SPACE',''
  ) );
#976 = PCURVE('',#629,#977);
#977 = DEFINITIONAL_REPRESENTATION('',(#978),#982);
#978 = LINE('',#979,#980);
#979 = CARTESIAN_POINT('',(6.28318530718,0.));
#980 = VECTOR('',#981,1.);
#981 = DIRECTION('',(-0.,1.));
#982 = ( GEOMETRIC_REPRESENTATION_CONTEXT(2)
PARAMETRIC_REPRESENTATION_CONTEXT() REPRESENTATION_CONTEXT('2D SPACE',''
  ) );
#983 = ADVANCED_FACE('',(#984),#130,.F.);
#984 = FACE_BOUND('',#985,.F.);
#985 = EDGE_LOOP('',(#986,#1016,#1017,#1038));
#986 = ORIENTED_EDGE('',*,*,#987,.T.);
#987 = EDGE_CURVE('',#988,#113,#990,.T.);
#988 = VERTEX_POINT('',#989);
#989 = CARTESIAN_POINT('',(-7.2,253.4805838667,19.));
#990 = SURFACE_CURVE('',#991,(#996,#1010),.PCURVE_S1.);
#991 = CIRCLE('',#992,0.8);
#992 = AXIS2_PLACEMENT_3D('',#993,#994,#995);
#993 = CARTESIAN_POINT('',(-7.2,254.25332452773,18.792944763918));
#994 = DIRECTION('',(0.,-0.258819045103,-0.965925826289));
#995 = DIRECTION('',(0.,-0.965925826289,0.258819045103));
#996 = PCURVE('',#130,#997);
#997 = DEFINITIONAL_REPRESENTATION('',(#998),#1009);
#998 = B_SPLINE_CURVE_WITH_KNOTS('',9,(#999,#1000,#1001,#1002,#1003,
    #1004,#1005,#1006,#1007,#1008),.UNSPECIFIED.,.F.,.F.,(10,10),(0.,
    1.570796326795),.PIECEWISE_BEZIER_KNOTS.);
#999 = CARTESIAN_POINT('',(0.,266.89962940277));
#1000 = CARTESIAN_POINT('',(2.567855319018E-02,266.89962940277));
#1001 = CARTESIAN_POINT('',(4.926867330445E-02,266.89962940277));
#1002 = CARTESIAN_POINT('',(7.162707713666E-02,266.89962940278));
#1003 = CARTESIAN_POINT('',(9.33029172556E-02,266.89962940277));
#1004 = CARTESIAN_POINT('',(0.114766466456,266.89962940278));
#1005 = CARTESIAN_POINT('',(0.136442306575,266.89962940277));
#1006 = CARTESIAN_POINT('',(0.158800710407,266.89962940278));
#1007 = CARTESIAN_POINT('',(0.182390830522,266.89962940277));
#1008 = CARTESIAN_POINT('',(0.208069383712,266.89962940277));
#1009 = ( GEOMETRIC_REPRESENTATION_CONTEXT(2)
PARAMETRIC_REPRESENTATION_CONTEXT() REPRESENTATION_CONTEXT('2D SPACE',''
  ) );
#1010 = PCURVE('',#166,#1011);
#1011 = DEFINITIONAL_REPRESENTATION('',(#1012),#1015);
#1012 = B_SPLINE_CURVE_WITH_KNOTS('',1,(#1013,#1014),.UNSPECIFIED.,.F.,
  .F.,(2,2),(0.,1.570796326795),.PIECEWISE_BEZIER_KNOTS.);
#1013 = CARTESIAN_POINT('',(6.28318530718,15.435536276543));
#1014 = CARTESIAN_POINT('',(4.712388980385,15.435536276543));
#1015 = ( GEOMETRIC_REPRESENTATION_CONTEXT(2)
PARAMETRIC_REPRESENTATION_CONTEXT() REPRESENTATION_CONTEXT('2D SPACE',''
  ) );
#1016 = ORIENTED_EDGE('',*,*,#112,.T.);
#1017 = ORIENTED_EDGE('',*,*,#1018,.F.);
#1018 = EDGE_CURVE('',#1019,#85,#1021,.T.);
#1019 = VERTEX_POINT('',#1020);
#1020 = CARTESIAN_POINT('',(-7.215577637581,253.49540273291,
    19.055304761624));
#1021 = SURFACE_CURVE('',#1022,(#1026,#1032),.PCURVE_S1.);
#1022 = ( BOUNDED_CURVE() B_SPLINE_CURVE(2,(#1023,#1024,#1025),
.UNSPECIFIED.,.F.,.F.) B_SPLINE_CURVE_WITH_KNOTS((3,3),(0.,
0.208069383712),.PIECEWISE_BEZIER_KNOTS.) CURVE()
GEOMETRIC_REPRESENTATION_ITEM() RATIONAL_B_SPLINE_CURVE((1.,
0.707106781187,1.)) REPRESENTATION_ITEM('') );
#1023 = CARTESIAN_POINT('',(-7.215577637581,253.49540273291,
    19.055304761624));
#1024 = CARTESIAN_POINT('',(-8.,253.53606414999,19.207055236082));
#1025 = CARTESIAN_POINT('',(-8.,254.30880481102,19.));
#1026 = PCURVE('',#130,#1027);
#1027 = DEFINITIONAL_REPRESENTATION('',(#1028),#1031);
#1028 = B_SPLINE_CURVE_WITH_KNOTS('',1,(#1029,#1030),.UNSPECIFIED.,.F.,
  .F.,(2,2),(0.,0.208069383712),.PIECEWISE_BEZIER_KNOTS.);
#1029 = CARTESIAN_POINT('',(0.,267.10769878649));
#1030 = CARTESIAN_POINT('',(0.208069383712,267.10769878649));
#1031 = ( GEOMETRIC_REPRESENTATION_CONTEXT(2)
PARAMETRIC_REPRESENTATION_CONTEXT() REPRESENTATION_CONTEXT('2D SPACE',''
  ) );
#1032 = PCURVE('',#905,#1033);
#1033 = DEFINITIONAL_REPRESENTATION('',(#1034),#1037);
#1034 = B_SPLINE_CURVE_WITH_KNOTS('',1,(#1035,#1036),.UNSPECIFIED.,.F.,
  .F.,(2,2),(0.,0.208069383712),.PIECEWISE_BEZIER_KNOTS.);
#1035 = CARTESIAN_POINT('',(0.,267.10769878649));
#1036 = CARTESIAN_POINT('',(1.390552844712,267.10769878649));
#1037 = ( GEOMETRIC_REPRESENTATION_CONTEXT(2)
PARAMETRIC_REPRESENTATION_CONTEXT() REPRESENTATION_CONTEXT('2D SPACE',''
  ) );
#1038 = ORIENTED_EDGE('',*,*,#1039,.F.);
#1039 = EDGE_CURVE('',#988,#1019,#1040,.T.);
#1040 = SURFACE_CURVE('',#1041,(#1046,#1053),.PCURVE_S1.);
#1041 = B_SPLINE_CURVE_WITH_KNOTS('',3,(#1042,#1043,#1044,#1045),
  .UNSPECIFIED.,.F.,.F.,(4,4),(266.89962940277,267.10769878649),
  .PIECEWISE_BEZIER_KNOTS.);
#1042 = CARTESIAN_POINT('',(-7.2,253.4805838667,19.));
#1043 = CARTESIAN_POINT('',(-7.2,253.48521453067,19.017281873213));
#1044 = CARTESIAN_POINT('',(-7.205207316788,253.48983665838,
    19.034531888671));
#1045 = CARTESIAN_POINT('',(-7.215577637581,253.49540273291,
    19.055304761624));
#1046 = PCURVE('',#130,#1047);
#1047 = DEFINITIONAL_REPRESENTATION('',(#1048),#1052);
#1048 = LINE('',#1049,#1050);
#1049 = CARTESIAN_POINT('',(0.,0.));
#1050 = VECTOR('',#1051,1.);
#1051 = DIRECTION('',(0.,1.));
#1052 = ( GEOMETRIC_REPRESENTATION_CONTEXT(2)
PARAMETRIC_REPRESENTATION_CONTEXT() REPRESENTATION_CONTEXT('2D SPACE',''
  ) );
#1053 = PCURVE('',#1054,#1059);
#1054 = PLANE('',#1055);
#1055 = AXIS2_PLACEMENT_3D('',#1056,#1057,#1058);
#1056 = CARTESIAN_POINT('',(-25.,249.27851787087,3.317676206834));
#1057 = DIRECTION('',(0.,0.965925826289,-0.258819045103));
#1058 = DIRECTION('',(0.,0.258819045103,0.965925826289));
#1059 = DEFINITIONAL_REPRESENTATION('',(#1060),#1065);
#1060 = B_SPLINE_CURVE_WITH_KNOTS('',3,(#1061,#1062,#1063,#1064),
  .UNSPECIFIED.,.F.,.F.,(4,4),(266.89962940277,267.10769878649),
  .PIECEWISE_BEZIER_KNOTS.);
#1061 = CARTESIAN_POINT('',(16.235536276545,17.8));
#1062 = CARTESIAN_POINT('',(16.253427788235,17.8));
#1063 = CARTESIAN_POINT('',(16.27128631835,17.794792683212));
#1064 = CARTESIAN_POINT('',(16.292791978916,17.784422362419));
#1065 = ( GEOMETRIC_REPRESENTATION_CONTEXT(2)
PARAMETRIC_REPRESENTATION_CONTEXT() REPRESENTATION_CONTEXT('2D SPACE',''
  ) );
#1066 = ADVANCED_FACE('',(#1067),#166,.T.);
#1067 = FACE_BOUND('',#1068,.T.);
#1068 = EDGE_LOOP('',(#1069,#1092,#1093,#1094));
#1069 = ORIENTED_EDGE('',*,*,#1070,.T.);
#1070 = EDGE_CURVE('',#1071,#988,#1073,.T.);
#1071 = VERTEX_POINT('',#1072);
#1072 = CARTESIAN_POINT('',(-7.2,249.48557310696,4.090416867865));
#1073 = SURFACE_CURVE('',#1074,(#1078,#1085),.PCURVE_S1.);
#1074 = LINE('',#1075,#1076);
#1075 = CARTESIAN_POINT('',(-7.2,249.48557310696,4.090416867865));
#1076 = VECTOR('',#1077,1.);
#1077 = DIRECTION('',(-0.,0.258819045103,0.965925826289));
#1078 = PCURVE('',#166,#1079);
#1079 = DEFINITIONAL_REPRESENTATION('',(#1080),#1084);
#1080 = LINE('',#1081,#1082);
#1081 = CARTESIAN_POINT('',(6.28318530718,0.));
#1082 = VECTOR('',#1083,1.);
#1083 = DIRECTION('',(-0.,1.));
#1084 = ( GEOMETRIC_REPRESENTATION_CONTEXT(2)
PARAMETRIC_REPRESENTATION_CONTEXT() REPRESENTATION_CONTEXT('2D SPACE',''
  ) );
#1085 = PCURVE('',#1054,#1086);
#1086 = DEFINITIONAL_REPRESENTATION('',(#1087),#1091);
#1087 = LINE('',#1088,#1089);
#1088 = CARTESIAN_POINT('',(0.800000000002,17.8));
#1089 = VECTOR('',#1090,1.);
#1090 = DIRECTION('',(1.,0.));
#1091 = ( GEOMETRIC_REPRESENTATION_CONTEXT(2)
PARAMETRIC_REPRESENTATION_CONTEXT() REPRESENTATION_CONTEXT('2D SPACE',''
  ) );
#1092 = ORIENTED_EDGE('',*,*,#987,.T.);
#1093 = ORIENTED_EDGE('',*,*,#150,.F.);
#1094 = ORIENTED_EDGE('',*,*,#1095,.F.);
#1095 = EDGE_CURVE('',#1071,#151,#1096,.T.);
#1096 = SURFACE_CURVE('',#1097,(#1102,#1108),.PCURVE_S1.);
#1097 = CIRCLE('',#1098,0.8);
#1098 = AXIS2_PLACEMENT_3D('',#1099,#1100,#1101);
#1099 = CARTESIAN_POINT('',(-7.2,250.25831376799,3.883361631783));
#1100 = DIRECTION('',(0.,-0.258819045103,-0.965925826289));
#1101 = DIRECTION('',(0.,0.965925826289,-0.258819045103));
#1102 = PCURVE('',#166,#1103);
#1103 = DEFINITIONAL_REPRESENTATION('',(#1104),#1107);
#1104 = B_SPLINE_CURVE_WITH_KNOTS('',1,(#1105,#1106),.UNSPECIFIED.,.F.,
  .F.,(2,2),(3.14159265359,4.712388980385),.PIECEWISE_BEZIER_KNOTS.);
#1105 = CARTESIAN_POINT('',(6.28318530718,8.437694987151E-15));
#1106 = CARTESIAN_POINT('',(4.712388980385,8.437694987151E-15));
#1107 = ( GEOMETRIC_REPRESENTATION_CONTEXT(2)
PARAMETRIC_REPRESENTATION_CONTEXT() REPRESENTATION_CONTEXT('2D SPACE',''
  ) );
#1108 = PCURVE('',#195,#1109);
#1109 = DEFINITIONAL_REPRESENTATION('',(#1110),#1113);
#1110 = B_SPLINE_CURVE_WITH_KNOTS('',1,(#1111,#1112),.UNSPECIFIED.,.F.,
  .F.,(2,2),(3.14159265359,4.712388980385),.PIECEWISE_BEZIER_KNOTS.);
#1111 = CARTESIAN_POINT('',(1.570796326795,3.14159265359));
#1112 = CARTESIAN_POINT('',(1.570796326795,4.712388980385));
#1113 = ( GEOMETRIC_REPRESENTATION_CONTEXT(2)
PARAMETRIC_REPRESENTATION_CONTEXT() REPRESENTATION_CONTEXT('2D SPACE',''
  ) );
#1114 = ADVANCED_FACE('',(#1115),#195,.T.);
#1115 = FACE_BOUND('',#1116,.T.);
#1116 = EDGE_LOOP('',(#1117,#1139,#1166,#1167));
#1117 = ORIENTED_EDGE('',*,*,#1118,.F.);
#1118 = EDGE_CURVE('',#1119,#179,#1121,.T.);
#1119 = VERTEX_POINT('',#1120);
#1120 = CARTESIAN_POINT('',(-7.2,248.50577720984,3.524731442916));
#1121 = SURFACE_CURVE('',#1122,(#1127,#1133),.PCURVE_S1.);
#1122 = CIRCLE('',#1123,0.8);
#1123 = AXIS2_PLACEMENT_3D('',#1124,#1125,#1126);
#1124 = CARTESIAN_POINT('',(-7.2,248.29872197376,2.751990781884));
#1125 = DIRECTION('',(0.,-0.965925826289,0.258819045103));
#1126 = DIRECTION('',(0.,0.258819045103,0.965925826289));
#1127 = PCURVE('',#195,#1128);
#1128 = DEFINITIONAL_REPRESENTATION('',(#1129),#1132);
#1129 = B_SPLINE_CURVE_WITH_KNOTS('',1,(#1130,#1131),.UNSPECIFIED.,.F.,
  .F.,(2,2),(0.,1.570796326795),.PIECEWISE_BEZIER_KNOTS.);
#1130 = CARTESIAN_POINT('',(0.,3.14159265359));
#1131 = CARTESIAN_POINT('',(0.,4.712388980385));
#1132 = ( GEOMETRIC_REPRESENTATION_CONTEXT(2)
PARAMETRIC_REPRESENTATION_CONTEXT() REPRESENTATION_CONTEXT('2D SPACE',''
  ) );
#1133 = PCURVE('',#223,#1134);
#1134 = DEFINITIONAL_REPRESENTATION('',(#1135),#1138);
#1135 = B_SPLINE_CURVE_WITH_KNOTS('',1,(#1136,#1137),.UNSPECIFIED.,.F.,
  .F.,(2,2),(0.,1.570796326795),.PIECEWISE_BEZIER_KNOTS.);
#1136 = CARTESIAN_POINT('',(6.28318530718,11.4));
#1137 = CARTESIAN_POINT('',(4.712388980385,11.4));
#1138 = ( GEOMETRIC_REPRESENTATION_CONTEXT(2)
PARAMETRIC_REPRESENTATION_CONTEXT() REPRESENTATION_CONTEXT('2D SPACE',''
  ) );
#1139 = ORIENTED_EDGE('',*,*,#1140,.T.);
#1140 = EDGE_CURVE('',#1119,#1071,#1141,.T.);
#1141 = SURFACE_CURVE('',#1142,(#1147,#1154),.PCURVE_S1.);
#1142 = CIRCLE('',#1143,0.8);
#1143 = AXIS2_PLACEMENT_3D('',#1144,#1145,#1146);
#1144 = CARTESIAN_POINT('',(-7.2,248.71283244593,4.297472103947));
#1145 = DIRECTION('',(1.,0.,0.));
#1146 = DIRECTION('',(0.,-0.258819045103,-0.965925826289));
#1147 = PCURVE('',#195,#1148);
#1148 = DEFINITIONAL_REPRESENTATION('',(#1149),#1153);
#1149 = LINE('',#1150,#1151);
#1150 = CARTESIAN_POINT('',(0.,3.14159265359));
#1151 = VECTOR('',#1152,1.);
#1152 = DIRECTION('',(1.,0.));
#1153 = ( GEOMETRIC_REPRESENTATION_CONTEXT(2)
PARAMETRIC_REPRESENTATION_CONTEXT() REPRESENTATION_CONTEXT('2D SPACE',''
  ) );
#1154 = PCURVE('',#1155,#1160);
#1155 = CYLINDRICAL_SURFACE('',#1156,0.8);
#1156 = AXIS2_PLACEMENT_3D('',#1157,#1158,#1159);
#1157 = CARTESIAN_POINT('',(-25.,248.71283244593,4.297472103947));
#1158 = DIRECTION('',(1.,0.,0.));
#1159 = DIRECTION('',(0.,0.965925826289,-0.258819045103));
#1160 = DEFINITIONAL_REPRESENTATION('',(#1161),#1165);
#1161 = LINE('',#1162,#1163);
#1162 = CARTESIAN_POINT('',(4.712388980385,17.8));
#1163 = VECTOR('',#1164,1.);
#1164 = DIRECTION('',(1.,-0.));
#1165 = ( GEOMETRIC_REPRESENTATION_CONTEXT(2)
PARAMETRIC_REPRESENTATION_CONTEXT() REPRESENTATION_CONTEXT('2D SPACE',''
  ) );
#1166 = ORIENTED_EDGE('',*,*,#1095,.T.);
#1167 = ORIENTED_EDGE('',*,*,#178,.F.);
#1168 = ADVANCED_FACE('',(#1169),#223,.T.);
#1169 = FACE_BOUND('',#1170,.T.);
#1170 = EDGE_LOOP('',(#1171,#1199,#1200,#1201));
#1171 = ORIENTED_EDGE('',*,*,#1172,.T.);
#1172 = EDGE_CURVE('',#1173,#1119,#1175,.T.);
#1173 = VERTEX_POINT('',#1174);
#1174 = CARTESIAN_POINT('',(-7.2,237.49422279015,6.475268557084));
#1175 = SURFACE_CURVE('',#1176,(#1180,#1187),.PCURVE_S1.);
#1176 = LINE('',#1177,#1178);
#1177 = CARTESIAN_POINT('',(-7.2,237.49422279015,6.475268557084));
#1178 = VECTOR('',#1179,1.);
#1179 = DIRECTION('',(-0.,0.965925826289,-0.258819045103));
#1180 = PCURVE('',#223,#1181);
#1181 = DEFINITIONAL_REPRESENTATION('',(#1182),#1186);
#1182 = LINE('',#1183,#1184);
#1183 = CARTESIAN_POINT('',(6.28318530718,0.));
#1184 = VECTOR('',#1185,1.);
#1185 = DIRECTION('',(-0.,1.));
#1186 = ( GEOMETRIC_REPRESENTATION_CONTEXT(2)
PARAMETRIC_REPRESENTATION_CONTEXT() REPRESENTATION_CONTEXT('2D SPACE',''
  ) );
#1187 = PCURVE('',#1188,#1193);
#1188 = PLANE('',#1189);
#1189 = AXIS2_PLACEMENT_3D('',#1190,#1191,#1192);
#1190 = CARTESIAN_POINT('',(-25.,236.72148212912,6.682323793166));
#1191 = DIRECTION('',(0.,0.258819045103,0.965925826289));
#1192 = DIRECTION('',(1.,0.,-0.));
#1193 = DEFINITIONAL_REPRESENTATION('',(#1194),#1198);
#1194 = LINE('',#1195,#1196);
#1195 = CARTESIAN_POINT('',(17.8,0.799999999999));
#1196 = VECTOR('',#1197,1.);
#1197 = DIRECTION('',(0.,1.));
#1198 = ( GEOMETRIC_REPRESENTATION_CONTEXT(2)
PARAMETRIC_REPRESENTATION_CONTEXT() REPRESENTATION_CONTEXT('2D SPACE',''
  ) );
#1199 = ORIENTED_EDGE('',*,*,#1118,.T.);
#1200 = ORIENTED_EDGE('',*,*,#207,.F.);
#1201 = ORIENTED_EDGE('',*,*,#1202,.F.);
#1202 = EDGE_CURVE('',#1173,#208,#1203,.T.);
#1203 = SURFACE_CURVE('',#1204,(#1209,#1215),.PCURVE_S1.);
#1204 = CIRCLE('',#1205,0.8);
#1205 = AXIS2_PLACEMENT_3D('',#1206,#1207,#1208);
#1206 = CARTESIAN_POINT('',(-7.2,237.28716755407,5.702527896053));
#1207 = DIRECTION('',(0.,-0.965925826289,0.258819045103));
#1208 = DIRECTION('',(0.,-0.258819045103,-0.965925826289));
#1209 = PCURVE('',#223,#1210);
#1210 = DEFINITIONAL_REPRESENTATION('',(#1211),#1214);
#1211 = B_SPLINE_CURVE_WITH_KNOTS('',1,(#1212,#1213),.UNSPECIFIED.,.F.,
  .F.,(2,2),(3.14159265359,4.712388980385),.PIECEWISE_BEZIER_KNOTS.);
#1212 = CARTESIAN_POINT('',(6.28318530718,-1.443289932013E-15));
#1213 = CARTESIAN_POINT('',(4.712388980385,-1.443289932013E-15));
#1214 = ( GEOMETRIC_REPRESENTATION_CONTEXT(2)
PARAMETRIC_REPRESENTATION_CONTEXT() REPRESENTATION_CONTEXT('2D SPACE',''
  ) );
#1215 = PCURVE('',#252,#1216);
#1216 = DEFINITIONAL_REPRESENTATION('',(#1217),#1220);
#1217 = B_SPLINE_CURVE_WITH_KNOTS('',1,(#1218,#1219),.UNSPECIFIED.,.F.,
  .F.,(2,2),(3.14159265359,4.712388980385),.PIECEWISE_BEZIER_KNOTS.);
#1218 = CARTESIAN_POINT('',(1.570796326795,3.14159265359));
#1219 = CARTESIAN_POINT('',(1.570796326795,4.712388980385));
#1220 = ( GEOMETRIC_REPRESENTATION_CONTEXT(2)
PARAMETRIC_REPRESENTATION_CONTEXT() REPRESENTATION_CONTEXT('2D SPACE',''
  ) );
#1221 = ADVANCED_FACE('',(#1222),#252,.T.);
#1222 = FACE_BOUND('',#1223,.T.);
#1223 = EDGE_LOOP('',(#1224,#1246,#1273,#1274));
#1224 = ORIENTED_EDGE('',*,*,#1225,.F.);
#1225 = EDGE_CURVE('',#1226,#236,#1228,.T.);
#1226 = VERTEX_POINT('',#1227);
#1227 = CARTESIAN_POINT('',(-7.2,236.9285373652,7.455064454198));
#1228 = SURFACE_CURVE('',#1229,(#1234,#1240),.PCURVE_S1.);
#1229 = CIRCLE('',#1230,0.8);
#1230 = AXIS2_PLACEMENT_3D('',#1231,#1232,#1233);
#1231 = CARTESIAN_POINT('',(-7.2,236.15579670417,7.66211969028));
#1232 = DIRECTION('',(0.,0.258819045103,0.965925826289));
#1233 = DIRECTION('',(0.,0.965925826289,-0.258819045103));
#1234 = PCURVE('',#252,#1235);
#1235 = DEFINITIONAL_REPRESENTATION('',(#1236),#1239);
#1236 = B_SPLINE_CURVE_WITH_KNOTS('',1,(#1237,#1238),.UNSPECIFIED.,.F.,
  .F.,(2,2),(0.,1.570796326795),.PIECEWISE_BEZIER_KNOTS.);
#1237 = CARTESIAN_POINT('',(-1.7763568394E-14,3.14159265359));
#1238 = CARTESIAN_POINT('',(-1.7763568394E-14,4.712388980385));
#1239 = ( GEOMETRIC_REPRESENTATION_CONTEXT(2)
PARAMETRIC_REPRESENTATION_CONTEXT() REPRESENTATION_CONTEXT('2D SPACE',''
  ) );
#1240 = PCURVE('',#280,#1241);
#1241 = DEFINITIONAL_REPRESENTATION('',(#1242),#1245);
#1242 = B_SPLINE_CURVE_WITH_KNOTS('',1,(#1243,#1244),.UNSPECIFIED.,.F.,
  .F.,(2,2),(0.,1.570796326795),.PIECEWISE_BEZIER_KNOTS.);
#1243 = CARTESIAN_POINT('',(6.28318530718,11.952196774939));
#1244 = CARTESIAN_POINT('',(4.712388980385,11.952196774939));
#1245 = ( GEOMETRIC_REPRESENTATION_CONTEXT(2)
PARAMETRIC_REPRESENTATION_CONTEXT() REPRESENTATION_CONTEXT('2D SPACE',''
  ) );
#1246 = ORIENTED_EDGE('',*,*,#1247,.T.);
#1247 = EDGE_CURVE('',#1226,#1173,#1248,.T.);
#1248 = SURFACE_CURVE('',#1249,(#1254,#1261),.PCURVE_S1.);
#1249 = CIRCLE('',#1250,0.8);
#1250 = AXIS2_PLACEMENT_3D('',#1251,#1252,#1253);
#1251 = CARTESIAN_POINT('',(-7.2,237.70127802623,7.248009218116));
#1252 = DIRECTION('',(1.,0.,0.));
#1253 = DIRECTION('',(0.,-0.965925826289,0.258819045103));
#1254 = PCURVE('',#252,#1255);
#1255 = DEFINITIONAL_REPRESENTATION('',(#1256),#1260);
#1256 = LINE('',#1257,#1258);
#1257 = CARTESIAN_POINT('',(0.,3.14159265359));
#1258 = VECTOR('',#1259,1.);
#1259 = DIRECTION('',(1.,0.));
#1260 = ( GEOMETRIC_REPRESENTATION_CONTEXT(2)
PARAMETRIC_REPRESENTATION_CONTEXT() REPRESENTATION_CONTEXT('2D SPACE',''
  ) );
#1261 = PCURVE('',#1262,#1267);
#1262 = CYLINDRICAL_SURFACE('',#1263,0.8);
#1263 = AXIS2_PLACEMENT_3D('',#1264,#1265,#1266);
#1264 = CARTESIAN_POINT('',(-25.,237.70127802623,7.248009218116));
#1265 = DIRECTION('',(1.,0.,0.));
#1266 = DIRECTION('',(0.,-0.965925826289,0.258819045103));
#1267 = DEFINITIONAL_REPRESENTATION('',(#1268),#1272);
#1268 = LINE('',#1269,#1270);
#1269 = CARTESIAN_POINT('',(1.7763568394E-14,17.8));
#1270 = VECTOR('',#1271,1.);
#1271 = DIRECTION('',(1.,0.));
#1272 = ( GEOMETRIC_REPRESENTATION_CONTEXT(2)
PARAMETRIC_REPRESENTATION_CONTEXT() REPRESENTATION_CONTEXT('2D SPACE',''
  ) );
#1273 = ORIENTED_EDGE('',*,*,#1202,.T.);
#1274 = ORIENTED_EDGE('',*,*,#235,.F.);
#1275 = ADVANCED_FACE('',(#1276),#280,.T.);
#1276 = FACE_BOUND('',#1277,.T.);
#1277 = EDGE_LOOP('',(#1278,#1306,#1307,#1308));
#1278 = ORIENTED_EDGE('',*,*,#1279,.T.);
#1279 = EDGE_CURVE('',#1280,#1226,#1282,.T.);
#1280 = VERTEX_POINT('',#1281);
#1281 = CARTESIAN_POINT('',(-7.2,239.96651323807,18.792944763918));
#1282 = SURFACE_CURVE('',#1283,(#1287,#1294),.PCURVE_S1.);
#1283 = LINE('',#1284,#1285);
#1284 = CARTESIAN_POINT('',(-7.2,240.02199352137,19.));
#1285 = VECTOR('',#1286,1.);
#1286 = DIRECTION('',(0.,-0.258819045103,-0.965925826289));
#1287 = PCURVE('',#280,#1288);
#1288 = DEFINITIONAL_REPRESENTATION('',(#1289),#1293);
#1289 = LINE('',#1290,#1291);
#1290 = CARTESIAN_POINT('',(6.28318530718,0.));
#1291 = VECTOR('',#1292,1.);
#1292 = DIRECTION('',(-0.,1.));
#1293 = ( GEOMETRIC_REPRESENTATION_CONTEXT(2)
PARAMETRIC_REPRESENTATION_CONTEXT() REPRESENTATION_CONTEXT('2D SPACE',''
  ) );
#1294 = PCURVE('',#1295,#1300);
#1295 = PLANE('',#1296);
#1296 = AXIS2_PLACEMENT_3D('',#1297,#1298,#1299);
#1297 = CARTESIAN_POINT('',(-25.,236.72148212912,6.682323793166));
#1298 = DIRECTION('',(0.,0.965925826289,-0.258819045103));
#1299 = DIRECTION('',(0.,0.258819045103,0.965925826289));
#1300 = DEFINITIONAL_REPRESENTATION('',(#1301),#1305);
#1301 = LINE('',#1302,#1303);
#1302 = CARTESIAN_POINT('',(12.752196774939,17.8));
#1303 = VECTOR('',#1304,1.);
#1304 = DIRECTION('',(-1.,0.));
#1305 = ( GEOMETRIC_REPRESENTATION_CONTEXT(2)
PARAMETRIC_REPRESENTATION_CONTEXT() REPRESENTATION_CONTEXT('2D SPACE',''
  ) );
#1306 = ORIENTED_EDGE('',*,*,#1225,.T.);
#1307 = ORIENTED_EDGE('',*,*,#264,.F.);
#1308 = ORIENTED_EDGE('',*,*,#1309,.F.);
#1309 = EDGE_CURVE('',#1280,#265,#1310,.T.);
#1310 = SURFACE_CURVE('',#1311,(#1321,#1327),.PCURVE_S1.);
#1311 = B_SPLINE_CURVE_WITH_KNOTS('',8,(#1312,#1313,#1314,#1315,#1316,
    #1317,#1318,#1319,#1320),.UNSPECIFIED.,.F.,.F.,(9,9),(0.,1.),
  .PIECEWISE_BEZIER_KNOTS.);
#1312 = CARTESIAN_POINT('',(-7.2,239.96651323807,18.792944763918));
#1313 = CARTESIAN_POINT('',(-7.357079632679,239.96651323807,
    18.792944763918));
#1314 = CARTESIAN_POINT('',(-7.514159314803,239.93246567488,
    18.802067780979));
#1315 = CARTESIAN_POINT('',(-7.662010587468,239.86437088292,
    18.820313725495));
#1316 = CARTESIAN_POINT('',(-7.791407004624,239.76502787665,
    18.846932603797));
#1317 = CARTESIAN_POINT('',(-7.894254452697,239.64004053549,
    18.880422860924));
#1318 = CARTESIAN_POINT('',(-7.964751368831,239.49722717277,
    18.918689586133));
#1319 = CARTESIAN_POINT('',(-8.,239.34549985103,18.959344799465));
#1320 = CARTESIAN_POINT('',(-8.,239.19377257704,19.));
#1321 = PCURVE('',#280,#1322);
#1322 = DEFINITIONAL_REPRESENTATION('',(#1323),#1326);
#1323 = B_SPLINE_CURVE_WITH_KNOTS('',1,(#1324,#1325),.UNSPECIFIED.,.F.,
  .F.,(2,2),(0.,1.),.PIECEWISE_BEZIER_KNOTS.);
#1324 = CARTESIAN_POINT('',(6.28318530718,0.214359353945));
#1325 = CARTESIAN_POINT('',(4.712388980385,0.214359353945));
#1326 = ( GEOMETRIC_REPRESENTATION_CONTEXT(2)
PARAMETRIC_REPRESENTATION_CONTEXT() REPRESENTATION_CONTEXT('2D SPACE',''
  ) );
#1327 = PCURVE('',#1328,#1437);
#1328 = B_SPLINE_SURFACE_WITH_KNOTS('',11,8,(
    (#1329,#1330,#1331,#1332,#1333,#1334,#1335,#1336,#1337)
    ,(#1338,#1339,#1340,#1341,#1342,#1343,#1344,#1345,#1346)
    ,(#1347,#1348,#1349,#1350,#1351,#1352,#1353,#1354,#1355)
    ,(#1356,#1357,#1358,#1359,#1360,#1361,#1362,#1363,#1364)
    ,(#1365,#1366,#1367,#1368,#1369,#1370,#1371,#1372,#1373)
    ,(#1374,#1375,#1376,#1377,#1378,#1379,#1380,#1381,#1382)
    ,(#1383,#1384,#1385,#1386,#1387,#1388,#1389,#1390,#1391)
    ,(#1392,#1393,#1394,#1395,#1396,#1397,#1398,#1399,#1400)
    ,(#1401,#1402,#1403,#1404,#1405,#1406,#1407,#1408,#1409)
    ,(#1410,#1411,#1412,#1413,#1414,#1415,#1416,#1417,#1418)
    ,(#1419,#1420,#1421,#1422,#1423,#1424,#1425,#1426,#1427)
    ,(#1428,#1429,#1430,#1431,#1432,#1433,#1434,#1435,#1436
  )),.UNSPECIFIED.,.F.,.F.,.F.,(12,12),(9,9),(0.,1.),(0.,1.),
  .PIECEWISE_BEZIER_KNOTS.);
#1329 = CARTESIAN_POINT('',(-7.,240.02010307656,18.992944763918));
#1330 = CARTESIAN_POINT('',(-7.,240.06753414385,19.169959916905));
#1331 = CARTESIAN_POINT('',(-7.,240.06862260663,19.359392713567));
#1332 = CARTESIAN_POINT('',(-7.,240.01957691436,19.547086883031));
#1333 = CARTESIAN_POINT('',(-7.,239.92178799581,19.717504949125));
#1334 = CARTESIAN_POINT('',(-7.,239.78248641901,19.856069232226));
#1335 = CARTESIAN_POINT('',(-7.,239.61388173253,19.952022558761));
#1336 = CARTESIAN_POINT('',(-7.,239.43062198698,20.));
#1337 = CARTESIAN_POINT('',(-7.,239.24736241552,20.));
#1338 = CARTESIAN_POINT('',(-7.028665191224,240.02010307656,
    18.992944763918));
#1339 = CARTESIAN_POINT('',(-7.048129224079,240.06549495591,
    19.162349563924));
#1340 = CARTESIAN_POINT('',(-7.06759326143,240.06888705797,
    19.34433246457));
#1341 = CARTESIAN_POINT('',(-7.086218352466,240.02612091855,
    19.528656505298));
#1342 = CARTESIAN_POINT('',(-7.103165729365,239.93565760824,
    19.704987534114));
#1343 = CARTESIAN_POINT('',(-7.11769956362,239.79195805135,
    19.854700660404));
#1344 = CARTESIAN_POINT('',(-7.129292440425,239.61482236187,
    19.953472024943));
#1345 = CARTESIAN_POINT('',(-7.137680927689,239.42775541449,20.));
#1346 = CARTESIAN_POINT('',(-7.142864993937,239.24736241552,20.));
#1347 = CARTESIAN_POINT('',(-7.057293152059,240.01849000578,
    18.986924701733));
#1348 = CARTESIAN_POINT('',(-7.096243191801,240.06132400658,
    19.146783369018));
#1349 = CARTESIAN_POINT('',(-7.121903600131,240.06488877807,
    19.33464029123));
#1350 = CARTESIAN_POINT('',(-7.16635137312,240.02591776886,
    19.507133711929));
#1351 = CARTESIAN_POINT('',(-7.211977061261,239.94084564015,
    19.674865846878));
#1352 = CARTESIAN_POINT('',(-7.252316442958,239.79443746646,
    19.821427317794));
#1353 = CARTESIAN_POINT('',(-7.280134823081,239.61176165943,
    19.917418279462));
#1354 = CARTESIAN_POINT('',(-7.279499997791,239.42253662049,
    19.979230639461));
#1355 = CARTESIAN_POINT('',(-7.285868549736,239.24490460106,
    19.977608186431));
#1356 = CARTESIAN_POINT('',(-7.084523651527,240.01544398209,
    18.975556786766));
#1357 = CARTESIAN_POINT('',(-7.142589302026,240.0552003842,
    19.123929699372));
#1358 = CARTESIAN_POINT('',(-7.189537810844,240.05932317476,
    19.30170689272));
#1359 = CARTESIAN_POINT('',(-7.25427008404,240.02347023504,
    19.466510910991));
#1360 = CARTESIAN_POINT('',(-7.320303936332,239.94266123612,
    19.630750156478));
#1361 = CARTESIAN_POINT('',(-7.378611803354,239.7947886193,
    19.777817885534));
#1362 = CARTESIAN_POINT('',(-7.417125033127,239.60864400775,
    19.873881612196));
#1363 = CARTESIAN_POINT('',(-7.421110839692,239.41913588224,
    19.935075991545));
#1364 = CARTESIAN_POINT('',(-7.424511475128,239.24472927216,
    19.932241926963));
#1365 = CARTESIAN_POINT('',(-7.109125189927,240.01142186032,
    18.960546023593));
#1366 = CARTESIAN_POINT('',(-7.185739300785,240.04745960932,
    19.095040733854));
#1367 = CARTESIAN_POINT('',(-7.257450131781,240.04759021203,
    19.25691433305));
#1368 = CARTESIAN_POINT('',(-7.341242069769,240.01220898276,
    19.412105922137));
#1369 = CARTESIAN_POINT('',(-7.426015191712,239.93303306857,
    19.569974209176));
#1370 = CARTESIAN_POINT('',(-7.50060822577,239.78343115767,
    19.714432318735));
#1371 = CARTESIAN_POINT('',(-7.547985700476,239.59392113131,
    19.810211786525));
#1372 = CARTESIAN_POINT('',(-7.558584501927,239.40039318363,
    19.868500990959));
#1373 = CARTESIAN_POINT('',(-7.555988236265,239.22715971686,
    19.867118302034));
#1374 = CARTESIAN_POINT('',(-7.131959458406,240.00659680951,
    18.942538689366));
#1375 = CARTESIAN_POINT('',(-7.225775250185,240.03857679464,
    19.061889618696));
#1376 = CARTESIAN_POINT('',(-7.322487585149,240.04225458321,
    19.201919873861));
#1377 = CARTESIAN_POINT('',(-7.423158990621,240.0086714564,
    19.344185581505));
#1378 = CARTESIAN_POINT('',(-7.524099291411,239.93245922171,
    19.491309310741));
#1379 = CARTESIAN_POINT('',(-7.612512190313,239.78569894033,
    19.628570244382));
#1380 = CARTESIAN_POINT('',(-7.666852395737,239.5997988359,
    19.722014024778));
#1381 = CARTESIAN_POINT('',(-7.684638884289,239.41549066384,
    19.774424313591));
#1382 = CARTESIAN_POINT('',(-7.674923491988,239.24837935577,
    19.777537884336));
#1383 = CARTESIAN_POINT('',(-7.151895051115,240.00113558314,
    18.922157114505));
#1384 = CARTESIAN_POINT('',(-7.261542117642,240.02825627705,
    19.02337292212));
#1385 = CARTESIAN_POINT('',(-7.381973816386,240.02064332847,
    19.138571530524));
#1386 = CARTESIAN_POINT('',(-7.49696170094,239.98277768245,
    19.265084997275));
#1387 = CARTESIAN_POINT('',(-7.610950463608,239.90365898566,
    19.398287594802));
#1388 = CARTESIAN_POINT('',(-7.710245654899,239.75524990894,
    19.525525904741));
#1389 = CARTESIAN_POINT('',(-7.770008168638,239.56722000477,
    19.616389377672));
#1390 = CARTESIAN_POINT('',(-7.795618801146,239.37420192794,
    19.66503395346));
#1391 = CARTESIAN_POINT('',(-7.779996822548,239.20524848709,
    19.677006554615));
#1392 = CARTESIAN_POINT('',(-7.169450632127,239.99502291593,
    18.899344330455));
#1393 = CARTESIAN_POINT('',(-7.292856917852,240.01727805731,
    18.98240164879));
#1394 = CARTESIAN_POINT('',(-7.432591116154,240.01378575236,
    19.069878866454));
#1395 = CARTESIAN_POINT('',(-7.558321514193,239.97551248297,
    19.177225597486));
#1396 = CARTESIAN_POINT('',(-7.681258930258,239.8974196395,
    19.292111219399));
#1397 = CARTESIAN_POINT('',(-7.787672354072,239.75497415132,
    19.404498229176));
#1398 = CARTESIAN_POINT('',(-7.851290404032,239.57620509016,
    19.489221229256));
#1399 = CARTESIAN_POINT('',(-7.884211240926,239.39880956964,
    19.531702140198));
#1400 = CARTESIAN_POINT('',(-7.866113697012,239.23752082719,
    19.553464871608));
#1401 = CARTESIAN_POINT('',(-7.183750698683,239.98845877931,
    18.874846638703));
#1402 = CARTESIAN_POINT('',(-7.318891657672,240.00522053252,
    18.937402353314));
#1403 = CARTESIAN_POINT('',(-7.472740520888,239.9908396726,
    18.998690465604));
#1404 = CARTESIAN_POINT('',(-7.606194199832,239.9459683046,
    19.085310974688));
#1405 = CARTESIAN_POINT('',(-7.734351034092,239.86302000972,
    19.18021842823));
#1406 = CARTESIAN_POINT('',(-7.844264601487,239.72183440916,
    19.276057379544));
#1407 = CARTESIAN_POINT('',(-7.910573156732,239.54641786037,
    19.353751017099));
#1408 = CARTESIAN_POINT('',(-7.949607583351,239.36655553369,
    19.39338875599));
#1409 = CARTESIAN_POINT('',(-7.932778689545,239.20487288849,
    19.425421906313));
#1410 = CARTESIAN_POINT('',(-7.194383524473,239.98134435784,
    18.848295256525));
#1411 = CARTESIAN_POINT('',(-7.338989073828,239.99261713283,
    18.890365825525));
#1412 = CARTESIAN_POINT('',(-7.500449950785,239.97462653344,
    18.928059526056));
#1413 = CARTESIAN_POINT('',(-7.639121122156,239.92429163448,
    18.992480326905));
#1414 = CARTESIAN_POINT('',(-7.769181151361,239.83782514317,
    19.065377113399));
#1415 = CARTESIAN_POINT('',(-7.879123127571,239.70208031073,
    19.141871978236));
#1416 = CARTESIAN_POINT('',(-7.947191443138,239.53670484342,
    19.209173938242));
#1417 = CARTESIAN_POINT('',(-7.989706046511,239.36741554987,
    19.246021667383));
#1418 = CARTESIAN_POINT('',(-7.977615778143,239.21014819289,
    19.285157417904));
#1419 = CARTESIAN_POINT('',(-7.2,239.9739320417,18.820632115993));
#1420 = CARTESIAN_POINT('',(-7.351890575163,239.97956690759,
    18.841661721811));
#1421 = CARTESIAN_POINT('',(-7.504410328717,239.95342903349,
    18.871204824035));
#1422 = CARTESIAN_POINT('',(-7.651697862691,239.89450684719,
    18.90815318046));
#1423 = CARTESIAN_POINT('',(-7.788455350617,239.8020775402,
    18.95132185086));
#1424 = CARTESIAN_POINT('',(-7.902141260296,239.6715977667,
    19.000779107016));
#1425 = CARTESIAN_POINT('',(-7.974902795946,239.5169919488,
    19.052113398993));
#1426 = CARTESIAN_POINT('',(-8.005801009324,239.35598457257,
    19.100444556399));
#1427 = CARTESIAN_POINT('',(-8.,239.201419204,19.142688001729));
#1428 = CARTESIAN_POINT('',(-7.2,239.96651323807,18.792944763918));
#1429 = CARTESIAN_POINT('',(-7.357079632679,239.96651323807,
    18.792944763918));
#1430 = CARTESIAN_POINT('',(-7.514159314803,239.93246567488,
    18.802067780979));
#1431 = CARTESIAN_POINT('',(-7.662010587468,239.86437088292,
    18.820313725495));
#1432 = CARTESIAN_POINT('',(-7.791407004624,239.76502787665,
    18.846932603797));
#1433 = CARTESIAN_POINT('',(-7.894254452697,239.64004053549,
    18.880422860924));
#1434 = CARTESIAN_POINT('',(-7.964751368831,239.49722717277,
    18.918689586133));
#1435 = CARTESIAN_POINT('',(-8.,239.34549985103,18.959344799465));
#1436 = CARTESIAN_POINT('',(-8.,239.19377257704,19.));
#1437 = DEFINITIONAL_REPRESENTATION('',(#1438),#1441);
#1438 = B_SPLINE_CURVE_WITH_KNOTS('',1,(#1439,#1440),.UNSPECIFIED.,.F.,
  .F.,(2,2),(0.,1.),.PIECEWISE_BEZIER_KNOTS.);
#1439 = CARTESIAN_POINT('',(1.,0.));
#1440 = CARTESIAN_POINT('',(1.,1.));
#1441 = ( GEOMETRIC_REPRESENTATION_CONTEXT(2)
PARAMETRIC_REPRESENTATION_CONTEXT() REPRESENTATION_CONTEXT('2D SPACE',''
  ) );
#1442 = ADVANCED_FACE('',(#1443),#308,.T.);
#1443 = FACE_BOUND('',#1444,.T.);
#1444 = EDGE_LOOP('',(#1445,#1446,#1475,#1503));
#1445 = ORIENTED_EDGE('',*,*,#292,.F.);
#1446 = ORIENTED_EDGE('',*,*,#1447,.T.);
#1447 = EDGE_CURVE('',#293,#1448,#1450,.T.);
#1448 = VERTEX_POINT('',#1449);
#1449 = CARTESIAN_POINT('',(-7.,226.,20.));
#1450 = SURFACE_CURVE('',#1451,(#1456,#1463),.PCURVE_S1.);
#1451 = CIRCLE('',#1452,1.);
#1452 = AXIS2_PLACEMENT_3D('',#1453,#1454,#1455);
#1453 = CARTESIAN_POINT('',(-7.,226.,19.));
#1454 = DIRECTION('',(0.,1.,0.));
#1455 = DIRECTION('',(-1.,0.,0.));
#1456 = PCURVE('',#308,#1457);
#1457 = DEFINITIONAL_REPRESENTATION('',(#1458),#1462);
#1458 = LINE('',#1459,#1460);
#1459 = CARTESIAN_POINT('',(0.,0.));
#1460 = VECTOR('',#1461,1.);
#1461 = DIRECTION('',(1.,0.));
#1462 = ( GEOMETRIC_REPRESENTATION_CONTEXT(2)
PARAMETRIC_REPRESENTATION_CONTEXT() REPRESENTATION_CONTEXT('2D SPACE',''
  ) );
#1463 = PCURVE('',#1464,#1469);
#1464 = TOROIDAL_SURFACE('',#1465,7.,1.);
#1465 = AXIS2_PLACEMENT_3D('',#1466,#1467,#1468);
#1466 = CARTESIAN_POINT('',(0.,226.,19.));
#1467 = DIRECTION('',(0.,0.,1.));
#1468 = DIRECTION('',(0.,-1.,0.));
#1469 = DEFINITIONAL_REPRESENTATION('',(#1470),#1474);
#1470 = LINE('',#1471,#1472);
#1471 = CARTESIAN_POINT('',(4.712388980385,0.));
#1472 = VECTOR('',#1473,1.);
#1473 = DIRECTION('',(-0.,1.));
#1474 = ( GEOMETRIC_REPRESENTATION_CONTEXT(2)
PARAMETRIC_REPRESENTATION_CONTEXT() REPRESENTATION_CONTEXT('2D SPACE',''
  ) );
#1475 = ORIENTED_EDGE('',*,*,#1476,.T.);
#1476 = EDGE_CURVE('',#1448,#1477,#1479,.T.);
#1477 = VERTEX_POINT('',#1478);
#1478 = CARTESIAN_POINT('',(-7.,239.24736241552,20.));
#1479 = SURFACE_CURVE('',#1480,(#1484,#1491),.PCURVE_S1.);
#1480 = LINE('',#1481,#1482);
#1481 = CARTESIAN_POINT('',(-7.,226.,20.));
#1482 = VECTOR('',#1483,1.);
#1483 = DIRECTION('',(0.,1.,0.));
#1484 = PCURVE('',#308,#1485);
#1485 = DEFINITIONAL_REPRESENTATION('',(#1486),#1490);
#1486 = LINE('',#1487,#1488);
#1487 = CARTESIAN_POINT('',(1.570796326795,0.));
#1488 = VECTOR('',#1489,1.);
#1489 = DIRECTION('',(0.,1.));
#1490 = ( GEOMETRIC_REPRESENTATION_CONTEXT(2)
PARAMETRIC_REPRESENTATION_CONTEXT() REPRESENTATION_CONTEXT('2D SPACE',''
  ) );
#1491 = PCURVE('',#1492,#1497);
#1492 = PLANE('',#1493);
#1493 = AXIS2_PLACEMENT_3D('',#1494,#1495,#1496);
#1494 = CARTESIAN_POINT('',(-8.,218.,20.));
#1495 = DIRECTION('',(0.,0.,1.));
#1496 = DIRECTION('',(1.,0.,-0.));
#1497 = DEFINITIONAL_REPRESENTATION('',(#1498),#1502);
#1498 = LINE('',#1499,#1500);
#1499 = CARTESIAN_POINT('',(1.,8.));
#1500 = VECTOR('',#1501,1.);
#1501 = DIRECTION('',(0.,1.));
#1502 = ( GEOMETRIC_REPRESENTATION_CONTEXT(2)
PARAMETRIC_REPRESENTATION_CONTEXT() REPRESENTATION_CONTEXT('2D SPACE',''
  ) );
#1503 = ORIENTED_EDGE('',*,*,#1504,.T.);
#1504 = EDGE_CURVE('',#1477,#265,#1505,.T.);
#1505 = SURFACE_CURVE('',#1506,(#1519,#1535),.PCURVE_S1.);
#1506 = B_SPLINE_CURVE_WITH_KNOTS('',11,(#1507,#1508,#1509,#1510,#1511,
    #1512,#1513,#1514,#1515,#1516,#1517,#1518),.UNSPECIFIED.,.F.,.F.,(12
    ,12),(0.,1.),.PIECEWISE_BEZIER_KNOTS.);
#1507 = CARTESIAN_POINT('',(-7.,239.24736241552,20.));
#1508 = CARTESIAN_POINT('',(-7.142864993937,239.24736241552,20.));
#1509 = CARTESIAN_POINT('',(-7.285868549736,239.24490460106,
    19.977608186431));
#1510 = CARTESIAN_POINT('',(-7.424511475128,239.24472927216,
    19.932241926963));
#1511 = CARTESIAN_POINT('',(-7.555988236265,239.22715971686,
    19.867118302034));
#1512 = CARTESIAN_POINT('',(-7.674923491988,239.24837935577,
    19.777537884336));
#1513 = CARTESIAN_POINT('',(-7.779996822548,239.20524848709,
    19.677006554615));
#1514 = CARTESIAN_POINT('',(-7.866113697012,239.23752082719,
    19.553464871608));
#1515 = CARTESIAN_POINT('',(-7.932778689545,239.20487288849,
    19.425421906313));
#1516 = CARTESIAN_POINT('',(-7.977615778143,239.21014819289,
    19.285157417904));
#1517 = CARTESIAN_POINT('',(-8.,239.201419204,19.142688001729));
#1518 = CARTESIAN_POINT('',(-8.,239.19377257704,19.));
#1519 = PCURVE('',#308,#1520);
#1520 = DEFINITIONAL_REPRESENTATION('',(#1521),#1534);
#1521 = B_SPLINE_CURVE_WITH_KNOTS('',11,(#1522,#1523,#1524,#1525,#1526,
    #1527,#1528,#1529,#1530,#1531,#1532,#1533),.UNSPECIFIED.,.F.,.F.,(12
    ,12),(0.,1.),.PIECEWISE_BEZIER_KNOTS.);
#1522 = CARTESIAN_POINT('',(1.570796326795,13.247362415528));
#1523 = CARTESIAN_POINT('',(1.427931332858,13.247362415528));
#1524 = CARTESIAN_POINT('',(1.284969651218,13.244902571733));
#1525 = CARTESIAN_POINT('',(1.142103926649,13.244739339765));
#1526 = CARTESIAN_POINT('',(0.999902057075,13.227135381084));
#1527 = CARTESIAN_POINT('',(0.855369333446,13.248415457589));
#1528 = CARTESIAN_POINT('',(0.715345335111,13.20521333248));
#1529 = CARTESIAN_POINT('',(0.569469637404,13.237543372539));
#1530 = CARTESIAN_POINT('',(0.429198142488,13.204863914392));
#1531 = CARTESIAN_POINT('',(0.285179196618,13.210149972319));
#1532 = CARTESIAN_POINT('',(0.142688001729,13.201419204007));
#1533 = CARTESIAN_POINT('',(4.229949723822E-14,13.193772577042));
#1534 = ( GEOMETRIC_REPRESENTATION_CONTEXT(2)
PARAMETRIC_REPRESENTATION_CONTEXT() REPRESENTATION_CONTEXT('2D SPACE',''
  ) );
#1535 = PCURVE('',#1328,#1536);
#1536 = DEFINITIONAL_REPRESENTATION('',(#1537),#1541);
#1537 = LINE('',#1538,#1539);
#1538 = CARTESIAN_POINT('',(0.,1.));
#1539 = VECTOR('',#1540,1.);
#1540 = DIRECTION('',(1.,0.));
#1541 = ( GEOMETRIC_REPRESENTATION_CONTEXT(2)
PARAMETRIC_REPRESENTATION_CONTEXT() REPRESENTATION_CONTEXT('2D SPACE',''
  ) );
#1542 = ADVANCED_FACE('',(#1543),#336,.T.);
#1543 = FACE_BOUND('',#1544,.T.);
#1544 = EDGE_LOOP('',(#1545,#1546,#1575,#1679,#1707));
#1545 = ORIENTED_EDGE('',*,*,#320,.F.);
#1546 = ORIENTED_EDGE('',*,*,#1547,.F.);
#1547 = EDGE_CURVE('',#1548,#321,#1550,.T.);
#1548 = VERTEX_POINT('',#1549);
#1549 = CARTESIAN_POINT('',(-6.761818745339,221.72474630502,
    14.46639991106));
#1550 = SURFACE_CURVE('',#1551,(#1556,#1568),.PCURVE_S1.);
#1551 = ELLIPSE('',#1552,8.143831743403,8.);
#1552 = AXIS2_PLACEMENT_3D('',#1553,#1554,#1555);
#1553 = CARTESIAN_POINT('',(0.,226.,15.280733948199));
#1554 = DIRECTION('',(0.,0.18711210789,-0.982338566422));
#1555 = DIRECTION('',(0.,0.982338566422,0.18711210789));
#1556 = PCURVE('',#336,#1557);
#1557 = DEFINITIONAL_REPRESENTATION('',(#1558),#1567);
#1558 = B_SPLINE_CURVE_WITH_KNOTS('',7,(#1559,#1560,#1561,#1562,#1563,
    #1564,#1565,#1566),.UNSPECIFIED.,.F.,.F.,(8,8),(3.452843898644,
    4.712388980385),.PIECEWISE_BEZIER_KNOTS.);
#1559 = CARTESIAN_POINT('',(1.25954508174,13.830141763236));
#1560 = CARTESIAN_POINT('',(1.079610070063,13.914111435352));
#1561 = CARTESIAN_POINT('',(0.899675058386,14.052874131145));
#1562 = CARTESIAN_POINT('',(0.719740046709,14.241987504192));
#1563 = CARTESIAN_POINT('',(0.539805035032,14.472672399075));
#1564 = CARTESIAN_POINT('',(0.359870023354,14.732360777343));
#1565 = CARTESIAN_POINT('',(0.179935011677,15.006547263739));
#1566 = CARTESIAN_POINT('',(0.,15.280733948199));
#1567 = ( GEOMETRIC_REPRESENTATION_CONTEXT(2)
PARAMETRIC_REPRESENTATION_CONTEXT() REPRESENTATION_CONTEXT('2D SPACE',''
  ) );
#1568 = PCURVE('',#364,#1569);
#1569 = DEFINITIONAL_REPRESENTATION('',(#1570),#1574);
#1570 = ELLIPSE('',#1571,8.143831743403,8.);
#1571 = AXIS2_PLACEMENT_2D('',#1572,#1573);
#1572 = CARTESIAN_POINT('',(1.91214841204,-8.5));
#1573 = DIRECTION('',(-1.,0.));
#1574 = ( GEOMETRIC_REPRESENTATION_CONTEXT(2)
PARAMETRIC_REPRESENTATION_CONTEXT() REPRESENTATION_CONTEXT('2D SPACE',''
  ) );
#1575 = ORIENTED_EDGE('',*,*,#1576,.F.);
#1576 = EDGE_CURVE('',#1577,#1548,#1579,.T.);
#1577 = VERTEX_POINT('',#1578);
#1578 = CARTESIAN_POINT('',(0.,218.,13.801263571231));
#1579 = SURFACE_CURVE('',#1580,(#1597,#1623),.PCURVE_S1.);
#1580 = B_SPLINE_CURVE_WITH_KNOTS('',8,(#1581,#1582,#1583,#1584,#1585,
    #1586,#1587,#1588,#1589,#1590,#1591,#1592,#1593,#1594,#1595,#1596),
  .UNSPECIFIED.,.F.,.F.,(9,7,9),(210.10000269883,222.78042263152,
    222.8748282096),.UNSPECIFIED.);
#1581 = CARTESIAN_POINT('',(-4.898587196589E-16,218.,13.801263571231));
#1582 = CARTESIAN_POINT('',(-1.548191180733,218.,13.801263571231));
#1583 = CARTESIAN_POINT('',(-3.096440554537,218.34238670107,
    13.862404911983));
#1584 = CARTESIAN_POINT('',(-4.558300128339,219.02739640675,
    13.984729846363));
#1585 = CARTESIAN_POINT('',(-5.848609456762,220.02950517864,
    14.16367952346));
#1586 = CARTESIAN_POINT('',(-6.886233080177,221.30194408251,
    14.390900173781));
#1587 = CARTESIAN_POINT('',(-7.608527161393,222.76545123218,
    14.652240181412));
#1588 = CARTESIAN_POINT('',(-7.981000435874,224.33212073782,
    14.932000597735));
#1589 = CARTESIAN_POINT('',(-7.999587898393,225.91795844598,
    15.215184779105));
#1590 = CARTESIAN_POINT('',(-7.999705650682,225.9296791743,
    15.21727773417));
#1591 = CARTESIAN_POINT('',(-7.999803769404,225.94139938696,
    15.219370614535));
#1592 = CARTESIAN_POINT('',(-7.999882259491,225.95311930534,
    15.221463454107));
#1593 = CARTESIAN_POINT('',(-7.999941129197,225.96483944852,
    15.223556333187));
#1594 = CARTESIAN_POINT('',(-7.999980378135,225.97655977596,
    15.225649243859));
#1595 = CARTESIAN_POINT('',(-8.,225.9882798474,15.227742115412));
#1596 = CARTESIAN_POINT('',(-8.,226.,15.229834999803));
#1597 = PCURVE('',#336,#1598);
#1598 = DEFINITIONAL_REPRESENTATION('',(#1599),#1622);
#1599 = B_SPLINE_CURVE_WITH_KNOTS('',11,(#1600,#1601,#1602,#1603,#1604,
    #1605,#1606,#1607,#1608,#1609,#1610,#1611,#1612,#1613,#1614,#1615,
    #1616,#1617,#1618,#1619,#1620,#1621),.UNSPECIFIED.,.F.,.F.,(12,10,12
    ),(210.10000269883,216.48741529621,218.318349274),.UNSPECIFIED.);
#1600 = CARTESIAN_POINT('',(1.570796326795,13.801263571231));
#1601 = CARTESIAN_POINT('',(1.499900079251,13.801263571231));
#1602 = CARTESIAN_POINT('',(1.429003156349,13.809162182436));
#1603 = CARTESIAN_POINT('',(1.358094445497,13.824959204376));
#1604 = CARTESIAN_POINT('',(1.28716190579,13.848594989036));
#1605 = CARTESIAN_POINT('',(1.216193666791,13.879949679578));
#1606 = CARTESIAN_POINT('',(1.145178853326,13.918842939633));
#1607 = CARTESIAN_POINT('',(1.074108136168,13.965034172066));
#1608 = CARTESIAN_POINT('',(1.002974008782,14.018223228653));
#1609 = CARTESIAN_POINT('',(0.931770789939,14.078051609117));
#1610 = CARTESIAN_POINT('',(0.860494352371,14.144104150911));
#1611 = CARTESIAN_POINT('',(0.768688503706,14.236494501251));
#1612 = CARTESIAN_POINT('',(0.748229155693,14.25755088585));
#1613 = CARTESIAN_POINT('',(0.727763477959,14.279069155274));
#1614 = CARTESIAN_POINT('',(0.707291421752,14.301037802937));
#1615 = CARTESIAN_POINT('',(0.686812944919,14.323445022916));
#1616 = CARTESIAN_POINT('',(0.666328011902,14.346278709951));
#1617 = CARTESIAN_POINT('',(0.645836593739,14.369526459443));
#1618 = CARTESIAN_POINT('',(0.625338668065,14.393175567456));
#1619 = CARTESIAN_POINT('',(0.604834219112,14.417213030716));
#1620 = CARTESIAN_POINT('',(0.584323237705,14.44162554661));
#1621 = CARTESIAN_POINT('',(0.563805721268,14.46639951319));
#1622 = ( GEOMETRIC_REPRESENTATION_CONTEXT(2)
PARAMETRIC_REPRESENTATION_CONTEXT() REPRESENTATION_CONTEXT('2D SPACE',''
  ) );
#1623 = PCURVE('',#1624,#1673);
#1624 = ( BOUNDED_SURFACE() B_SPLINE_SURFACE(2,8,(
    (#1625,#1626,#1627,#1628,#1629,#1630,#1631,#1632,#1633,#1634,#1635
      ,#1636,#1637,#1638,#1639,#1640)
    ,(#1641,#1642,#1643,#1644,#1645,#1646,#1647,#1648,#1649,#1650,#1651
      ,#1652,#1653,#1654,#1655,#1656)
    ,(#1657,#1658,#1659,#1660,#1661,#1662,#1663,#1664,#1665,#1666,#1667
      ,#1668,#1669,#1670,#1671,#1672
)),.UNSPECIFIED.,.F.,.F.,.F.) B_SPLINE_SURFACE_WITH_KNOTS((3,3),(9,7,9),
  (0.,12.774825510767),(210.10000269883,222.78042263152,222.8748282096),
.UNSPECIFIED.) GEOMETRIC_REPRESENTATION_ITEM() RATIONAL_B_SPLINE_SURFACE
((
    (1.,1.,1.,1.,1.,1.,1.,1.,1.,1.,1.,1.,1.,1.,1.,1.)
    ,(0.637529564848,0.637529564848,0.640669376179,0.646949591047
      ,0.656056287964,0.66737308563,0.680053333017,0.69329910203
      ,0.706427999237,0.706525034613,0.706622038403,0.706719016366
      ,0.706815981427,0.70691293373,0.707009864139,0.707106781187)
    ,(1.,1.,1.,1.,1.,1.,1.,1.,1.,1.,1.,1.,1.,1.,1.,1.
))) REPRESENTATION_ITEM('') SURFACE() );
#1625 = CARTESIAN_POINT('',(-4.898587196589E-16,218.,13.801263571231));
#1626 = CARTESIAN_POINT('',(-1.548191180733,218.,13.801263571231));
#1627 = CARTESIAN_POINT('',(-3.096440554537,218.34238670107,
    13.862404911983));
#1628 = CARTESIAN_POINT('',(-4.558300128339,219.02739640675,
    13.984729846363));
#1629 = CARTESIAN_POINT('',(-5.848609456762,220.02950517864,
    14.16367952346));
#1630 = CARTESIAN_POINT('',(-6.886233080177,221.30194408251,
    14.390900173781));
#1631 = CARTESIAN_POINT('',(-7.608527161393,222.76545123218,
    14.652240181412));
#1632 = CARTESIAN_POINT('',(-7.981000435874,224.33212073782,
    14.932000597735));
#1633 = CARTESIAN_POINT('',(-7.999587898393,225.91795844598,
    15.215184779105));
#1634 = CARTESIAN_POINT('',(-7.999705650682,225.9296791743,
    15.21727773417));
#1635 = CARTESIAN_POINT('',(-7.999803769404,225.94139938696,
    15.219370614535));
#1636 = CARTESIAN_POINT('',(-7.999882259491,225.95311930534,
    15.221463454107));
#1637 = CARTESIAN_POINT('',(-7.999941129197,225.96483944852,
    15.223556333187));
#1638 = CARTESIAN_POINT('',(-7.999980378135,225.97655977596,
    15.225649243859));
#1639 = CARTESIAN_POINT('',(-8.,225.9882798474,15.227742115412));
#1640 = CARTESIAN_POINT('',(-8.,226.,15.229834999803));
#1641 = CARTESIAN_POINT('',(2.6645352591E-15,218.,13.197035992031));
#1642 = CARTESIAN_POINT('',(-1.5707891359,218.,13.197035992031));
#1643 = CARTESIAN_POINT('',(-3.126230679983,218.35062604966,
    13.263821906253));
#1644 = CARTESIAN_POINT('',(-4.58328203064,219.04212562148,
    13.395536110408));
#1645 = CARTESIAN_POINT('',(-5.867729313644,220.04485873449,
    13.586532893838));
#1646 = CARTESIAN_POINT('',(-6.908711485082,221.32255320748,
    13.829903269646));
#1647 = CARTESIAN_POINT('',(-7.634401357545,222.80511411935,
    14.112295824288));
#1648 = CARTESIAN_POINT('',(-8.000590511684,224.39957830666,
    14.416003288538));
#1649 = CARTESIAN_POINT('',(-8.000549195942,226.01169329188,
    14.723072809532));
#1650 = CARTESIAN_POINT('',(-8.000529336263,226.0233862898,
    14.725300047231));
#1651 = CARTESIAN_POINT('',(-8.000489956784,226.03507999522,
    14.727527419692));
#1652 = CARTESIAN_POINT('',(-8.000431050337,226.04677438102,
    14.72975492175));
#1653 = CARTESIAN_POINT('',(-8.000352602621,226.05846914373,
    14.731982495598));
#1654 = CARTESIAN_POINT('',(-8.000254610757,226.07016425762,
    14.734210136341));
#1655 = CARTESIAN_POINT('',(-8.000137080192,226.08185994411,
    14.736437886148));
#1656 = CARTESIAN_POINT('',(-8.,226.09355605394,14.738665716592));
#1657 = CARTESIAN_POINT('',(4.263256414561E-14,218.59355605394,
    13.31009428802));
#1658 = CARTESIAN_POINT('',(-1.450016859739,218.59355605394,
    13.31009428802));
#1659 = CARTESIAN_POINT('',(-2.900089297801,218.91390511024,
    13.371113155887));
#1660 = CARTESIAN_POINT('',(-4.269570074148,219.55489477795,
    13.493206425926));
#1661 = CARTESIAN_POINT('',(-5.47902206325,220.49263867346,
    13.671824310785));
#1662 = CARTESIAN_POINT('',(-6.45253147563,221.68446936356,
    13.898839680329));
#1663 = CARTESIAN_POINT('',(-7.130462905696,223.05552419025,
    14.159992980651));
#1664 = CARTESIAN_POINT('',(-7.481110363713,224.52371339277,
    14.439648066845));
#1665 = CARTESIAN_POINT('',(-7.499588419286,226.01134398158,
    14.723006274237));
#1666 = CARTESIAN_POINT('',(-7.499706566845,226.02335112062,
    14.72529334834));
#1667 = CARTESIAN_POINT('',(-7.4998043649,226.03515137351,
    14.727541015557));
#1668 = CARTESIAN_POINT('',(-7.499882332366,226.04675855707,
    14.729751907664));
#1669 = CARTESIAN_POINT('',(-7.499941127595,226.05843243522,
    14.731975503502));
#1670 = CARTESIAN_POINT('',(-7.499980568918,226.07019645203,
    14.734216268609));
#1671 = CARTESIAN_POINT('',(-7.5,226.0818615472,14.736438191498));
#1672 = CARTESIAN_POINT('',(-7.5,226.09355605394,14.738665716592));
#1673 = DEFINITIONAL_REPRESENTATION('',(#1674),#1678);
#1674 = LINE('',#1675,#1676);
#1675 = CARTESIAN_POINT('',(7.215103625587E-13,0.));
#1676 = VECTOR('',#1677,1.);
#1677 = DIRECTION('',(-3.581434784804E-15,1.));
#1678 = ( GEOMETRIC_REPRESENTATION_CONTEXT(2)
PARAMETRIC_REPRESENTATION_CONTEXT() REPRESENTATION_CONTEXT('2D SPACE',''
  ) );
#1679 = ORIENTED_EDGE('',*,*,#1680,.T.);
#1680 = EDGE_CURVE('',#1577,#1681,#1683,.T.);
#1681 = VERTEX_POINT('',#1682);
#1682 = CARTESIAN_POINT('',(0.,218.,19.));
#1683 = SURFACE_CURVE('',#1684,(#1688,#1695),.PCURVE_S1.);
#1684 = LINE('',#1685,#1686);
#1685 = CARTESIAN_POINT('',(0.,218.,0.));
#1686 = VECTOR('',#1687,1.);
#1687 = DIRECTION('',(0.,0.,1.));
#1688 = PCURVE('',#336,#1689);
#1689 = DEFINITIONAL_REPRESENTATION('',(#1690),#1694);
#1690 = LINE('',#1691,#1692);
#1691 = CARTESIAN_POINT('',(1.570796326795,0.));
#1692 = VECTOR('',#1693,1.);
#1693 = DIRECTION('',(0.,1.));
#1694 = ( GEOMETRIC_REPRESENTATION_CONTEXT(2)
PARAMETRIC_REPRESENTATION_CONTEXT() REPRESENTATION_CONTEXT('2D SPACE',''
  ) );
#1695 = PCURVE('',#1696,#1701);
#1696 = PLANE('',#1697);
#1697 = AXIS2_PLACEMENT_3D('',#1698,#1699,#1700);
#1698 = CARTESIAN_POINT('',(-8.,218.,0.));
#1699 = DIRECTION('',(0.,1.,0.));
#1700 = DIRECTION('',(0.,-0.,1.));
#1701 = DEFINITIONAL_REPRESENTATION('',(#1702),#1706);
#1702 = LINE('',#1703,#1704);
#1703 = CARTESIAN_POINT('',(0.,8.));
#1704 = VECTOR('',#1705,1.);
#1705 = DIRECTION('',(1.,0.));
#1706 = ( GEOMETRIC_REPRESENTATION_CONTEXT(2)
PARAMETRIC_REPRESENTATION_CONTEXT() REPRESENTATION_CONTEXT('2D SPACE',''
  ) );
#1707 = ORIENTED_EDGE('',*,*,#1708,.T.);
#1708 = EDGE_CURVE('',#1681,#293,#1709,.T.);
#1709 = SURFACE_CURVE('',#1710,(#1715,#1722),.PCURVE_S1.);
#1710 = CIRCLE('',#1711,8.);
#1711 = AXIS2_PLACEMENT_3D('',#1712,#1713,#1714);
#1712 = CARTESIAN_POINT('',(0.,226.,19.));
#1713 = DIRECTION('',(-0.,-0.,-1.));
#1714 = DIRECTION('',(0.,-1.,0.));
#1715 = PCURVE('',#336,#1716);
#1716 = DEFINITIONAL_REPRESENTATION('',(#1717),#1721);
#1717 = LINE('',#1718,#1719);
#1718 = CARTESIAN_POINT('',(1.570796326795,19.));
#1719 = VECTOR('',#1720,1.);
#1720 = DIRECTION('',(-1.,-0.));
#1721 = ( GEOMETRIC_REPRESENTATION_CONTEXT(2)
PARAMETRIC_REPRESENTATION_CONTEXT() REPRESENTATION_CONTEXT('2D SPACE',''
  ) );
#1722 = PCURVE('',#1464,#1723);
#1723 = DEFINITIONAL_REPRESENTATION('',(#1724),#1728);
#1724 = LINE('',#1725,#1726);
#1725 = CARTESIAN_POINT('',(6.28318530718,0.));
#1726 = VECTOR('',#1727,1.);
#1727 = DIRECTION('',(-1.,0.));
#1728 = ( GEOMETRIC_REPRESENTATION_CONTEXT(2)
PARAMETRIC_REPRESENTATION_CONTEXT() REPRESENTATION_CONTEXT('2D SPACE',''
  ) );
#1729 = ADVANCED_FACE('',(#1730),#364,.T.);
#1730 = FACE_BOUND('',#1731,.T.);
#1731 = EDGE_LOOP('',(#1732,#1733,#1756,#1784,#1820));
#1732 = ORIENTED_EDGE('',*,*,#348,.T.);
#1733 = ORIENTED_EDGE('',*,*,#1734,.T.);
#1734 = EDGE_CURVE('',#349,#1735,#1737,.T.);
#1735 = VERTEX_POINT('',#1736);
#1736 = CARTESIAN_POINT('',(-3.,227.87837712987,15.638520068175));
#1737 = SURFACE_CURVE('',#1738,(#1742,#1749),.PCURVE_S1.);
#1738 = LINE('',#1739,#1740);
#1739 = CARTESIAN_POINT('',(-8.5,227.87837712987,15.638520068175));
#1740 = VECTOR('',#1741,1.);
#1741 = DIRECTION('',(1.,0.,0.));
#1742 = PCURVE('',#364,#1743);
#1743 = DEFINITIONAL_REPRESENTATION('',(#1744),#1748);
#1744 = LINE('',#1745,#1746);
#1745 = CARTESIAN_POINT('',(0.,0.));
#1746 = VECTOR('',#1747,1.);
#1747 = DIRECTION('',(0.,-1.));
#1748 = ( GEOMETRIC_REPRESENTATION_CONTEXT(2)
PARAMETRIC_REPRESENTATION_CONTEXT() REPRESENTATION_CONTEXT('2D SPACE',''
  ) );
#1749 = PCURVE('',#397,#1750);
#1750 = DEFINITIONAL_REPRESENTATION('',(#1751),#1755);
#1751 = LINE('',#1752,#1753);
#1752 = CARTESIAN_POINT('',(1.570796326795,0.));
#1753 = VECTOR('',#1754,1.);
#1754 = DIRECTION('',(0.,-1.));
#1755 = ( GEOMETRIC_REPRESENTATION_CONTEXT(2)
PARAMETRIC_REPRESENTATION_CONTEXT() REPRESENTATION_CONTEXT('2D SPACE',''
  ) );
#1756 = ORIENTED_EDGE('',*,*,#1757,.T.);
#1757 = EDGE_CURVE('',#1735,#1758,#1760,.T.);
#1758 = VERTEX_POINT('',#1759);
#1759 = CARTESIAN_POINT('',(-3.,218.58528606672,13.868407484718));
#1760 = SURFACE_CURVE('',#1761,(#1765,#1772),.PCURVE_S1.);
#1761 = LINE('',#1762,#1763);
#1762 = CARTESIAN_POINT('',(-3.,227.87837712987,15.638520068175));
#1763 = VECTOR('',#1764,1.);
#1764 = DIRECTION('',(0.,-0.982338566422,-0.18711210789));
#1765 = PCURVE('',#364,#1766);
#1766 = DEFINITIONAL_REPRESENTATION('',(#1767),#1771);
#1767 = LINE('',#1768,#1769);
#1768 = CARTESIAN_POINT('',(0.,-5.5));
#1769 = VECTOR('',#1770,1.);
#1770 = DIRECTION('',(1.,0.));
#1771 = ( GEOMETRIC_REPRESENTATION_CONTEXT(2)
PARAMETRIC_REPRESENTATION_CONTEXT() REPRESENTATION_CONTEXT('2D SPACE',''
  ) );
#1772 = PCURVE('',#1773,#1778);
#1773 = PLANE('',#1774);
#1774 = AXIS2_PLACEMENT_3D('',#1775,#1776,#1777);
#1775 = CARTESIAN_POINT('',(-3.,223.25752148868,9.));
#1776 = DIRECTION('',(1.,0.,0.));
#1777 = DIRECTION('',(-0.,0.,1.));
#1778 = DEFINITIONAL_REPRESENTATION('',(#1779),#1783);
#1779 = LINE('',#1780,#1781);
#1780 = CARTESIAN_POINT('',(6.638520068175,-4.62085564119));
#1781 = VECTOR('',#1782,1.);
#1782 = DIRECTION('',(-0.18711210789,0.982338566422));
#1783 = ( GEOMETRIC_REPRESENTATION_CONTEXT(2)
PARAMETRIC_REPRESENTATION_CONTEXT() REPRESENTATION_CONTEXT('2D SPACE',''
  ) );
#1784 = ORIENTED_EDGE('',*,*,#1785,.T.);
#1785 = EDGE_CURVE('',#1758,#1548,#1786,.T.);
#1786 = SURFACE_CURVE('',#1787,(#1796,#1808),.PCURVE_S1.);
#1787 = B_SPLINE_CURVE_WITH_KNOTS('',7,(#1788,#1789,#1790,#1791,#1792,
    #1793,#1794,#1795),.UNSPECIFIED.,.F.,.F.,(8,8),(0.,1.),
  .PIECEWISE_BEZIER_KNOTS.);
#1788 = CARTESIAN_POINT('',(-3.,218.58528606672,13.868407484718));
#1789 = CARTESIAN_POINT('',(-3.661996780325,218.85287622885,
    13.91937703941));
#1790 = CARTESIAN_POINT('',(-4.295631529512,219.18917133172,
    13.983433249481));
#1791 = CARTESIAN_POINT('',(-4.891990537228,219.59037008763,
    14.059852060129));
#1792 = CARTESIAN_POINT('',(-5.443148378153,220.05125347062,
    14.147639371176));
#1793 = CARTESIAN_POINT('',(-5.942199784698,220.56555085167,
    14.245600777089));
#1794 = CARTESIAN_POINT('',(-6.383290825212,221.12606181273,
    14.352364769673));
#1795 = CARTESIAN_POINT('',(-6.761818745339,221.72474630502,
    14.46639991106));
#1796 = PCURVE('',#364,#1797);
#1797 = DEFINITIONAL_REPRESENTATION('',(#1798),#1807);
#1798 = B_SPLINE_CURVE_WITH_KNOTS('',7,(#1799,#1800,#1801,#1802,#1803,
    #1804,#1805,#1806),.UNSPECIFIED.,.F.,.F.,(8,8),(0.,1.),
  .PIECEWISE_BEZIER_KNOTS.);
#1799 = CARTESIAN_POINT('',(9.460171249302,-5.5));
#1800 = CARTESIAN_POINT('',(9.187770092229,-4.838003219675));
#1801 = CARTESIAN_POINT('',(8.845428750491,-4.204368470488));
#1802 = CARTESIAN_POINT('',(8.437016855017,-3.608009462772));
#1803 = CARTESIAN_POINT('',(7.967847264467,-3.056851621847));
#1804 = CARTESIAN_POINT('',(7.444303347299,-2.557800215302));
#1805 = CARTESIAN_POINT('',(6.873714977648,-2.116709174788));
#1806 = CARTESIAN_POINT('',(6.264266756074,-1.738181254661));
#1807 = ( GEOMETRIC_REPRESENTATION_CONTEXT(2)
PARAMETRIC_REPRESENTATION_CONTEXT() REPRESENTATION_CONTEXT('2D SPACE',''
  ) );
#1808 = PCURVE('',#1624,#1809);
#1809 = DEFINITIONAL_REPRESENTATION('',(#1810),#1819);
#1810 = B_SPLINE_CURVE_WITH_KNOTS('',7,(#1811,#1812,#1813,#1814,#1815,
    #1816,#1817,#1818),.UNSPECIFIED.,.F.,.F.,(8,8),(0.,1.),
  .PIECEWISE_BEZIER_KNOTS.);
#1811 = CARTESIAN_POINT('',(0.608436328657,213.24432706949));
#1812 = CARTESIAN_POINT('',(0.558849926842,213.97382260138));
#1813 = CARTESIAN_POINT('',(0.496104422433,214.70227014373));
#1814 = CARTESIAN_POINT('',(0.420500781317,215.42912640963));
#1815 = CARTESIAN_POINT('',(0.332467277677,216.15421815037));
#1816 = CARTESIAN_POINT('',(0.232538827491,216.87749455381));
#1817 = CARTESIAN_POINT('',(0.121405427232,217.59893186139));
#1818 = CARTESIAN_POINT('',(0.,218.318349274));
#1819 = ( GEOMETRIC_REPRESENTATION_CONTEXT(2)
PARAMETRIC_REPRESENTATION_CONTEXT() REPRESENTATION_CONTEXT('2D SPACE',''
  ) );
#1820 = ORIENTED_EDGE('',*,*,#1547,.T.);
#1821 = ADVANCED_FACE('',(#1822),#397,.F.);
#1822 = FACE_BOUND('',#1823,.F.);
#1823 = EDGE_LOOP('',(#1824,#1825,#1826,#1854));
#1824 = ORIENTED_EDGE('',*,*,#376,.F.);
#1825 = ORIENTED_EDGE('',*,*,#1734,.T.);
#1826 = ORIENTED_EDGE('',*,*,#1827,.T.);
#1827 = EDGE_CURVE('',#1735,#1828,#1830,.T.);
#1828 = VERTEX_POINT('',#1829);
#1829 = CARTESIAN_POINT('',(-3.,228.65,15.));
#1830 = SURFACE_CURVE('',#1831,(#1836,#1843),.PCURVE_S1.);
#1831 = CIRCLE('',#1832,0.65);
#1832 = AXIS2_PLACEMENT_3D('',#1833,#1834,#1835);
#1833 = CARTESIAN_POINT('',(-3.,228.,15.));
#1834 = DIRECTION('',(-1.,-0.,0.));
#1835 = DIRECTION('',(0.,-0.982338566422,-0.18711210789));
#1836 = PCURVE('',#397,#1837);
#1837 = DEFINITIONAL_REPRESENTATION('',(#1838),#1842);
#1838 = LINE('',#1839,#1840);
#1839 = CARTESIAN_POINT('',(0.,-5.5));
#1840 = VECTOR('',#1841,1.);
#1841 = DIRECTION('',(1.,0.));
#1842 = ( GEOMETRIC_REPRESENTATION_CONTEXT(2)
PARAMETRIC_REPRESENTATION_CONTEXT() REPRESENTATION_CONTEXT('2D SPACE',''
  ) );
#1843 = PCURVE('',#1773,#1844);
#1844 = DEFINITIONAL_REPRESENTATION('',(#1845),#1853);
#1845 = ( BOUNDED_CURVE() B_SPLINE_CURVE(2,(#1846,#1847,#1848,#1849,
#1850,#1851,#1852),.UNSPECIFIED.,.T.,.F.) B_SPLINE_CURVE_WITH_KNOTS((1,2
    ,2,2,2,1),(-2.094395102393,0.,2.094395102393,4.188790204786,
6.28318530718,8.377580409573),.UNSPECIFIED.) CURVE()
GEOMETRIC_REPRESENTATION_ITEM() RATIONAL_B_SPLINE_CURVE((1.,0.5,1.,0.5,
1.,0.5,1.)) REPRESENTATION_ITEM('') );
#1846 = CARTESIAN_POINT('',(5.878377129871,-4.103958443145));
#1847 = CARTESIAN_POINT('',(6.984326329602,-3.89330145272));
#1848 = CARTESIAN_POINT('',(6.61378603493,-4.956410050195));
#1849 = CARTESIAN_POINT('',(6.243245740257,-6.019518647669));
#1850 = CARTESIAN_POINT('',(5.507836835199,-5.16706704062));
#1851 = CARTESIAN_POINT('',(4.772427930141,-4.31461543357));
#1852 = CARTESIAN_POINT('',(5.878377129871,-4.103958443145));
#1853 = ( GEOMETRIC_REPRESENTATION_CONTEXT(2)
PARAMETRIC_REPRESENTATION_CONTEXT() REPRESENTATION_CONTEXT('2D SPACE',''
  ) );
#1854 = ORIENTED_EDGE('',*,*,#1855,.F.);
#1855 = EDGE_CURVE('',#377,#1828,#1856,.T.);
#1856 = SURFACE_CURVE('',#1857,(#1861,#1868),.PCURVE_S1.);
#1857 = LINE('',#1858,#1859);
#1858 = CARTESIAN_POINT('',(-8.5,228.65,15.));
#1859 = VECTOR('',#1860,1.);
#1860 = DIRECTION('',(1.,0.,0.));
#1861 = PCURVE('',#397,#1862);
#1862 = DEFINITIONAL_REPRESENTATION('',(#1863),#1867);
#1863 = LINE('',#1864,#1865);
#1864 = CARTESIAN_POINT('',(3.329814158895,0.));
#1865 = VECTOR('',#1866,1.);
#1866 = DIRECTION('',(0.,-1.));
#1867 = ( GEOMETRIC_REPRESENTATION_CONTEXT(2)
PARAMETRIC_REPRESENTATION_CONTEXT() REPRESENTATION_CONTEXT('2D SPACE',''
  ) );
#1868 = PCURVE('',#425,#1869);
#1869 = DEFINITIONAL_REPRESENTATION('',(#1870),#1874);
#1870 = LINE('',#1871,#1872);
#1871 = CARTESIAN_POINT('',(12.,0.));
#1872 = VECTOR('',#1873,1.);
#1873 = DIRECTION('',(0.,-1.));
#1874 = ( GEOMETRIC_REPRESENTATION_CONTEXT(2)
PARAMETRIC_REPRESENTATION_CONTEXT() REPRESENTATION_CONTEXT('2D SPACE',''
  ) );
#1875 = ADVANCED_FACE('',(#1876),#425,.T.);
#1876 = FACE_BOUND('',#1877,.T.);
#1877 = EDGE_LOOP('',(#1878,#1879,#1902,#1923));
#1878 = ORIENTED_EDGE('',*,*,#409,.T.);
#1879 = ORIENTED_EDGE('',*,*,#1880,.T.);
#1880 = EDGE_CURVE('',#410,#1881,#1883,.T.);
#1881 = VERTEX_POINT('',#1882);
#1882 = CARTESIAN_POINT('',(-3.,228.65,3.));
#1883 = SURFACE_CURVE('',#1884,(#1888,#1895),.PCURVE_S1.);
#1884 = LINE('',#1885,#1886);
#1885 = CARTESIAN_POINT('',(-8.5,228.65,3.));
#1886 = VECTOR('',#1887,1.);
#1887 = DIRECTION('',(1.,0.,0.));
#1888 = PCURVE('',#425,#1889);
#1889 = DEFINITIONAL_REPRESENTATION('',(#1890),#1894);
#1890 = LINE('',#1891,#1892);
#1891 = CARTESIAN_POINT('',(0.,0.));
#1892 = VECTOR('',#1893,1.);
#1893 = DIRECTION('',(0.,-1.));
#1894 = ( GEOMETRIC_REPRESENTATION_CONTEXT(2)
PARAMETRIC_REPRESENTATION_CONTEXT() REPRESENTATION_CONTEXT('2D SPACE',''
  ) );
#1895 = PCURVE('',#458,#1896);
#1896 = DEFINITIONAL_REPRESENTATION('',(#1897),#1901);
#1897 = LINE('',#1898,#1899);
#1898 = CARTESIAN_POINT('',(1.570796326795,0.));
#1899 = VECTOR('',#1900,1.);
#1900 = DIRECTION('',(0.,-1.));
#1901 = ( GEOMETRIC_REPRESENTATION_CONTEXT(2)
PARAMETRIC_REPRESENTATION_CONTEXT() REPRESENTATION_CONTEXT('2D SPACE',''
  ) );
#1902 = ORIENTED_EDGE('',*,*,#1903,.T.);
#1903 = EDGE_CURVE('',#1881,#1828,#1904,.T.);
#1904 = SURFACE_CURVE('',#1905,(#1909,#1916),.PCURVE_S1.);
#1905 = LINE('',#1906,#1907);
#1906 = CARTESIAN_POINT('',(-3.,228.65,3.));
#1907 = VECTOR('',#1908,1.);
#1908 = DIRECTION('',(0.,0.,1.));
#1909 = PCURVE('',#425,#1910);
#1910 = DEFINITIONAL_REPRESENTATION('',(#1911),#1915);
#1911 = LINE('',#1912,#1913);
#1912 = CARTESIAN_POINT('',(0.,-5.5));
#1913 = VECTOR('',#1914,1.);
#1914 = DIRECTION('',(1.,0.));
#1915 = ( GEOMETRIC_REPRESENTATION_CONTEXT(2)
PARAMETRIC_REPRESENTATION_CONTEXT() REPRESENTATION_CONTEXT('2D SPACE',''
  ) );
#1916 = PCURVE('',#1773,#1917);
#1917 = DEFINITIONAL_REPRESENTATION('',(#1918),#1922);
#1918 = LINE('',#1919,#1920);
#1919 = CARTESIAN_POINT('',(-6.,-5.39247851132));
#1920 = VECTOR('',#1921,1.);
#1921 = DIRECTION('',(1.,0.));
#1922 = ( GEOMETRIC_REPRESENTATION_CONTEXT(2)
PARAMETRIC_REPRESENTATION_CONTEXT() REPRESENTATION_CONTEXT('2D SPACE',''
  ) );
#1923 = ORIENTED_EDGE('',*,*,#1855,.F.);
#1924 = ADVANCED_FACE('',(#1925),#458,.F.);
#1925 = FACE_BOUND('',#1926,.F.);
#1926 = EDGE_LOOP('',(#1927,#1928,#1929,#1957));
#1927 = ORIENTED_EDGE('',*,*,#437,.F.);
#1928 = ORIENTED_EDGE('',*,*,#1880,.T.);
#1929 = ORIENTED_EDGE('',*,*,#1930,.T.);
#1930 = EDGE_CURVE('',#1881,#1931,#1933,.T.);
#1931 = VERTEX_POINT('',#1932);
#1932 = CARTESIAN_POINT('',(-3.,227.87837712987,2.361479931825));
#1933 = SURFACE_CURVE('',#1934,(#1939,#1946),.PCURVE_S1.);
#1934 = CIRCLE('',#1935,0.65);
#1935 = AXIS2_PLACEMENT_3D('',#1936,#1937,#1938);
#1936 = CARTESIAN_POINT('',(-3.,228.,3.));
#1937 = DIRECTION('',(-1.,-0.,0.));
#1938 = DIRECTION('',(0.,0.,1.));
#1939 = PCURVE('',#458,#1940);
#1940 = DEFINITIONAL_REPRESENTATION('',(#1941),#1945);
#1941 = LINE('',#1942,#1943);
#1942 = CARTESIAN_POINT('',(0.,-5.5));
#1943 = VECTOR('',#1944,1.);
#1944 = DIRECTION('',(1.,0.));
#1945 = ( GEOMETRIC_REPRESENTATION_CONTEXT(2)
PARAMETRIC_REPRESENTATION_CONTEXT() REPRESENTATION_CONTEXT('2D SPACE',''
  ) );
#1946 = PCURVE('',#1773,#1947);
#1947 = DEFINITIONAL_REPRESENTATION('',(#1948),#1956);
#1948 = ( BOUNDED_CURVE() B_SPLINE_CURVE(2,(#1949,#1950,#1951,#1952,
#1953,#1954,#1955),.UNSPECIFIED.,.T.,.F.) B_SPLINE_CURVE_WITH_KNOTS((1,2
    ,2,2,2,1),(-2.094395102393,0.,2.094395102393,4.188790204786,
6.28318530718,8.377580409573),.UNSPECIFIED.) CURVE()
GEOMETRIC_REPRESENTATION_ITEM() RATIONAL_B_SPLINE_CURVE((1.,0.5,1.,0.5,
1.,0.5,1.)) REPRESENTATION_ITEM('') );
#1949 = CARTESIAN_POINT('',(-5.35,-4.74247851132));
#1950 = CARTESIAN_POINT('',(-5.35,-5.86831153624));
#1951 = CARTESIAN_POINT('',(-6.325,-5.30539502378));
#1952 = CARTESIAN_POINT('',(-7.3,-4.74247851132));
#1953 = CARTESIAN_POINT('',(-6.325,-4.17956199886));
#1954 = CARTESIAN_POINT('',(-5.35,-3.6166454864));
#1955 = CARTESIAN_POINT('',(-5.35,-4.74247851132));
#1956 = ( GEOMETRIC_REPRESENTATION_CONTEXT(2)
PARAMETRIC_REPRESENTATION_CONTEXT() REPRESENTATION_CONTEXT('2D SPACE',''
  ) );
#1957 = ORIENTED_EDGE('',*,*,#1958,.F.);
#1958 = EDGE_CURVE('',#438,#1931,#1959,.T.);
#1959 = SURFACE_CURVE('',#1960,(#1964,#1971),.PCURVE_S1.);
#1960 = LINE('',#1961,#1962);
#1961 = CARTESIAN_POINT('',(-8.5,227.87837712987,2.361479931825));
#1962 = VECTOR('',#1963,1.);
#1963 = DIRECTION('',(1.,0.,0.));
#1964 = PCURVE('',#458,#1965);
#1965 = DEFINITIONAL_REPRESENTATION('',(#1966),#1970);
#1966 = LINE('',#1967,#1968);
#1967 = CARTESIAN_POINT('',(3.329814158895,0.));
#1968 = VECTOR('',#1969,1.);
#1969 = DIRECTION('',(0.,-1.));
#1970 = ( GEOMETRIC_REPRESENTATION_CONTEXT(2)
PARAMETRIC_REPRESENTATION_CONTEXT() REPRESENTATION_CONTEXT('2D SPACE',''
  ) );
#1971 = PCURVE('',#486,#1972);
#1972 = DEFINITIONAL_REPRESENTATION('',(#1973),#1977);
#1973 = LINE('',#1974,#1975);
#1974 = CARTESIAN_POINT('',(10.688779163216,0.));
#1975 = VECTOR('',#1976,1.);
#1976 = DIRECTION('',(0.,-1.));
#1977 = ( GEOMETRIC_REPRESENTATION_CONTEXT(2)
PARAMETRIC_REPRESENTATION_CONTEXT() REPRESENTATION_CONTEXT('2D SPACE',''
  ) );
#1978 = ADVANCED_FACE('',(#1979),#486,.T.);
#1979 = FACE_BOUND('',#1980,.T.);
#1980 = EDGE_LOOP('',(#1981,#2070,#2091,#2092,#2093));
#1981 = ORIENTED_EDGE('',*,*,#1982,.F.);
#1982 = EDGE_CURVE('',#1983,#1985,#1987,.T.);
#1983 = VERTEX_POINT('',#1984);
#1984 = CARTESIAN_POINT('',(-3.,218.58528606672,4.131592515281));
#1985 = VERTEX_POINT('',#1986);
#1986 = CARTESIAN_POINT('',(-6.761818745318,221.72474630498,
    3.533600088946));
#1987 = SURFACE_CURVE('',#1988,(#1997,#2009),.PCURVE_S1.);
#1988 = B_SPLINE_CURVE_WITH_KNOTS('',7,(#1989,#1990,#1991,#1992,#1993,
    #1994,#1995,#1996),.UNSPECIFIED.,.F.,.F.,(8,8),(0.,1.),
  .PIECEWISE_BEZIER_KNOTS.);
#1989 = CARTESIAN_POINT('',(-3.,218.58528606672,4.131592515281));
#1990 = CARTESIAN_POINT('',(-3.66199678032,218.85287622885,4.08062296059
    ));
#1991 = CARTESIAN_POINT('',(-4.295631529499,219.18917133172,
    4.01656675052));
#1992 = CARTESIAN_POINT('',(-4.891990537215,219.59037008762,
    3.940147939872));
#1993 = CARTESIAN_POINT('',(-5.443148378132,220.05125347061,
    3.852360628827));
#1994 = CARTESIAN_POINT('',(-5.942199784678,220.56555085165,
    3.754399222914));
#1995 = CARTESIAN_POINT('',(-6.38329082519,221.1260618127,3.647635230333
    ));
#1996 = CARTESIAN_POINT('',(-6.761818745317,221.72474630498,
    3.533600088946));
#1997 = PCURVE('',#486,#1998);
#1998 = DEFINITIONAL_REPRESENTATION('',(#1999),#2008);
#1999 = B_SPLINE_CURVE_WITH_KNOTS('',7,(#2000,#2001,#2002,#2003,#2004,
    #2005,#2006,#2007),.UNSPECIFIED.,.F.,.F.,(8,8),(0.,1.),
  .PIECEWISE_BEZIER_KNOTS.);
#2000 = CARTESIAN_POINT('',(1.228607913915,-5.5));
#2001 = CARTESIAN_POINT('',(1.501009070987,-4.83800321968));
#2002 = CARTESIAN_POINT('',(1.843350412725,-4.204368470501));
#2003 = CARTESIAN_POINT('',(2.251762308189,-3.608009462785));
#2004 = CARTESIAN_POINT('',(2.720931898739,-3.056851621868));
#2005 = CARTESIAN_POINT('',(3.244475815896,-2.557800215322));
#2006 = CARTESIAN_POINT('',(3.815064185537,-2.11670917481));
#2007 = CARTESIAN_POINT('',(4.424512407101,-1.738181254683));
#2008 = ( GEOMETRIC_REPRESENTATION_CONTEXT(2)
PARAMETRIC_REPRESENTATION_CONTEXT() REPRESENTATION_CONTEXT('2D SPACE',''
  ) );
#2009 = PCURVE('',#2010,#2059);
#2010 = ( BOUNDED_SURFACE() B_SPLINE_SURFACE(2,8,(
    (#2011,#2012,#2013,#2014,#2015,#2016,#2017,#2018,#2019,#2020,#2021
      ,#2022,#2023,#2024,#2025,#2026)
    ,(#2027,#2028,#2029,#2030,#2031,#2032,#2033,#2034,#2035,#2036,#2037
      ,#2038,#2039,#2040,#2041,#2042)
    ,(#2043,#2044,#2045,#2046,#2047,#2048,#2049,#2050,#2051,#2052,#2053
      ,#2054,#2055,#2056,#2057,#2058
)),.UNSPECIFIED.,.F.,.F.,.F.) B_SPLINE_SURFACE_WITH_KNOTS((3,3),(9,7,9),
  (0.,12.774825510773),(239.06997621915,239.16438179722,251.84480172992)
,.UNSPECIFIED.) GEOMETRIC_REPRESENTATION_ITEM()
RATIONAL_B_SPLINE_SURFACE((
    (1.,1.,1.,1.,1.,1.,1.,1.,1.,1.,1.,1.,1.,1.,1.,1.)
    ,(0.707106781187,0.707009864139,0.70691293373,0.706815981427
      ,0.706719016366,0.706622038403,0.706525034613,0.706427999237
      ,0.693299102029,0.680053333017,0.66737308563,0.656056287965
      ,0.646949591046,0.640669376179,0.637529564848,0.637529564848)
    ,(1.,1.,1.,1.,1.,1.,1.,1.,1.,1.,1.,1.,1.,1.,1.,1.
))) REPRESENTATION_ITEM('') SURFACE() );
#2011 = CARTESIAN_POINT('',(-8.,226.,2.770165000197));
#2012 = CARTESIAN_POINT('',(-8.,225.9882798474,2.772257884588));
#2013 = CARTESIAN_POINT('',(-7.999980378135,225.97655977596,
    2.774350756141));
#2014 = CARTESIAN_POINT('',(-7.999941129197,225.96483944852,
    2.776443666813));
#2015 = CARTESIAN_POINT('',(-7.999882259491,225.95311930534,
    2.778536545893));
#2016 = CARTESIAN_POINT('',(-7.999803769404,225.94139938695,
    2.780629385465));
#2017 = CARTESIAN_POINT('',(-7.999705650682,225.9296791743,2.78272226583
    ));
#2018 = CARTESIAN_POINT('',(-7.999587898393,225.91795844598,
    2.784815220895));
#2019 = CARTESIAN_POINT('',(-7.981000435874,224.33212073781,
    3.067999402267));
#2020 = CARTESIAN_POINT('',(-7.608527161391,222.7654512322,
    3.347759818585));
#2021 = CARTESIAN_POINT('',(-6.886233080179,221.30194408248,
    3.609099826224));
#2022 = CARTESIAN_POINT('',(-5.848609456761,220.02950517867,
    3.836320476536));
#2023 = CARTESIAN_POINT('',(-4.558300128339,219.02739640674,
    4.015270153639));
#2024 = CARTESIAN_POINT('',(-3.096440554537,218.34238670108,
    4.137595088017));
#2025 = CARTESIAN_POINT('',(-1.548191180732,218.,4.198736428769));
#2026 = CARTESIAN_POINT('',(-4.898587196589E-16,218.,4.198736428769));
#2027 = CARTESIAN_POINT('',(-8.,226.09355605394,3.261334283408));
#2028 = CARTESIAN_POINT('',(-8.000137080192,226.08185994411,
    3.263562113852));
#2029 = CARTESIAN_POINT('',(-8.000254610757,226.07016425762,
    3.265789863659));
#2030 = CARTESIAN_POINT('',(-8.000352602621,226.05846914373,
    3.268017504402));
#2031 = CARTESIAN_POINT('',(-8.000431050337,226.04677438102,
    3.27024507825));
#2032 = CARTESIAN_POINT('',(-8.000489956784,226.03507999522,
    3.272472580308));
#2033 = CARTESIAN_POINT('',(-8.000529336263,226.0233862898,
    3.274699952769));
#2034 = CARTESIAN_POINT('',(-8.000549195942,226.01169329188,
    3.276927190468));
#2035 = CARTESIAN_POINT('',(-8.000590511684,224.39957830665,
    3.583996711464));
#2036 = CARTESIAN_POINT('',(-7.634401357543,222.80511411936,
    3.887704175709));
#2037 = CARTESIAN_POINT('',(-6.908711485084,221.32255320745,
    4.170096730359));
#2038 = CARTESIAN_POINT('',(-5.867729313643,220.04485873451,
    4.413467106157));
#2039 = CARTESIAN_POINT('',(-4.58328203064,219.04212562146,
    4.604463889595));
#2040 = CARTESIAN_POINT('',(-3.126230679984,218.35062604966,
    4.736178093747));
#2041 = CARTESIAN_POINT('',(-1.570789135899,218.,4.802964007969));
#2042 = CARTESIAN_POINT('',(1.731947918415E-14,218.,4.802964007969));
#2043 = CARTESIAN_POINT('',(-7.5,226.09355605394,3.261334283408));
#2044 = CARTESIAN_POINT('',(-7.5,226.0818615472,3.263561808502));
#2045 = CARTESIAN_POINT('',(-7.499980568918,226.07019645203,
    3.265783731391));
#2046 = CARTESIAN_POINT('',(-7.499941127595,226.05843243522,
    3.268024496498));
#2047 = CARTESIAN_POINT('',(-7.499882332366,226.04675855707,
    3.270248092336));
#2048 = CARTESIAN_POINT('',(-7.4998043649,226.03515137351,3.272458984443
    ));
#2049 = CARTESIAN_POINT('',(-7.499706566845,226.02335112062,
    3.27470665166));
#2050 = CARTESIAN_POINT('',(-7.499588419286,226.01134398158,
    3.276993725763));
#2051 = CARTESIAN_POINT('',(-7.481110363712,224.52371339276,
    3.560351933157));
#2052 = CARTESIAN_POINT('',(-7.130462905691,223.05552419027,
    3.840007019346));
#2053 = CARTESIAN_POINT('',(-6.452531475644,221.68446936354,
    4.101160319676));
#2054 = CARTESIAN_POINT('',(-5.479022063224,220.49263867348,
    4.32817568921));
#2055 = CARTESIAN_POINT('',(-4.269570074178,219.55489477793,
    4.506793574077));
#2056 = CARTESIAN_POINT('',(-2.900089297777,218.91390511025,
    4.628886844112));
#2057 = CARTESIAN_POINT('',(-1.450016859749,218.59355605394,
    4.68990571198));
#2058 = CARTESIAN_POINT('',(2.348343741687E-12,218.59355605394,
    4.68990571198));
#2059 = DEFINITIONAL_REPRESENTATION('',(#2060),#2069);
#2060 = B_SPLINE_CURVE_WITH_KNOTS('',7,(#2061,#2062,#2063,#2064,#2065,
    #2066,#2067,#2068),.UNSPECIFIED.,.F.,.F.,(8,8),(0.,1.),
  .PIECEWISE_BEZIER_KNOTS.);
#2061 = CARTESIAN_POINT('',(0.608436328646,248.70047735925));
#2062 = CARTESIAN_POINT('',(0.558849926831,247.97098182736));
#2063 = CARTESIAN_POINT('',(0.496104422422,247.24253428502));
#2064 = CARTESIAN_POINT('',(0.420500781307,246.51567801913));
#2065 = CARTESIAN_POINT('',(0.332467277669,245.79058627839));
#2066 = CARTESIAN_POINT('',(0.232538827486,245.06730987495));
#2067 = CARTESIAN_POINT('',(0.121405427229,244.34587256739));
#2068 = CARTESIAN_POINT('',(0.,243.62645515478));
#2069 = ( GEOMETRIC_REPRESENTATION_CONTEXT(2)
PARAMETRIC_REPRESENTATION_CONTEXT() REPRESENTATION_CONTEXT('2D SPACE',''
  ) );
#2070 = ORIENTED_EDGE('',*,*,#2071,.T.);
#2071 = EDGE_CURVE('',#1983,#1931,#2072,.T.);
#2072 = SURFACE_CURVE('',#2073,(#2077,#2084),.PCURVE_S1.);
#2073 = LINE('',#2074,#2075);
#2074 = CARTESIAN_POINT('',(-3.,217.37837712987,4.361479931825));
#2075 = VECTOR('',#2076,1.);
#2076 = DIRECTION('',(0.,0.982338566422,-0.18711210789));
#2077 = PCURVE('',#486,#2078);
#2078 = DEFINITIONAL_REPRESENTATION('',(#2079),#2083);
#2079 = LINE('',#2080,#2081);
#2080 = CARTESIAN_POINT('',(0.,-5.5));
#2081 = VECTOR('',#2082,1.);
#2082 = DIRECTION('',(1.,0.));
#2083 = ( GEOMETRIC_REPRESENTATION_CONTEXT(2)
PARAMETRIC_REPRESENTATION_CONTEXT() REPRESENTATION_CONTEXT('2D SPACE',''
  ) );
#2084 = PCURVE('',#1773,#2085);
#2085 = DEFINITIONAL_REPRESENTATION('',(#2086),#2090);
#2086 = LINE('',#2087,#2088);
#2087 = CARTESIAN_POINT('',(-4.638520068175,5.87914435881));
#2088 = VECTOR('',#2089,1.);
#2089 = DIRECTION('',(-0.18711210789,-0.982338566422));
#2090 = ( GEOMETRIC_REPRESENTATION_CONTEXT(2)
PARAMETRIC_REPRESENTATION_CONTEXT() REPRESENTATION_CONTEXT('2D SPACE',''
  ) );
#2091 = ORIENTED_EDGE('',*,*,#1958,.F.);
#2092 = ORIENTED_EDGE('',*,*,#470,.T.);
#2093 = ORIENTED_EDGE('',*,*,#2094,.T.);
#2094 = EDGE_CURVE('',#471,#1985,#2095,.T.);
#2095 = SURFACE_CURVE('',#2096,(#2101,#2108),.PCURVE_S1.);
#2096 = ELLIPSE('',#2097,8.143831743403,8.);
#2097 = AXIS2_PLACEMENT_3D('',#2098,#2099,#2100);
#2098 = CARTESIAN_POINT('',(0.,226.,2.719266051801));
#2099 = DIRECTION('',(-0.,0.18711210789,0.982338566422));
#2100 = DIRECTION('',(0.,-0.982338566422,0.18711210789));
#2101 = PCURVE('',#486,#2102);
#2102 = DEFINITIONAL_REPRESENTATION('',(#2103),#2107);
#2103 = ELLIPSE('',#2104,8.143831743403,8.);
#2104 = AXIS2_PLACEMENT_2D('',#2105,#2106);
#2105 = CARTESIAN_POINT('',(8.776630751176,-8.5));
#2106 = DIRECTION('',(-1.,-0.));
#2107 = ( GEOMETRIC_REPRESENTATION_CONTEXT(2)
PARAMETRIC_REPRESENTATION_CONTEXT() REPRESENTATION_CONTEXT('2D SPACE',''
  ) );
#2108 = PCURVE('',#512,#2109);
#2109 = DEFINITIONAL_REPRESENTATION('',(#2110),#2119);
#2110 = B_SPLINE_CURVE_WITH_KNOTS('',7,(#2111,#2112,#2113,#2114,#2115,
    #2116,#2117,#2118),.UNSPECIFIED.,.F.,.F.,(8,8),(4.712388980385,
    5.971934062125),.PIECEWISE_BEZIER_KNOTS.);
#2111 = CARTESIAN_POINT('',(0.,2.719266051801));
#2112 = CARTESIAN_POINT('',(0.179935011677,2.993452736261));
#2113 = CARTESIAN_POINT('',(0.359870023354,3.267639222659));
#2114 = CARTESIAN_POINT('',(0.539805035032,3.527327600919));
#2115 = CARTESIAN_POINT('',(0.719740046709,3.758012495812));
#2116 = CARTESIAN_POINT('',(0.899675058386,3.947125868852));
#2117 = CARTESIAN_POINT('',(1.079610070063,4.085888564648));
#2118 = CARTESIAN_POINT('',(1.25954508174,4.169858236764));
#2119 = ( GEOMETRIC_REPRESENTATION_CONTEXT(2)
PARAMETRIC_REPRESENTATION_CONTEXT() REPRESENTATION_CONTEXT('2D SPACE',''
  ) );
#2120 = ADVANCED_FACE('',(#2121),#512,.T.);
#2121 = FACE_BOUND('',#2122,.T.);
#2122 = EDGE_LOOP('',(#2123,#2124,#2148,#2176,#2229));
#2123 = ORIENTED_EDGE('',*,*,#498,.F.);
#2124 = ORIENTED_EDGE('',*,*,#2125,.F.);
#2125 = EDGE_CURVE('',#2126,#22,#2128,.T.);
#2126 = VERTEX_POINT('',#2127);
#2127 = CARTESIAN_POINT('',(0.,218.,0.5));
#2128 = SURFACE_CURVE('',#2129,(#2134,#2141),.PCURVE_S1.);
#2129 = CIRCLE('',#2130,8.);
#2130 = AXIS2_PLACEMENT_3D('',#2131,#2132,#2133);
#2131 = CARTESIAN_POINT('',(0.,226.,0.5));
#2132 = DIRECTION('',(-0.,0.,-1.));
#2133 = DIRECTION('',(-2.449293598295E-16,-1.,0.));
#2134 = PCURVE('',#512,#2135);
#2135 = DEFINITIONAL_REPRESENTATION('',(#2136),#2140);
#2136 = LINE('',#2137,#2138);
#2137 = CARTESIAN_POINT('',(1.570796326795,0.5));
#2138 = VECTOR('',#2139,1.);
#2139 = DIRECTION('',(-1.,-0.));
#2140 = ( GEOMETRIC_REPRESENTATION_CONTEXT(2)
PARAMETRIC_REPRESENTATION_CONTEXT() REPRESENTATION_CONTEXT('2D SPACE',''
  ) );
#2141 = PCURVE('',#597,#2142);
#2142 = DEFINITIONAL_REPRESENTATION('',(#2143),#2147);
#2143 = LINE('',#2144,#2145);
#2144 = CARTESIAN_POINT('',(0.,0.));
#2145 = VECTOR('',#2146,1.);
#2146 = DIRECTION('',(1.,0.));
#2147 = ( GEOMETRIC_REPRESENTATION_CONTEXT(2)
PARAMETRIC_REPRESENTATION_CONTEXT() REPRESENTATION_CONTEXT('2D SPACE',''
  ) );
#2148 = ORIENTED_EDGE('',*,*,#2149,.T.);
#2149 = EDGE_CURVE('',#2126,#2150,#2152,.T.);
#2150 = VERTEX_POINT('',#2151);
#2151 = CARTESIAN_POINT('',(-4.898587196589E-16,218.,4.198736428769));
#2152 = SURFACE_CURVE('',#2153,(#2157,#2164),.PCURVE_S1.);
#2153 = LINE('',#2154,#2155);
#2154 = CARTESIAN_POINT('',(0.,218.,0.));
#2155 = VECTOR('',#2156,1.);
#2156 = DIRECTION('',(0.,0.,1.));
#2157 = PCURVE('',#512,#2158);
#2158 = DEFINITIONAL_REPRESENTATION('',(#2159),#2163);
#2159 = LINE('',#2160,#2161);
#2160 = CARTESIAN_POINT('',(1.570796326795,0.));
#2161 = VECTOR('',#2162,1.);
#2162 = DIRECTION('',(0.,1.));
#2163 = ( GEOMETRIC_REPRESENTATION_CONTEXT(2)
PARAMETRIC_REPRESENTATION_CONTEXT() REPRESENTATION_CONTEXT('2D SPACE',''
  ) );
#2164 = PCURVE('',#2165,#2170);
#2165 = PLANE('',#2166);
#2166 = AXIS2_PLACEMENT_3D('',#2167,#2168,#2169);
#2167 = CARTESIAN_POINT('',(-8.,218.,0.));
#2168 = DIRECTION('',(0.,1.,0.));
#2169 = DIRECTION('',(0.,-0.,1.));
#2170 = DEFINITIONAL_REPRESENTATION('',(#2171),#2175);
#2171 = LINE('',#2172,#2173);
#2172 = CARTESIAN_POINT('',(0.,8.));
#2173 = VECTOR('',#2174,1.);
#2174 = DIRECTION('',(1.,0.));
#2175 = ( GEOMETRIC_REPRESENTATION_CONTEXT(2)
PARAMETRIC_REPRESENTATION_CONTEXT() REPRESENTATION_CONTEXT('2D SPACE',''
  ) );
#2176 = ORIENTED_EDGE('',*,*,#2177,.F.);
#2177 = EDGE_CURVE('',#1985,#2150,#2178,.T.);
#2178 = SURFACE_CURVE('',#2179,(#2196,#2222),.PCURVE_S1.);
#2179 = B_SPLINE_CURVE_WITH_KNOTS('',8,(#2180,#2181,#2182,#2183,#2184,
    #2185,#2186,#2187,#2188,#2189,#2190,#2191,#2192,#2193,#2194,#2195),
  .UNSPECIFIED.,.F.,.F.,(9,7,9),(239.06997621915,239.16438179722,
    251.84480172992),.UNSPECIFIED.);
#2180 = CARTESIAN_POINT('',(-8.,226.,2.770165000197));
#2181 = CARTESIAN_POINT('',(-8.,225.9882798474,2.772257884588));
#2182 = CARTESIAN_POINT('',(-7.999980378135,225.97655977596,
    2.774350756141));
#2183 = CARTESIAN_POINT('',(-7.999941129197,225.96483944852,
    2.776443666813));
#2184 = CARTESIAN_POINT('',(-7.999882259491,225.95311930534,
    2.778536545893));
#2185 = CARTESIAN_POINT('',(-7.999803769404,225.94139938695,
    2.780629385465));
#2186 = CARTESIAN_POINT('',(-7.999705650682,225.9296791743,2.78272226583
    ));
#2187 = CARTESIAN_POINT('',(-7.999587898393,225.91795844598,
    2.784815220895));
#2188 = CARTESIAN_POINT('',(-7.981000435874,224.33212073781,
    3.067999402267));
#2189 = CARTESIAN_POINT('',(-7.608527161391,222.7654512322,
    3.347759818585));
#2190 = CARTESIAN_POINT('',(-6.886233080179,221.30194408248,
    3.609099826224));
#2191 = CARTESIAN_POINT('',(-5.848609456761,220.02950517867,
    3.836320476536));
#2192 = CARTESIAN_POINT('',(-4.558300128339,219.02739640674,
    4.015270153639));
#2193 = CARTESIAN_POINT('',(-3.096440554537,218.34238670108,
    4.137595088017));
#2194 = CARTESIAN_POINT('',(-1.548191180732,218.,4.198736428769));
#2195 = CARTESIAN_POINT('',(-4.898587196589E-16,218.,4.198736428769));
#2196 = PCURVE('',#512,#2197);
#2197 = DEFINITIONAL_REPRESENTATION('',(#2198),#2221);
#2198 = B_SPLINE_CURVE_WITH_KNOTS('',11,(#2199,#2200,#2201,#2202,#2203,
    #2204,#2205,#2206,#2207,#2208,#2209,#2210,#2211,#2212,#2213,#2214,
    #2215,#2216,#2217,#2218,#2219,#2220),.UNSPECIFIED.,.F.,.F.,(12,10,12
    ),(243.62645515479,245.45738913254,251.84480172992),.UNSPECIFIED.);
#2199 = CARTESIAN_POINT('',(0.563805721273,3.533600486816));
#2200 = CARTESIAN_POINT('',(0.58432323771,3.558374453395));
#2201 = CARTESIAN_POINT('',(0.604834219116,3.582786969289));
#2202 = CARTESIAN_POINT('',(0.62533866807,3.606824432548));
#2203 = CARTESIAN_POINT('',(0.645836593743,3.630473540561));
#2204 = CARTESIAN_POINT('',(0.666328011905,3.653721290052));
#2205 = CARTESIAN_POINT('',(0.686812944921,3.676554977086));
#2206 = CARTESIAN_POINT('',(0.707291421754,3.698962197065));
#2207 = CARTESIAN_POINT('',(0.72776347796,3.720930844727));
#2208 = CARTESIAN_POINT('',(0.748229155694,3.742449114151));
#2209 = CARTESIAN_POINT('',(0.768688503707,3.76350549875));
#2210 = CARTESIAN_POINT('',(0.860494352371,3.85589584909));
#2211 = CARTESIAN_POINT('',(0.931770789939,3.921948390879));
#2212 = CARTESIAN_POINT('',(1.002974008783,3.981776771357));
#2213 = CARTESIAN_POINT('',(1.074108136168,4.034965827917));
#2214 = CARTESIAN_POINT('',(1.145178853327,4.08115706039));
#2215 = CARTESIAN_POINT('',(1.216193666791,4.120050320399));
#2216 = CARTESIAN_POINT('',(1.28716190579,4.151405010982));
#2217 = CARTESIAN_POINT('',(1.358094445496,4.175040795613));
#2218 = CARTESIAN_POINT('',(1.429003156349,4.190837817568));
#2219 = CARTESIAN_POINT('',(1.499900079251,4.198736428768));
#2220 = CARTESIAN_POINT('',(1.570796326795,4.198736428769));
#2221 = ( GEOMETRIC_REPRESENTATION_CONTEXT(2)
PARAMETRIC_REPRESENTATION_CONTEXT() REPRESENTATION_CONTEXT('2D SPACE',''
  ) );
#2222 = PCURVE('',#2010,#2223);
#2223 = DEFINITIONAL_REPRESENTATION('',(#2224),#2228);
#2224 = LINE('',#2225,#2226);
#2225 = CARTESIAN_POINT('',(-6.63107113735E-12,8.526512829121E-14));
#2226 = VECTOR('',#2227,1.);
#2227 = DIRECTION('',(2.629737892855E-14,1.));
#2228 = ( GEOMETRIC_REPRESENTATION_CONTEXT(2)
PARAMETRIC_REPRESENTATION_CONTEXT() REPRESENTATION_CONTEXT('2D SPACE',''
  ) );
#2229 = ORIENTED_EDGE('',*,*,#2094,.F.);
#2230 = ADVANCED_FACE('',(#2231),#544,.T.);
#2231 = FACE_BOUND('',#2232,.T.);
#2232 = EDGE_LOOP('',(#2233,#2234,#2235,#2285));
#2233 = ORIENTED_EDGE('',*,*,#528,.F.);
#2234 = ORIENTED_EDGE('',*,*,#837,.T.);
#2235 = ORIENTED_EDGE('',*,*,#2236,.T.);
#2236 = EDGE_CURVE('',#804,#2237,#2239,.T.);
#2237 = VERTEX_POINT('',#2238);
#2238 = CARTESIAN_POINT('',(-5.522630691075,275.0745,0.));
#2239 = SURFACE_CURVE('',#2240,(#2253,#2269),.PCURVE_S1.);
#2240 = B_SPLINE_CURVE_WITH_KNOTS('',6,(#2241,#2242,#2243,#2244,#2245,
    #2246,#2247,#2248,#2249,#2250,#2251,#2252),.UNSPECIFIED.,.F.,.F.,(7,
    5,7),(0.,0.493443224437,1.),.UNSPECIFIED.);
#2241 = CARTESIAN_POINT('',(-6.23961970108,275.00671009605,0.5));
#2242 = CARTESIAN_POINT('',(-6.232264888642,275.01587604092,
    0.432145743852));
#2243 = CARTESIAN_POINT('',(-6.211740403835,275.02376562061,
    0.365012679328));
#2244 = CARTESIAN_POINT('',(-6.178254789678,275.0307430191,
    0.300828298901));
#2245 = CARTESIAN_POINT('',(-6.13284906985,275.03699201568,0.24159629924
    ));
#2246 = CARTESIAN_POINT('',(-6.077075276132,275.04265797845,
    0.188852739845));
#2247 = CARTESIAN_POINT('',(-5.946770862886,275.05317973275,
    9.727760015092E-02));
#2248 = CARTESIAN_POINT('',(-5.871758743923,275.05801207682,
    5.88369901546E-02));
#2249 = CARTESIAN_POINT('',(-5.789685223698,275.06246904576,
    2.948020869429E-02));
#2250 = CARTESIAN_POINT('',(-5.70271745276,275.06664456336,
    9.803469115532E-03));
#2251 = CARTESIAN_POINT('',(-5.612985552818,275.07062511823,
    -7.370445659349E-08));
#2252 = CARTESIAN_POINT('',(-5.522630691098,275.07449999997,0.));
#2253 = PCURVE('',#544,#2254);
#2254 = DEFINITIONAL_REPRESENTATION('',(#2255),#2268);
#2255 = B_SPLINE_CURVE_WITH_KNOTS('',6,(#2256,#2257,#2258,#2259,#2260,
    #2261,#2262,#2263,#2264,#2265,#2266,#2267),.UNSPECIFIED.,.F.,.F.,(7,
    5,7),(0.,0.493443224437,1.),.UNSPECIFIED.);
#2256 = CARTESIAN_POINT('',(0.676206471003,0.));
#2257 = CARTESIAN_POINT('',(0.677675462002,0.135708512297));
#2258 = CARTESIAN_POINT('',(0.680050311377,0.269974641598));
#2259 = CARTESIAN_POINT('',(0.683359102638,0.402841983331));
#2260 = CARTESIAN_POINT('',(0.687566480278,0.534325777375));
#2261 = CARTESIAN_POINT('',(0.692606126508,0.664465385553));
#2262 = CARTESIAN_POINT('',(0.704304520186,0.925548923677));
#2263 = CARTESIAN_POINT('',(0.711004812887,1.056467158979));
#2264 = CARTESIAN_POINT('',(0.718376857592,1.186170347578));
#2265 = CARTESIAN_POINT('',(0.726292429758,1.314902685824));
#2266 = CARTESIAN_POINT('',(0.734603766688,1.442973934365));
#2267 = CARTESIAN_POINT('',(0.743135416585,1.570796326795));
#2268 = ( GEOMETRIC_REPRESENTATION_CONTEXT(2)
PARAMETRIC_REPRESENTATION_CONTEXT() REPRESENTATION_CONTEXT('2D SPACE',''
  ) );
#2269 = PCURVE('',#823,#2270);
#2270 = DEFINITIONAL_REPRESENTATION('',(#2271),#2284);
#2271 = B_SPLINE_CURVE_WITH_KNOTS('',6,(#2272,#2273,#2274,#2275,#2276,
    #2277,#2278,#2279,#2280,#2281,#2282,#2283),.UNSPECIFIED.,.F.,.F.,(7,
    5,7),(0.,0.493443224437,1.),.UNSPECIFIED.);
#2272 = CARTESIAN_POINT('',(0.895899616528,0.167448085179));
#2273 = CARTESIAN_POINT('',(0.896220090086,0.282142711865));
#2274 = CARTESIAN_POINT('',(0.895387287287,0.398285809328));
#2275 = CARTESIAN_POINT('',(0.893447550934,0.514959871033));
#2276 = CARTESIAN_POINT('',(0.890473726961,0.63169863346));
#2277 = CARTESIAN_POINT('',(0.886560391966,0.748176492345));
#2278 = CARTESIAN_POINT('',(0.876968300554,0.983248259892));
#2279 = CARTESIAN_POINT('',(0.871243726366,1.101855804556));
#2280 = CARTESIAN_POINT('',(0.864778922472,1.219825001608));
#2281 = CARTESIAN_POINT('',(0.857718348148,1.3371986335));
#2282 = CARTESIAN_POINT('',(0.85022434041,1.454110943512));
#2283 = CARTESIAN_POINT('',(0.842487975502,1.570796326737));
#2284 = ( GEOMETRIC_REPRESENTATION_CONTEXT(2)
PARAMETRIC_REPRESENTATION_CONTEXT() REPRESENTATION_CONTEXT('2D SPACE',''
  ) );
#2285 = ORIENTED_EDGE('',*,*,#2286,.F.);
#2286 = EDGE_CURVE('',#529,#2237,#2287,.T.);
#2287 = SURFACE_CURVE('',#2288,(#2293,#2300),.PCURVE_S1.);
#2288 = CIRCLE('',#2289,7.5);
#2289 = AXIS2_PLACEMENT_3D('',#2290,#2291,#2292);
#2290 = CARTESIAN_POINT('',(0.,270.,0.));
#2291 = DIRECTION('',(0.,0.,-1.));
#2292 = DIRECTION('',(-1.,0.,0.));
#2293 = PCURVE('',#544,#2294);
#2294 = DEFINITIONAL_REPRESENTATION('',(#2295),#2299);
#2295 = LINE('',#2296,#2297);
#2296 = CARTESIAN_POINT('',(0.,1.570796326795));
#2297 = VECTOR('',#2298,1.);
#2298 = DIRECTION('',(1.,0.));
#2299 = ( GEOMETRIC_REPRESENTATION_CONTEXT(2)
PARAMETRIC_REPRESENTATION_CONTEXT() REPRESENTATION_CONTEXT('2D SPACE',''
  ) );
#2300 = PCURVE('',#571,#2301);
#2301 = DEFINITIONAL_REPRESENTATION('',(#2302),#2310);
#2302 = ( BOUNDED_CURVE() B_SPLINE_CURVE(2,(#2303,#2304,#2305,#2306,
#2307,#2308,#2309),.UNSPECIFIED.,.T.,.F.) B_SPLINE_CURVE_WITH_KNOTS((1,2
    ,2,2,2,1),(-2.094395102393,0.,2.094395102393,4.188790204786,
6.28318530718,8.377580409573),.UNSPECIFIED.) CURVE()
GEOMETRIC_REPRESENTATION_ITEM() RATIONAL_B_SPLINE_CURVE((1.,0.5,1.,0.5,
1.,0.5,1.)) REPRESENTATION_ITEM('') );
#2303 = CARTESIAN_POINT('',(0.5,52.));
#2304 = CARTESIAN_POINT('',(0.5,64.990381056767));
#2305 = CARTESIAN_POINT('',(11.75,58.495190528383));
#2306 = CARTESIAN_POINT('',(23.,52.));
#2307 = CARTESIAN_POINT('',(11.75,45.504809471617));
#2308 = CARTESIAN_POINT('',(0.5,39.009618943233));
#2309 = CARTESIAN_POINT('',(0.5,52.));
#2310 = ( GEOMETRIC_REPRESENTATION_CONTEXT(2)
PARAMETRIC_REPRESENTATION_CONTEXT() REPRESENTATION_CONTEXT('2D SPACE',''
  ) );
#2311 = ADVANCED_FACE('',(#2312),#571,.F.);
#2312 = FACE_BOUND('',#2313,.F.);
#2313 = EDGE_LOOP('',(#2314,#2315,#2343,#2371,#2404,#2432,#2465,#2498,
    #2526,#2559,#2587,#2620,#2648,#2674));
#2314 = ORIENTED_EDGE('',*,*,#555,.F.);
#2315 = ORIENTED_EDGE('',*,*,#2316,.F.);
#2316 = EDGE_CURVE('',#2317,#556,#2319,.T.);
#2317 = VERTEX_POINT('',#2318);
#2318 = CARTESIAN_POINT('',(0.,218.5,-1.110223024625E-16));
#2319 = SURFACE_CURVE('',#2320,(#2325,#2336),.PCURVE_S1.);
#2320 = CIRCLE('',#2321,7.5);
#2321 = AXIS2_PLACEMENT_3D('',#2322,#2323,#2324);
#2322 = CARTESIAN_POINT('',(0.,226.,0.));
#2323 = DIRECTION('',(-0.,0.,-1.));
#2324 = DIRECTION('',(-2.449293598295E-16,-1.,0.));
#2325 = PCURVE('',#571,#2326);
#2326 = DEFINITIONAL_REPRESENTATION('',(#2327),#2335);
#2327 = ( BOUNDED_CURVE() B_SPLINE_CURVE(2,(#2328,#2329,#2330,#2331,
#2332,#2333,#2334),.UNSPECIFIED.,.T.,.F.) B_SPLINE_CURVE_WITH_KNOTS((1,2
    ,2,2,2,1),(-2.094395102393,0.,2.094395102393,4.188790204786,
6.28318530718,8.377580409573),.UNSPECIFIED.) CURVE()
GEOMETRIC_REPRESENTATION_ITEM() RATIONAL_B_SPLINE_CURVE((1.,0.5,1.,0.5,
1.,0.5,1.)) REPRESENTATION_ITEM('') );
#2328 = CARTESIAN_POINT('',(8.,0.5));
#2329 = CARTESIAN_POINT('',(-4.990381056767,0.5));
#2330 = CARTESIAN_POINT('',(1.504809471617,11.75));
#2331 = CARTESIAN_POINT('',(8.,23.));
#2332 = CARTESIAN_POINT('',(14.495190528383,11.75));
#2333 = CARTESIAN_POINT('',(20.990381056767,0.5));
#2334 = CARTESIAN_POINT('',(8.,0.5));
#2335 = ( GEOMETRIC_REPRESENTATION_CONTEXT(2)
PARAMETRIC_REPRESENTATION_CONTEXT() REPRESENTATION_CONTEXT('2D SPACE',''
  ) );
#2336 = PCURVE('',#597,#2337);
#2337 = DEFINITIONAL_REPRESENTATION('',(#2338),#2342);
#2338 = LINE('',#2339,#2340);
#2339 = CARTESIAN_POINT('',(0.,1.570796326795));
#2340 = VECTOR('',#2341,1.);
#2341 = DIRECTION('',(1.,0.));
#2342 = ( GEOMETRIC_REPRESENTATION_CONTEXT(2)
PARAMETRIC_REPRESENTATION_CONTEXT() REPRESENTATION_CONTEXT('2D SPACE',''
  ) );
#2343 = ORIENTED_EDGE('',*,*,#2344,.F.);
#2344 = EDGE_CURVE('',#2345,#2317,#2347,.T.);
#2345 = VERTEX_POINT('',#2346);
#2346 = CARTESIAN_POINT('',(210.,218.5,0.));
#2347 = SURFACE_CURVE('',#2348,(#2352,#2359),.PCURVE_S1.);
#2348 = LINE('',#2349,#2350);
#2349 = CARTESIAN_POINT('',(210.,218.5,-1.110223024625E-16));
#2350 = VECTOR('',#2351,1.);
#2351 = DIRECTION('',(-1.,0.,0.));
#2352 = PCURVE('',#571,#2353);
#2353 = DEFINITIONAL_REPRESENTATION('',(#2354),#2358);
#2354 = LINE('',#2355,#2356);
#2355 = CARTESIAN_POINT('',(218.,0.5));
#2356 = VECTOR('',#2357,1.);
#2357 = DIRECTION('',(-1.,0.));
#2358 = ( GEOMETRIC_REPRESENTATION_CONTEXT(2)
PARAMETRIC_REPRESENTATION_CONTEXT() REPRESENTATION_CONTEXT('2D SPACE',''
  ) );
#2359 = PCURVE('',#2360,#2365);
#2360 = CYLINDRICAL_SURFACE('',#2361,0.5);
#2361 = AXIS2_PLACEMENT_3D('',#2362,#2363,#2364);
#2362 = CARTESIAN_POINT('',(210.,218.5,0.5));
#2363 = DIRECTION('',(-1.,0.,0.));
#2364 = DIRECTION('',(-0.,-1.,-0.));
#2365 = DEFINITIONAL_REPRESENTATION('',(#2366),#2370);
#2366 = LINE('',#2367,#2368);
#2367 = CARTESIAN_POINT('',(4.712388980385,0.));
#2368 = VECTOR('',#2369,1.);
#2369 = DIRECTION('',(-0.,1.));
#2370 = ( GEOMETRIC_REPRESENTATION_CONTEXT(2)
PARAMETRIC_REPRESENTATION_CONTEXT() REPRESENTATION_CONTEXT('2D SPACE',''
  ) );
#2371 = ORIENTED_EDGE('',*,*,#2372,.F.);
#2372 = EDGE_CURVE('',#2373,#2345,#2375,.T.);
#2373 = VERTEX_POINT('',#2374);
#2374 = CARTESIAN_POINT('',(217.5,226.,-1.110223024625E-16));
#2375 = SURFACE_CURVE('',#2376,(#2381,#2392),.PCURVE_S1.);
#2376 = CIRCLE('',#2377,7.5);
#2377 = AXIS2_PLACEMENT_3D('',#2378,#2379,#2380);
#2378 = CARTESIAN_POINT('',(210.,226.,0.));
#2379 = DIRECTION('',(0.,0.,-1.));
#2380 = DIRECTION('',(1.,0.,0.));
#2381 = PCURVE('',#571,#2382);
#2382 = DEFINITIONAL_REPRESENTATION('',(#2383),#2391);
#2383 = ( BOUNDED_CURVE() B_SPLINE_CURVE(2,(#2384,#2385,#2386,#2387,
#2388,#2389,#2390),.UNSPECIFIED.,.T.,.F.) B_SPLINE_CURVE_WITH_KNOTS((1,2
    ,2,2,2,1),(-2.094395102393,0.,2.094395102393,4.188790204786,
6.28318530718,8.377580409573),.UNSPECIFIED.) CURVE()
GEOMETRIC_REPRESENTATION_ITEM() RATIONAL_B_SPLINE_CURVE((1.,0.5,1.,0.5,
1.,0.5,1.)) REPRESENTATION_ITEM('') );
#2384 = CARTESIAN_POINT('',(225.5,8.));
#2385 = CARTESIAN_POINT('',(225.5,-4.990381056767));
#2386 = CARTESIAN_POINT('',(214.25,1.504809471617));
#2387 = CARTESIAN_POINT('',(203.,8.));
#2388 = CARTESIAN_POINT('',(214.25,14.495190528383));
#2389 = CARTESIAN_POINT('',(225.5,20.990381056767));
#2390 = CARTESIAN_POINT('',(225.5,8.));
#2391 = ( GEOMETRIC_REPRESENTATION_CONTEXT(2)
PARAMETRIC_REPRESENTATION_CONTEXT() REPRESENTATION_CONTEXT('2D SPACE',''
  ) );
#2392 = PCURVE('',#2393,#2398);
#2393 = TOROIDAL_SURFACE('',#2394,7.5,0.5);
#2394 = AXIS2_PLACEMENT_3D('',#2395,#2396,#2397);
#2395 = CARTESIAN_POINT('',(210.,226.,0.5));
#2396 = DIRECTION('',(-0.,-0.,-1.));
#2397 = DIRECTION('',(1.,0.,-0.));
#2398 = DEFINITIONAL_REPRESENTATION('',(#2399),#2403);
#2399 = LINE('',#2400,#2401);
#2400 = CARTESIAN_POINT('',(0.,1.570796326795));
#2401 = VECTOR('',#2402,1.);
#2402 = DIRECTION('',(1.,0.));
#2403 = ( GEOMETRIC_REPRESENTATION_CONTEXT(2)
PARAMETRIC_REPRESENTATION_CONTEXT() REPRESENTATION_CONTEXT('2D SPACE',''
  ) );
#2404 = ORIENTED_EDGE('',*,*,#2405,.F.);
#2405 = EDGE_CURVE('',#2406,#2373,#2408,.T.);
#2406 = VERTEX_POINT('',#2407);
#2407 = CARTESIAN_POINT('',(217.5,270.,0.));
#2408 = SURFACE_CURVE('',#2409,(#2413,#2420),.PCURVE_S1.);
#2409 = LINE('',#2410,#2411);
#2410 = CARTESIAN_POINT('',(217.5,270.,-1.110223024625E-16));
#2411 = VECTOR('',#2412,1.);
#2412 = DIRECTION('',(-0.,-1.,-0.));
#2413 = PCURVE('',#571,#2414);
#2414 = DEFINITIONAL_REPRESENTATION('',(#2415),#2419);
#2415 = LINE('',#2416,#2417);
#2416 = CARTESIAN_POINT('',(225.5,52.));
#2417 = VECTOR('',#2418,1.);
#2418 = DIRECTION('',(0.,-1.));
#2419 = ( GEOMETRIC_REPRESENTATION_CONTEXT(2)
PARAMETRIC_REPRESENTATION_CONTEXT() REPRESENTATION_CONTEXT('2D SPACE',''
  ) );
#2420 = PCURVE('',#2421,#2426);
#2421 = CYLINDRICAL_SURFACE('',#2422,0.5);
#2422 = AXIS2_PLACEMENT_3D('',#2423,#2424,#2425);
#2423 = CARTESIAN_POINT('',(217.5,270.,0.5));
#2424 = DIRECTION('',(-0.,-1.,-0.));
#2425 = DIRECTION('',(1.,0.,-0.));
#2426 = DEFINITIONAL_REPRESENTATION('',(#2427),#2431);
#2427 = LINE('',#2428,#2429);
#2428 = CARTESIAN_POINT('',(4.712388980385,0.));
#2429 = VECTOR('',#2430,1.);
#2430 = DIRECTION('',(-0.,1.));
#2431 = ( GEOMETRIC_REPRESENTATION_CONTEXT(2)
PARAMETRIC_REPRESENTATION_CONTEXT() REPRESENTATION_CONTEXT('2D SPACE',''
  ) );
#2432 = ORIENTED_EDGE('',*,*,#2433,.F.);
#2433 = EDGE_CURVE('',#2434,#2406,#2436,.T.);
#2434 = VERTEX_POINT('',#2435);
#2435 = CARTESIAN_POINT('',(215.52263069107,275.0745,0.));
#2436 = SURFACE_CURVE('',#2437,(#2442,#2453),.PCURVE_S1.);
#2437 = CIRCLE('',#2438,7.5);
#2438 = AXIS2_PLACEMENT_3D('',#2439,#2440,#2441);
#2439 = CARTESIAN_POINT('',(210.,270.,0.));
#2440 = DIRECTION('',(0.,0.,-1.));
#2441 = DIRECTION('',(0.,1.,0.));
#2442 = PCURVE('',#571,#2443);
#2443 = DEFINITIONAL_REPRESENTATION('',(#2444),#2452);
#2444 = ( BOUNDED_CURVE() B_SPLINE_CURVE(2,(#2445,#2446,#2447,#2448,
#2449,#2450,#2451),.UNSPECIFIED.,.T.,.F.) B_SPLINE_CURVE_WITH_KNOTS((1,2
    ,2,2,2,1),(-2.094395102393,0.,2.094395102393,4.188790204786,
6.28318530718,8.377580409573),.UNSPECIFIED.) CURVE()
GEOMETRIC_REPRESENTATION_ITEM() RATIONAL_B_SPLINE_CURVE((1.,0.5,1.,0.5,
1.,0.5,1.)) REPRESENTATION_ITEM('') );
#2445 = CARTESIAN_POINT('',(218.,59.5));
#2446 = CARTESIAN_POINT('',(230.99038105676,59.5));
#2447 = CARTESIAN_POINT('',(224.49519052838,48.25));
#2448 = CARTESIAN_POINT('',(218.,37.));
#2449 = CARTESIAN_POINT('',(211.50480947161,48.25));
#2450 = CARTESIAN_POINT('',(205.00961894323,59.5));
#2451 = CARTESIAN_POINT('',(218.,59.5));
#2452 = ( GEOMETRIC_REPRESENTATION_CONTEXT(2)
PARAMETRIC_REPRESENTATION_CONTEXT() REPRESENTATION_CONTEXT('2D SPACE',''
  ) );
#2453 = PCURVE('',#2454,#2459);
#2454 = TOROIDAL_SURFACE('',#2455,7.5,0.5);
#2455 = AXIS2_PLACEMENT_3D('',#2456,#2457,#2458);
#2456 = CARTESIAN_POINT('',(210.,270.,0.5));
#2457 = DIRECTION('',(-0.,-0.,-1.));
#2458 = DIRECTION('',(0.,1.,-0.));
#2459 = DEFINITIONAL_REPRESENTATION('',(#2460),#2464);
#2460 = LINE('',#2461,#2462);
#2461 = CARTESIAN_POINT('',(0.,1.570796326795));
#2462 = VECTOR('',#2463,1.);
#2463 = DIRECTION('',(1.,0.));
#2464 = ( GEOMETRIC_REPRESENTATION_CONTEXT(2)
PARAMETRIC_REPRESENTATION_CONTEXT() REPRESENTATION_CONTEXT('2D SPACE',''
  ) );
#2465 = ORIENTED_EDGE('',*,*,#2466,.F.);
#2466 = EDGE_CURVE('',#2467,#2434,#2469,.T.);
#2467 = VERTEX_POINT('',#2468);
#2468 = CARTESIAN_POINT('',(217.4,280.,-1.110223024625E-16));
#2469 = SURFACE_CURVE('',#2470,(#2475,#2486),.PCURVE_S1.);
#2470 = CIRCLE('',#2471,7.4);
#2471 = AXIS2_PLACEMENT_3D('',#2472,#2473,#2474);
#2472 = CARTESIAN_POINT('',(210.,280.,0.));
#2473 = DIRECTION('',(0.,0.,-1.));
#2474 = DIRECTION('',(1.,0.,0.));
#2475 = PCURVE('',#571,#2476);
#2476 = DEFINITIONAL_REPRESENTATION('',(#2477),#2485);
#2477 = ( BOUNDED_CURVE() B_SPLINE_CURVE(2,(#2478,#2479,#2480,#2481,
#2482,#2483,#2484),.UNSPECIFIED.,.T.,.F.) B_SPLINE_CURVE_WITH_KNOTS((1,2
    ,2,2,2,1),(-2.094395102393,0.,2.094395102393,4.188790204786,
6.28318530718,8.377580409573),.UNSPECIFIED.) CURVE()
GEOMETRIC_REPRESENTATION_ITEM() RATIONAL_B_SPLINE_CURVE((1.,0.5,1.,0.5,
1.,0.5,1.)) REPRESENTATION_ITEM('') );
#2478 = CARTESIAN_POINT('',(225.4,62.));
#2479 = CARTESIAN_POINT('',(225.4,49.18282402399));
#2480 = CARTESIAN_POINT('',(214.3,55.591412011995));
#2481 = CARTESIAN_POINT('',(203.2,62.));
#2482 = CARTESIAN_POINT('',(214.3,68.408587988005));
#2483 = CARTESIAN_POINT('',(225.4,74.81717597601));
#2484 = CARTESIAN_POINT('',(225.4,62.));
#2485 = ( GEOMETRIC_REPRESENTATION_CONTEXT(2)
PARAMETRIC_REPRESENTATION_CONTEXT() REPRESENTATION_CONTEXT('2D SPACE',''
  ) );
#2486 = PCURVE('',#2487,#2492);
#2487 = TOROIDAL_SURFACE('',#2488,7.4,0.6);
#2488 = AXIS2_PLACEMENT_3D('',#2489,#2490,#2491);
#2489 = CARTESIAN_POINT('',(210.,280.,0.6));
#2490 = DIRECTION('',(-0.,-0.,-1.));
#2491 = DIRECTION('',(1.,0.,-0.));
#2492 = DEFINITIONAL_REPRESENTATION('',(#2493),#2497);
#2493 = LINE('',#2494,#2495);
#2494 = CARTESIAN_POINT('',(0.,1.570796326795));
#2495 = VECTOR('',#2496,1.);
#2496 = DIRECTION('',(1.,0.));
#2497 = ( GEOMETRIC_REPRESENTATION_CONTEXT(2)
PARAMETRIC_REPRESENTATION_CONTEXT() REPRESENTATION_CONTEXT('2D SPACE',''
  ) );
#2498 = ORIENTED_EDGE('',*,*,#2499,.F.);
#2499 = EDGE_CURVE('',#2500,#2467,#2502,.T.);
#2500 = VERTEX_POINT('',#2501);
#2501 = CARTESIAN_POINT('',(217.4,315.,0.));
#2502 = SURFACE_CURVE('',#2503,(#2507,#2514),.PCURVE_S1.);
#2503 = LINE('',#2504,#2505);
#2504 = CARTESIAN_POINT('',(217.4,315.,-1.110223024625E-16));
#2505 = VECTOR('',#2506,1.);
#2506 = DIRECTION('',(-0.,-1.,-0.));
#2507 = PCURVE('',#571,#2508);
#2508 = DEFINITIONAL_REPRESENTATION('',(#2509),#2513);
#2509 = LINE('',#2510,#2511);
#2510 = CARTESIAN_POINT('',(225.4,97.));
#2511 = VECTOR('',#2512,1.);
#2512 = DIRECTION('',(0.,-1.));
#2513 = ( GEOMETRIC_REPRESENTATION_CONTEXT(2)
PARAMETRIC_REPRESENTATION_CONTEXT() REPRESENTATION_CONTEXT('2D SPACE',''
  ) );
#2514 = PCURVE('',#2515,#2520);
#2515 = CYLINDRICAL_SURFACE('',#2516,0.6);
#2516 = AXIS2_PLACEMENT_3D('',#2517,#2518,#2519);
#2517 = CARTESIAN_POINT('',(217.4,315.,0.6));
#2518 = DIRECTION('',(-0.,-1.,-0.));
#2519 = DIRECTION('',(1.,0.,-0.));
#2520 = DEFINITIONAL_REPRESENTATION('',(#2521),#2525);
#2521 = LINE('',#2522,#2523);
#2522 = CARTESIAN_POINT('',(4.712388980385,0.));
#2523 = VECTOR('',#2524,1.);
#2524 = DIRECTION('',(-0.,1.));
#2525 = ( GEOMETRIC_REPRESENTATION_CONTEXT(2)
PARAMETRIC_REPRESENTATION_CONTEXT() REPRESENTATION_CONTEXT('2D SPACE',''
  ) );
#2526 = ORIENTED_EDGE('',*,*,#2527,.F.);
#2527 = EDGE_CURVE('',#2528,#2500,#2530,.T.);
#2528 = VERTEX_POINT('',#2529);
#2529 = CARTESIAN_POINT('',(210.,322.4,-1.110223024625E-16));
#2530 = SURFACE_CURVE('',#2531,(#2536,#2547),.PCURVE_S1.);
#2531 = CIRCLE('',#2532,7.4);
#2532 = AXIS2_PLACEMENT_3D('',#2533,#2534,#2535);
#2533 = CARTESIAN_POINT('',(210.,315.,0.));
#2534 = DIRECTION('',(0.,0.,-1.));
#2535 = DIRECTION('',(0.,1.,0.));
#2536 = PCURVE('',#571,#2537);
#2537 = DEFINITIONAL_REPRESENTATION('',(#2538),#2546);
#2538 = ( BOUNDED_CURVE() B_SPLINE_CURVE(2,(#2539,#2540,#2541,#2542,
#2543,#2544,#2545),.UNSPECIFIED.,.T.,.F.) B_SPLINE_CURVE_WITH_KNOTS((1,2
    ,2,2,2,1),(-2.094395102393,0.,2.094395102393,4.188790204786,
6.28318530718,8.377580409573),.UNSPECIFIED.) CURVE()
GEOMETRIC_REPRESENTATION_ITEM() RATIONAL_B_SPLINE_CURVE((1.,0.5,1.,0.5,
1.,0.5,1.)) REPRESENTATION_ITEM('') );
#2539 = CARTESIAN_POINT('',(218.,104.4));
#2540 = CARTESIAN_POINT('',(230.81717597601,104.4));
#2541 = CARTESIAN_POINT('',(224.408587988,93.3));
#2542 = CARTESIAN_POINT('',(218.,82.2));
#2543 = CARTESIAN_POINT('',(211.59141201199,93.3));
#2544 = CARTESIAN_POINT('',(205.18282402399,104.4));
#2545 = CARTESIAN_POINT('',(218.,104.4));
#2546 = ( GEOMETRIC_REPRESENTATION_CONTEXT(2)
PARAMETRIC_REPRESENTATION_CONTEXT() REPRESENTATION_CONTEXT('2D SPACE',''
  ) );
#2547 = PCURVE('',#2548,#2553);
#2548 = TOROIDAL_SURFACE('',#2549,7.4,0.6);
#2549 = AXIS2_PLACEMENT_3D('',#2550,#2551,#2552);
#2550 = CARTESIAN_POINT('',(210.,315.,0.6));
#2551 = DIRECTION('',(-0.,-0.,-1.));
#2552 = DIRECTION('',(0.,1.,-0.));
#2553 = DEFINITIONAL_REPRESENTATION('',(#2554),#2558);
#2554 = LINE('',#2555,#2556);
#2555 = CARTESIAN_POINT('',(0.,1.570796326795));
#2556 = VECTOR('',#2557,1.);
#2557 = DIRECTION('',(1.,0.));
#2558 = ( GEOMETRIC_REPRESENTATION_CONTEXT(2)
PARAMETRIC_REPRESENTATION_CONTEXT() REPRESENTATION_CONTEXT('2D SPACE',''
  ) );
#2559 = ORIENTED_EDGE('',*,*,#2560,.F.);
#2560 = EDGE_CURVE('',#2561,#2528,#2563,.T.);
#2561 = VERTEX_POINT('',#2562);
#2562 = CARTESIAN_POINT('',(0.,322.4,0.));
#2563 = SURFACE_CURVE('',#2564,(#2568,#2575),.PCURVE_S1.);
#2564 = LINE('',#2565,#2566);
#2565 = CARTESIAN_POINT('',(0.,322.4,-1.110223024625E-16));
#2566 = VECTOR('',#2567,1.);
#2567 = DIRECTION('',(1.,0.,0.));
#2568 = PCURVE('',#571,#2569);
#2569 = DEFINITIONAL_REPRESENTATION('',(#2570),#2574);
#2570 = LINE('',#2571,#2572);
#2571 = CARTESIAN_POINT('',(8.,104.4));
#2572 = VECTOR('',#2573,1.);
#2573 = DIRECTION('',(1.,0.));
#2574 = ( GEOMETRIC_REPRESENTATION_CONTEXT(2)
PARAMETRIC_REPRESENTATION_CONTEXT() REPRESENTATION_CONTEXT('2D SPACE',''
  ) );
#2575 = PCURVE('',#2576,#2581);
#2576 = CYLINDRICAL_SURFACE('',#2577,0.6);
#2577 = AXIS2_PLACEMENT_3D('',#2578,#2579,#2580);
#2578 = CARTESIAN_POINT('',(0.,322.4,0.6));
#2579 = DIRECTION('',(1.,0.,0.));
#2580 = DIRECTION('',(-0.,1.,0.));
#2581 = DEFINITIONAL_REPRESENTATION('',(#2582),#2586);
#2582 = LINE('',#2583,#2584);
#2583 = CARTESIAN_POINT('',(4.712388980385,0.));
#2584 = VECTOR('',#2585,1.);
#2585 = DIRECTION('',(-0.,1.));
#2586 = ( GEOMETRIC_REPRESENTATION_CONTEXT(2)
PARAMETRIC_REPRESENTATION_CONTEXT() REPRESENTATION_CONTEXT('2D SPACE',''
  ) );
#2587 = ORIENTED_EDGE('',*,*,#2588,.F.);
#2588 = EDGE_CURVE('',#2589,#2561,#2591,.T.);
#2589 = VERTEX_POINT('',#2590);
#2590 = CARTESIAN_POINT('',(-7.4,315.,-1.110223024625E-16));
#2591 = SURFACE_CURVE('',#2592,(#2597,#2608),.PCURVE_S1.);
#2592 = CIRCLE('',#2593,7.4);
#2593 = AXIS2_PLACEMENT_3D('',#2594,#2595,#2596);
#2594 = CARTESIAN_POINT('',(0.,315.,0.));
#2595 = DIRECTION('',(0.,0.,-1.));
#2596 = DIRECTION('',(-1.,0.,0.));
#2597 = PCURVE('',#571,#2598);
#2598 = DEFINITIONAL_REPRESENTATION('',(#2599),#2607);
#2599 = ( BOUNDED_CURVE() B_SPLINE_CURVE(2,(#2600,#2601,#2602,#2603,
#2604,#2605,#2606),.UNSPECIFIED.,.T.,.F.) B_SPLINE_CURVE_WITH_KNOTS((1,2
    ,2,2,2,1),(-2.094395102393,0.,2.094395102393,4.188790204786,
6.28318530718,8.377580409573),.UNSPECIFIED.) CURVE()
GEOMETRIC_REPRESENTATION_ITEM() RATIONAL_B_SPLINE_CURVE((1.,0.5,1.,0.5,
1.,0.5,1.)) REPRESENTATION_ITEM('') );
#2600 = CARTESIAN_POINT('',(0.6,97.));
#2601 = CARTESIAN_POINT('',(0.6,109.81717597601));
#2602 = CARTESIAN_POINT('',(11.7,103.408587988));
#2603 = CARTESIAN_POINT('',(22.8,97.));
#2604 = CARTESIAN_POINT('',(11.7,90.591412011995));
#2605 = CARTESIAN_POINT('',(0.6,84.18282402399));
#2606 = CARTESIAN_POINT('',(0.6,97.));
#2607 = ( GEOMETRIC_REPRESENTATION_CONTEXT(2)
PARAMETRIC_REPRESENTATION_CONTEXT() REPRESENTATION_CONTEXT('2D SPACE',''
  ) );
#2608 = PCURVE('',#2609,#2614);
#2609 = TOROIDAL_SURFACE('',#2610,7.4,0.6);
#2610 = AXIS2_PLACEMENT_3D('',#2611,#2612,#2613);
#2611 = CARTESIAN_POINT('',(0.,315.,0.6));
#2612 = DIRECTION('',(-0.,-0.,-1.));
#2613 = DIRECTION('',(-1.,0.,0.));
#2614 = DEFINITIONAL_REPRESENTATION('',(#2615),#2619);
#2615 = LINE('',#2616,#2617);
#2616 = CARTESIAN_POINT('',(0.,1.570796326795));
#2617 = VECTOR('',#2618,1.);
#2618 = DIRECTION('',(1.,0.));
#2619 = ( GEOMETRIC_REPRESENTATION_CONTEXT(2)
PARAMETRIC_REPRESENTATION_CONTEXT() REPRESENTATION_CONTEXT('2D SPACE',''
  ) );
#2620 = ORIENTED_EDGE('',*,*,#2621,.F.);
#2621 = EDGE_CURVE('',#2622,#2589,#2624,.T.);
#2622 = VERTEX_POINT('',#2623);
#2623 = CARTESIAN_POINT('',(-7.4,280.,-1.110223024625E-16));
#2624 = SURFACE_CURVE('',#2625,(#2629,#2636),.PCURVE_S1.);
#2625 = LINE('',#2626,#2627);
#2626 = CARTESIAN_POINT('',(-7.4,280.,-1.110223024625E-16));
#2627 = VECTOR('',#2628,1.);
#2628 = DIRECTION('',(0.,1.,0.));
#2629 = PCURVE('',#571,#2630);
#2630 = DEFINITIONAL_REPRESENTATION('',(#2631),#2635);
#2631 = LINE('',#2632,#2633);
#2632 = CARTESIAN_POINT('',(0.6,62.));
#2633 = VECTOR('',#2634,1.);
#2634 = DIRECTION('',(0.,1.));
#2635 = ( GEOMETRIC_REPRESENTATION_CONTEXT(2)
PARAMETRIC_REPRESENTATION_CONTEXT() REPRESENTATION_CONTEXT('2D SPACE',''
  ) );
#2636 = PCURVE('',#2637,#2642);
#2637 = CYLINDRICAL_SURFACE('',#2638,0.6);
#2638 = AXIS2_PLACEMENT_3D('',#2639,#2640,#2641);
#2639 = CARTESIAN_POINT('',(-7.4,280.,0.6));
#2640 = DIRECTION('',(0.,1.,0.));
#2641 = DIRECTION('',(-1.,0.,0.));
#2642 = DEFINITIONAL_REPRESENTATION('',(#2643),#2647);
#2643 = LINE('',#2644,#2645);
#2644 = CARTESIAN_POINT('',(4.712388980385,0.));
#2645 = VECTOR('',#2646,1.);
#2646 = DIRECTION('',(-0.,1.));
#2647 = ( GEOMETRIC_REPRESENTATION_CONTEXT(2)
PARAMETRIC_REPRESENTATION_CONTEXT() REPRESENTATION_CONTEXT('2D SPACE',''
  ) );
#2648 = ORIENTED_EDGE('',*,*,#2649,.F.);
#2649 = EDGE_CURVE('',#2237,#2622,#2650,.T.);
#2650 = SURFACE_CURVE('',#2651,(#2656,#2667),.PCURVE_S1.);
#2651 = CIRCLE('',#2652,7.4);
#2652 = AXIS2_PLACEMENT_3D('',#2653,#2654,#2655);
#2653 = CARTESIAN_POINT('',(0.,280.,0.));
#2654 = DIRECTION('',(-0.,-0.,-1.));
#2655 = DIRECTION('',(0.,-1.,0.));
#2656 = PCURVE('',#571,#2657);
#2657 = DEFINITIONAL_REPRESENTATION('',(#2658),#2666);
#2658 = ( BOUNDED_CURVE() B_SPLINE_CURVE(2,(#2659,#2660,#2661,#2662,
#2663,#2664,#2665),.UNSPECIFIED.,.T.,.F.) B_SPLINE_CURVE_WITH_KNOTS((1,2
    ,2,2,2,1),(-2.094395102393,0.,2.094395102393,4.188790204786,
6.28318530718,8.377580409573),.UNSPECIFIED.) CURVE()
GEOMETRIC_REPRESENTATION_ITEM() RATIONAL_B_SPLINE_CURVE((1.,0.5,1.,0.5,
1.,0.5,1.)) REPRESENTATION_ITEM('') );
#2659 = CARTESIAN_POINT('',(8.,54.6));
#2660 = CARTESIAN_POINT('',(-4.81717597601,54.6));
#2661 = CARTESIAN_POINT('',(1.591412011995,65.7));
#2662 = CARTESIAN_POINT('',(8.,76.8));
#2663 = CARTESIAN_POINT('',(14.408587988005,65.7));
#2664 = CARTESIAN_POINT('',(20.81717597601,54.6));
#2665 = CARTESIAN_POINT('',(8.,54.6));
#2666 = ( GEOMETRIC_REPRESENTATION_CONTEXT(2)
PARAMETRIC_REPRESENTATION_CONTEXT() REPRESENTATION_CONTEXT('2D SPACE',''
  ) );
#2667 = PCURVE('',#823,#2668);
#2668 = DEFINITIONAL_REPRESENTATION('',(#2669),#2673);
#2669 = LINE('',#2670,#2671);
#2670 = CARTESIAN_POINT('',(0.,1.570796326795));
#2671 = VECTOR('',#2672,1.);
#2672 = DIRECTION('',(1.,0.));
#2673 = ( GEOMETRIC_REPRESENTATION_CONTEXT(2)
PARAMETRIC_REPRESENTATION_CONTEXT() REPRESENTATION_CONTEXT('2D SPACE',''
  ) );
#2674 = ORIENTED_EDGE('',*,*,#2286,.F.);
#2675 = ADVANCED_FACE('',(#2676),#597,.T.);
#2676 = FACE_BOUND('',#2677,.T.);
#2677 = EDGE_LOOP('',(#2678,#2698,#2699,#2700));
#2678 = ORIENTED_EDGE('',*,*,#2679,.F.);
#2679 = EDGE_CURVE('',#2126,#2317,#2680,.T.);
#2680 = SURFACE_CURVE('',#2681,(#2686,#2692),.PCURVE_S1.);
#2681 = CIRCLE('',#2682,0.5);
#2682 = AXIS2_PLACEMENT_3D('',#2683,#2684,#2685);
#2683 = CARTESIAN_POINT('',(0.,218.5,0.5));
#2684 = DIRECTION('',(1.,0.,0.));
#2685 = DIRECTION('',(0.,-1.,0.));
#2686 = PCURVE('',#597,#2687);
#2687 = DEFINITIONAL_REPRESENTATION('',(#2688),#2691);
#2688 = B_SPLINE_CURVE_WITH_KNOTS('',1,(#2689,#2690),.UNSPECIFIED.,.F.,
  .F.,(2,2),(0.,1.570796326795),.PIECEWISE_BEZIER_KNOTS.);
#2689 = CARTESIAN_POINT('',(-2.22044604925E-16,0.));
#2690 = CARTESIAN_POINT('',(-2.22044604925E-16,1.570796326795));
#2691 = ( GEOMETRIC_REPRESENTATION_CONTEXT(2)
PARAMETRIC_REPRESENTATION_CONTEXT() REPRESENTATION_CONTEXT('2D SPACE',''
  ) );
#2692 = PCURVE('',#2360,#2693);
#2693 = DEFINITIONAL_REPRESENTATION('',(#2694),#2697);
#2694 = B_SPLINE_CURVE_WITH_KNOTS('',1,(#2695,#2696),.UNSPECIFIED.,.F.,
  .F.,(2,2),(0.,1.570796326795),.PIECEWISE_BEZIER_KNOTS.);
#2695 = CARTESIAN_POINT('',(6.28318530718,210.));
#2696 = CARTESIAN_POINT('',(4.712388980385,210.));
#2697 = ( GEOMETRIC_REPRESENTATION_CONTEXT(2)
PARAMETRIC_REPRESENTATION_CONTEXT() REPRESENTATION_CONTEXT('2D SPACE',''
  ) );
#2698 = ORIENTED_EDGE('',*,*,#2125,.T.);
#2699 = ORIENTED_EDGE('',*,*,#583,.T.);
#2700 = ORIENTED_EDGE('',*,*,#2316,.F.);
#2701 = ADVANCED_FACE('',(#2702),#629,.T.);
#2702 = FACE_BOUND('',#2703,.T.);
#2703 = EDGE_LOOP('',(#2704,#2732,#2759,#2760));
#2704 = ORIENTED_EDGE('',*,*,#2705,.T.);
#2705 = EDGE_CURVE('',#935,#2706,#2708,.T.);
#2706 = VERTEX_POINT('',#2707);
#2707 = CARTESIAN_POINT('',(0.,277.,20.));
#2708 = SURFACE_CURVE('',#2709,(#2714,#2721),.PCURVE_S1.);
#2709 = CIRCLE('',#2710,7.);
#2710 = AXIS2_PLACEMENT_3D('',#2711,#2712,#2713);
#2711 = CARTESIAN_POINT('',(0.,270.,20.));
#2712 = DIRECTION('',(0.,0.,-1.));
#2713 = DIRECTION('',(-1.,0.,0.));
#2714 = PCURVE('',#629,#2715);
#2715 = DEFINITIONAL_REPRESENTATION('',(#2716),#2720);
#2716 = LINE('',#2717,#2718);
#2717 = CARTESIAN_POINT('',(6.28318530718,1.570796326795));
#2718 = VECTOR('',#2719,1.);
#2719 = DIRECTION('',(-1.,0.));
#2720 = ( GEOMETRIC_REPRESENTATION_CONTEXT(2)
PARAMETRIC_REPRESENTATION_CONTEXT() REPRESENTATION_CONTEXT('2D SPACE',''
  ) );
#2721 = PCURVE('',#950,#2722);
#2722 = DEFINITIONAL_REPRESENTATION('',(#2723),#2731);
#2723 = ( BOUNDED_CURVE() B_SPLINE_CURVE(2,(#2724,#2725,#2726,#2727,
#2728,#2729,#2730),.UNSPECIFIED.,.T.,.F.) B_SPLINE_CURVE_WITH_KNOTS((1,2
    ,2,2,2,1),(-2.094395102393,0.,2.094395102393,4.188790204786,
6.28318530718,8.377580409573),.UNSPECIFIED.) CURVE()
GEOMETRIC_REPRESENTATION_ITEM() RATIONAL_B_SPLINE_CURVE((1.,0.5,1.,0.5,
1.,0.5,1.)) REPRESENTATION_ITEM('') );
#2724 = CARTESIAN_POINT('',(1.,52.));
#2725 = CARTESIAN_POINT('',(1.,64.124355652982));
#2726 = CARTESIAN_POINT('',(11.5,58.062177826491));
#2727 = CARTESIAN_POINT('',(22.,52.));
#2728 = CARTESIAN_POINT('',(11.5,45.937822173509));
#2729 = CARTESIAN_POINT('',(1.,39.875644347018));
#2730 = CARTESIAN_POINT('',(1.,52.));
#2731 = ( GEOMETRIC_REPRESENTATION_CONTEXT(2)
PARAMETRIC_REPRESENTATION_CONTEXT() REPRESENTATION_CONTEXT('2D SPACE',''
  ) );
#2732 = ORIENTED_EDGE('',*,*,#2733,.F.);
#2733 = EDGE_CURVE('',#613,#2706,#2734,.T.);
#2734 = SURFACE_CURVE('',#2735,(#2740,#2747),.PCURVE_S1.);
#2735 = CIRCLE('',#2736,1.);
#2736 = AXIS2_PLACEMENT_3D('',#2737,#2738,#2739);
#2737 = CARTESIAN_POINT('',(0.,277.,19.));
#2738 = DIRECTION('',(1.,6.123233995737E-17,-0.));
#2739 = DIRECTION('',(-6.123233995737E-17,1.,0.));
#2740 = PCURVE('',#629,#2741);
#2741 = DEFINITIONAL_REPRESENTATION('',(#2742),#2746);
#2742 = LINE('',#2743,#2744);
#2743 = CARTESIAN_POINT('',(4.712388980385,0.));
#2744 = VECTOR('',#2745,1.);
#2745 = DIRECTION('',(-0.,1.));
#2746 = ( GEOMETRIC_REPRESENTATION_CONTEXT(2)
PARAMETRIC_REPRESENTATION_CONTEXT() REPRESENTATION_CONTEXT('2D SPACE',''
  ) );
#2747 = PCURVE('',#2748,#2753);
#2748 = CYLINDRICAL_SURFACE('',#2749,1.);
#2749 = AXIS2_PLACEMENT_3D('',#2750,#2751,#2752);
#2750 = CARTESIAN_POINT('',(0.,277.,19.));
#2751 = DIRECTION('',(1.,0.,0.));
#2752 = DIRECTION('',(-0.,1.,0.));
#2753 = DEFINITIONAL_REPRESENTATION('',(#2754),#2758);
#2754 = LINE('',#2755,#2756);
#2755 = CARTESIAN_POINT('',(0.,0.));
#2756 = VECTOR('',#2757,1.);
#2757 = DIRECTION('',(1.,0.));
#2758 = ( GEOMETRIC_REPRESENTATION_CONTEXT(2)
PARAMETRIC_REPRESENTATION_CONTEXT() REPRESENTATION_CONTEXT('2D SPACE',''
  ) );
#2759 = ORIENTED_EDGE('',*,*,#612,.F.);
#2760 = ORIENTED_EDGE('',*,*,#962,.T.);
#2761 = ADVANCED_FACE('',(#2762),#657,.T.);
#2762 = FACE_BOUND('',#2763,.T.);
#2763 = EDGE_LOOP('',(#2764,#2787,#2788,#2811));
#2764 = ORIENTED_EDGE('',*,*,#2765,.F.);
#2765 = EDGE_CURVE('',#642,#2766,#2768,.T.);
#2766 = VERTEX_POINT('',#2767);
#2767 = CARTESIAN_POINT('',(43.,278.,4.));
#2768 = SURFACE_CURVE('',#2769,(#2773,#2780),.PCURVE_S1.);
#2769 = LINE('',#2770,#2771);
#2770 = CARTESIAN_POINT('',(-8.,278.,4.));
#2771 = VECTOR('',#2772,1.);
#2772 = DIRECTION('',(1.,0.,0.));
#2773 = PCURVE('',#657,#2774);
#2774 = DEFINITIONAL_REPRESENTATION('',(#2775),#2779);
#2775 = LINE('',#2776,#2777);
#2776 = CARTESIAN_POINT('',(4.,0.));
#2777 = VECTOR('',#2778,1.);
#2778 = DIRECTION('',(0.,1.));
#2779 = ( GEOMETRIC_REPRESENTATION_CONTEXT(2)
PARAMETRIC_REPRESENTATION_CONTEXT() REPRESENTATION_CONTEXT('2D SPACE',''
  ) );
#2780 = PCURVE('',#686,#2781);
#2781 = DEFINITIONAL_REPRESENTATION('',(#2782),#2786);
#2782 = LINE('',#2783,#2784);
#2783 = CARTESIAN_POINT('',(0.,6.));
#2784 = VECTOR('',#2785,1.);
#2785 = DIRECTION('',(1.,0.));
#2786 = ( GEOMETRIC_REPRESENTATION_CONTEXT(2)
PARAMETRIC_REPRESENTATION_CONTEXT() REPRESENTATION_CONTEXT('2D SPACE',''
  ) );
#2787 = ORIENTED_EDGE('',*,*,#641,.T.);
#2788 = ORIENTED_EDGE('',*,*,#2789,.T.);
#2789 = EDGE_CURVE('',#613,#2790,#2792,.T.);
#2790 = VERTEX_POINT('',#2791);
#2791 = CARTESIAN_POINT('',(43.,278.,19.));
#2792 = SURFACE_CURVE('',#2793,(#2797,#2804),.PCURVE_S1.);
#2793 = LINE('',#2794,#2795);
#2794 = CARTESIAN_POINT('',(0.,278.,19.));
#2795 = VECTOR('',#2796,1.);
#2796 = DIRECTION('',(1.,0.,0.));
#2797 = PCURVE('',#657,#2798);
#2798 = DEFINITIONAL_REPRESENTATION('',(#2799),#2803);
#2799 = LINE('',#2800,#2801);
#2800 = CARTESIAN_POINT('',(19.,8.));
#2801 = VECTOR('',#2802,1.);
#2802 = DIRECTION('',(0.,1.));
#2803 = ( GEOMETRIC_REPRESENTATION_CONTEXT(2)
PARAMETRIC_REPRESENTATION_CONTEXT() REPRESENTATION_CONTEXT('2D SPACE',''
  ) );
#2804 = PCURVE('',#2748,#2805);
#2805 = DEFINITIONAL_REPRESENTATION('',(#2806),#2810);
#2806 = LINE('',#2807,#2808);
#2807 = CARTESIAN_POINT('',(0.,0.));
#2808 = VECTOR('',#2809,1.);
#2809 = DIRECTION('',(0.,1.));
#2810 = ( GEOMETRIC_REPRESENTATION_CONTEXT(2)
PARAMETRIC_REPRESENTATION_CONTEXT() REPRESENTATION_CONTEXT('2D SPACE',''
  ) );
#2811 = ORIENTED_EDGE('',*,*,#2812,.F.);
#2812 = EDGE_CURVE('',#2766,#2790,#2813,.T.);
#2813 = SURFACE_CURVE('',#2814,(#2818,#2824),.PCURVE_S1.);
#2814 = LINE('',#2815,#2816);
#2815 = CARTESIAN_POINT('',(43.,278.,16.402071167849));
#2816 = VECTOR('',#2817,1.);
#2817 = DIRECTION('',(0.,0.,1.));
#2818 = PCURVE('',#657,#2819);
#2819 = DEFINITIONAL_REPRESENTATION('',(#2820),#2823);
#2820 = B_SPLINE_CURVE_WITH_KNOTS('',1,(#2821,#2822),.UNSPECIFIED.,.F.,
  .F.,(2,2),(-12.40207116784,2.597928832151),.PIECEWISE_BEZIER_KNOTS.);
#2821 = CARTESIAN_POINT('',(4.,51.));
#2822 = CARTESIAN_POINT('',(19.,51.));
#2823 = ( GEOMETRIC_REPRESENTATION_CONTEXT(2)
PARAMETRIC_REPRESENTATION_CONTEXT() REPRESENTATION_CONTEXT('2D SPACE',''
  ) );
#2824 = PCURVE('',#2825,#2830);
#2825 = PLANE('',#2826);
#2826 = AXIS2_PLACEMENT_3D('',#2827,#2828,#2829);
#2827 = CARTESIAN_POINT('',(43.,281.36991737572,32.804142335699));
#2828 = DIRECTION('',(-1.,-0.,-0.));
#2829 = DIRECTION('',(0.,0.,-1.));
#2830 = DEFINITIONAL_REPRESENTATION('',(#2831),#2834);
#2831 = B_SPLINE_CURVE_WITH_KNOTS('',1,(#2832,#2833),.UNSPECIFIED.,.F.,
  .F.,(2,2),(-12.40207116784,2.597928832151),.PIECEWISE_BEZIER_KNOTS.);
#2832 = CARTESIAN_POINT('',(28.804142335699,3.369917375728));
#2833 = CARTESIAN_POINT('',(13.804142335699,3.369917375728));
#2834 = ( GEOMETRIC_REPRESENTATION_CONTEXT(2)
PARAMETRIC_REPRESENTATION_CONTEXT() REPRESENTATION_CONTEXT('2D SPACE',''
  ) );
#2835 = ADVANCED_FACE('',(#2836),#686,.T.);
#2836 = FACE_BOUND('',#2837,.T.);
#2837 = EDGE_LOOP('',(#2838,#2868,#2894,#2895,#2896,#2917,#2943,#2969,
    #2997,#3023,#3049,#3075,#3103,#3132,#3165,#3193,#3226,#3254));
#2838 = ORIENTED_EDGE('',*,*,#2839,.F.);
#2839 = EDGE_CURVE('',#2840,#2842,#2844,.T.);
#2840 = VERTEX_POINT('',#2841);
#2841 = CARTESIAN_POINT('',(-7.,280.,4.));
#2842 = VERTEX_POINT('',#2843);
#2843 = CARTESIAN_POINT('',(-7.,315.,4.));
#2844 = SURFACE_CURVE('',#2845,(#2849,#2856),.PCURVE_S1.);
#2845 = LINE('',#2846,#2847);
#2846 = CARTESIAN_POINT('',(-7.,280.,4.));
#2847 = VECTOR('',#2848,1.);
#2848 = DIRECTION('',(0.,1.,0.));
#2849 = PCURVE('',#686,#2850);
#2850 = DEFINITIONAL_REPRESENTATION('',(#2851),#2855);
#2851 = LINE('',#2852,#2853);
#2852 = CARTESIAN_POINT('',(1.,8.));
#2853 = VECTOR('',#2854,1.);
#2854 = DIRECTION('',(0.,1.));
#2855 = ( GEOMETRIC_REPRESENTATION_CONTEXT(2)
PARAMETRIC_REPRESENTATION_CONTEXT() REPRESENTATION_CONTEXT('2D SPACE',''
  ) );
#2856 = PCURVE('',#2857,#2862);
#2857 = CYLINDRICAL_SURFACE('',#2858,1.);
#2858 = AXIS2_PLACEMENT_3D('',#2859,#2860,#2861);
#2859 = CARTESIAN_POINT('',(-7.,280.,3.));
#2860 = DIRECTION('',(0.,1.,0.));
#2861 = DIRECTION('',(-1.,0.,0.));
#2862 = DEFINITIONAL_REPRESENTATION('',(#2863),#2867);
#2863 = LINE('',#2864,#2865);
#2864 = CARTESIAN_POINT('',(1.570796326795,0.));
#2865 = VECTOR('',#2866,1.);
#2866 = DIRECTION('',(0.,1.));
#2867 = ( GEOMETRIC_REPRESENTATION_CONTEXT(2)
PARAMETRIC_REPRESENTATION_CONTEXT() REPRESENTATION_CONTEXT('2D SPACE',''
  ) );
#2868 = ORIENTED_EDGE('',*,*,#2869,.F.);
#2869 = EDGE_CURVE('',#670,#2840,#2870,.T.);
#2870 = SURFACE_CURVE('',#2871,(#2876,#2887),.PCURVE_S1.);
#2871 = CIRCLE('',#2872,7.);
#2872 = AXIS2_PLACEMENT_3D('',#2873,#2874,#2875);
#2873 = CARTESIAN_POINT('',(0.,280.,4.));
#2874 = DIRECTION('',(-0.,-0.,-1.));
#2875 = DIRECTION('',(0.,-1.,0.));
#2876 = PCURVE('',#686,#2877);
#2877 = DEFINITIONAL_REPRESENTATION('',(#2878),#2886);
#2878 = ( BOUNDED_CURVE() B_SPLINE_CURVE(2,(#2879,#2880,#2881,#2882,
#2883,#2884,#2885),.UNSPECIFIED.,.T.,.F.) B_SPLINE_CURVE_WITH_KNOTS((1,2
    ,2,2,2,1),(-2.094395102393,0.,2.094395102393,4.188790204786,
6.28318530718,8.377580409573),.UNSPECIFIED.) CURVE()
GEOMETRIC_REPRESENTATION_ITEM() RATIONAL_B_SPLINE_CURVE((1.,0.5,1.,0.5,
1.,0.5,1.)) REPRESENTATION_ITEM('') );
#2879 = CARTESIAN_POINT('',(8.,1.));
#2880 = CARTESIAN_POINT('',(-4.124355652982,1.));
#2881 = CARTESIAN_POINT('',(1.937822173509,11.5));
#2882 = CARTESIAN_POINT('',(8.,22.));
#2883 = CARTESIAN_POINT('',(14.062177826491,11.5));
#2884 = CARTESIAN_POINT('',(20.124355652982,1.));
#2885 = CARTESIAN_POINT('',(8.,1.));
#2886 = ( GEOMETRIC_REPRESENTATION_CONTEXT(2)
PARAMETRIC_REPRESENTATION_CONTEXT() REPRESENTATION_CONTEXT('2D SPACE',''
  ) );
#2887 = PCURVE('',#748,#2888);
#2888 = DEFINITIONAL_REPRESENTATION('',(#2889),#2893);
#2889 = LINE('',#2890,#2891);
#2890 = CARTESIAN_POINT('',(6.28318530718,1.570796326795));
#2891 = VECTOR('',#2892,1.);
#2892 = DIRECTION('',(-1.,0.));
#2893 = ( GEOMETRIC_REPRESENTATION_CONTEXT(2)
PARAMETRIC_REPRESENTATION_CONTEXT() REPRESENTATION_CONTEXT('2D SPACE',''
  ) );
#2894 = ORIENTED_EDGE('',*,*,#669,.F.);
#2895 = ORIENTED_EDGE('',*,*,#2765,.T.);
#2896 = ORIENTED_EDGE('',*,*,#2897,.F.);
#2897 = EDGE_CURVE('',#2898,#2766,#2900,.T.);
#2898 = VERTEX_POINT('',#2899);
#2899 = CARTESIAN_POINT('',(43.,315.31490190272,4.));
#2900 = SURFACE_CURVE('',#2901,(#2905,#2911),.PCURVE_S1.);
#2901 = LINE('',#2902,#2903);
#2902 = CARTESIAN_POINT('',(43.,276.68495868786,4.));
#2903 = VECTOR('',#2904,1.);
#2904 = DIRECTION('',(0.,-1.,0.));
#2905 = PCURVE('',#686,#2906);
#2906 = DEFINITIONAL_REPRESENTATION('',(#2907),#2910);
#2907 = B_SPLINE_CURVE_WITH_KNOTS('',1,(#2908,#2909),.UNSPECIFIED.,.F.,
  .F.,(2,2),(-38.62994321486,0.934958687865),.PIECEWISE_BEZIER_KNOTS.);
#2908 = CARTESIAN_POINT('',(51.,43.314901902729));
#2909 = CARTESIAN_POINT('',(51.,3.749999999999));
#2910 = ( GEOMETRIC_REPRESENTATION_CONTEXT(2)
PARAMETRIC_REPRESENTATION_CONTEXT() REPRESENTATION_CONTEXT('2D SPACE',''
  ) );
#2911 = PCURVE('',#2825,#2912);
#2912 = DEFINITIONAL_REPRESENTATION('',(#2913),#2916);
#2913 = B_SPLINE_CURVE_WITH_KNOTS('',1,(#2914,#2915),.UNSPECIFIED.,.F.,
  .F.,(2,2),(-38.62994321486,0.934958687865),.PIECEWISE_BEZIER_KNOTS.);
#2914 = CARTESIAN_POINT('',(28.804142335699,-33.944984527));
#2915 = CARTESIAN_POINT('',(28.804142335699,5.619917375729));
#2916 = ( GEOMETRIC_REPRESENTATION_CONTEXT(2)
PARAMETRIC_REPRESENTATION_CONTEXT() REPRESENTATION_CONTEXT('2D SPACE',''
  ) );
#2917 = ORIENTED_EDGE('',*,*,#2918,.T.);
#2918 = EDGE_CURVE('',#2898,#2919,#2921,.T.);
#2919 = VERTEX_POINT('',#2920);
#2920 = CARTESIAN_POINT('',(51.,315.31490190272,4.));
#2921 = SURFACE_CURVE('',#2922,(#2926,#2932),.PCURVE_S1.);
#2922 = LINE('',#2923,#2924);
#2923 = CARTESIAN_POINT('',(43.,315.31490190272,4.));
#2924 = VECTOR('',#2925,1.);
#2925 = DIRECTION('',(1.,0.,0.));
#2926 = PCURVE('',#686,#2927);
#2927 = DEFINITIONAL_REPRESENTATION('',(#2928),#2931);
#2928 = B_SPLINE_CURVE_WITH_KNOTS('',1,(#2929,#2930),.UNSPECIFIED.,.F.,
  .F.,(2,2),(-5.999999999062E-07,8.0000006),.PIECEWISE_BEZIER_KNOTS.);
#2929 = CARTESIAN_POINT('',(50.9999994,43.314901902729));
#2930 = CARTESIAN_POINT('',(59.0000006,43.314901902729));
#2931 = ( GEOMETRIC_REPRESENTATION_CONTEXT(2)
PARAMETRIC_REPRESENTATION_CONTEXT() REPRESENTATION_CONTEXT('2D SPACE',''
  ) );
#2932 = PCURVE('',#2933,#2938);
#2933 = CYLINDRICAL_SURFACE('',#2934,1.2);
#2934 = AXIS2_PLACEMENT_3D('',#2935,#2936,#2937);
#2935 = CARTESIAN_POINT('',(43.,314.11490190272,4.));
#2936 = DIRECTION('',(1.,0.,0.));
#2937 = DIRECTION('',(-0.,0.906007712226,0.423261178691));
#2938 = DEFINITIONAL_REPRESENTATION('',(#2939),#2942);
#2939 = B_SPLINE_CURVE_WITH_KNOTS('',1,(#2940,#2941),.UNSPECIFIED.,.F.,
  .F.,(2,2),(-5.999999999062E-07,8.0000006),.PIECEWISE_BEZIER_KNOTS.);
#2940 = CARTESIAN_POINT('',(-0.437041810792,-5.999999999062E-07));
#2941 = CARTESIAN_POINT('',(-0.437041810792,8.0000006));
#2942 = ( GEOMETRIC_REPRESENTATION_CONTEXT(2)
PARAMETRIC_REPRESENTATION_CONTEXT() REPRESENTATION_CONTEXT('2D SPACE',''
  ) );
#2943 = ORIENTED_EDGE('',*,*,#2944,.T.);
#2944 = EDGE_CURVE('',#2919,#2945,#2947,.T.);
#2945 = VERTEX_POINT('',#2946);
#2946 = CARTESIAN_POINT('',(51.,278.,4.));
#2947 = SURFACE_CURVE('',#2948,(#2952,#2958),.PCURVE_S1.);
#2948 = LINE('',#2949,#2950);
#2949 = CARTESIAN_POINT('',(51.,276.68495868786,4.));
#2950 = VECTOR('',#2951,1.);
#2951 = DIRECTION('',(0.,-1.,0.));
#2952 = PCURVE('',#686,#2953);
#2953 = DEFINITIONAL_REPRESENTATION('',(#2954),#2957);
#2954 = B_SPLINE_CURVE_WITH_KNOTS('',1,(#2955,#2956),.UNSPECIFIED.,.F.,
  .F.,(2,2),(-38.62994321486,0.934958687865),.PIECEWISE_BEZIER_KNOTS.);
#2955 = CARTESIAN_POINT('',(59.,43.314901902729));
#2956 = CARTESIAN_POINT('',(59.,3.749999999999));
#2957 = ( GEOMETRIC_REPRESENTATION_CONTEXT(2)
PARAMETRIC_REPRESENTATION_CONTEXT() REPRESENTATION_CONTEXT('2D SPACE',''
  ) );
#2958 = PCURVE('',#2959,#2964);
#2959 = PLANE('',#2960);
#2960 = AXIS2_PLACEMENT_3D('',#2961,#2962,#2963);
#2961 = CARTESIAN_POINT('',(51.,281.36991737572,32.804142335699));
#2962 = DIRECTION('',(-1.,-0.,-0.));
#2963 = DIRECTION('',(0.,0.,-1.));
#2964 = DEFINITIONAL_REPRESENTATION('',(#2965),#2968);
#2965 = B_SPLINE_CURVE_WITH_KNOTS('',1,(#2966,#2967),.UNSPECIFIED.,.F.,
  .F.,(2,2),(-38.62994321486,0.934958687865),.PIECEWISE_BEZIER_KNOTS.);
#2966 = CARTESIAN_POINT('',(28.804142335699,-33.944984527));
#2967 = CARTESIAN_POINT('',(28.804142335699,5.619917375729));
#2968 = ( GEOMETRIC_REPRESENTATION_CONTEXT(2)
PARAMETRIC_REPRESENTATION_CONTEXT() REPRESENTATION_CONTEXT('2D SPACE',''
  ) );
#2969 = ORIENTED_EDGE('',*,*,#2970,.T.);
#2970 = EDGE_CURVE('',#2945,#2971,#2973,.T.);
#2971 = VERTEX_POINT('',#2972);
#2972 = CARTESIAN_POINT('',(161.,278.,4.));
#2973 = SURFACE_CURVE('',#2974,(#2978,#2985),.PCURVE_S1.);
#2974 = LINE('',#2975,#2976);
#2975 = CARTESIAN_POINT('',(-8.,278.,4.));
#2976 = VECTOR('',#2977,1.);
#2977 = DIRECTION('',(1.,0.,0.));
#2978 = PCURVE('',#686,#2979);
#2979 = DEFINITIONAL_REPRESENTATION('',(#2980),#2984);
#2980 = LINE('',#2981,#2982);
#2981 = CARTESIAN_POINT('',(0.,6.));
#2982 = VECTOR('',#2983,1.);
#2983 = DIRECTION('',(1.,0.));
#2984 = ( GEOMETRIC_REPRESENTATION_CONTEXT(2)
PARAMETRIC_REPRESENTATION_CONTEXT() REPRESENTATION_CONTEXT('2D SPACE',''
  ) );
#2985 = PCURVE('',#2986,#2991);
#2986 = PLANE('',#2987);
#2987 = AXIS2_PLACEMENT_3D('',#2988,#2989,#2990);
#2988 = CARTESIAN_POINT('',(-8.,278.,0.));
#2989 = DIRECTION('',(0.,1.,0.));
#2990 = DIRECTION('',(0.,-0.,1.));
#2991 = DEFINITIONAL_REPRESENTATION('',(#2992),#2996);
#2992 = LINE('',#2993,#2994);
#2993 = CARTESIAN_POINT('',(4.,0.));
#2994 = VECTOR('',#2995,1.);
#2995 = DIRECTION('',(0.,1.));
#2996 = ( GEOMETRIC_REPRESENTATION_CONTEXT(2)
PARAMETRIC_REPRESENTATION_CONTEXT() REPRESENTATION_CONTEXT('2D SPACE',''
  ) );
#2997 = ORIENTED_EDGE('',*,*,#2998,.F.);
#2998 = EDGE_CURVE('',#2999,#2971,#3001,.T.);
#2999 = VERTEX_POINT('',#3000);
#3000 = CARTESIAN_POINT('',(161.,315.31490190272,4.));
#3001 = SURFACE_CURVE('',#3002,(#3006,#3012),.PCURVE_S1.);
#3002 = LINE('',#3003,#3004);
#3003 = CARTESIAN_POINT('',(161.,276.68495868786,4.));
#3004 = VECTOR('',#3005,1.);
#3005 = DIRECTION('',(0.,-1.,0.));
#3006 = PCURVE('',#686,#3007);
#3007 = DEFINITIONAL_REPRESENTATION('',(#3008),#3011);
#3008 = B_SPLINE_CURVE_WITH_KNOTS('',1,(#3009,#3010),.UNSPECIFIED.,.F.,
  .F.,(2,2),(-38.62994321486,0.934958687865),.PIECEWISE_BEZIER_KNOTS.);
#3009 = CARTESIAN_POINT('',(169.,43.314901902729));
#3010 = CARTESIAN_POINT('',(169.,3.749999999999));
#3011 = ( GEOMETRIC_REPRESENTATION_CONTEXT(2)
PARAMETRIC_REPRESENTATION_CONTEXT() REPRESENTATION_CONTEXT('2D SPACE',''
  ) );
#3012 = PCURVE('',#3013,#3018);
#3013 = PLANE('',#3014);
#3014 = AXIS2_PLACEMENT_3D('',#3015,#3016,#3017);
#3015 = CARTESIAN_POINT('',(161.,281.36991737572,32.804142335699));
#3016 = DIRECTION('',(-1.,-0.,-0.));
#3017 = DIRECTION('',(0.,0.,-1.));
#3018 = DEFINITIONAL_REPRESENTATION('',(#3019),#3022);
#3019 = B_SPLINE_CURVE_WITH_KNOTS('',1,(#3020,#3021),.UNSPECIFIED.,.F.,
  .F.,(2,2),(-38.62994321486,0.934958687865),.PIECEWISE_BEZIER_KNOTS.);
#3020 = CARTESIAN_POINT('',(28.804142335699,-33.944984527));
#3021 = CARTESIAN_POINT('',(28.804142335699,5.619917375729));
#3022 = ( GEOMETRIC_REPRESENTATION_CONTEXT(2)
PARAMETRIC_REPRESENTATION_CONTEXT() REPRESENTATION_CONTEXT('2D SPACE',''
  ) );
#3023 = ORIENTED_EDGE('',*,*,#3024,.T.);
#3024 = EDGE_CURVE('',#2999,#3025,#3027,.T.);
#3025 = VERTEX_POINT('',#3026);
#3026 = CARTESIAN_POINT('',(169.,315.31490190272,4.));
#3027 = SURFACE_CURVE('',#3028,(#3032,#3038),.PCURVE_S1.);
#3028 = LINE('',#3029,#3030);
#3029 = CARTESIAN_POINT('',(161.,315.31490190272,4.));
#3030 = VECTOR('',#3031,1.);
#3031 = DIRECTION('',(1.,0.,0.));
#3032 = PCURVE('',#686,#3033);
#3033 = DEFINITIONAL_REPRESENTATION('',(#3034),#3037);
#3034 = B_SPLINE_CURVE_WITH_KNOTS('',1,(#3035,#3036),.UNSPECIFIED.,.F.,
  .F.,(2,2),(-5.999999928008E-07,8.0000006),.PIECEWISE_BEZIER_KNOTS.);
#3035 = CARTESIAN_POINT('',(168.9999994,43.314901902729));
#3036 = CARTESIAN_POINT('',(177.0000006,43.314901902729));
#3037 = ( GEOMETRIC_REPRESENTATION_CONTEXT(2)
PARAMETRIC_REPRESENTATION_CONTEXT() REPRESENTATION_CONTEXT('2D SPACE',''
  ) );
#3038 = PCURVE('',#3039,#3044);
#3039 = CYLINDRICAL_SURFACE('',#3040,1.2);
#3040 = AXIS2_PLACEMENT_3D('',#3041,#3042,#3043);
#3041 = CARTESIAN_POINT('',(161.,314.11490190272,4.));
#3042 = DIRECTION('',(1.,0.,0.));
#3043 = DIRECTION('',(-0.,0.906007712226,0.423261178691));
#3044 = DEFINITIONAL_REPRESENTATION('',(#3045),#3048);
#3045 = B_SPLINE_CURVE_WITH_KNOTS('',1,(#3046,#3047),.UNSPECIFIED.,.F.,
  .F.,(2,2),(-5.999999928008E-07,8.0000006),.PIECEWISE_BEZIER_KNOTS.);
#3046 = CARTESIAN_POINT('',(-0.437041810792,-5.999999928008E-07));
#3047 = CARTESIAN_POINT('',(-0.437041810792,8.0000006));
#3048 = ( GEOMETRIC_REPRESENTATION_CONTEXT(2)
PARAMETRIC_REPRESENTATION_CONTEXT() REPRESENTATION_CONTEXT('2D SPACE',''
  ) );
#3049 = ORIENTED_EDGE('',*,*,#3050,.T.);
#3050 = EDGE_CURVE('',#3025,#3051,#3053,.T.);
#3051 = VERTEX_POINT('',#3052);
#3052 = CARTESIAN_POINT('',(169.,278.,4.));
#3053 = SURFACE_CURVE('',#3054,(#3058,#3064),.PCURVE_S1.);
#3054 = LINE('',#3055,#3056);
#3055 = CARTESIAN_POINT('',(169.,276.68495868786,4.));
#3056 = VECTOR('',#3057,1.);
#3057 = DIRECTION('',(0.,-1.,0.));
#3058 = PCURVE('',#686,#3059);
#3059 = DEFINITIONAL_REPRESENTATION('',(#3060),#3063);
#3060 = B_SPLINE_CURVE_WITH_KNOTS('',1,(#3061,#3062),.UNSPECIFIED.,.F.,
  .F.,(2,2),(-38.62994321486,0.934958687865),.PIECEWISE_BEZIER_KNOTS.);
#3061 = CARTESIAN_POINT('',(177.,43.314901902729));
#3062 = CARTESIAN_POINT('',(177.,3.749999999999));
#3063 = ( GEOMETRIC_REPRESENTATION_CONTEXT(2)
PARAMETRIC_REPRESENTATION_CONTEXT() REPRESENTATION_CONTEXT('2D SPACE',''
  ) );
#3064 = PCURVE('',#3065,#3070);
#3065 = PLANE('',#3066);
#3066 = AXIS2_PLACEMENT_3D('',#3067,#3068,#3069);
#3067 = CARTESIAN_POINT('',(169.,281.36991737572,32.804142335699));
#3068 = DIRECTION('',(-1.,-0.,-0.));
#3069 = DIRECTION('',(0.,0.,-1.));
#3070 = DEFINITIONAL_REPRESENTATION('',(#3071),#3074);
#3071 = B_SPLINE_CURVE_WITH_KNOTS('',1,(#3072,#3073),.UNSPECIFIED.,.F.,
  .F.,(2,2),(-38.62994321486,0.934958687865),.PIECEWISE_BEZIER_KNOTS.);
#3072 = CARTESIAN_POINT('',(28.804142335699,-33.944984527));
#3073 = CARTESIAN_POINT('',(28.804142335699,5.619917375729));
#3074 = ( GEOMETRIC_REPRESENTATION_CONTEXT(2)
PARAMETRIC_REPRESENTATION_CONTEXT() REPRESENTATION_CONTEXT('2D SPACE',''
  ) );
#3075 = ORIENTED_EDGE('',*,*,#3076,.T.);
#3076 = EDGE_CURVE('',#3051,#3077,#3079,.T.);
#3077 = VERTEX_POINT('',#3078);
#3078 = CARTESIAN_POINT('',(210.,278.,4.));
#3079 = SURFACE_CURVE('',#3080,(#3084,#3091),.PCURVE_S1.);
#3080 = LINE('',#3081,#3082);
#3081 = CARTESIAN_POINT('',(-8.,278.,4.));
#3082 = VECTOR('',#3083,1.);
#3083 = DIRECTION('',(1.,0.,0.));
#3084 = PCURVE('',#686,#3085);
#3085 = DEFINITIONAL_REPRESENTATION('',(#3086),#3090);
#3086 = LINE('',#3087,#3088);
#3087 = CARTESIAN_POINT('',(0.,6.));
#3088 = VECTOR('',#3089,1.);
#3089 = DIRECTION('',(1.,0.));
#3090 = ( GEOMETRIC_REPRESENTATION_CONTEXT(2)
PARAMETRIC_REPRESENTATION_CONTEXT() REPRESENTATION_CONTEXT('2D SPACE',''
  ) );
#3091 = PCURVE('',#3092,#3097);
#3092 = PLANE('',#3093);
#3093 = AXIS2_PLACEMENT_3D('',#3094,#3095,#3096);
#3094 = CARTESIAN_POINT('',(-8.,278.,0.));
#3095 = DIRECTION('',(0.,1.,0.));
#3096 = DIRECTION('',(0.,-0.,1.));
#3097 = DEFINITIONAL_REPRESENTATION('',(#3098),#3102);
#3098 = LINE('',#3099,#3100);
#3099 = CARTESIAN_POINT('',(4.,0.));
#3100 = VECTOR('',#3101,1.);
#3101 = DIRECTION('',(0.,1.));
#3102 = ( GEOMETRIC_REPRESENTATION_CONTEXT(2)
PARAMETRIC_REPRESENTATION_CONTEXT() REPRESENTATION_CONTEXT('2D SPACE',''
  ) );
#3103 = ORIENTED_EDGE('',*,*,#3104,.F.);
#3104 = EDGE_CURVE('',#3105,#3077,#3107,.T.);
#3105 = VERTEX_POINT('',#3106);
#3106 = CARTESIAN_POINT('',(215.56214886532,275.75,4.));
#3107 = SURFACE_CURVE('',#3108,(#3113,#3120),.PCURVE_S1.);
#3108 = CIRCLE('',#3109,8.);
#3109 = AXIS2_PLACEMENT_3D('',#3110,#3111,#3112);
#3110 = CARTESIAN_POINT('',(210.,270.,4.));
#3111 = DIRECTION('',(0.,0.,1.));
#3112 = DIRECTION('',(1.,0.,-0.));
#3113 = PCURVE('',#686,#3114);
#3114 = DEFINITIONAL_REPRESENTATION('',(#3115),#3119);
#3115 = CIRCLE('',#3116,8.);
#3116 = AXIS2_PLACEMENT_2D('',#3117,#3118);
#3117 = CARTESIAN_POINT('',(218.,-2.));
#3118 = DIRECTION('',(1.,0.));
#3119 = ( GEOMETRIC_REPRESENTATION_CONTEXT(2)
PARAMETRIC_REPRESENTATION_CONTEXT() REPRESENTATION_CONTEXT('2D SPACE',''
  ) );
#3120 = PCURVE('',#3121,#3126);
#3121 = CYLINDRICAL_SURFACE('',#3122,8.);
#3122 = AXIS2_PLACEMENT_3D('',#3123,#3124,#3125);
#3123 = CARTESIAN_POINT('',(210.,270.,0.));
#3124 = DIRECTION('',(0.,0.,1.));
#3125 = DIRECTION('',(1.,0.,-0.));
#3126 = DEFINITIONAL_REPRESENTATION('',(#3127),#3131);
#3127 = LINE('',#3128,#3129);
#3128 = CARTESIAN_POINT('',(0.,4.));
#3129 = VECTOR('',#3130,1.);
#3130 = DIRECTION('',(1.,0.));
#3131 = ( GEOMETRIC_REPRESENTATION_CONTEXT(2)
PARAMETRIC_REPRESENTATION_CONTEXT() REPRESENTATION_CONTEXT('2D SPACE',''
  ) );
#3132 = ORIENTED_EDGE('',*,*,#3133,.F.);
#3133 = EDGE_CURVE('',#3134,#3105,#3136,.T.);
#3134 = VERTEX_POINT('',#3135);
#3135 = CARTESIAN_POINT('',(217.,280.,4.));
#3136 = SURFACE_CURVE('',#3137,(#3142,#3153),.PCURVE_S1.);
#3137 = CIRCLE('',#3138,7.);
#3138 = AXIS2_PLACEMENT_3D('',#3139,#3140,#3141);
#3139 = CARTESIAN_POINT('',(210.,280.,4.));
#3140 = DIRECTION('',(0.,0.,-1.));
#3141 = DIRECTION('',(1.,0.,0.));
#3142 = PCURVE('',#686,#3143);
#3143 = DEFINITIONAL_REPRESENTATION('',(#3144),#3152);
#3144 = ( BOUNDED_CURVE() B_SPLINE_CURVE(2,(#3145,#3146,#3147,#3148,
#3149,#3150,#3151),.UNSPECIFIED.,.T.,.F.) B_SPLINE_CURVE_WITH_KNOTS((1,2
    ,2,2,2,1),(-2.094395102393,0.,2.094395102393,4.188790204786,
6.28318530718,8.377580409573),.UNSPECIFIED.) CURVE()
GEOMETRIC_REPRESENTATION_ITEM() RATIONAL_B_SPLINE_CURVE((1.,0.5,1.,0.5,
1.,0.5,1.)) REPRESENTATION_ITEM('') );
#3145 = CARTESIAN_POINT('',(225.,8.));
#3146 = CARTESIAN_POINT('',(225.,-4.124355652982));
#3147 = CARTESIAN_POINT('',(214.5,1.937822173509));
#3148 = CARTESIAN_POINT('',(204.,8.));
#3149 = CARTESIAN_POINT('',(214.5,14.062177826491));
#3150 = CARTESIAN_POINT('',(225.,20.124355652982));
#3151 = CARTESIAN_POINT('',(225.,8.));
#3152 = ( GEOMETRIC_REPRESENTATION_CONTEXT(2)
PARAMETRIC_REPRESENTATION_CONTEXT() REPRESENTATION_CONTEXT('2D SPACE',''
  ) );
#3153 = PCURVE('',#3154,#3159);
#3154 = TOROIDAL_SURFACE('',#3155,7.,1.);
#3155 = AXIS2_PLACEMENT_3D('',#3156,#3157,#3158);
#3156 = CARTESIAN_POINT('',(210.,280.,3.));
#3157 = DIRECTION('',(0.,0.,1.));
#3158 = DIRECTION('',(1.,0.,-0.));
#3159 = DEFINITIONAL_REPRESENTATION('',(#3160),#3164);
#3160 = LINE('',#3161,#3162);
#3161 = CARTESIAN_POINT('',(6.28318530718,1.570796326795));
#3162 = VECTOR('',#3163,1.);
#3163 = DIRECTION('',(-1.,0.));
#3164 = ( GEOMETRIC_REPRESENTATION_CONTEXT(2)
PARAMETRIC_REPRESENTATION_CONTEXT() REPRESENTATION_CONTEXT('2D SPACE',''
  ) );
#3165 = ORIENTED_EDGE('',*,*,#3166,.F.);
#3166 = EDGE_CURVE('',#3167,#3134,#3169,.T.);
#3167 = VERTEX_POINT('',#3168);
#3168 = CARTESIAN_POINT('',(217.,315.,4.));
#3169 = SURFACE_CURVE('',#3170,(#3174,#3181),.PCURVE_S1.);
#3170 = LINE('',#3171,#3172);
#3171 = CARTESIAN_POINT('',(217.,315.,4.));
#3172 = VECTOR('',#3173,1.);
#3173 = DIRECTION('',(-0.,-1.,-0.));
#3174 = PCURVE('',#686,#3175);
#3175 = DEFINITIONAL_REPRESENTATION('',(#3176),#3180);
#3176 = LINE('',#3177,#3178);
#3177 = CARTESIAN_POINT('',(225.,43.));
#3178 = VECTOR('',#3179,1.);
#3179 = DIRECTION('',(0.,-1.));
#3180 = ( GEOMETRIC_REPRESENTATION_CONTEXT(2)
PARAMETRIC_REPRESENTATION_CONTEXT() REPRESENTATION_CONTEXT('2D SPACE',''
  ) );
#3181 = PCURVE('',#3182,#3187);
#3182 = CYLINDRICAL_SURFACE('',#3183,1.);
#3183 = AXIS2_PLACEMENT_3D('',#3184,#3185,#3186);
#3184 = CARTESIAN_POINT('',(217.,315.,3.));
#3185 = DIRECTION('',(-0.,-1.,-0.));
#3186 = DIRECTION('',(1.,0.,-0.));
#3187 = DEFINITIONAL_REPRESENTATION('',(#3188),#3192);
#3188 = LINE('',#3189,#3190);
#3189 = CARTESIAN_POINT('',(1.570796326795,0.));
#3190 = VECTOR('',#3191,1.);
#3191 = DIRECTION('',(0.,1.));
#3192 = ( GEOMETRIC_REPRESENTATION_CONTEXT(2)
PARAMETRIC_REPRESENTATION_CONTEXT() REPRESENTATION_CONTEXT('2D SPACE',''
  ) );
#3193 = ORIENTED_EDGE('',*,*,#3194,.F.);
#3194 = EDGE_CURVE('',#3195,#3167,#3197,.T.);
#3195 = VERTEX_POINT('',#3196);
#3196 = CARTESIAN_POINT('',(210.,322.,4.));
#3197 = SURFACE_CURVE('',#3198,(#3203,#3214),.PCURVE_S1.);
#3198 = CIRCLE('',#3199,7.);
#3199 = AXIS2_PLACEMENT_3D('',#3200,#3201,#3202);
#3200 = CARTESIAN_POINT('',(210.,315.,4.));
#3201 = DIRECTION('',(0.,0.,-1.));
#3202 = DIRECTION('',(0.,1.,0.));
#3203 = PCURVE('',#686,#3204);
#3204 = DEFINITIONAL_REPRESENTATION('',(#3205),#3213);
#3205 = ( BOUNDED_CURVE() B_SPLINE_CURVE(2,(#3206,#3207,#3208,#3209,
#3210,#3211,#3212),.UNSPECIFIED.,.T.,.F.) B_SPLINE_CURVE_WITH_KNOTS((1,2
    ,2,2,2,1),(-2.094395102393,0.,2.094395102393,4.188790204786,
6.28318530718,8.377580409573),.UNSPECIFIED.) CURVE()
GEOMETRIC_REPRESENTATION_ITEM() RATIONAL_B_SPLINE_CURVE((1.,0.5,1.,0.5,
1.,0.5,1.)) REPRESENTATION_ITEM('') );
#3206 = CARTESIAN_POINT('',(218.,50.));
#3207 = CARTESIAN_POINT('',(230.12435565298,50.));
#3208 = CARTESIAN_POINT('',(224.06217782649,39.5));
#3209 = CARTESIAN_POINT('',(218.,29.));
#3210 = CARTESIAN_POINT('',(211.9378221735,39.5));
#3211 = CARTESIAN_POINT('',(205.87564434701,50.));
#3212 = CARTESIAN_POINT('',(218.,50.));
#3213 = ( GEOMETRIC_REPRESENTATION_CONTEXT(2)
PARAMETRIC_REPRESENTATION_CONTEXT() REPRESENTATION_CONTEXT('2D SPACE',''
  ) );
#3214 = PCURVE('',#3215,#3220);
#3215 = TOROIDAL_SURFACE('',#3216,7.,1.);
#3216 = AXIS2_PLACEMENT_3D('',#3217,#3218,#3219);
#3217 = CARTESIAN_POINT('',(210.,315.,3.));
#3218 = DIRECTION('',(0.,0.,1.));
#3219 = DIRECTION('',(0.,1.,-0.));
#3220 = DEFINITIONAL_REPRESENTATION('',(#3221),#3225);
#3221 = LINE('',#3222,#3223);
#3222 = CARTESIAN_POINT('',(6.28318530718,1.570796326795));
#3223 = VECTOR('',#3224,1.);
#3224 = DIRECTION('',(-1.,0.));
#3225 = ( GEOMETRIC_REPRESENTATION_CONTEXT(2)
PARAMETRIC_REPRESENTATION_CONTEXT() REPRESENTATION_CONTEXT('2D SPACE',''
  ) );
#3226 = ORIENTED_EDGE('',*,*,#3227,.F.);
#3227 = EDGE_CURVE('',#3228,#3195,#3230,.T.);
#3228 = VERTEX_POINT('',#3229);
#3229 = CARTESIAN_POINT('',(0.,322.,4.));
#3230 = SURFACE_CURVE('',#3231,(#3235,#3242),.PCURVE_S1.);
#3231 = LINE('',#3232,#3233);
#3232 = CARTESIAN_POINT('',(0.,322.,4.));
#3233 = VECTOR('',#3234,1.);
#3234 = DIRECTION('',(1.,0.,0.));
#3235 = PCURVE('',#686,#3236);
#3236 = DEFINITIONAL_REPRESENTATION('',(#3237),#3241);
#3237 = LINE('',#3238,#3239);
#3238 = CARTESIAN_POINT('',(8.,50.));
#3239 = VECTOR('',#3240,1.);
#3240 = DIRECTION('',(1.,0.));
#3241 = ( GEOMETRIC_REPRESENTATION_CONTEXT(2)
PARAMETRIC_REPRESENTATION_CONTEXT() REPRESENTATION_CONTEXT('2D SPACE',''
  ) );
#3242 = PCURVE('',#3243,#3248);
#3243 = CYLINDRICAL_SURFACE('',#3244,1.);
#3244 = AXIS2_PLACEMENT_3D('',#3245,#3246,#3247);
#3245 = CARTESIAN_POINT('',(0.,322.,3.));
#3246 = DIRECTION('',(1.,0.,0.));
#3247 = DIRECTION('',(-0.,1.,0.));
#3248 = DEFINITIONAL_REPRESENTATION('',(#3249),#3253);
#3249 = LINE('',#3250,#3251);
#3250 = CARTESIAN_POINT('',(1.570796326795,0.));
#3251 = VECTOR('',#3252,1.);
#3252 = DIRECTION('',(0.,1.));
#3253 = ( GEOMETRIC_REPRESENTATION_CONTEXT(2)
PARAMETRIC_REPRESENTATION_CONTEXT() REPRESENTATION_CONTEXT('2D SPACE',''
  ) );
#3254 = ORIENTED_EDGE('',*,*,#3255,.F.);
#3255 = EDGE_CURVE('',#2842,#3228,#3256,.T.);
#3256 = SURFACE_CURVE('',#3257,(#3262,#3273),.PCURVE_S1.);
#3257 = CIRCLE('',#3258,7.);
#3258 = AXIS2_PLACEMENT_3D('',#3259,#3260,#3261);
#3259 = CARTESIAN_POINT('',(0.,315.,4.));
#3260 = DIRECTION('',(0.,0.,-1.));
#3261 = DIRECTION('',(-1.,0.,0.));
#3262 = PCURVE('',#686,#3263);
#3263 = DEFINITIONAL_REPRESENTATION('',(#3264),#3272);
#3264 = ( BOUNDED_CURVE() B_SPLINE_CURVE(2,(#3265,#3266,#3267,#3268,
#3269,#3270,#3271),.UNSPECIFIED.,.T.,.F.) B_SPLINE_CURVE_WITH_KNOTS((1,2
    ,2,2,2,1),(-2.094395102393,0.,2.094395102393,4.188790204786,
6.28318530718,8.377580409573),.UNSPECIFIED.) CURVE()
GEOMETRIC_REPRESENTATION_ITEM() RATIONAL_B_SPLINE_CURVE((1.,0.5,1.,0.5,
1.,0.5,1.)) REPRESENTATION_ITEM('') );
#3265 = CARTESIAN_POINT('',(1.,43.));
#3266 = CARTESIAN_POINT('',(1.,55.124355652982));
#3267 = CARTESIAN_POINT('',(11.5,49.062177826491));
#3268 = CARTESIAN_POINT('',(22.,43.));
#3269 = CARTESIAN_POINT('',(11.5,36.937822173509));
#3270 = CARTESIAN_POINT('',(1.,30.875644347018));
#3271 = CARTESIAN_POINT('',(1.,43.));
#3272 = ( GEOMETRIC_REPRESENTATION_CONTEXT(2)
PARAMETRIC_REPRESENTATION_CONTEXT() REPRESENTATION_CONTEXT('2D SPACE',''
  ) );
#3273 = PCURVE('',#3274,#3279);
#3274 = TOROIDAL_SURFACE('',#3275,7.,1.);
#3275 = AXIS2_PLACEMENT_3D('',#3276,#3277,#3278);
#3276 = CARTESIAN_POINT('',(0.,315.,3.));
#3277 = DIRECTION('',(0.,0.,1.));
#3278 = DIRECTION('',(-1.,0.,0.));
#3279 = DEFINITIONAL_REPRESENTATION('',(#3280),#3284);
#3280 = LINE('',#3281,#3282);
#3281 = CARTESIAN_POINT('',(6.28318530718,1.570796326795));
#3282 = VECTOR('',#3283,1.);
#3283 = DIRECTION('',(-1.,0.));
#3284 = ( GEOMETRIC_REPRESENTATION_CONTEXT(2)
PARAMETRIC_REPRESENTATION_CONTEXT() REPRESENTATION_CONTEXT('2D SPACE',''
  ) );
#3285 = ADVANCED_FACE('',(#3286),#748,.T.);
#3286 = FACE_BOUND('',#3287,.T.);
#3287 = EDGE_LOOP('',(#3288,#3289,#3313,#3335));
#3288 = ORIENTED_EDGE('',*,*,#2869,.T.);
#3289 = ORIENTED_EDGE('',*,*,#3290,.F.);
#3290 = EDGE_CURVE('',#3291,#2840,#3293,.T.);
#3291 = VERTEX_POINT('',#3292);
#3292 = CARTESIAN_POINT('',(-8.,280.,3.));
#3293 = SURFACE_CURVE('',#3294,(#3299,#3306),.PCURVE_S1.);
#3294 = CIRCLE('',#3295,1.);
#3295 = AXIS2_PLACEMENT_3D('',#3296,#3297,#3298);
#3296 = CARTESIAN_POINT('',(-7.,280.,3.));
#3297 = DIRECTION('',(0.,1.,0.));
#3298 = DIRECTION('',(-1.,0.,0.));
#3299 = PCURVE('',#748,#3300);
#3300 = DEFINITIONAL_REPRESENTATION('',(#3301),#3305);
#3301 = LINE('',#3302,#3303);
#3302 = CARTESIAN_POINT('',(4.712388980385,0.));
#3303 = VECTOR('',#3304,1.);
#3304 = DIRECTION('',(-0.,1.));
#3305 = ( GEOMETRIC_REPRESENTATION_CONTEXT(2)
PARAMETRIC_REPRESENTATION_CONTEXT() REPRESENTATION_CONTEXT('2D SPACE',''
  ) );
#3306 = PCURVE('',#2857,#3307);
#3307 = DEFINITIONAL_REPRESENTATION('',(#3308),#3312);
#3308 = LINE('',#3309,#3310);
#3309 = CARTESIAN_POINT('',(0.,0.));
#3310 = VECTOR('',#3311,1.);
#3311 = DIRECTION('',(1.,0.));
#3312 = ( GEOMETRIC_REPRESENTATION_CONTEXT(2)
PARAMETRIC_REPRESENTATION_CONTEXT() REPRESENTATION_CONTEXT('2D SPACE',''
  ) );
#3313 = ORIENTED_EDGE('',*,*,#3314,.F.);
#3314 = EDGE_CURVE('',#699,#3291,#3315,.T.);
#3315 = SURFACE_CURVE('',#3316,(#3321,#3328),.PCURVE_S1.);
#3316 = CIRCLE('',#3317,8.);
#3317 = AXIS2_PLACEMENT_3D('',#3318,#3319,#3320);
#3318 = CARTESIAN_POINT('',(0.,280.,3.));
#3319 = DIRECTION('',(-0.,-0.,-1.));
#3320 = DIRECTION('',(0.,-1.,0.));
#3321 = PCURVE('',#748,#3322);
#3322 = DEFINITIONAL_REPRESENTATION('',(#3323),#3327);
#3323 = LINE('',#3324,#3325);
#3324 = CARTESIAN_POINT('',(6.28318530718,0.));
#3325 = VECTOR('',#3326,1.);
#3326 = DIRECTION('',(-1.,0.));
#3327 = ( GEOMETRIC_REPRESENTATION_CONTEXT(2)
PARAMETRIC_REPRESENTATION_CONTEXT() REPRESENTATION_CONTEXT('2D SPACE',''
  ) );
#3328 = PCURVE('',#792,#3329);
#3329 = DEFINITIONAL_REPRESENTATION('',(#3330),#3334);
#3330 = LINE('',#3331,#3332);
#3331 = CARTESIAN_POINT('',(1.570796326795,3.));
#3332 = VECTOR('',#3333,1.);
#3333 = DIRECTION('',(-1.,-0.));
#3334 = ( GEOMETRIC_REPRESENTATION_CONTEXT(2)
PARAMETRIC_REPRESENTATION_CONTEXT() REPRESENTATION_CONTEXT('2D SPACE',''
  ) );
#3335 = ORIENTED_EDGE('',*,*,#698,.T.);
#3336 = ADVANCED_FACE('',(#3337),#792,.T.);
#3337 = FACE_BOUND('',#3338,.T.);
#3338 = EDGE_LOOP('',(#3339,#3367,#3389,#3390));
#3339 = ORIENTED_EDGE('',*,*,#3340,.F.);
#3340 = EDGE_CURVE('',#3341,#3291,#3343,.T.);
#3341 = VERTEX_POINT('',#3342);
#3342 = CARTESIAN_POINT('',(-8.,280.,0.6));
#3343 = SURFACE_CURVE('',#3344,(#3348,#3355),.PCURVE_S1.);
#3344 = LINE('',#3345,#3346);
#3345 = CARTESIAN_POINT('',(-8.,280.,0.));
#3346 = VECTOR('',#3347,1.);
#3347 = DIRECTION('',(0.,0.,1.));
#3348 = PCURVE('',#792,#3349);
#3349 = DEFINITIONAL_REPRESENTATION('',(#3350),#3354);
#3350 = LINE('',#3351,#3352);
#3351 = CARTESIAN_POINT('',(0.,0.));
#3352 = VECTOR('',#3353,1.);
#3353 = DIRECTION('',(0.,1.));
#3354 = ( GEOMETRIC_REPRESENTATION_CONTEXT(2)
PARAMETRIC_REPRESENTATION_CONTEXT() REPRESENTATION_CONTEXT('2D SPACE',''
  ) );
#3355 = PCURVE('',#3356,#3361);
#3356 = PLANE('',#3357);
#3357 = AXIS2_PLACEMENT_3D('',#3358,#3359,#3360);
#3358 = CARTESIAN_POINT('',(-8.,272.,0.));
#3359 = DIRECTION('',(1.,0.,0.));
#3360 = DIRECTION('',(0.,0.,1.));
#3361 = DEFINITIONAL_REPRESENTATION('',(#3362),#3366);
#3362 = LINE('',#3363,#3364);
#3363 = CARTESIAN_POINT('',(0.,-8.));
#3364 = VECTOR('',#3365,1.);
#3365 = DIRECTION('',(1.,0.));
#3366 = ( GEOMETRIC_REPRESENTATION_CONTEXT(2)
PARAMETRIC_REPRESENTATION_CONTEXT() REPRESENTATION_CONTEXT('2D SPACE',''
  ) );
#3367 = ORIENTED_EDGE('',*,*,#3368,.F.);
#3368 = EDGE_CURVE('',#778,#3341,#3369,.T.);
#3369 = SURFACE_CURVE('',#3370,(#3375,#3382),.PCURVE_S1.);
#3370 = CIRCLE('',#3371,8.);
#3371 = AXIS2_PLACEMENT_3D('',#3372,#3373,#3374);
#3372 = CARTESIAN_POINT('',(0.,280.,0.6));
#3373 = DIRECTION('',(-0.,-0.,-1.));
#3374 = DIRECTION('',(0.,-1.,0.));
#3375 = PCURVE('',#792,#3376);
#3376 = DEFINITIONAL_REPRESENTATION('',(#3377),#3381);
#3377 = LINE('',#3378,#3379);
#3378 = CARTESIAN_POINT('',(1.570796326795,0.6));
#3379 = VECTOR('',#3380,1.);
#3380 = DIRECTION('',(-1.,-0.));
#3381 = ( GEOMETRIC_REPRESENTATION_CONTEXT(2)
PARAMETRIC_REPRESENTATION_CONTEXT() REPRESENTATION_CONTEXT('2D SPACE',''
  ) );
#3382 = PCURVE('',#823,#3383);
#3383 = DEFINITIONAL_REPRESENTATION('',(#3384),#3388);
#3384 = LINE('',#3385,#3386);
#3385 = CARTESIAN_POINT('',(0.,0.));
#3386 = VECTOR('',#3387,1.);
#3387 = DIRECTION('',(1.,0.));
#3388 = ( GEOMETRIC_REPRESENTATION_CONTEXT(2)
PARAMETRIC_REPRESENTATION_CONTEXT() REPRESENTATION_CONTEXT('2D SPACE',''
  ) );
#3389 = ORIENTED_EDGE('',*,*,#777,.T.);
#3390 = ORIENTED_EDGE('',*,*,#3314,.T.);
#3391 = ADVANCED_FACE('',(#3392),#823,.T.);
#3392 = FACE_BOUND('',#3393,.T.);
#3393 = EDGE_LOOP('',(#3394,#3395,#3396,#3418,#3419));
#3394 = ORIENTED_EDGE('',*,*,#803,.F.);
#3395 = ORIENTED_EDGE('',*,*,#3368,.T.);
#3396 = ORIENTED_EDGE('',*,*,#3397,.T.);
#3397 = EDGE_CURVE('',#3341,#2622,#3398,.T.);
#3398 = SURFACE_CURVE('',#3399,(#3404,#3411),.PCURVE_S1.);
#3399 = CIRCLE('',#3400,0.6);
#3400 = AXIS2_PLACEMENT_3D('',#3401,#3402,#3403);
#3401 = CARTESIAN_POINT('',(-7.4,280.,0.6));
#3402 = DIRECTION('',(-0.,-1.,-0.));
#3403 = DIRECTION('',(-1.,0.,0.));
#3404 = PCURVE('',#823,#3405);
#3405 = DEFINITIONAL_REPRESENTATION('',(#3406),#3410);
#3406 = LINE('',#3407,#3408);
#3407 = CARTESIAN_POINT('',(1.570796326795,0.));
#3408 = VECTOR('',#3409,1.);
#3409 = DIRECTION('',(0.,1.));
#3410 = ( GEOMETRIC_REPRESENTATION_CONTEXT(2)
PARAMETRIC_REPRESENTATION_CONTEXT() REPRESENTATION_CONTEXT('2D SPACE',''
  ) );
#3411 = PCURVE('',#2637,#3412);
#3412 = DEFINITIONAL_REPRESENTATION('',(#3413),#3417);
#3413 = LINE('',#3414,#3415);
#3414 = CARTESIAN_POINT('',(6.28318530718,0.));
#3415 = VECTOR('',#3416,1.);
#3416 = DIRECTION('',(-1.,0.));
#3417 = ( GEOMETRIC_REPRESENTATION_CONTEXT(2)
PARAMETRIC_REPRESENTATION_CONTEXT() REPRESENTATION_CONTEXT('2D SPACE',''
  ) );
#3418 = ORIENTED_EDGE('',*,*,#2649,.F.);
#3419 = ORIENTED_EDGE('',*,*,#2236,.F.);
#3420 = ADVANCED_FACE('',(#3421),#905,.F.);
#3421 = FACE_BOUND('',#3422,.F.);
#3422 = EDGE_LOOP('',(#3423,#3424,#3425,#3457));
#3423 = ORIENTED_EDGE('',*,*,#1018,.T.);
#3424 = ORIENTED_EDGE('',*,*,#863,.T.);
#3425 = ORIENTED_EDGE('',*,*,#3426,.F.);
#3426 = EDGE_CURVE('',#3427,#864,#3429,.T.);
#3427 = VERTEX_POINT('',#3428);
#3428 = CARTESIAN_POINT('',(-7.,253.58965398848,19.407055236082));
#3429 = SURFACE_CURVE('',#3430,(#3434,#3440),.PCURVE_S1.);
#3430 = ( BOUNDED_CURVE() B_SPLINE_CURVE(2,(#3431,#3432,#3433),
.UNSPECIFIED.,.F.,.F.) B_SPLINE_CURVE_WITH_KNOTS((3,3),(0.,
1.390552844712),.PIECEWISE_BEZIER_KNOTS.) CURVE()
GEOMETRIC_REPRESENTATION_ITEM() RATIONAL_B_SPLINE_CURVE((1.,
0.793353340291,1.)) REPRESENTATION_ITEM('') );
#3431 = CARTESIAN_POINT('',(-7.,253.58965398848,19.407055236082));
#3432 = CARTESIAN_POINT('',(-7.,253.74853305913,20.));
#3433 = CARTESIAN_POINT('',(-7.,254.36239464951,20.));
#3434 = PCURVE('',#905,#3435);
#3435 = DEFINITIONAL_REPRESENTATION('',(#3436),#3439);
#3436 = B_SPLINE_CURVE_WITH_KNOTS('',1,(#3437,#3438),.UNSPECIFIED.,.F.,
  .F.,(2,2),(0.,1.390552844712),.PIECEWISE_BEZIER_KNOTS.);
#3437 = CARTESIAN_POINT('',(0.,268.4982516312));
#3438 = CARTESIAN_POINT('',(1.390552844712,268.4982516312));
#3439 = ( GEOMETRIC_REPRESENTATION_CONTEXT(2)
PARAMETRIC_REPRESENTATION_CONTEXT() REPRESENTATION_CONTEXT('2D SPACE',''
  ) );
#3440 = PCURVE('',#3441,#3446);
#3441 = CYLINDRICAL_SURFACE('',#3442,0.8);
#3442 = AXIS2_PLACEMENT_3D('',#3443,#3444,#3445);
#3443 = CARTESIAN_POINT('',(-7.,254.36239464951,19.2));
#3444 = DIRECTION('',(1.,-0.,-0.));
#3445 = DIRECTION('',(0.,-0.965925826289,0.258819045103));
#3446 = DEFINITIONAL_REPRESENTATION('',(#3447),#3456);
#3447 = B_SPLINE_CURVE_WITH_KNOTS('',7,(#3448,#3449,#3450,#3451,#3452,
    #3453,#3454,#3455),.UNSPECIFIED.,.F.,.F.,(8,8),(0.,1.390552844712),
  .PIECEWISE_BEZIER_KNOTS.);
#3448 = CARTESIAN_POINT('',(6.28318530718,0.));
#3449 = CARTESIAN_POINT('',(6.10925347032,0.));
#3450 = CARTESIAN_POINT('',(5.923337368275,0.));
#3451 = CARTESIAN_POINT('',(5.728281143935,0.));
#3452 = CARTESIAN_POINT('',(5.52909253141,0.));
#3453 = CARTESIAN_POINT('',(5.334036307105,0.));
#3454 = CARTESIAN_POINT('',(5.148120205044,0.));
#3455 = CARTESIAN_POINT('',(4.974188368184,0.));
#3456 = ( GEOMETRIC_REPRESENTATION_CONTEXT(2)
PARAMETRIC_REPRESENTATION_CONTEXT() REPRESENTATION_CONTEXT('2D SPACE',''
  ) );
#3457 = ORIENTED_EDGE('',*,*,#3458,.F.);
#3458 = EDGE_CURVE('',#1019,#3427,#3459,.T.);
#3459 = SURFACE_CURVE('',#3460,(#3468,#3475),.PCURVE_S1.);
#3460 = B_SPLINE_CURVE_WITH_KNOTS('',6,(#3461,#3462,#3463,#3464,#3465,
    #3466,#3467),.UNSPECIFIED.,.F.,.F.,(7,7),(267.10769878649,
    268.4982516312),.PIECEWISE_BEZIER_KNOTS.);
#3461 = CARTESIAN_POINT('',(-7.215577637581,253.49540273291,
    19.055304761624));
#3462 = CARTESIAN_POINT('',(-7.25023069134,253.5140021074,
    19.124718572206));
#3463 = CARTESIAN_POINT('',(-7.259965445804,253.53746721755,
    19.212291555478));
#3464 = CARTESIAN_POINT('',(-7.231222594646,253.56183423512,
    19.303230503094));
#3465 = CARTESIAN_POINT('',(-7.165964393065,253.58038379889,
    19.372458417555));
#3466 = CARTESIAN_POINT('',(-7.083001591693,253.58965398848,
    19.407055236082));
#3467 = CARTESIAN_POINT('',(-7.,253.58965398848,19.407055236082));
#3468 = PCURVE('',#905,#3469);
#3469 = DEFINITIONAL_REPRESENTATION('',(#3470),#3474);
#3470 = LINE('',#3471,#3472);
#3471 = CARTESIAN_POINT('',(0.,0.));
#3472 = VECTOR('',#3473,1.);
#3473 = DIRECTION('',(0.,1.));
#3474 = ( GEOMETRIC_REPRESENTATION_CONTEXT(2)
PARAMETRIC_REPRESENTATION_CONTEXT() REPRESENTATION_CONTEXT('2D SPACE',''
  ) );
#3475 = PCURVE('',#1054,#3476);
#3476 = DEFINITIONAL_REPRESENTATION('',(#3477),#3485);
#3477 = B_SPLINE_CURVE_WITH_KNOTS('',6,(#3478,#3479,#3480,#3481,#3482,
    #3483,#3484),.UNSPECIFIED.,.F.,.F.,(7,7),(267.10769878649,
    268.4982516312),.PIECEWISE_BEZIER_KNOTS.);
#3478 = CARTESIAN_POINT('',(16.292791978916,17.784422362419));
#3479 = CARTESIAN_POINT('',(16.364654443604,17.74976930866));
#3480 = CARTESIAN_POINT('',(16.455316667234,17.740034554196));
#3481 = CARTESIAN_POINT('',(16.549463593571,17.768777405354));
#3482 = CARTESIAN_POINT('',(16.621133604431,17.834035606935));
#3483 = CARTESIAN_POINT('',(16.656950866571,17.916998408307));
#3484 = CARTESIAN_POINT('',(16.656950866571,18.));
#3485 = ( GEOMETRIC_REPRESENTATION_CONTEXT(2)
PARAMETRIC_REPRESENTATION_CONTEXT() REPRESENTATION_CONTEXT('2D SPACE',''
  ) );
#3486 = ADVANCED_FACE('',(#3487),#950,.T.);
#3487 = FACE_BOUND('',#3488,.T.);
#3488 = EDGE_LOOP('',(#3489,#3490,#3513,#3547,#3573,#3607,#3633,#3654,
    #3675));
#3489 = ORIENTED_EDGE('',*,*,#934,.F.);
#3490 = ORIENTED_EDGE('',*,*,#3491,.T.);
#3491 = EDGE_CURVE('',#864,#3492,#3494,.T.);
#3492 = VERTEX_POINT('',#3493);
#3493 = CARTESIAN_POINT('',(10.164874915604,254.36239464951,20.));
#3494 = SURFACE_CURVE('',#3495,(#3499,#3506),.PCURVE_S1.);
#3495 = LINE('',#3496,#3497);
#3496 = CARTESIAN_POINT('',(-7.,254.36239464951,20.));
#3497 = VECTOR('',#3498,1.);
#3498 = DIRECTION('',(1.,-0.,-0.));
#3499 = PCURVE('',#950,#3500);
#3500 = DEFINITIONAL_REPRESENTATION('',(#3501),#3505);
#3501 = LINE('',#3502,#3503);
#3502 = CARTESIAN_POINT('',(1.,36.36239464951));
#3503 = VECTOR('',#3504,1.);
#3504 = DIRECTION('',(1.,-0.));
#3505 = ( GEOMETRIC_REPRESENTATION_CONTEXT(2)
PARAMETRIC_REPRESENTATION_CONTEXT() REPRESENTATION_CONTEXT('2D SPACE',''
  ) );
#3506 = PCURVE('',#3441,#3507);
#3507 = DEFINITIONAL_REPRESENTATION('',(#3508),#3512);
#3508 = LINE('',#3509,#3510);
#3509 = CARTESIAN_POINT('',(4.974188368184,0.));
#3510 = VECTOR('',#3511,1.);
#3511 = DIRECTION('',(-0.,1.));
#3512 = ( GEOMETRIC_REPRESENTATION_CONTEXT(2)
PARAMETRIC_REPRESENTATION_CONTEXT() REPRESENTATION_CONTEXT('2D SPACE',''
  ) );
#3513 = ORIENTED_EDGE('',*,*,#3514,.F.);
#3514 = EDGE_CURVE('',#3515,#3492,#3517,.T.);
#3515 = VERTEX_POINT('',#3516);
#3516 = CARTESIAN_POINT('',(10.,254.99086447562,20.));
#3517 = SURFACE_CURVE('',#3518,(#3523,#3530),.PCURVE_S1.);
#3518 = ELLIPSE('',#3519,1.242331416492,1.2);
#3519 = AXIS2_PLACEMENT_3D('',#3520,#3521,#3522);
#3520 = CARTESIAN_POINT('',(11.2,254.99086447562,20.));
#3521 = DIRECTION('',(0.,0.,1.));
#3522 = DIRECTION('',(0.,1.,-0.));
#3523 = PCURVE('',#950,#3524);
#3524 = DEFINITIONAL_REPRESENTATION('',(#3525),#3529);
#3525 = ELLIPSE('',#3526,1.242331416492,1.2);
#3526 = AXIS2_PLACEMENT_2D('',#3527,#3528);
#3527 = CARTESIAN_POINT('',(19.2,36.990864475624));
#3528 = DIRECTION('',(0.,1.));
#3529 = ( GEOMETRIC_REPRESENTATION_CONTEXT(2)
PARAMETRIC_REPRESENTATION_CONTEXT() REPRESENTATION_CONTEXT('2D SPACE',''
  ) );
#3530 = PCURVE('',#3531,#3536);
#3531 = CYLINDRICAL_SURFACE('',#3532,1.2);
#3532 = AXIS2_PLACEMENT_3D('',#3533,#3534,#3535);
#3533 = CARTESIAN_POINT('',(11.2,252.50818122324,10.734499963023));
#3534 = DIRECTION('',(0.,0.258819045103,0.965925826289));
#3535 = DIRECTION('',(-1.,0.,0.));
#3536 = DEFINITIONAL_REPRESENTATION('',(#3537),#3546);
#3537 = B_SPLINE_CURVE_WITH_KNOTS('',7,(#3538,#3539,#3540,#3541,#3542,
    #3543,#3544,#3545),.UNSPECIFIED.,.F.,.F.,(8,8),(1.570796326795,
    3.14159265359),.PIECEWISE_BEZIER_KNOTS.);
#3538 = CARTESIAN_POINT('',(2.368475785867E-14,9.592351487871));
#3539 = CARTESIAN_POINT('',(0.224399475256,9.520198298059));
#3540 = CARTESIAN_POINT('',(0.448798950513,9.448045401231));
#3541 = CARTESIAN_POINT('',(0.67319842577,9.381824828014));
#3542 = CARTESIAN_POINT('',(0.897597901025,9.327479690428));
#3543 = CARTESIAN_POINT('',(1.121997376282,9.289702448211));
#3544 = CARTESIAN_POINT('',(1.346396851538,9.270812456954));
#3545 = CARTESIAN_POINT('',(1.570796326795,9.270812456954));
#3546 = ( GEOMETRIC_REPRESENTATION_CONTEXT(2)
PARAMETRIC_REPRESENTATION_CONTEXT() REPRESENTATION_CONTEXT('2D SPACE',''
  ) );
#3547 = ORIENTED_EDGE('',*,*,#3548,.T.);
#3548 = EDGE_CURVE('',#3515,#3549,#3551,.T.);
#3549 = VERTEX_POINT('',#3550);
#3550 = CARTESIAN_POINT('',(10.,256.64730636428,20.));
#3551 = SURFACE_CURVE('',#3552,(#3556,#3562),.PCURVE_S1.);
#3552 = LINE('',#3553,#3554);
#3553 = CARTESIAN_POINT('',(10.,234.67453511585,20.));
#3554 = VECTOR('',#3555,1.);
#3555 = DIRECTION('',(0.,1.,0.));
#3556 = PCURVE('',#950,#3557);
#3557 = DEFINITIONAL_REPRESENTATION('',(#3558),#3561);
#3558 = B_SPLINE_CURVE_WITH_KNOTS('',1,(#3559,#3560),.UNSPECIFIED.,.F.,
  .F.,(2,2),(20.316329359775,21.972771248431),.PIECEWISE_BEZIER_KNOTS.);
#3559 = CARTESIAN_POINT('',(18.,36.990864475624));
#3560 = CARTESIAN_POINT('',(18.,38.647306364281));
#3561 = ( GEOMETRIC_REPRESENTATION_CONTEXT(2)
PARAMETRIC_REPRESENTATION_CONTEXT() REPRESENTATION_CONTEXT('2D SPACE',''
  ) );
#3562 = PCURVE('',#3563,#3568);
#3563 = PLANE('',#3564);
#3564 = AXIS2_PLACEMENT_3D('',#3565,#3566,#3567);
#3565 = CARTESIAN_POINT('',(10.,251.34907023169,11.045082817146));
#3566 = DIRECTION('',(1.,0.,0.));
#3567 = DIRECTION('',(0.,0.258819045103,0.965925826289));
#3568 = DEFINITIONAL_REPRESENTATION('',(#3569),#3572);
#3569 = B_SPLINE_CURVE_WITH_KNOTS('',1,(#3570,#3571),.UNSPECIFIED.,.F.,
  .F.,(2,2),(20.316329359775,21.972771248431),.PIECEWISE_BEZIER_KNOTS.);
#3570 = CARTESIAN_POINT('',(9.592351487871,-1.2));
#3571 = CARTESIAN_POINT('',(10.021070195761,-2.8));
#3572 = ( GEOMETRIC_REPRESENTATION_CONTEXT(2)
PARAMETRIC_REPRESENTATION_CONTEXT() REPRESENTATION_CONTEXT('2D SPACE',''
  ) );
#3573 = ORIENTED_EDGE('',*,*,#3574,.F.);
#3574 = EDGE_CURVE('',#3575,#3549,#3577,.T.);
#3575 = VERTEX_POINT('',#3576);
#3576 = CARTESIAN_POINT('',(11.2,257.88963778077,20.));
#3577 = SURFACE_CURVE('',#3578,(#3583,#3590),.PCURVE_S1.);
#3578 = ELLIPSE('',#3579,1.242331416492,1.2);
#3579 = AXIS2_PLACEMENT_3D('',#3580,#3581,#3582);
#3580 = CARTESIAN_POINT('',(11.2,256.64730636428,20.));
#3581 = DIRECTION('',(0.,0.,1.));
#3582 = DIRECTION('',(0.,1.,-0.));
#3583 = PCURVE('',#950,#3584);
#3584 = DEFINITIONAL_REPRESENTATION('',(#3585),#3589);
#3585 = ELLIPSE('',#3586,1.242331416492,1.2);
#3586 = AXIS2_PLACEMENT_2D('',#3587,#3588);
#3587 = CARTESIAN_POINT('',(19.2,38.647306364281));
#3588 = DIRECTION('',(0.,1.));
#3589 = ( GEOMETRIC_REPRESENTATION_CONTEXT(2)
PARAMETRIC_REPRESENTATION_CONTEXT() REPRESENTATION_CONTEXT('2D SPACE',''
  ) );
#3590 = PCURVE('',#3591,#3596);
#3591 = CYLINDRICAL_SURFACE('',#3592,1.2);
#3592 = AXIS2_PLACEMENT_3D('',#3593,#3594,#3595);
#3593 = CARTESIAN_POINT('',(11.2,254.0536625453,10.320389490859));
#3594 = DIRECTION('',(0.,0.258819045103,0.965925826289));
#3595 = DIRECTION('',(-1.,0.,0.));
#3596 = DEFINITIONAL_REPRESENTATION('',(#3597),#3606);
#3597 = B_SPLINE_CURVE_WITH_KNOTS('',7,(#3598,#3599,#3600,#3601,#3602,
    #3603,#3604,#3605),.UNSPECIFIED.,.F.,.F.,(8,8),(0.,1.570796326795),
  .PIECEWISE_BEZIER_KNOTS.);
#3598 = CARTESIAN_POINT('',(-1.570796326795,10.342609226678));
#3599 = CARTESIAN_POINT('',(-1.346396851538,10.342609226678));
#3600 = CARTESIAN_POINT('',(-1.121997376282,10.323719235417));
#3601 = CARTESIAN_POINT('',(-0.897597901026,10.285941993213));
#3602 = CARTESIAN_POINT('',(-0.673198425769,10.231596855612));
#3603 = CARTESIAN_POINT('',(-0.448798950513,10.165376282402));
#3604 = CARTESIAN_POINT('',(-0.224399475256,10.093223385573));
#3605 = CARTESIAN_POINT('',(0.,10.021070195761));
#3606 = ( GEOMETRIC_REPRESENTATION_CONTEXT(2)
PARAMETRIC_REPRESENTATION_CONTEXT() REPRESENTATION_CONTEXT('2D SPACE',''
  ) );
#3607 = ORIENTED_EDGE('',*,*,#3608,.F.);
#3608 = EDGE_CURVE('',#3609,#3575,#3611,.T.);
#3609 = VERTEX_POINT('',#3610);
#3610 = CARTESIAN_POINT('',(43.,257.88963778077,20.));
#3611 = SURFACE_CURVE('',#3612,(#3616,#3622),.PCURVE_S1.);
#3612 = LINE('',#3613,#3614);
#3613 = CARTESIAN_POINT('',(1.,257.88963778077,20.));
#3614 = VECTOR('',#3615,1.);
#3615 = DIRECTION('',(-1.,0.,0.));
#3616 = PCURVE('',#950,#3617);
#3617 = DEFINITIONAL_REPRESENTATION('',(#3618),#3621);
#3618 = B_SPLINE_CURVE_WITH_KNOTS('',1,(#3619,#3620),.UNSPECIFIED.,.F.,
  .F.,(2,2),(-197.8,-10.2),.PIECEWISE_BEZIER_KNOTS.);
#3619 = CARTESIAN_POINT('',(206.8,39.889637780773));
#3620 = CARTESIAN_POINT('',(19.2,39.889637780773));
#3621 = ( GEOMETRIC_REPRESENTATION_CONTEXT(2)
PARAMETRIC_REPRESENTATION_CONTEXT() REPRESENTATION_CONTEXT('2D SPACE',''
  ) );
#3622 = PCURVE('',#3623,#3628);
#3623 = PLANE('',#3624);
#3624 = AXIS2_PLACEMENT_3D('',#3625,#3626,#3627);
#3625 = CARTESIAN_POINT('',(10.,255.21277353685,10.009806636736));
#3626 = DIRECTION('',(0.,0.965925826289,-0.258819045103));
#3627 = DIRECTION('',(0.,0.258819045103,0.965925826289));
#3628 = DEFINITIONAL_REPRESENTATION('',(#3629),#3632);
#3629 = B_SPLINE_CURVE_WITH_KNOTS('',1,(#3630,#3631),.UNSPECIFIED.,.F.,
  .F.,(2,2),(-197.8,-10.2),.PIECEWISE_BEZIER_KNOTS.);
#3630 = CARTESIAN_POINT('',(10.342609226678,188.8));
#3631 = CARTESIAN_POINT('',(10.342609226678,1.2));
#3632 = ( GEOMETRIC_REPRESENTATION_CONTEXT(2)
PARAMETRIC_REPRESENTATION_CONTEXT() REPRESENTATION_CONTEXT('2D SPACE',''
  ) );
#3633 = ORIENTED_EDGE('',*,*,#3634,.F.);
#3634 = EDGE_CURVE('',#3635,#3609,#3637,.T.);
#3635 = VERTEX_POINT('',#3636);
#3636 = CARTESIAN_POINT('',(43.,277.,20.));
#3637 = SURFACE_CURVE('',#3638,(#3642,#3648),.PCURVE_S1.);
#3638 = LINE('',#3639,#3640);
#3639 = CARTESIAN_POINT('',(43.,249.68495868786,20.));
#3640 = VECTOR('',#3641,1.);
#3641 = DIRECTION('',(0.,-1.,0.));
#3642 = PCURVE('',#950,#3643);
#3643 = DEFINITIONAL_REPRESENTATION('',(#3644),#3647);
#3644 = B_SPLINE_CURVE_WITH_KNOTS('',1,(#3645,#3646),.UNSPECIFIED.,.F.,
  .F.,(2,2),(-27.31504131213,-4.677435961646),.PIECEWISE_BEZIER_KNOTS.);
#3645 = CARTESIAN_POINT('',(51.,59.));
#3646 = CARTESIAN_POINT('',(51.,36.36239464951));
#3647 = ( GEOMETRIC_REPRESENTATION_CONTEXT(2)
PARAMETRIC_REPRESENTATION_CONTEXT() REPRESENTATION_CONTEXT('2D SPACE',''
  ) );
#3648 = PCURVE('',#2825,#3649);
#3649 = DEFINITIONAL_REPRESENTATION('',(#3650),#3653);
#3650 = B_SPLINE_CURVE_WITH_KNOTS('',1,(#3651,#3652),.UNSPECIFIED.,.F.,
  .F.,(2,2),(-27.31504131213,-4.677435961646),.PIECEWISE_BEZIER_KNOTS.);
#3651 = CARTESIAN_POINT('',(12.804142335699,4.369917375728));
#3652 = CARTESIAN_POINT('',(12.804142335699,27.007522726218));
#3653 = ( GEOMETRIC_REPRESENTATION_CONTEXT(2)
PARAMETRIC_REPRESENTATION_CONTEXT() REPRESENTATION_CONTEXT('2D SPACE',''
  ) );
#3654 = ORIENTED_EDGE('',*,*,#3655,.F.);
#3655 = EDGE_CURVE('',#2706,#3635,#3656,.T.);
#3656 = SURFACE_CURVE('',#3657,(#3661,#3668),.PCURVE_S1.);
#3657 = LINE('',#3658,#3659);
#3658 = CARTESIAN_POINT('',(0.,277.,20.));
#3659 = VECTOR('',#3660,1.);
#3660 = DIRECTION('',(1.,0.,0.));
#3661 = PCURVE('',#950,#3662);
#3662 = DEFINITIONAL_REPRESENTATION('',(#3663),#3667);
#3663 = LINE('',#3664,#3665);
#3664 = CARTESIAN_POINT('',(8.,59.));
#3665 = VECTOR('',#3666,1.);
#3666 = DIRECTION('',(1.,0.));
#3667 = ( GEOMETRIC_REPRESENTATION_CONTEXT(2)
PARAMETRIC_REPRESENTATION_CONTEXT() REPRESENTATION_CONTEXT('2D SPACE',''
  ) );
#3668 = PCURVE('',#2748,#3669);
#3669 = DEFINITIONAL_REPRESENTATION('',(#3670),#3674);
#3670 = LINE('',#3671,#3672);
#3671 = CARTESIAN_POINT('',(1.570796326795,0.));
#3672 = VECTOR('',#3673,1.);
#3673 = DIRECTION('',(0.,1.));
#3674 = ( GEOMETRIC_REPRESENTATION_CONTEXT(2)
PARAMETRIC_REPRESENTATION_CONTEXT() REPRESENTATION_CONTEXT('2D SPACE',''
  ) );
#3675 = ORIENTED_EDGE('',*,*,#2705,.F.);
#3676 = ADVANCED_FACE('',(#3677),#1054,.F.);
#3677 = FACE_BOUND('',#3678,.F.);
#3678 = EDGE_LOOP('',(#3679,#3702,#3703,#3704,#3705,#3728,#3751,#3779,
    #3807,#3835,#3888,#3926));
#3679 = ORIENTED_EDGE('',*,*,#3680,.F.);
#3680 = EDGE_CURVE('',#1071,#3681,#3683,.T.);
#3681 = VERTEX_POINT('',#3682);
#3682 = CARTESIAN_POINT('',(217.2,249.48557310696,4.090416867865));
#3683 = SURFACE_CURVE('',#3684,(#3688,#3695),.PCURVE_S1.);
#3684 = LINE('',#3685,#3686);
#3685 = CARTESIAN_POINT('',(-25.,249.48557310696,4.090416867865));
#3686 = VECTOR('',#3687,1.);
#3687 = DIRECTION('',(1.,0.,0.));
#3688 = PCURVE('',#1054,#3689);
#3689 = DEFINITIONAL_REPRESENTATION('',(#3690),#3694);
#3690 = LINE('',#3691,#3692);
#3691 = CARTESIAN_POINT('',(0.800000000002,0.));
#3692 = VECTOR('',#3693,1.);
#3693 = DIRECTION('',(0.,1.));
#3694 = ( GEOMETRIC_REPRESENTATION_CONTEXT(2)
PARAMETRIC_REPRESENTATION_CONTEXT() REPRESENTATION_CONTEXT('2D SPACE',''
  ) );
#3695 = PCURVE('',#1155,#3696);
#3696 = DEFINITIONAL_REPRESENTATION('',(#3697),#3701);
#3697 = LINE('',#3698,#3699);
#3698 = CARTESIAN_POINT('',(6.28318530718,0.));
#3699 = VECTOR('',#3700,1.);
#3700 = DIRECTION('',(-0.,1.));
#3701 = ( GEOMETRIC_REPRESENTATION_CONTEXT(2)
PARAMETRIC_REPRESENTATION_CONTEXT() REPRESENTATION_CONTEXT('2D SPACE',''
  ) );
#3702 = ORIENTED_EDGE('',*,*,#1070,.T.);
#3703 = ORIENTED_EDGE('',*,*,#1039,.T.);
#3704 = ORIENTED_EDGE('',*,*,#3458,.T.);
#3705 = ORIENTED_EDGE('',*,*,#3706,.T.);
#3706 = EDGE_CURVE('',#3427,#3707,#3709,.T.);
#3707 = VERTEX_POINT('',#3708);
#3708 = CARTESIAN_POINT('',(11.2,253.58965398848,19.407055236081));
#3709 = SURFACE_CURVE('',#3710,(#3714,#3721),.PCURVE_S1.);
#3710 = LINE('',#3711,#3712);
#3711 = CARTESIAN_POINT('',(-7.,253.58965398848,19.407055236082));
#3712 = VECTOR('',#3713,1.);
#3713 = DIRECTION('',(1.,-0.,-0.));
#3714 = PCURVE('',#1054,#3715);
#3715 = DEFINITIONAL_REPRESENTATION('',(#3716),#3720);
#3716 = LINE('',#3717,#3718);
#3717 = CARTESIAN_POINT('',(16.656950866571,18.));
#3718 = VECTOR('',#3719,1.);
#3719 = DIRECTION('',(0.,1.));
#3720 = ( GEOMETRIC_REPRESENTATION_CONTEXT(2)
PARAMETRIC_REPRESENTATION_CONTEXT() REPRESENTATION_CONTEXT('2D SPACE',''
  ) );
#3721 = PCURVE('',#3441,#3722);
#3722 = DEFINITIONAL_REPRESENTATION('',(#3723),#3727);
#3723 = LINE('',#3724,#3725);
#3724 = CARTESIAN_POINT('',(6.28318530718,0.));
#3725 = VECTOR('',#3726,1.);
#3726 = DIRECTION('',(-0.,1.));
#3727 = ( GEOMETRIC_REPRESENTATION_CONTEXT(2)
PARAMETRIC_REPRESENTATION_CONTEXT() REPRESENTATION_CONTEXT('2D SPACE',''
  ) );
#3728 = ORIENTED_EDGE('',*,*,#3729,.T.);
#3729 = EDGE_CURVE('',#3707,#3730,#3732,.T.);
#3730 = VERTEX_POINT('',#3731);
#3731 = CARTESIAN_POINT('',(11.2,270.96755385047,84.262260449858));
#3732 = SURFACE_CURVE('',#3733,(#3737,#3744),.PCURVE_S1.);
#3733 = LINE('',#3734,#3735);
#3734 = CARTESIAN_POINT('',(11.2,251.34907023169,11.045082817146));
#3735 = VECTOR('',#3736,1.);
#3736 = DIRECTION('',(0.,0.258819045103,0.965925826289));
#3737 = PCURVE('',#1054,#3738);
#3738 = DEFINITIONAL_REPRESENTATION('',(#3739),#3743);
#3739 = LINE('',#3740,#3741);
#3740 = CARTESIAN_POINT('',(8.000000000002,36.2));
#3741 = VECTOR('',#3742,1.);
#3742 = DIRECTION('',(1.,0.));
#3743 = ( GEOMETRIC_REPRESENTATION_CONTEXT(2)
PARAMETRIC_REPRESENTATION_CONTEXT() REPRESENTATION_CONTEXT('2D SPACE',''
  ) );
#3744 = PCURVE('',#3531,#3745);
#3745 = DEFINITIONAL_REPRESENTATION('',(#3746),#3750);
#3746 = LINE('',#3747,#3748);
#3747 = CARTESIAN_POINT('',(1.570796326795,0.));
#3748 = VECTOR('',#3749,1.);
#3749 = DIRECTION('',(0.,1.));
#3750 = ( GEOMETRIC_REPRESENTATION_CONTEXT(2)
PARAMETRIC_REPRESENTATION_CONTEXT() REPRESENTATION_CONTEXT('2D SPACE',''
  ) );
#3751 = ORIENTED_EDGE('',*,*,#3752,.T.);
#3752 = EDGE_CURVE('',#3730,#3753,#3755,.T.);
#3753 = VERTEX_POINT('',#3754);
#3754 = CARTESIAN_POINT('',(198.8,270.96755385047,84.262260449858));
#3755 = SURFACE_CURVE('',#3756,(#3760,#3767),.PCURVE_S1.);
#3756 = LINE('',#3757,#3758);
#3757 = CARTESIAN_POINT('',(10.,270.96755385047,84.262260449858));
#3758 = VECTOR('',#3759,1.);
#3759 = DIRECTION('',(1.,0.,0.));
#3760 = PCURVE('',#1054,#3761);
#3761 = DEFINITIONAL_REPRESENTATION('',(#3762),#3766);
#3762 = LINE('',#3763,#3764);
#3763 = CARTESIAN_POINT('',(83.800000000002,35.));
#3764 = VECTOR('',#3765,1.);
#3765 = DIRECTION('',(0.,1.));
#3766 = ( GEOMETRIC_REPRESENTATION_CONTEXT(2)
PARAMETRIC_REPRESENTATION_CONTEXT() REPRESENTATION_CONTEXT('2D SPACE',''
  ) );
#3767 = PCURVE('',#3768,#3773);
#3768 = CYLINDRICAL_SURFACE('',#3769,1.2);
#3769 = AXIS2_PLACEMENT_3D('',#3770,#3771,#3772);
#3770 = CARTESIAN_POINT('',(10.,272.12666484201,83.951677595735));
#3771 = DIRECTION('',(1.,0.,0.));
#3772 = DIRECTION('',(0.,-0.965925826289,0.258819045103));
#3773 = DEFINITIONAL_REPRESENTATION('',(#3774),#3778);
#3774 = LINE('',#3775,#3776);
#3775 = CARTESIAN_POINT('',(-0.,0.));
#3776 = VECTOR('',#3777,1.);
#3777 = DIRECTION('',(-0.,1.));
#3778 = ( GEOMETRIC_REPRESENTATION_CONTEXT(2)
PARAMETRIC_REPRESENTATION_CONTEXT() REPRESENTATION_CONTEXT('2D SPACE',''
  ) );
#3779 = ORIENTED_EDGE('',*,*,#3780,.F.);
#3780 = EDGE_CURVE('',#3781,#3753,#3783,.T.);
#3781 = VERTEX_POINT('',#3782);
#3782 = CARTESIAN_POINT('',(198.8,253.58965398848,19.407055236081));
#3783 = SURFACE_CURVE('',#3784,(#3788,#3795),.PCURVE_S1.);
#3784 = LINE('',#3785,#3786);
#3785 = CARTESIAN_POINT('',(198.8,251.34907023169,11.045082817146));
#3786 = VECTOR('',#3787,1.);
#3787 = DIRECTION('',(0.,0.258819045103,0.965925826289));
#3788 = PCURVE('',#1054,#3789);
#3789 = DEFINITIONAL_REPRESENTATION('',(#3790),#3794);
#3790 = LINE('',#3791,#3792);
#3791 = CARTESIAN_POINT('',(8.000000000002,223.8));
#3792 = VECTOR('',#3793,1.);
#3793 = DIRECTION('',(1.,0.));
#3794 = ( GEOMETRIC_REPRESENTATION_CONTEXT(2)
PARAMETRIC_REPRESENTATION_CONTEXT() REPRESENTATION_CONTEXT('2D SPACE',''
  ) );
#3795 = PCURVE('',#3796,#3801);
#3796 = CYLINDRICAL_SURFACE('',#3797,1.2);
#3797 = AXIS2_PLACEMENT_3D('',#3798,#3799,#3800);
#3798 = CARTESIAN_POINT('',(198.8,252.50818122324,10.734499963023));
#3799 = DIRECTION('',(0.,0.258819045103,0.965925826289));
#3800 = DIRECTION('',(1.,0.,0.));
#3801 = DEFINITIONAL_REPRESENTATION('',(#3802),#3806);
#3802 = LINE('',#3803,#3804);
#3803 = CARTESIAN_POINT('',(-1.570796326795,0.));
#3804 = VECTOR('',#3805,1.);
#3805 = DIRECTION('',(-0.,1.));
#3806 = ( GEOMETRIC_REPRESENTATION_CONTEXT(2)
PARAMETRIC_REPRESENTATION_CONTEXT() REPRESENTATION_CONTEXT('2D SPACE',''
  ) );
#3807 = ORIENTED_EDGE('',*,*,#3808,.T.);
#3808 = EDGE_CURVE('',#3781,#3809,#3811,.T.);
#3809 = VERTEX_POINT('',#3810);
#3810 = CARTESIAN_POINT('',(217.,253.58965398848,19.407055236082));
#3811 = SURFACE_CURVE('',#3812,(#3816,#3823),.PCURVE_S1.);
#3812 = LINE('',#3813,#3814);
#3813 = CARTESIAN_POINT('',(-7.,253.58965398848,19.407055236082));
#3814 = VECTOR('',#3815,1.);
#3815 = DIRECTION('',(1.,-0.,-0.));
#3816 = PCURVE('',#1054,#3817);
#3817 = DEFINITIONAL_REPRESENTATION('',(#3818),#3822);
#3818 = LINE('',#3819,#3820);
#3819 = CARTESIAN_POINT('',(16.656950866571,18.));
#3820 = VECTOR('',#3821,1.);
#3821 = DIRECTION('',(0.,1.));
#3822 = ( GEOMETRIC_REPRESENTATION_CONTEXT(2)
PARAMETRIC_REPRESENTATION_CONTEXT() REPRESENTATION_CONTEXT('2D SPACE',''
  ) );
#3823 = PCURVE('',#3824,#3829);
#3824 = CYLINDRICAL_SURFACE('',#3825,0.8);
#3825 = AXIS2_PLACEMENT_3D('',#3826,#3827,#3828);
#3826 = CARTESIAN_POINT('',(-7.,254.36239464951,19.2));
#3827 = DIRECTION('',(1.,-0.,-0.));
#3828 = DIRECTION('',(0.,-0.965925826289,0.258819045103));
#3829 = DEFINITIONAL_REPRESENTATION('',(#3830),#3834);
#3830 = LINE('',#3831,#3832);
#3831 = CARTESIAN_POINT('',(6.28318530718,0.));
#3832 = VECTOR('',#3833,1.);
#3833 = DIRECTION('',(-0.,1.));
#3834 = ( GEOMETRIC_REPRESENTATION_CONTEXT(2)
PARAMETRIC_REPRESENTATION_CONTEXT() REPRESENTATION_CONTEXT('2D SPACE',''
  ) );
#3835 = ORIENTED_EDGE('',*,*,#3836,.T.);
#3836 = EDGE_CURVE('',#3809,#3837,#3839,.T.);
#3837 = VERTEX_POINT('',#3838);
#3838 = CARTESIAN_POINT('',(217.21557763758,253.49540273291,
    19.055304761624));
#3839 = SURFACE_CURVE('',#3840,(#3848,#3859),.PCURVE_S1.);
#3840 = B_SPLINE_CURVE_WITH_KNOTS('',6,(#3841,#3842,#3843,#3844,#3845,
    #3846,#3847),.UNSPECIFIED.,.F.,.F.,(7,7),(492.4982516312,
    493.88880447591),.PIECEWISE_BEZIER_KNOTS.);
#3841 = CARTESIAN_POINT('',(217.,253.58965398848,19.407055236082));
#3842 = CARTESIAN_POINT('',(217.08300159169,253.58965398848,
    19.407055236082));
#3843 = CARTESIAN_POINT('',(217.16596439306,253.58038379889,
    19.372458417554));
#3844 = CARTESIAN_POINT('',(217.23122259464,253.56183423512,
    19.303230503094));
#3845 = CARTESIAN_POINT('',(217.2599654458,253.53746721755,
    19.212291555477));
#3846 = CARTESIAN_POINT('',(217.25023069134,253.5140021074,
    19.124718572206));
#3847 = CARTESIAN_POINT('',(217.21557763758,253.49540273291,
    19.055304761624));
#3848 = PCURVE('',#1054,#3849);
#3849 = DEFINITIONAL_REPRESENTATION('',(#3850),#3858);
#3850 = B_SPLINE_CURVE_WITH_KNOTS('',6,(#3851,#3852,#3853,#3854,#3855,
    #3856,#3857),.UNSPECIFIED.,.F.,.F.,(7,7),(492.4982516312,
    493.88880447591),.PIECEWISE_BEZIER_KNOTS.);
#3851 = CARTESIAN_POINT('',(16.656950866571,242.));
#3852 = CARTESIAN_POINT('',(16.656950866571,242.08300159169));
#3853 = CARTESIAN_POINT('',(16.62113360443,242.16596439306));
#3854 = CARTESIAN_POINT('',(16.549463593571,242.23122259464));
#3855 = CARTESIAN_POINT('',(16.455316667233,242.2599654458));
#3856 = CARTESIAN_POINT('',(16.364654443604,242.25023069134));
#3857 = CARTESIAN_POINT('',(16.292791978916,242.21557763758));
#3858 = ( GEOMETRIC_REPRESENTATION_CONTEXT(2)
PARAMETRIC_REPRESENTATION_CONTEXT() REPRESENTATION_CONTEXT('2D SPACE',''
  ) );
#3859 = PCURVE('',#3860,#3882);
#3860 = ( BOUNDED_SURFACE() B_SPLINE_SURFACE(2,6,(
    (#3861,#3862,#3863,#3864,#3865,#3866,#3867)
    ,(#3868,#3869,#3870,#3871,#3872,#3873,#3874)
    ,(#3875,#3876,#3877,#3878,#3879,#3880,#3881
)),.UNSPECIFIED.,.F.,.F.,.F.) B_SPLINE_SURFACE_WITH_KNOTS((3,3),(7,7),(
    0.,1.390552844712),(492.4982516312,493.88880447591),
.PIECEWISE_BEZIER_KNOTS.) GEOMETRIC_REPRESENTATION_ITEM()
RATIONAL_B_SPLINE_SURFACE((
    (1.,1.,1.,1.,1.,1.,1.)
    ,(0.793353340291,0.793353340291,0.786592244788,0.77317798974
      ,0.753611103852,0.730457929635,0.707106781187)
,(1.,1.,1.,1.,1.,1.,1.))) REPRESENTATION_ITEM('') SURFACE() );
#3861 = CARTESIAN_POINT('',(217.,253.58965398848,19.407055236082));
#3862 = CARTESIAN_POINT('',(217.08300159169,253.58965398848,
    19.407055236082));
#3863 = CARTESIAN_POINT('',(217.16596439306,253.58038379889,
    19.372458417554));
#3864 = CARTESIAN_POINT('',(217.23122259464,253.56183423512,
    19.303230503094));
#3865 = CARTESIAN_POINT('',(217.2599654458,253.53746721755,
    19.212291555477));
#3866 = CARTESIAN_POINT('',(217.25023069134,253.5140021074,
    19.124718572206));
#3867 = CARTESIAN_POINT('',(217.21557763758,253.49540273291,
    19.055304761624));
#3868 = CARTESIAN_POINT('',(217.,253.74853305913,20.));
#3869 = CARTESIAN_POINT('',(217.22772373011,253.74853305913,20.));
#3870 = CARTESIAN_POINT('',(217.45929391981,253.73218952383,
    19.939005095891));
#3871 = CARTESIAN_POINT('',(217.672430291,253.6985265553,19.813373187002
    ));
#3872 = CARTESIAN_POINT('',(217.83984941634,253.65056276981,
    19.63436990265));
#3873 = CARTESIAN_POINT('',(217.94984745243,253.59481944098,
    19.42633296727));
#3874 = CARTESIAN_POINT('',(218.,253.53606414999,19.207055236082));
#3875 = CARTESIAN_POINT('',(217.,254.36239464951,20.));
#3876 = CARTESIAN_POINT('',(217.26518057578,254.36239464951,20.));
#3877 = CARTESIAN_POINT('',(217.53021490596,254.35751259579,
    19.91550898504));
#3878 = CARTESIAN_POINT('',(217.7623073256,254.34774906895,
    19.747295830167));
#3879 = CARTESIAN_POINT('',(217.92508277095,254.33453774286,
    19.510622340522));
#3880 = CARTESIAN_POINT('',(218.,254.32114875432,19.250217100257));
#3881 = CARTESIAN_POINT('',(218.,254.30880481102,19.));
#3882 = DEFINITIONAL_REPRESENTATION('',(#3883),#3887);
#3883 = LINE('',#3884,#3885);
#3884 = CARTESIAN_POINT('',(0.,0.));
#3885 = VECTOR('',#3886,1.);
#3886 = DIRECTION('',(0.,1.));
#3887 = ( GEOMETRIC_REPRESENTATION_CONTEXT(2)
PARAMETRIC_REPRESENTATION_CONTEXT() REPRESENTATION_CONTEXT('2D SPACE',''
  ) );
#3888 = ORIENTED_EDGE('',*,*,#3889,.T.);
#3889 = EDGE_CURVE('',#3837,#3890,#3892,.T.);
#3890 = VERTEX_POINT('',#3891);
#3891 = CARTESIAN_POINT('',(217.2,253.4805838667,19.));
#3892 = SURFACE_CURVE('',#3893,(#3898,#3906),.PCURVE_S1.);
#3893 = B_SPLINE_CURVE_WITH_KNOTS('',3,(#3894,#3895,#3896,#3897),
  .UNSPECIFIED.,.F.,.F.,(4,4),(493.88880447591,494.09687385962),
  .PIECEWISE_BEZIER_KNOTS.);
#3894 = CARTESIAN_POINT('',(217.21557763758,253.49540273291,
    19.055304761624));
#3895 = CARTESIAN_POINT('',(217.20520731678,253.48983665838,
    19.034531888671));
#3896 = CARTESIAN_POINT('',(217.2,253.48521453067,19.017281873213));
#3897 = CARTESIAN_POINT('',(217.2,253.4805838667,19.));
#3898 = PCURVE('',#1054,#3899);
#3899 = DEFINITIONAL_REPRESENTATION('',(#3900),#3905);
#3900 = B_SPLINE_CURVE_WITH_KNOTS('',3,(#3901,#3902,#3903,#3904),
  .UNSPECIFIED.,.F.,.F.,(4,4),(493.88880447591,494.09687385962),
  .PIECEWISE_BEZIER_KNOTS.);
#3901 = CARTESIAN_POINT('',(16.292791978916,242.21557763758));
#3902 = CARTESIAN_POINT('',(16.27128631835,242.20520731678));
#3903 = CARTESIAN_POINT('',(16.253427788235,242.2));
#3904 = CARTESIAN_POINT('',(16.235536276545,242.2));
#3905 = ( GEOMETRIC_REPRESENTATION_CONTEXT(2)
PARAMETRIC_REPRESENTATION_CONTEXT() REPRESENTATION_CONTEXT('2D SPACE',''
  ) );
#3906 = PCURVE('',#3907,#3920);
#3907 = ( BOUNDED_SURFACE() B_SPLINE_SURFACE(2,3,(
    (#3908,#3909,#3910,#3911)
    ,(#3912,#3913,#3914,#3915)
    ,(#3916,#3917,#3918,#3919
)),.UNSPECIFIED.,.F.,.F.,.F.) B_SPLINE_SURFACE_WITH_KNOTS((3,3),(4,4),(
    0.,0.208069383712),(493.88880447591,494.09687385962),
.PIECEWISE_BEZIER_KNOTS.) GEOMETRIC_REPRESENTATION_ITEM()
RATIONAL_B_SPLINE_SURFACE((
    (1.,1.,1.,1.)
    ,(0.707106781187,0.707106781187,0.707106781187,0.707106781187)
,(1.,1.,1.,1.))) REPRESENTATION_ITEM('') SURFACE() );
#3908 = CARTESIAN_POINT('',(217.21557763758,253.49540273291,
    19.055304761624));
#3909 = CARTESIAN_POINT('',(217.20520731678,253.48983665838,
    19.034531888671));
#3910 = CARTESIAN_POINT('',(217.2,253.48521453067,19.017281873213));
#3911 = CARTESIAN_POINT('',(217.2,253.4805838667,19.));
#3912 = CARTESIAN_POINT('',(218.,253.53606414999,19.207055236082));
#3913 = CARTESIAN_POINT('',(218.,253.51709661566,19.136267434242));
#3914 = CARTESIAN_POINT('',(218.,253.49884431435,19.068148918412));
#3915 = CARTESIAN_POINT('',(218.,253.4805838667,19.));
#3916 = CARTESIAN_POINT('',(218.,254.30880481102,19.));
#3917 = CARTESIAN_POINT('',(218.,254.28983727669,18.92921219816));
#3918 = CARTESIAN_POINT('',(218.,254.27158497538,18.86109368233));
#3919 = CARTESIAN_POINT('',(218.,254.25332452773,18.792944763918));
#3920 = DEFINITIONAL_REPRESENTATION('',(#3921),#3925);
#3921 = LINE('',#3922,#3923);
#3922 = CARTESIAN_POINT('',(0.,0.));
#3923 = VECTOR('',#3924,1.);
#3924 = DIRECTION('',(0.,1.));
#3925 = ( GEOMETRIC_REPRESENTATION_CONTEXT(2)
PARAMETRIC_REPRESENTATION_CONTEXT() REPRESENTATION_CONTEXT('2D SPACE',''
  ) );
#3926 = ORIENTED_EDGE('',*,*,#3927,.T.);
#3927 = EDGE_CURVE('',#3890,#3681,#3928,.T.);
#3928 = SURFACE_CURVE('',#3929,(#3933,#3940),.PCURVE_S1.);
#3929 = LINE('',#3930,#3931);
#3930 = CARTESIAN_POINT('',(217.2,253.4805838667,19.));
#3931 = VECTOR('',#3932,1.);
#3932 = DIRECTION('',(0.,-0.258819045103,-0.965925826289));
#3933 = PCURVE('',#1054,#3934);
#3934 = DEFINITIONAL_REPRESENTATION('',(#3935),#3939);
#3935 = LINE('',#3936,#3937);
#3936 = CARTESIAN_POINT('',(16.235536276545,242.2));
#3937 = VECTOR('',#3938,1.);
#3938 = DIRECTION('',(-1.,0.));
#3939 = ( GEOMETRIC_REPRESENTATION_CONTEXT(2)
PARAMETRIC_REPRESENTATION_CONTEXT() REPRESENTATION_CONTEXT('2D SPACE',''
  ) );
#3940 = PCURVE('',#3941,#3946);
#3941 = CYLINDRICAL_SURFACE('',#3942,0.8);
#3942 = AXIS2_PLACEMENT_3D('',#3943,#3944,#3945);
#3943 = CARTESIAN_POINT('',(217.2,254.25332452773,18.792944763918));
#3944 = DIRECTION('',(0.,-0.258819045103,-0.965925826289));
#3945 = DIRECTION('',(0.,-0.965925826289,0.258819045103));
#3946 = DEFINITIONAL_REPRESENTATION('',(#3947),#3951);
#3947 = LINE('',#3948,#3949);
#3948 = CARTESIAN_POINT('',(6.28318530718,0.));
#3949 = VECTOR('',#3950,1.);
#3950 = DIRECTION('',(-0.,1.));
#3951 = ( GEOMETRIC_REPRESENTATION_CONTEXT(2)
PARAMETRIC_REPRESENTATION_CONTEXT() REPRESENTATION_CONTEXT('2D SPACE',''
  ) );
#3952 = ADVANCED_FACE('',(#3953),#1155,.F.);
#3953 = FACE_BOUND('',#3954,.F.);
#3954 = EDGE_LOOP('',(#3955,#3984,#4005,#4006));
#3955 = ORIENTED_EDGE('',*,*,#3956,.T.);
#3956 = EDGE_CURVE('',#3681,#3957,#3959,.T.);
#3957 = VERTEX_POINT('',#3958);
#3958 = CARTESIAN_POINT('',(217.2,248.50577720984,3.524731442916));
#3959 = SURFACE_CURVE('',#3960,(#3965,#3972),.PCURVE_S1.);
#3960 = CIRCLE('',#3961,0.8);
#3961 = AXIS2_PLACEMENT_3D('',#3962,#3963,#3964);
#3962 = CARTESIAN_POINT('',(217.2,248.71283244593,4.297472103947));
#3963 = DIRECTION('',(-1.,-0.,0.));
#3964 = DIRECTION('',(-0.,0.965925826289,-0.258819045103));
#3965 = PCURVE('',#1155,#3966);
#3966 = DEFINITIONAL_REPRESENTATION('',(#3967),#3971);
#3967 = LINE('',#3968,#3969);
#3968 = CARTESIAN_POINT('',(6.28318530718,242.2));
#3969 = VECTOR('',#3970,1.);
#3970 = DIRECTION('',(-1.,0.));
#3971 = ( GEOMETRIC_REPRESENTATION_CONTEXT(2)
PARAMETRIC_REPRESENTATION_CONTEXT() REPRESENTATION_CONTEXT('2D SPACE',''
  ) );
#3972 = PCURVE('',#3973,#3978);
#3973 = TOROIDAL_SURFACE('',#3974,1.6,0.8);
#3974 = AXIS2_PLACEMENT_3D('',#3975,#3976,#3977);
#3975 = CARTESIAN_POINT('',(217.2,248.71283244593,4.297472103947));
#3976 = DIRECTION('',(-1.,-0.,0.));
#3977 = DIRECTION('',(-0.,0.965925826289,-0.258819045103));
#3978 = DEFINITIONAL_REPRESENTATION('',(#3979),#3983);
#3979 = LINE('',#3980,#3981);
#3980 = CARTESIAN_POINT('',(0.,3.14159265359));
#3981 = VECTOR('',#3982,1.);
#3982 = DIRECTION('',(1.,0.));
#3983 = ( GEOMETRIC_REPRESENTATION_CONTEXT(2)
PARAMETRIC_REPRESENTATION_CONTEXT() REPRESENTATION_CONTEXT('2D SPACE',''
  ) );
#3984 = ORIENTED_EDGE('',*,*,#3985,.F.);
#3985 = EDGE_CURVE('',#1119,#3957,#3986,.T.);
#3986 = SURFACE_CURVE('',#3987,(#3991,#3998),.PCURVE_S1.);
#3987 = LINE('',#3988,#3989);
#3988 = CARTESIAN_POINT('',(-25.,248.50577720984,3.524731442916));
#3989 = VECTOR('',#3990,1.);
#3990 = DIRECTION('',(1.,0.,0.));
#3991 = PCURVE('',#1155,#3992);
#3992 = DEFINITIONAL_REPRESENTATION('',(#3993),#3997);
#3993 = LINE('',#3994,#3995);
#3994 = CARTESIAN_POINT('',(4.712388980385,0.));
#3995 = VECTOR('',#3996,1.);
#3996 = DIRECTION('',(-0.,1.));
#3997 = ( GEOMETRIC_REPRESENTATION_CONTEXT(2)
PARAMETRIC_REPRESENTATION_CONTEXT() REPRESENTATION_CONTEXT('2D SPACE',''
  ) );
#3998 = PCURVE('',#1188,#3999);
#3999 = DEFINITIONAL_REPRESENTATION('',(#4000),#4004);
#4000 = LINE('',#4001,#4002);
#4001 = CARTESIAN_POINT('',(0.,12.199999999993));
#4002 = VECTOR('',#4003,1.);
#4003 = DIRECTION('',(1.,0.));
#4004 = ( GEOMETRIC_REPRESENTATION_CONTEXT(2)
PARAMETRIC_REPRESENTATION_CONTEXT() REPRESENTATION_CONTEXT('2D SPACE',''
  ) );
#4005 = ORIENTED_EDGE('',*,*,#1140,.T.);
#4006 = ORIENTED_EDGE('',*,*,#3680,.T.);
#4007 = ADVANCED_FACE('',(#4008),#1188,.T.);
#4008 = FACE_BOUND('',#4009,.T.);
#4009 = EDGE_LOOP('',(#4010,#4011,#4012,#4035));
#4010 = ORIENTED_EDGE('',*,*,#3985,.F.);
#4011 = ORIENTED_EDGE('',*,*,#1172,.F.);
#4012 = ORIENTED_EDGE('',*,*,#4013,.T.);
#4013 = EDGE_CURVE('',#1173,#4014,#4016,.T.);
#4014 = VERTEX_POINT('',#4015);
#4015 = CARTESIAN_POINT('',(217.2,237.49422279015,6.475268557084));
#4016 = SURFACE_CURVE('',#4017,(#4021,#4028),.PCURVE_S1.);
#4017 = LINE('',#4018,#4019);
#4018 = CARTESIAN_POINT('',(-25.,237.49422279015,6.475268557084));
#4019 = VECTOR('',#4020,1.);
#4020 = DIRECTION('',(1.,0.,0.));
#4021 = PCURVE('',#1188,#4022);
#4022 = DEFINITIONAL_REPRESENTATION('',(#4023),#4027);
#4023 = LINE('',#4024,#4025);
#4024 = CARTESIAN_POINT('',(0.,0.799999999999));
#4025 = VECTOR('',#4026,1.);
#4026 = DIRECTION('',(1.,0.));
#4027 = ( GEOMETRIC_REPRESENTATION_CONTEXT(2)
PARAMETRIC_REPRESENTATION_CONTEXT() REPRESENTATION_CONTEXT('2D SPACE',''
  ) );
#4028 = PCURVE('',#1262,#4029);
#4029 = DEFINITIONAL_REPRESENTATION('',(#4030),#4034);
#4030 = LINE('',#4031,#4032);
#4031 = CARTESIAN_POINT('',(1.570796326795,0.));
#4032 = VECTOR('',#4033,1.);
#4033 = DIRECTION('',(0.,1.));
#4034 = ( GEOMETRIC_REPRESENTATION_CONTEXT(2)
PARAMETRIC_REPRESENTATION_CONTEXT() REPRESENTATION_CONTEXT('2D SPACE',''
  ) );
#4035 = ORIENTED_EDGE('',*,*,#4036,.F.);
#4036 = EDGE_CURVE('',#3957,#4014,#4037,.T.);
#4037 = SURFACE_CURVE('',#4038,(#4042,#4049),.PCURVE_S1.);
#4038 = LINE('',#4039,#4040);
#4039 = CARTESIAN_POINT('',(217.2,248.50577720984,3.524731442916));
#4040 = VECTOR('',#4041,1.);
#4041 = DIRECTION('',(0.,-0.965925826289,0.258819045103));
#4042 = PCURVE('',#1188,#4043);
#4043 = DEFINITIONAL_REPRESENTATION('',(#4044),#4048);
#4044 = LINE('',#4045,#4046);
#4045 = CARTESIAN_POINT('',(242.2,12.199999999993));
#4046 = VECTOR('',#4047,1.);
#4047 = DIRECTION('',(0.,-1.));
#4048 = ( GEOMETRIC_REPRESENTATION_CONTEXT(2)
PARAMETRIC_REPRESENTATION_CONTEXT() REPRESENTATION_CONTEXT('2D SPACE',''
  ) );
#4049 = PCURVE('',#4050,#4055);
#4050 = CYLINDRICAL_SURFACE('',#4051,0.8);
#4051 = AXIS2_PLACEMENT_3D('',#4052,#4053,#4054);
#4052 = CARTESIAN_POINT('',(217.2,248.29872197376,2.751990781884));
#4053 = DIRECTION('',(0.,-0.965925826289,0.258819045103));
#4054 = DIRECTION('',(-0.,0.258819045103,0.965925826289));
#4055 = DEFINITIONAL_REPRESENTATION('',(#4056),#4060);
#4056 = LINE('',#4057,#4058);
#4057 = CARTESIAN_POINT('',(6.28318530718,0.));
#4058 = VECTOR('',#4059,1.);
#4059 = DIRECTION('',(-0.,1.));
#4060 = ( GEOMETRIC_REPRESENTATION_CONTEXT(2)
PARAMETRIC_REPRESENTATION_CONTEXT() REPRESENTATION_CONTEXT('2D SPACE',''
  ) );
#4061 = ADVANCED_FACE('',(#4062),#1262,.F.);
#4062 = FACE_BOUND('',#4063,.F.);
#4063 = EDGE_LOOP('',(#4064,#4087,#4088,#4089));
#4064 = ORIENTED_EDGE('',*,*,#4065,.F.);
#4065 = EDGE_CURVE('',#1226,#4066,#4068,.T.);
#4066 = VERTEX_POINT('',#4067);
#4067 = CARTESIAN_POINT('',(217.2,236.9285373652,7.455064454198));
#4068 = SURFACE_CURVE('',#4069,(#4073,#4080),.PCURVE_S1.);
#4069 = LINE('',#4070,#4071);
#4070 = CARTESIAN_POINT('',(-25.,236.9285373652,7.455064454198));
#4071 = VECTOR('',#4072,1.);
#4072 = DIRECTION('',(1.,0.,0.));
#4073 = PCURVE('',#1262,#4074);
#4074 = DEFINITIONAL_REPRESENTATION('',(#4075),#4079);
#4075 = LINE('',#4076,#4077);
#4076 = CARTESIAN_POINT('',(0.,0.));
#4077 = VECTOR('',#4078,1.);
#4078 = DIRECTION('',(0.,1.));
#4079 = ( GEOMETRIC_REPRESENTATION_CONTEXT(2)
PARAMETRIC_REPRESENTATION_CONTEXT() REPRESENTATION_CONTEXT('2D SPACE',''
  ) );
#4080 = PCURVE('',#1295,#4081);
#4081 = DEFINITIONAL_REPRESENTATION('',(#4082),#4086);
#4082 = LINE('',#4083,#4084);
#4083 = CARTESIAN_POINT('',(0.8,0.));
#4084 = VECTOR('',#4085,1.);
#4085 = DIRECTION('',(0.,1.));
#4086 = ( GEOMETRIC_REPRESENTATION_CONTEXT(2)
PARAMETRIC_REPRESENTATION_CONTEXT() REPRESENTATION_CONTEXT('2D SPACE',''
  ) );
#4087 = ORIENTED_EDGE('',*,*,#1247,.T.);
#4088 = ORIENTED_EDGE('',*,*,#4013,.T.);
#4089 = ORIENTED_EDGE('',*,*,#4090,.T.);
#4090 = EDGE_CURVE('',#4014,#4066,#4091,.T.);
#4091 = SURFACE_CURVE('',#4092,(#4097,#4104),.PCURVE_S1.);
#4092 = CIRCLE('',#4093,0.8);
#4093 = AXIS2_PLACEMENT_3D('',#4094,#4095,#4096);
#4094 = CARTESIAN_POINT('',(217.2,237.70127802623,7.248009218116));
#4095 = DIRECTION('',(-1.,-0.,0.));
#4096 = DIRECTION('',(0.,-0.258819045103,-0.965925826289));
#4097 = PCURVE('',#1262,#4098);
#4098 = DEFINITIONAL_REPRESENTATION('',(#4099),#4103);
#4099 = LINE('',#4100,#4101);
#4100 = CARTESIAN_POINT('',(1.570796326795,242.2));
#4101 = VECTOR('',#4102,1.);
#4102 = DIRECTION('',(-1.,-0.));
#4103 = ( GEOMETRIC_REPRESENTATION_CONTEXT(2)
PARAMETRIC_REPRESENTATION_CONTEXT() REPRESENTATION_CONTEXT('2D SPACE',''
  ) );
#4104 = PCURVE('',#4105,#4110);
#4105 = TOROIDAL_SURFACE('',#4106,1.6,0.8);
#4106 = AXIS2_PLACEMENT_3D('',#4107,#4108,#4109);
#4107 = CARTESIAN_POINT('',(217.2,237.70127802623,7.248009218116));
#4108 = DIRECTION('',(-1.,-0.,0.));
#4109 = DIRECTION('',(0.,-0.258819045103,-0.965925826289));
#4110 = DEFINITIONAL_REPRESENTATION('',(#4111),#4115);
#4111 = LINE('',#4112,#4113);
#4112 = CARTESIAN_POINT('',(0.,3.14159265359));
#4113 = VECTOR('',#4114,1.);
#4114 = DIRECTION('',(1.,0.));
#4115 = ( GEOMETRIC_REPRESENTATION_CONTEXT(2)
PARAMETRIC_REPRESENTATION_CONTEXT() REPRESENTATION_CONTEXT('2D SPACE',''
  ) );
#4116 = ADVANCED_FACE('',(#4117),#1295,.T.);
#4117 = FACE_BOUND('',#4118,.T.);
#4118 = EDGE_LOOP('',(#4119,#4120,#4121,#4162,#4190,#4340));
#4119 = ORIENTED_EDGE('',*,*,#4065,.F.);
#4120 = ORIENTED_EDGE('',*,*,#1279,.F.);
#4121 = ORIENTED_EDGE('',*,*,#4122,.F.);
#4122 = EDGE_CURVE('',#4123,#1280,#4125,.T.);
#4123 = VERTEX_POINT('',#4124);
#4124 = CARTESIAN_POINT('',(-7.,240.02010307656,18.992944763918));
#4125 = SURFACE_CURVE('',#4126,(#4139,#4155),.PCURVE_S1.);
#4126 = B_SPLINE_CURVE_WITH_KNOTS('',11,(#4127,#4128,#4129,#4130,#4131,
    #4132,#4133,#4134,#4135,#4136,#4137,#4138),.UNSPECIFIED.,.F.,.F.,(12
    ,12),(0.,1.),.PIECEWISE_BEZIER_KNOTS.);
#4127 = CARTESIAN_POINT('',(-7.,240.02010307656,18.992944763918));
#4128 = CARTESIAN_POINT('',(-7.028665191224,240.02010307656,
    18.992944763918));
#4129 = CARTESIAN_POINT('',(-7.057293152059,240.01849000578,
    18.986924701733));
#4130 = CARTESIAN_POINT('',(-7.084523651527,240.01544398209,
    18.975556786766));
#4131 = CARTESIAN_POINT('',(-7.109125189927,240.01142186032,
    18.960546023593));
#4132 = CARTESIAN_POINT('',(-7.131959458406,240.00659680951,
    18.942538689366));
#4133 = CARTESIAN_POINT('',(-7.151895051115,240.00113558314,
    18.922157114505));
#4134 = CARTESIAN_POINT('',(-7.169450632127,239.99502291593,
    18.899344330455));
#4135 = CARTESIAN_POINT('',(-7.183750698683,239.98845877931,
    18.874846638703));
#4136 = CARTESIAN_POINT('',(-7.194383524473,239.98134435784,
    18.848295256525));
#4137 = CARTESIAN_POINT('',(-7.2,239.9739320417,18.820632115993));
#4138 = CARTESIAN_POINT('',(-7.2,239.96651323807,18.792944763918));
#4139 = PCURVE('',#1295,#4140);
#4140 = DEFINITIONAL_REPRESENTATION('',(#4141),#4154);
#4141 = B_SPLINE_CURVE_WITH_KNOTS('',11,(#4142,#4143,#4144,#4145,#4146,
    #4147,#4148,#4149,#4150,#4151,#4152,#4153),.UNSPECIFIED.,.F.,.F.,(12
    ,12),(0.,1.),.PIECEWISE_BEZIER_KNOTS.);
#4142 = CARTESIAN_POINT('',(12.744892657077,18.));
#4143 = CARTESIAN_POINT('',(12.744892657077,17.971334808776));
#4144 = CARTESIAN_POINT('',(12.738660230097,17.942706847941));
#4145 = CARTESIAN_POINT('',(12.726891298497,17.915476348473));
#4146 = CARTESIAN_POINT('',(12.71135101296,17.890874810073));
#4147 = CARTESIAN_POINT('',(12.692708448724,17.868040541594));
#4148 = CARTESIAN_POINT('',(12.671607889791,17.848104948885));
#4149 = CARTESIAN_POINT('',(12.647990357818,17.830549367873));
#4150 = CARTESIAN_POINT('',(12.622628481098,17.816249301317));
#4151 = CARTESIAN_POINT('',(12.595140467557,17.805616475527));
#4152 = CARTESIAN_POINT('',(12.566501477096,17.8));
#4153 = CARTESIAN_POINT('',(12.537837420994,17.8));
#4154 = ( GEOMETRIC_REPRESENTATION_CONTEXT(2)
PARAMETRIC_REPRESENTATION_CONTEXT() REPRESENTATION_CONTEXT('2D SPACE',''
  ) );
#4155 = PCURVE('',#1328,#4156);
#4156 = DEFINITIONAL_REPRESENTATION('',(#4157),#4161);
#4157 = LINE('',#4158,#4159);
#4158 = CARTESIAN_POINT('',(0.,0.));
#4159 = VECTOR('',#4160,1.);
#4160 = DIRECTION('',(1.,0.));
#4161 = ( GEOMETRIC_REPRESENTATION_CONTEXT(2)
PARAMETRIC_REPRESENTATION_CONTEXT() REPRESENTATION_CONTEXT('2D SPACE',''
  ) );
#4162 = ORIENTED_EDGE('',*,*,#4163,.F.);
#4163 = EDGE_CURVE('',#4164,#4123,#4166,.T.);
#4164 = VERTEX_POINT('',#4165);
#4165 = CARTESIAN_POINT('',(217.,240.02010307656,18.992944763918));
#4166 = SURFACE_CURVE('',#4167,(#4171,#4178),.PCURVE_S1.);
#4167 = LINE('',#4168,#4169);
#4168 = CARTESIAN_POINT('',(217.,240.02010307656,18.992944763918));
#4169 = VECTOR('',#4170,1.);
#4170 = DIRECTION('',(-1.,0.,0.));
#4171 = PCURVE('',#1295,#4172);
#4172 = DEFINITIONAL_REPRESENTATION('',(#4173),#4177);
#4173 = LINE('',#4174,#4175);
#4174 = CARTESIAN_POINT('',(12.744892657077,242.));
#4175 = VECTOR('',#4176,1.);
#4176 = DIRECTION('',(0.,-1.));
#4177 = ( GEOMETRIC_REPRESENTATION_CONTEXT(2)
PARAMETRIC_REPRESENTATION_CONTEXT() REPRESENTATION_CONTEXT('2D SPACE',''
  ) );
#4178 = PCURVE('',#4179,#4184);
#4179 = CYLINDRICAL_SURFACE('',#4180,0.8);
#4180 = AXIS2_PLACEMENT_3D('',#4181,#4182,#4183);
#4181 = CARTESIAN_POINT('',(217.,239.24736241552,19.2));
#4182 = DIRECTION('',(-1.,0.,0.));
#4183 = DIRECTION('',(0.,0.965925826289,-0.258819045103));
#4184 = DEFINITIONAL_REPRESENTATION('',(#4185),#4189);
#4185 = LINE('',#4186,#4187);
#4186 = CARTESIAN_POINT('',(6.28318530718,0.));
#4187 = VECTOR('',#4188,1.);
#4188 = DIRECTION('',(-0.,1.));
#4189 = ( GEOMETRIC_REPRESENTATION_CONTEXT(2)
PARAMETRIC_REPRESENTATION_CONTEXT() REPRESENTATION_CONTEXT('2D SPACE',''
  ) );
#4190 = ORIENTED_EDGE('',*,*,#4191,.F.);
#4191 = EDGE_CURVE('',#4192,#4164,#4194,.T.);
#4192 = VERTEX_POINT('',#4193);
#4193 = CARTESIAN_POINT('',(217.2,239.96651323807,18.792944763918));
#4194 = SURFACE_CURVE('',#4195,(#4208,#4224),.PCURVE_S1.);
#4195 = B_SPLINE_CURVE_WITH_KNOTS('',11,(#4196,#4197,#4198,#4199,#4200,
    #4201,#4202,#4203,#4204,#4205,#4206,#4207),.UNSPECIFIED.,.F.,.F.,(12
    ,12),(0.,1.),.PIECEWISE_BEZIER_KNOTS.);
#4196 = CARTESIAN_POINT('',(217.2,239.96651323807,18.792944763918));
#4197 = CARTESIAN_POINT('',(217.2,239.9739320417,18.820632115993));
#4198 = CARTESIAN_POINT('',(217.19438352446,239.98134435786,
    18.848295256526));
#4199 = CARTESIAN_POINT('',(217.1837506987,239.98845877928,
    18.874846638701));
#4200 = CARTESIAN_POINT('',(217.16945063208,239.99502291598,
    18.899344330458));
#4201 = CARTESIAN_POINT('',(217.15189505118,240.0011355831,18.9221571145
    ));
#4202 = CARTESIAN_POINT('',(217.13195945833,240.00659680954,
    18.942538689371));
#4203 = CARTESIAN_POINT('',(217.10912518998,240.0114218603,
    18.960546023585));
#4204 = CARTESIAN_POINT('',(217.08452365149,240.0154439821,
    18.97555678677));
#4205 = CARTESIAN_POINT('',(217.05729315207,240.01849000577,
    18.986924701729));
#4206 = CARTESIAN_POINT('',(217.02866519122,240.02010307656,
    18.992944763918));
#4207 = CARTESIAN_POINT('',(217.,240.02010307656,18.992944763918));
#4208 = PCURVE('',#1295,#4209);
#4209 = DEFINITIONAL_REPRESENTATION('',(#4210),#4223);
#4210 = B_SPLINE_CURVE_WITH_KNOTS('',11,(#4211,#4212,#4213,#4214,#4215,
    #4216,#4217,#4218,#4219,#4220,#4221,#4222),.UNSPECIFIED.,.F.,.F.,(12
    ,12),(0.,1.),.PIECEWISE_BEZIER_KNOTS.);
#4211 = CARTESIAN_POINT('',(12.537837420994,242.2));
#4212 = CARTESIAN_POINT('',(12.566501477096,242.2));
#4213 = CARTESIAN_POINT('',(12.595140467563,242.19438352446));
#4214 = CARTESIAN_POINT('',(12.622628481088,242.1837506987));
#4215 = CARTESIAN_POINT('',(12.647990357834,242.16945063208));
#4216 = CARTESIAN_POINT('',(12.671607889776,242.15189505118));
#4217 = CARTESIAN_POINT('',(12.692708448737,242.13195945833));
#4218 = CARTESIAN_POINT('',(12.711351012947,242.10912518998));
#4219 = CARTESIAN_POINT('',(12.726891298503,242.08452365149));
#4220 = CARTESIAN_POINT('',(12.738660230091,242.05729315207));
#4221 = CARTESIAN_POINT('',(12.744892657077,242.02866519122));
#4222 = CARTESIAN_POINT('',(12.744892657077,242.));
#4223 = ( GEOMETRIC_REPRESENTATION_CONTEXT(2)
PARAMETRIC_REPRESENTATION_CONTEXT() REPRESENTATION_CONTEXT('2D SPACE',''
  ) );
#4224 = PCURVE('',#4225,#4334);
#4225 = B_SPLINE_SURFACE_WITH_KNOTS('',11,8,(
    (#4226,#4227,#4228,#4229,#4230,#4231,#4232,#4233,#4234)
    ,(#4235,#4236,#4237,#4238,#4239,#4240,#4241,#4242,#4243)
    ,(#4244,#4245,#4246,#4247,#4248,#4249,#4250,#4251,#4252)
    ,(#4253,#4254,#4255,#4256,#4257,#4258,#4259,#4260,#4261)
    ,(#4262,#4263,#4264,#4265,#4266,#4267,#4268,#4269,#4270)
    ,(#4271,#4272,#4273,#4274,#4275,#4276,#4277,#4278,#4279)
    ,(#4280,#4281,#4282,#4283,#4284,#4285,#4286,#4287,#4288)
    ,(#4289,#4290,#4291,#4292,#4293,#4294,#4295,#4296,#4297)
    ,(#4298,#4299,#4300,#4301,#4302,#4303,#4304,#4305,#4306)
    ,(#4307,#4308,#4309,#4310,#4311,#4312,#4313,#4314,#4315)
    ,(#4316,#4317,#4318,#4319,#4320,#4321,#4322,#4323,#4324)
    ,(#4325,#4326,#4327,#4328,#4329,#4330,#4331,#4332,#4333
  )),.UNSPECIFIED.,.F.,.F.,.F.,(12,12),(9,9),(0.,1.),(0.,1.),
  .PIECEWISE_BEZIER_KNOTS.);
#4226 = CARTESIAN_POINT('',(217.2,239.96651323807,18.792944763918));
#4227 = CARTESIAN_POINT('',(217.35707963268,239.96651323807,
    18.792944763918));
#4228 = CARTESIAN_POINT('',(217.5141593148,239.93246567488,
    18.802067780978));
#4229 = CARTESIAN_POINT('',(217.66201058746,239.86437088292,
    18.820313725495));
#4230 = CARTESIAN_POINT('',(217.79140700462,239.76502787664,
    18.846932603796));
#4231 = CARTESIAN_POINT('',(217.89425445269,239.6400405355,
    18.880422860924));
#4232 = CARTESIAN_POINT('',(217.96475136883,239.49722717277,
    18.918689586132));
#4233 = CARTESIAN_POINT('',(218.,239.34549985103,18.959344799465));
#4234 = CARTESIAN_POINT('',(218.,239.19377257704,19.));
#4235 = CARTESIAN_POINT('',(217.2,239.9739320417,18.820632115993));
#4236 = CARTESIAN_POINT('',(217.35189057516,239.97956690759,
    18.841661721811));
#4237 = CARTESIAN_POINT('',(217.50441032871,239.95342903349,
    18.871204824036));
#4238 = CARTESIAN_POINT('',(217.65169786268,239.8945068472,
    18.908153180462));
#4239 = CARTESIAN_POINT('',(217.78845535062,239.8020775402,
    18.951321850861));
#4240 = CARTESIAN_POINT('',(217.90214126029,239.6715977667,
    19.000779107018));
#4241 = CARTESIAN_POINT('',(217.97490279594,239.5169919488,
    19.052113398995));
#4242 = CARTESIAN_POINT('',(218.00580100932,239.35598457257,
    19.100444556402));
#4243 = CARTESIAN_POINT('',(218.,239.20141920401,19.142688001733));
#4244 = CARTESIAN_POINT('',(217.19438352446,239.98134435786,
    18.848295256526));
#4245 = CARTESIAN_POINT('',(217.33898907381,239.99261713285,
    18.890365825524));
#4246 = CARTESIAN_POINT('',(217.50044995077,239.97462653345,
    18.928059526046));
#4247 = CARTESIAN_POINT('',(217.63912112214,239.9242916345,
    18.992480326894));
#4248 = CARTESIAN_POINT('',(217.76918115134,239.83782514318,
    19.065377113386));
#4249 = CARTESIAN_POINT('',(217.87912312755,239.70208031074,
    19.141871978223));
#4250 = CARTESIAN_POINT('',(217.94719144312,239.53670484343,
    19.209173938227));
#4251 = CARTESIAN_POINT('',(217.98970604649,239.36741554988,
    19.246021667361));
#4252 = CARTESIAN_POINT('',(217.97761577812,239.2101481929,
    19.285157417879));
#4253 = CARTESIAN_POINT('',(217.1837506987,239.98845877928,
    18.874846638701));
#4254 = CARTESIAN_POINT('',(217.31889165769,240.0052205325,
    18.937402353319));
#4255 = CARTESIAN_POINT('',(217.47274052092,239.99083967258,
    18.998690465625));
#4256 = CARTESIAN_POINT('',(217.60619419987,239.94596830458,
    19.085310974716));
#4257 = CARTESIAN_POINT('',(217.73435103413,239.8630200097,
    19.180218428262));
#4258 = CARTESIAN_POINT('',(217.84426460152,239.72183440914,
    19.27605737958));
#4259 = CARTESIAN_POINT('',(217.91057315677,239.54641786035,
    19.353751017141));
#4260 = CARTESIAN_POINT('',(217.9496075834,239.36655553366,
    19.393388756051));
#4261 = CARTESIAN_POINT('',(217.9327786896,239.20487288846,
    19.425421906381));
#4262 = CARTESIAN_POINT('',(217.16945063208,239.99502291598,
    18.899344330458));
#4263 = CARTESIAN_POINT('',(217.29285691778,240.01727805735,
    18.982401648781));
#4264 = CARTESIAN_POINT('',(217.43259111606,240.01378575239,
    19.069878866412));
#4265 = CARTESIAN_POINT('',(217.55832151409,239.97551248301,
    19.177225597435));
#4266 = CARTESIAN_POINT('',(217.68125893014,239.89741963953,
    19.292111219342));
#4267 = CARTESIAN_POINT('',(217.78767235395,239.75497415135,
    19.404498229113));
#4268 = CARTESIAN_POINT('',(217.8512904039,239.57620509019,
    19.489221229183));
#4269 = CARTESIAN_POINT('',(217.88421124077,239.39880956967,
    19.531702140092));
#4270 = CARTESIAN_POINT('',(217.86611369684,239.23752082723,
    19.553464871489));
#4271 = CARTESIAN_POINT('',(217.15189505118,240.0011355831,18.9221571145
    ));
#4272 = CARTESIAN_POINT('',(217.26154211774,240.02825627702,
    19.023372922128));
#4273 = CARTESIAN_POINT('',(217.38197381654,240.02064332844,
    19.138571530568));
#4274 = CARTESIAN_POINT('',(217.49696170111,239.98277768243,
    19.265084997332));
#4275 = CARTESIAN_POINT('',(217.61095046378,239.90365898564,
    19.398287594866));
#4276 = CARTESIAN_POINT('',(217.71024565507,239.75524990893,
    19.525525904813));
#4277 = CARTESIAN_POINT('',(217.77000816882,239.56722000476,
    19.616389377756));
#4278 = CARTESIAN_POINT('',(217.79561880139,239.37420192793,
    19.665033953581));
#4279 = CARTESIAN_POINT('',(217.77999682282,239.20524848709,
    19.67700655475));
#4280 = CARTESIAN_POINT('',(217.13195945833,240.00659680954,
    18.942538689371));
#4281 = CARTESIAN_POINT('',(217.22577525007,240.03857679467,
    19.061889618691));
#4282 = CARTESIAN_POINT('',(217.32248758496,240.04225458322,
    19.201919873825));
#4283 = CARTESIAN_POINT('',(217.42315899041,240.00867145642,
    19.34418558146));
#4284 = CARTESIAN_POINT('',(217.52409929119,239.93245922172,
    19.49130931069));
#4285 = CARTESIAN_POINT('',(217.61251219009,239.78569894034,
    19.628570244326));
#4286 = CARTESIAN_POINT('',(217.66685239549,239.5997988359,
    19.722014024712));
#4287 = CARTESIAN_POINT('',(217.68463888397,239.41549066384,
    19.774424313495));
#4288 = CARTESIAN_POINT('',(217.67492349163,239.24837935577,
    19.777537884229));
#4289 = CARTESIAN_POINT('',(217.10912518998,240.0114218603,
    18.960546023585));
#4290 = CARTESIAN_POINT('',(217.18573930088,240.0474596093,
    19.095040733852));
#4291 = CARTESIAN_POINT('',(217.25745013194,240.04759021201,
    19.256914333064));
#4292 = CARTESIAN_POINT('',(217.34124206995,240.01220898274,
    19.412105922157));
#4293 = CARTESIAN_POINT('',(217.42601519188,239.93303306856,
    19.569974209199));
#4294 = CARTESIAN_POINT('',(217.50060822595,239.78343115766,
    19.714432318763));
#4295 = CARTESIAN_POINT('',(217.54798570066,239.5939211313,
    19.810211786559));
#4296 = CARTESIAN_POINT('',(217.55858450219,239.40039318362,
    19.868500991011));
#4297 = CARTESIAN_POINT('',(217.55598823656,239.22715971685,
    19.867118302091));
#4298 = CARTESIAN_POINT('',(217.08452365149,240.0154439821,
    18.97555678677));
#4299 = CARTESIAN_POINT('',(217.14258930197,240.05520038421,
    19.123929699375));
#4300 = CARTESIAN_POINT('',(217.18953781075,240.05932317477,
    19.301706892716));
#4301 = CARTESIAN_POINT('',(217.25427008394,240.02347023505,
    19.466510910985));
#4302 = CARTESIAN_POINT('',(217.32030393621,239.94266123613,
    19.63075015647));
#4303 = CARTESIAN_POINT('',(217.37861180324,239.79478861931,
    19.777817885524));
#4304 = CARTESIAN_POINT('',(217.41712503299,239.60864400776,
    19.873881612184));
#4305 = CARTESIAN_POINT('',(217.42111083953,239.41913588225,
    19.935075991526));
#4306 = CARTESIAN_POINT('',(217.42451147494,239.24472927217,
    19.932241926943));
#4307 = CARTESIAN_POINT('',(217.05729315207,240.01849000577,
    18.986924701729));
#4308 = CARTESIAN_POINT('',(217.09624319182,240.06132400657,
    19.146783369014));
#4309 = CARTESIAN_POINT('',(217.12190360017,240.06488877806,
    19.334640291228));
#4310 = CARTESIAN_POINT('',(217.16635137316,240.02591776884,
    19.507133711928));
#4311 = CARTESIAN_POINT('',(217.21197706129,239.94084564014,
    19.674865846877));
#4312 = CARTESIAN_POINT('',(217.252316443,239.79443746645,
    19.821427317794));
#4313 = CARTESIAN_POINT('',(217.28013482311,239.61176165942,
    19.917418279464));
#4314 = CARTESIAN_POINT('',(217.27949999785,239.42253662047,
    19.979230639465));
#4315 = CARTESIAN_POINT('',(217.2858685498,239.24490460105,
    19.977608186435));
#4316 = CARTESIAN_POINT('',(217.02866519122,240.02010307656,
    18.992944763918));
#4317 = CARTESIAN_POINT('',(217.04812922407,240.06549495591,
    19.162349563924));
#4318 = CARTESIAN_POINT('',(217.06759326142,240.06888705797,
    19.34433246457));
#4319 = CARTESIAN_POINT('',(217.08621835246,240.02612091855,
    19.528656505298));
#4320 = CARTESIAN_POINT('',(217.10316572934,239.93565760824,
    19.704987534114));
#4321 = CARTESIAN_POINT('',(217.11769956361,239.79195805135,
    19.854700660404));
#4322 = CARTESIAN_POINT('',(217.1292924404,239.61482236187,
    19.953472024942));
#4323 = CARTESIAN_POINT('',(217.13768092767,239.42775541449,20.));
#4324 = CARTESIAN_POINT('',(217.14286499392,239.24736241553,20.));
#4325 = CARTESIAN_POINT('',(217.,240.02010307656,18.992944763918));
#4326 = CARTESIAN_POINT('',(217.,240.06753414385,19.169959916905));
#4327 = CARTESIAN_POINT('',(216.99999999999,240.06862260663,
    19.359392713567));
#4328 = CARTESIAN_POINT('',(217.,240.01957691436,19.547086883031));
#4329 = CARTESIAN_POINT('',(216.99999999999,239.92178799581,
    19.717504949125));
#4330 = CARTESIAN_POINT('',(217.,239.78248641901,19.856069232226));
#4331 = CARTESIAN_POINT('',(216.99999999999,239.61388173253,
    19.952022558761));
#4332 = CARTESIAN_POINT('',(217.,239.43062198698,20.));
#4333 = CARTESIAN_POINT('',(217.,239.24736241552,20.));
#4334 = DEFINITIONAL_REPRESENTATION('',(#4335),#4339);
#4335 = LINE('',#4336,#4337);
#4336 = CARTESIAN_POINT('',(0.,0.));
#4337 = VECTOR('',#4338,1.);
#4338 = DIRECTION('',(1.,0.));
#4339 = ( GEOMETRIC_REPRESENTATION_CONTEXT(2)
PARAMETRIC_REPRESENTATION_CONTEXT() REPRESENTATION_CONTEXT('2D SPACE',''
  ) );
#4340 = ORIENTED_EDGE('',*,*,#4341,.F.);
#4341 = EDGE_CURVE('',#4066,#4192,#4342,.T.);
#4342 = SURFACE_CURVE('',#4343,(#4347,#4354),.PCURVE_S1.);
#4343 = LINE('',#4344,#4345);
#4344 = CARTESIAN_POINT('',(217.2,236.9285373652,7.455064454198));
#4345 = VECTOR('',#4346,1.);
#4346 = DIRECTION('',(-0.,0.258819045103,0.965925826289));
#4347 = PCURVE('',#1295,#4348);
#4348 = DEFINITIONAL_REPRESENTATION('',(#4349),#4353);
#4349 = LINE('',#4350,#4351);
#4350 = CARTESIAN_POINT('',(0.8,242.2));
#4351 = VECTOR('',#4352,1.);
#4352 = DIRECTION('',(1.,0.));
#4353 = ( GEOMETRIC_REPRESENTATION_CONTEXT(2)
PARAMETRIC_REPRESENTATION_CONTEXT() REPRESENTATION_CONTEXT('2D SPACE',''
  ) );
#4354 = PCURVE('',#4355,#4360);
#4355 = CYLINDRICAL_SURFACE('',#4356,0.8);
#4356 = AXIS2_PLACEMENT_3D('',#4357,#4358,#4359);
#4357 = CARTESIAN_POINT('',(217.2,236.15579670417,7.66211969028));
#4358 = DIRECTION('',(-0.,0.258819045103,0.965925826289));
#4359 = DIRECTION('',(0.,0.965925826289,-0.258819045103));
#4360 = DEFINITIONAL_REPRESENTATION('',(#4361),#4365);
#4361 = LINE('',#4362,#4363);
#4362 = CARTESIAN_POINT('',(6.28318530718,0.));
#4363 = VECTOR('',#4364,1.);
#4364 = DIRECTION('',(-0.,1.));
#4365 = ( GEOMETRIC_REPRESENTATION_CONTEXT(2)
PARAMETRIC_REPRESENTATION_CONTEXT() REPRESENTATION_CONTEXT('2D SPACE',''
  ) );
#4366 = ADVANCED_FACE('',(#4367),#1328,.T.);
#4367 = FACE_BOUND('',#4368,.T.);
#4368 = EDGE_LOOP('',(#4369,#4389,#4390,#4391));
#4369 = ORIENTED_EDGE('',*,*,#4370,.F.);
#4370 = EDGE_CURVE('',#4123,#1477,#4371,.T.);
#4371 = SURFACE_CURVE('',#4372,(#4377,#4383),.PCURVE_S1.);
#4372 = CIRCLE('',#4373,0.8);
#4373 = AXIS2_PLACEMENT_3D('',#4374,#4375,#4376);
#4374 = CARTESIAN_POINT('',(-7.,239.24736241552,19.2));
#4375 = DIRECTION('',(1.,-0.,0.));
#4376 = DIRECTION('',(0.,0.965925826289,-0.258819045103));
#4377 = PCURVE('',#1328,#4378);
#4378 = DEFINITIONAL_REPRESENTATION('',(#4379),#4382);
#4379 = B_SPLINE_CURVE_WITH_KNOTS('',1,(#4380,#4381),.UNSPECIFIED.,.F.,
  .F.,(2,2),(0.,1.832595714594),.PIECEWISE_BEZIER_KNOTS.);
#4380 = CARTESIAN_POINT('',(0.,0.));
#4381 = CARTESIAN_POINT('',(0.,1.));
#4382 = ( GEOMETRIC_REPRESENTATION_CONTEXT(2)
PARAMETRIC_REPRESENTATION_CONTEXT() REPRESENTATION_CONTEXT('2D SPACE',''
  ) );
#4383 = PCURVE('',#4179,#4384);
#4384 = DEFINITIONAL_REPRESENTATION('',(#4385),#4388);
#4385 = B_SPLINE_CURVE_WITH_KNOTS('',1,(#4386,#4387),.UNSPECIFIED.,.F.,
  .F.,(2,2),(0.,1.832595714594),.PIECEWISE_BEZIER_KNOTS.);
#4386 = CARTESIAN_POINT('',(6.28318530718,224.));
#4387 = CARTESIAN_POINT('',(4.450589592586,224.));
#4388 = ( GEOMETRIC_REPRESENTATION_CONTEXT(2)
PARAMETRIC_REPRESENTATION_CONTEXT() REPRESENTATION_CONTEXT('2D SPACE',''
  ) );
#4389 = ORIENTED_EDGE('',*,*,#4122,.T.);
#4390 = ORIENTED_EDGE('',*,*,#1309,.T.);
#4391 = ORIENTED_EDGE('',*,*,#1504,.F.);
#4392 = ADVANCED_FACE('',(#4393),#1464,.T.);
#4393 = FACE_BOUND('',#4394,.T.);
#4394 = EDGE_LOOP('',(#4395,#4423,#4424,#4425));
#4395 = ORIENTED_EDGE('',*,*,#4396,.T.);
#4396 = EDGE_CURVE('',#4397,#1448,#4399,.T.);
#4397 = VERTEX_POINT('',#4398);
#4398 = CARTESIAN_POINT('',(0.,219.,20.));
#4399 = SURFACE_CURVE('',#4400,(#4405,#4412),.PCURVE_S1.);
#4400 = CIRCLE('',#4401,7.);
#4401 = AXIS2_PLACEMENT_3D('',#4402,#4403,#4404);
#4402 = CARTESIAN_POINT('',(0.,226.,20.));
#4403 = DIRECTION('',(-0.,-0.,-1.));
#4404 = DIRECTION('',(0.,-1.,0.));
#4405 = PCURVE('',#1464,#4406);
#4406 = DEFINITIONAL_REPRESENTATION('',(#4407),#4411);
#4407 = LINE('',#4408,#4409);
#4408 = CARTESIAN_POINT('',(6.28318530718,1.570796326795));
#4409 = VECTOR('',#4410,1.);
#4410 = DIRECTION('',(-1.,0.));
#4411 = ( GEOMETRIC_REPRESENTATION_CONTEXT(2)
PARAMETRIC_REPRESENTATION_CONTEXT() REPRESENTATION_CONTEXT('2D SPACE',''
  ) );
#4412 = PCURVE('',#1492,#4413);
#4413 = DEFINITIONAL_REPRESENTATION('',(#4414),#4422);
#4414 = ( BOUNDED_CURVE() B_SPLINE_CURVE(2,(#4415,#4416,#4417,#4418,
#4419,#4420,#4421),.UNSPECIFIED.,.T.,.F.) B_SPLINE_CURVE_WITH_KNOTS((1,2
    ,2,2,2,1),(-2.094395102393,0.,2.094395102393,4.188790204786,
6.28318530718,8.377580409573),.UNSPECIFIED.) CURVE()
GEOMETRIC_REPRESENTATION_ITEM() RATIONAL_B_SPLINE_CURVE((1.,0.5,1.,0.5,
1.,0.5,1.)) REPRESENTATION_ITEM('') );
#4415 = CARTESIAN_POINT('',(8.,1.));
#4416 = CARTESIAN_POINT('',(-4.124355652982,1.));
#4417 = CARTESIAN_POINT('',(1.937822173509,11.5));
#4418 = CARTESIAN_POINT('',(8.,22.));
#4419 = CARTESIAN_POINT('',(14.062177826491,11.5));
#4420 = CARTESIAN_POINT('',(20.124355652982,1.));
#4421 = CARTESIAN_POINT('',(8.,1.));
#4422 = ( GEOMETRIC_REPRESENTATION_CONTEXT(2)
PARAMETRIC_REPRESENTATION_CONTEXT() REPRESENTATION_CONTEXT('2D SPACE',''
  ) );
#4423 = ORIENTED_EDGE('',*,*,#1447,.F.);
#4424 = ORIENTED_EDGE('',*,*,#1708,.F.);
#4425 = ORIENTED_EDGE('',*,*,#4426,.T.);
#4426 = EDGE_CURVE('',#1681,#4397,#4427,.T.);
#4427 = SURFACE_CURVE('',#4428,(#4433,#4440),.PCURVE_S1.);
#4428 = CIRCLE('',#4429,1.);
#4429 = AXIS2_PLACEMENT_3D('',#4430,#4431,#4432);
#4430 = CARTESIAN_POINT('',(0.,219.,19.));
#4431 = DIRECTION('',(-1.,0.,0.));
#4432 = DIRECTION('',(0.,-1.,0.));
#4433 = PCURVE('',#1464,#4434);
#4434 = DEFINITIONAL_REPRESENTATION('',(#4435),#4439);
#4435 = LINE('',#4436,#4437);
#4436 = CARTESIAN_POINT('',(6.28318530718,0.));
#4437 = VECTOR('',#4438,1.);
#4438 = DIRECTION('',(-0.,1.));
#4439 = ( GEOMETRIC_REPRESENTATION_CONTEXT(2)
PARAMETRIC_REPRESENTATION_CONTEXT() REPRESENTATION_CONTEXT('2D SPACE',''
  ) );
#4440 = PCURVE('',#4441,#4446);
#4441 = CYLINDRICAL_SURFACE('',#4442,1.);
#4442 = AXIS2_PLACEMENT_3D('',#4443,#4444,#4445);
#4443 = CARTESIAN_POINT('',(210.,219.,19.));
#4444 = DIRECTION('',(-1.,-0.,-0.));
#4445 = DIRECTION('',(0.,-1.,0.));
#4446 = DEFINITIONAL_REPRESENTATION('',(#4447),#4451);
#4447 = LINE('',#4448,#4449);
#4448 = CARTESIAN_POINT('',(0.,210.));
#4449 = VECTOR('',#4450,1.);
#4450 = DIRECTION('',(1.,0.));
#4451 = ( GEOMETRIC_REPRESENTATION_CONTEXT(2)
PARAMETRIC_REPRESENTATION_CONTEXT() REPRESENTATION_CONTEXT('2D SPACE',''
  ) );
#4452 = ADVANCED_FACE('',(#4453),#1492,.T.);
#4453 = FACE_BOUND('',#4454,.T.);
#4454 = EDGE_LOOP('',(#4455,#4478,#4479,#4480,#4503,#4531,#4554,#4582,
    #4610,#4643));
#4455 = ORIENTED_EDGE('',*,*,#4456,.T.);
#4456 = EDGE_CURVE('',#4457,#1477,#4459,.T.);
#4457 = VERTEX_POINT('',#4458);
#4458 = CARTESIAN_POINT('',(217.,239.24736241552,20.));
#4459 = SURFACE_CURVE('',#4460,(#4464,#4471),.PCURVE_S1.);
#4460 = LINE('',#4461,#4462);
#4461 = CARTESIAN_POINT('',(217.,239.24736241552,20.));
#4462 = VECTOR('',#4463,1.);
#4463 = DIRECTION('',(-1.,0.,0.));
#4464 = PCURVE('',#1492,#4465);
#4465 = DEFINITIONAL_REPRESENTATION('',(#4466),#4470);
#4466 = LINE('',#4467,#4468);
#4467 = CARTESIAN_POINT('',(225.,21.24736241552));
#4468 = VECTOR('',#4469,1.);
#4469 = DIRECTION('',(-1.,0.));
#4470 = ( GEOMETRIC_REPRESENTATION_CONTEXT(2)
PARAMETRIC_REPRESENTATION_CONTEXT() REPRESENTATION_CONTEXT('2D SPACE',''
  ) );
#4471 = PCURVE('',#4179,#4472);
#4472 = DEFINITIONAL_REPRESENTATION('',(#4473),#4477);
#4473 = LINE('',#4474,#4475);
#4474 = CARTESIAN_POINT('',(4.450589592586,0.));
#4475 = VECTOR('',#4476,1.);
#4476 = DIRECTION('',(-0.,1.));
#4477 = ( GEOMETRIC_REPRESENTATION_CONTEXT(2)
PARAMETRIC_REPRESENTATION_CONTEXT() REPRESENTATION_CONTEXT('2D SPACE',''
  ) );
#4478 = ORIENTED_EDGE('',*,*,#1476,.F.);
#4479 = ORIENTED_EDGE('',*,*,#4396,.F.);
#4480 = ORIENTED_EDGE('',*,*,#4481,.F.);
#4481 = EDGE_CURVE('',#4482,#4397,#4484,.T.);
#4482 = VERTEX_POINT('',#4483);
#4483 = CARTESIAN_POINT('',(2.,219.,20.));
#4484 = SURFACE_CURVE('',#4485,(#4489,#4496),.PCURVE_S1.);
#4485 = LINE('',#4486,#4487);
#4486 = CARTESIAN_POINT('',(210.,219.,20.));
#4487 = VECTOR('',#4488,1.);
#4488 = DIRECTION('',(-1.,-0.,-0.));
#4489 = PCURVE('',#1492,#4490);
#4490 = DEFINITIONAL_REPRESENTATION('',(#4491),#4495);
#4491 = LINE('',#4492,#4493);
#4492 = CARTESIAN_POINT('',(218.,1.));
#4493 = VECTOR('',#4494,1.);
#4494 = DIRECTION('',(-1.,0.));
#4495 = ( GEOMETRIC_REPRESENTATION_CONTEXT(2)
PARAMETRIC_REPRESENTATION_CONTEXT() REPRESENTATION_CONTEXT('2D SPACE',''
  ) );
#4496 = PCURVE('',#4441,#4497);
#4497 = DEFINITIONAL_REPRESENTATION('',(#4498),#4502);
#4498 = LINE('',#4499,#4500);
#4499 = CARTESIAN_POINT('',(1.570796326795,0.));
#4500 = VECTOR('',#4501,1.);
#4501 = DIRECTION('',(0.,1.));
#4502 = ( GEOMETRIC_REPRESENTATION_CONTEXT(2)
PARAMETRIC_REPRESENTATION_CONTEXT() REPRESENTATION_CONTEXT('2D SPACE',''
  ) );
#4503 = ORIENTED_EDGE('',*,*,#4504,.F.);
#4504 = EDGE_CURVE('',#4505,#4482,#4507,.T.);
#4505 = VERTEX_POINT('',#4506);
#4506 = CARTESIAN_POINT('',(2.,218.,20.));
#4507 = SURFACE_CURVE('',#4508,(#4512,#4519),.PCURVE_S1.);
#4508 = LINE('',#4509,#4510);
#4509 = CARTESIAN_POINT('',(2.,218.,20.));
#4510 = VECTOR('',#4511,1.);
#4511 = DIRECTION('',(0.,1.,0.));
#4512 = PCURVE('',#1492,#4513);
#4513 = DEFINITIONAL_REPRESENTATION('',(#4514),#4518);
#4514 = LINE('',#4515,#4516);
#4515 = CARTESIAN_POINT('',(10.,0.));
#4516 = VECTOR('',#4517,1.);
#4517 = DIRECTION('',(0.,1.));
#4518 = ( GEOMETRIC_REPRESENTATION_CONTEXT(2)
PARAMETRIC_REPRESENTATION_CONTEXT() REPRESENTATION_CONTEXT('2D SPACE',''
  ) );
#4519 = PCURVE('',#4520,#4525);
#4520 = PLANE('',#4521);
#4521 = AXIS2_PLACEMENT_3D('',#4522,#4523,#4524);
#4522 = CARTESIAN_POINT('',(2.,218.,0.));
#4523 = DIRECTION('',(1.,0.,0.));
#4524 = DIRECTION('',(0.,0.,1.));
#4525 = DEFINITIONAL_REPRESENTATION('',(#4526),#4530);
#4526 = LINE('',#4527,#4528);
#4527 = CARTESIAN_POINT('',(20.,0.));
#4528 = VECTOR('',#4529,1.);
#4529 = DIRECTION('',(0.,-1.));
#4530 = ( GEOMETRIC_REPRESENTATION_CONTEXT(2)
PARAMETRIC_REPRESENTATION_CONTEXT() REPRESENTATION_CONTEXT('2D SPACE',''
  ) );
#4531 = ORIENTED_EDGE('',*,*,#4532,.T.);
#4532 = EDGE_CURVE('',#4505,#4533,#4535,.T.);
#4533 = VERTEX_POINT('',#4534);
#4534 = CARTESIAN_POINT('',(208.,218.,20.));
#4535 = SURFACE_CURVE('',#4536,(#4540,#4547),.PCURVE_S1.);
#4536 = LINE('',#4537,#4538);
#4537 = CARTESIAN_POINT('',(2.,218.,20.));
#4538 = VECTOR('',#4539,1.);
#4539 = DIRECTION('',(1.,0.,0.));
#4540 = PCURVE('',#1492,#4541);
#4541 = DEFINITIONAL_REPRESENTATION('',(#4542),#4546);
#4542 = LINE('',#4543,#4544);
#4543 = CARTESIAN_POINT('',(10.,0.));
#4544 = VECTOR('',#4545,1.);
#4545 = DIRECTION('',(1.,0.));
#4546 = ( GEOMETRIC_REPRESENTATION_CONTEXT(2)
PARAMETRIC_REPRESENTATION_CONTEXT() REPRESENTATION_CONTEXT('2D SPACE',''
  ) );
#4547 = PCURVE('',#1696,#4548);
#4548 = DEFINITIONAL_REPRESENTATION('',(#4549),#4553);
#4549 = LINE('',#4550,#4551);
#4550 = CARTESIAN_POINT('',(20.,10.));
#4551 = VECTOR('',#4552,1.);
#4552 = DIRECTION('',(0.,1.));
#4553 = ( GEOMETRIC_REPRESENTATION_CONTEXT(2)
PARAMETRIC_REPRESENTATION_CONTEXT() REPRESENTATION_CONTEXT('2D SPACE',''
  ) );
#4554 = ORIENTED_EDGE('',*,*,#4555,.T.);
#4555 = EDGE_CURVE('',#4533,#4556,#4558,.T.);
#4556 = VERTEX_POINT('',#4557);
#4557 = CARTESIAN_POINT('',(208.,219.,20.));
#4558 = SURFACE_CURVE('',#4559,(#4563,#4570),.PCURVE_S1.);
#4559 = LINE('',#4560,#4561);
#4560 = CARTESIAN_POINT('',(208.,218.,20.));
#4561 = VECTOR('',#4562,1.);
#4562 = DIRECTION('',(0.,1.,0.));
#4563 = PCURVE('',#1492,#4564);
#4564 = DEFINITIONAL_REPRESENTATION('',(#4565),#4569);
#4565 = LINE('',#4566,#4567);
#4566 = CARTESIAN_POINT('',(216.,0.));
#4567 = VECTOR('',#4568,1.);
#4568 = DIRECTION('',(0.,1.));
#4569 = ( GEOMETRIC_REPRESENTATION_CONTEXT(2)
PARAMETRIC_REPRESENTATION_CONTEXT() REPRESENTATION_CONTEXT('2D SPACE',''
  ) );
#4570 = PCURVE('',#4571,#4576);
#4571 = PLANE('',#4572);
#4572 = AXIS2_PLACEMENT_3D('',#4573,#4574,#4575);
#4573 = CARTESIAN_POINT('',(208.,218.,0.));
#4574 = DIRECTION('',(1.,0.,0.));
#4575 = DIRECTION('',(0.,0.,1.));
#4576 = DEFINITIONAL_REPRESENTATION('',(#4577),#4581);
#4577 = LINE('',#4578,#4579);
#4578 = CARTESIAN_POINT('',(20.,0.));
#4579 = VECTOR('',#4580,1.);
#4580 = DIRECTION('',(0.,-1.));
#4581 = ( GEOMETRIC_REPRESENTATION_CONTEXT(2)
PARAMETRIC_REPRESENTATION_CONTEXT() REPRESENTATION_CONTEXT('2D SPACE',''
  ) );
#4582 = ORIENTED_EDGE('',*,*,#4583,.F.);
#4583 = EDGE_CURVE('',#4584,#4556,#4586,.T.);
#4584 = VERTEX_POINT('',#4585);
#4585 = CARTESIAN_POINT('',(210.,219.,20.));
#4586 = SURFACE_CURVE('',#4587,(#4591,#4598),.PCURVE_S1.);
#4587 = LINE('',#4588,#4589);
#4588 = CARTESIAN_POINT('',(210.,219.,20.));
#4589 = VECTOR('',#4590,1.);
#4590 = DIRECTION('',(-1.,-0.,-0.));
#4591 = PCURVE('',#1492,#4592);
#4592 = DEFINITIONAL_REPRESENTATION('',(#4593),#4597);
#4593 = LINE('',#4594,#4595);
#4594 = CARTESIAN_POINT('',(218.,1.));
#4595 = VECTOR('',#4596,1.);
#4596 = DIRECTION('',(-1.,0.));
#4597 = ( GEOMETRIC_REPRESENTATION_CONTEXT(2)
PARAMETRIC_REPRESENTATION_CONTEXT() REPRESENTATION_CONTEXT('2D SPACE',''
  ) );
#4598 = PCURVE('',#4599,#4604);
#4599 = CYLINDRICAL_SURFACE('',#4600,1.);
#4600 = AXIS2_PLACEMENT_3D('',#4601,#4602,#4603);
#4601 = CARTESIAN_POINT('',(210.,219.,19.));
#4602 = DIRECTION('',(-1.,-0.,-0.));
#4603 = DIRECTION('',(0.,-1.,0.));
#4604 = DEFINITIONAL_REPRESENTATION('',(#4605),#4609);
#4605 = LINE('',#4606,#4607);
#4606 = CARTESIAN_POINT('',(1.570796326795,0.));
#4607 = VECTOR('',#4608,1.);
#4608 = DIRECTION('',(0.,1.));
#4609 = ( GEOMETRIC_REPRESENTATION_CONTEXT(2)
PARAMETRIC_REPRESENTATION_CONTEXT() REPRESENTATION_CONTEXT('2D SPACE',''
  ) );
#4610 = ORIENTED_EDGE('',*,*,#4611,.F.);
#4611 = EDGE_CURVE('',#4612,#4584,#4614,.T.);
#4612 = VERTEX_POINT('',#4613);
#4613 = CARTESIAN_POINT('',(217.,226.,20.));
#4614 = SURFACE_CURVE('',#4615,(#4620,#4631),.PCURVE_S1.);
#4615 = CIRCLE('',#4616,7.);
#4616 = AXIS2_PLACEMENT_3D('',#4617,#4618,#4619);
#4617 = CARTESIAN_POINT('',(210.,226.,20.));
#4618 = DIRECTION('',(0.,0.,-1.));
#4619 = DIRECTION('',(1.,0.,0.));
#4620 = PCURVE('',#1492,#4621);
#4621 = DEFINITIONAL_REPRESENTATION('',(#4622),#4630);
#4622 = ( BOUNDED_CURVE() B_SPLINE_CURVE(2,(#4623,#4624,#4625,#4626,
#4627,#4628,#4629),.UNSPECIFIED.,.T.,.F.) B_SPLINE_CURVE_WITH_KNOTS((1,2
    ,2,2,2,1),(-2.094395102393,0.,2.094395102393,4.188790204786,
6.28318530718,8.377580409573),.UNSPECIFIED.) CURVE()
GEOMETRIC_REPRESENTATION_ITEM() RATIONAL_B_SPLINE_CURVE((1.,0.5,1.,0.5,
1.,0.5,1.)) REPRESENTATION_ITEM('') );
#4623 = CARTESIAN_POINT('',(225.,8.));
#4624 = CARTESIAN_POINT('',(225.,-4.124355652982));
#4625 = CARTESIAN_POINT('',(214.5,1.937822173509));
#4626 = CARTESIAN_POINT('',(204.,8.));
#4627 = CARTESIAN_POINT('',(214.5,14.062177826491));
#4628 = CARTESIAN_POINT('',(225.,20.124355652982));
#4629 = CARTESIAN_POINT('',(225.,8.));
#4630 = ( GEOMETRIC_REPRESENTATION_CONTEXT(2)
PARAMETRIC_REPRESENTATION_CONTEXT() REPRESENTATION_CONTEXT('2D SPACE',''
  ) );
#4631 = PCURVE('',#4632,#4637);
#4632 = TOROIDAL_SURFACE('',#4633,7.,1.);
#4633 = AXIS2_PLACEMENT_3D('',#4634,#4635,#4636);
#4634 = CARTESIAN_POINT('',(210.,226.,19.));
#4635 = DIRECTION('',(0.,0.,1.));
#4636 = DIRECTION('',(1.,0.,-0.));
#4637 = DEFINITIONAL_REPRESENTATION('',(#4638),#4642);
#4638 = LINE('',#4639,#4640);
#4639 = CARTESIAN_POINT('',(6.28318530718,1.570796326795));
#4640 = VECTOR('',#4641,1.);
#4641 = DIRECTION('',(-1.,0.));
#4642 = ( GEOMETRIC_REPRESENTATION_CONTEXT(2)
PARAMETRIC_REPRESENTATION_CONTEXT() REPRESENTATION_CONTEXT('2D SPACE',''
  ) );
#4643 = ORIENTED_EDGE('',*,*,#4644,.F.);
#4644 = EDGE_CURVE('',#4457,#4612,#4645,.T.);
#4645 = SURFACE_CURVE('',#4646,(#4650,#4657),.PCURVE_S1.);
#4646 = LINE('',#4647,#4648);
#4647 = CARTESIAN_POINT('',(217.,270.,20.));
#4648 = VECTOR('',#4649,1.);
#4649 = DIRECTION('',(-0.,-1.,-0.));
#4650 = PCURVE('',#1492,#4651);
#4651 = DEFINITIONAL_REPRESENTATION('',(#4652),#4656);
#4652 = LINE('',#4653,#4654);
#4653 = CARTESIAN_POINT('',(225.,52.));
#4654 = VECTOR('',#4655,1.);
#4655 = DIRECTION('',(0.,-1.));
#4656 = ( GEOMETRIC_REPRESENTATION_CONTEXT(2)
PARAMETRIC_REPRESENTATION_CONTEXT() REPRESENTATION_CONTEXT('2D SPACE',''
  ) );
#4657 = PCURVE('',#4658,#4663);
#4658 = CYLINDRICAL_SURFACE('',#4659,1.);
#4659 = AXIS2_PLACEMENT_3D('',#4660,#4661,#4662);
#4660 = CARTESIAN_POINT('',(217.,270.,19.));
#4661 = DIRECTION('',(-0.,-1.,-0.));
#4662 = DIRECTION('',(1.,0.,-0.));
#4663 = DEFINITIONAL_REPRESENTATION('',(#4664),#4668);
#4664 = LINE('',#4665,#4666);
#4665 = CARTESIAN_POINT('',(1.570796326795,0.));
#4666 = VECTOR('',#4667,1.);
#4667 = DIRECTION('',(0.,1.));
#4668 = ( GEOMETRIC_REPRESENTATION_CONTEXT(2)
PARAMETRIC_REPRESENTATION_CONTEXT() REPRESENTATION_CONTEXT('2D SPACE',''
  ) );
#4669 = ADVANCED_FACE('',(#4670),#1624,.F.);
#4670 = FACE_BOUND('',#4671,.F.);
#4671 = EDGE_LOOP('',(#4672,#4673,#4724,#4869,#4917));
#4672 = ORIENTED_EDGE('',*,*,#1576,.F.);
#4673 = ORIENTED_EDGE('',*,*,#4674,.T.);
#4674 = EDGE_CURVE('',#1577,#4675,#4677,.T.);
#4675 = VERTEX_POINT('',#4676);
#4676 = CARTESIAN_POINT('',(0.,218.12141295015,13.474657010232));
#4677 = SURFACE_CURVE('',#4678,(#4683,#4713),.PCURVE_S1.);
#4678 = CIRCLE('',#4679,0.5);
#4679 = AXIS2_PLACEMENT_3D('',#4680,#4681,#4682);
#4680 = CARTESIAN_POINT('',(0.,218.5,13.801263571231));
#4681 = DIRECTION('',(1.,0.,0.));
#4682 = DIRECTION('',(0.,-1.,0.));
#4683 = PCURVE('',#1624,#4684);
#4684 = DEFINITIONAL_REPRESENTATION('',(#4685),#4712);
#4685 = B_SPLINE_CURVE_WITH_KNOTS('',7,(#4686,#4687,#4688,#4689,#4690,
    #4691,#4692,#4693,#4694,#4695,#4696,#4697,#4698,#4699,#4700,#4701,
    #4702,#4703,#4704,#4705,#4706,#4707,#4708,#4709,#4710,#4711),
  .UNSPECIFIED.,.F.,.F.,(8,6,6,6,8),(0.,0.219877230995,0.43975446199,
    0.659631692985,0.711820280898),.UNSPECIFIED.);
#4686 = CARTESIAN_POINT('',(1.110223024625E-16,210.10000269883));
#4687 = CARTESIAN_POINT('',(0.260421194696,210.10000269883));
#4688 = CARTESIAN_POINT('',(0.516352725711,210.10000269883));
#4689 = CARTESIAN_POINT('',(0.76814284661,210.10000269884));
#4690 = CARTESIAN_POINT('',(1.016111918144,210.10000269883));
#4691 = CARTESIAN_POINT('',(1.260557560265,210.10000269884));
#4692 = CARTESIAN_POINT('',(1.501757101073,210.10000269883));
#4693 = CARTESIAN_POINT('',(1.978177544315,210.10000269883));
#4694 = CARTESIAN_POINT('',(2.213398586929,210.10000269883));
#4695 = CARTESIAN_POINT('',(2.44588920794,210.10000269883));
#4696 = CARTESIAN_POINT('',(2.675894543927,210.10000269883));
#4697 = CARTESIAN_POINT('',(2.903643348622,210.10000269883));
#4698 = CARTESIAN_POINT('',(3.129350445046,210.10000269883));
#4699 = CARTESIAN_POINT('',(3.577098338584,210.10000269883));
#4700 = CARTESIAN_POINT('',(3.799139096014,210.10000269884));
#4701 = CARTESIAN_POINT('',(4.019553055205,210.10000269883));
#4702 = CARTESIAN_POINT('',(4.238539791656,210.10000269884));
#4703 = CARTESIAN_POINT('',(4.456289364466,210.10000269883));
#4704 = CARTESIAN_POINT('',(4.672984165833,210.10000269883));
#4705 = CARTESIAN_POINT('',(4.940031185714,210.10000269883));
#4706 = CARTESIAN_POINT('',(4.99120783759,210.10000269883));
#4707 = CARTESIAN_POINT('',(5.042337700982,210.10000269883));
#4708 = CARTESIAN_POINT('',(5.093423197776,210.10000269883));
#4709 = CARTESIAN_POINT('',(5.144466733635,210.10000269883));
#4710 = CARTESIAN_POINT('',(5.195470694276,210.10000269883));
#4711 = CARTESIAN_POINT('',(5.246437446501,210.10000269883));
#4712 = ( GEOMETRIC_REPRESENTATION_CONTEXT(2)
PARAMETRIC_REPRESENTATION_CONTEXT() REPRESENTATION_CONTEXT('2D SPACE',''
  ) );
#4713 = PCURVE('',#4714,#4719);
#4714 = CYLINDRICAL_SURFACE('',#4715,0.5);
#4715 = AXIS2_PLACEMENT_3D('',#4716,#4717,#4718);
#4716 = CARTESIAN_POINT('',(210.,218.5,13.801263571231));
#4717 = DIRECTION('',(-1.,0.,0.));
#4718 = DIRECTION('',(-0.,-1.,-0.));
#4719 = DEFINITIONAL_REPRESENTATION('',(#4720),#4723);
#4720 = B_SPLINE_CURVE_WITH_KNOTS('',1,(#4721,#4722),.UNSPECIFIED.,.F.,
  .F.,(2,2),(0.,1.7590178321),.PIECEWISE_BEZIER_KNOTS.);
#4721 = CARTESIAN_POINT('',(6.28318530718,210.));
#4722 = CARTESIAN_POINT('',(4.52416747508,210.));
#4723 = ( GEOMETRIC_REPRESENTATION_CONTEXT(2)
PARAMETRIC_REPRESENTATION_CONTEXT() REPRESENTATION_CONTEXT('2D SPACE',''
  ) );
#4724 = ORIENTED_EDGE('',*,*,#4725,.T.);
#4725 = EDGE_CURVE('',#4675,#4726,#4728,.T.);
#4726 = VERTEX_POINT('',#4727);
#4727 = CARTESIAN_POINT('',(-3.,218.70996173246,13.586761540196));
#4728 = SURFACE_CURVE('',#4729,(#4772,#4818),.PCURVE_S1.);
#4729 = B_SPLINE_CURVE_WITH_KNOTS('',6,(#4730,#4731,#4732,#4733,#4734,
    #4735,#4736,#4737,#4738,#4739,#4740,#4741,#4742,#4743,#4744,#4745,
    #4746,#4747,#4748,#4749,#4750,#4751,#4752,#4753,#4754,#4755,#4756,
    #4757,#4758,#4759,#4760,#4761,#4762,#4763,#4764,#4765,#4766,#4767,
    #4768,#4769,#4770,#4771),.UNSPECIFIED.,.F.,.F.,(7,5,5,5,5,5,5,5,7),(
    0.,2.239501197514E-02,0.262066291046,0.502774783706,0.731961066976,
    0.961421276743,0.979577060415,0.988656005644,1.),.UNSPECIFIED.);
#4730 = CARTESIAN_POINT('',(3.552713678801E-15,218.12141295015,
    13.474657010231));
#4731 = CARTESIAN_POINT('',(-4.671697656783E-02,218.12141295015,
    13.474657010231));
#4732 = CARTESIAN_POINT('',(-9.343398103177E-02,218.12174272334,
    13.474719824173));
#4733 = CARTESIAN_POINT('',(-0.140148061153,218.12240227992,
    13.474845453998));
#4734 = CARTESIAN_POINT('',(-0.186856266167,218.12339159283,
    13.475033894552));
#4735 = CARTESIAN_POINT('',(-0.233555646782,218.12471059773,
    13.47528513358));
#4736 = CARTESIAN_POINT('',(-0.779893750324,218.14400244955,
    13.478959772023));
#4737 = CARTESIAN_POINT('',(-1.278210692438,218.19939520111,
    13.48951077232));
#4738 = CARTESIAN_POINT('',(-1.771547264,218.29241539366,13.507228904233
    ));
#4739 = CARTESIAN_POINT('',(-2.256336104896,218.4224439988,
    13.531996257593));
#4740 = CARTESIAN_POINT('',(-2.729114790597,218.58843745857,
    13.563614059455));
#4741 = CARTESIAN_POINT('',(-3.64602741437,218.99022706574,
    13.640145413201));
#4742 = CARTESIAN_POINT('',(-4.090055427627,219.22633408067,
    13.685118177949));
#4743 = CARTESIAN_POINT('',(-4.515319853322,219.49571200717,
    13.736428259189));
#4744 = CARTESIAN_POINT('',(-4.918731030422,219.7964375519,
    13.793709315327));
#4745 = CARTESIAN_POINT('',(-5.297472566469,220.12623203137,
    13.856527311417));
#4746 = CARTESIAN_POINT('',(-5.983793817941,220.82166542475,
    13.988990814918));
#4747 = CARTESIAN_POINT('',(-6.293927187414,221.18484818597,
    14.058168483722));
#4748 = CARTESIAN_POINT('',(-6.577293938092,221.56977079992,
    14.131487076854));
#4749 = CARTESIAN_POINT('',(-6.832050079403,221.97395269336,
    14.208474104177));
#4750 = CARTESIAN_POINT('',(-7.056652850887,222.39473762399,
    14.288623614772));
#4751 = CARTESIAN_POINT('',(-7.443350537337,223.26440646597,
    14.454274822769));
#4752 = CARTESIAN_POINT('',(-7.605377046245,223.71333834712,
    14.539785657274));
#4753 = CARTESIAN_POINT('',(-7.734743073362,224.1732895685,
    14.627395413727));
#4754 = CARTESIAN_POINT('',(-7.830574124922,224.64133524941,
    14.716546971996));
#4755 = CARTESIAN_POINT('',(-7.892329996376,225.11448170365,
    14.806670106136));
#4756 = CARTESIAN_POINT('',(-7.921984653414,225.62726783412,
    14.904343654798));
#4757 = CARTESIAN_POINT('',(-7.923944419391,225.66487933748,
    14.911507750675));
#4758 = CARTESIAN_POINT('',(-7.925689502588,225.70250215811,
    14.918674002225));
#4759 = CARTESIAN_POINT('',(-7.927219815992,225.74013478653,
    14.925842121923));
#4760 = CARTESIAN_POINT('',(-7.928535285525,225.77777571159,
    14.933011821936));
#4761 = CARTESIAN_POINT('',(-7.930186196171,225.83424945933,
    14.943768726267));
#4762 = CARTESIAN_POINT('',(-7.930682815853,225.85307761484,
    14.947355041601));
#4763 = CARTESIAN_POINT('',(-7.931125696764,225.87190769173,
    14.950941722915));
#4764 = CARTESIAN_POINT('',(-7.93151482749,225.89073949446,
    14.954528732958));
#4765 = CARTESIAN_POINT('',(-7.931850197538,225.90957282723,
    14.958116034438));
#4766 = CARTESIAN_POINT('',(-7.932483651706,225.95194110378,
    14.966186182351));
#4767 = CARTESIAN_POINT('',(-7.932639704055,225.96806017886,
    14.969256482367));
#4768 = CARTESIAN_POINT('',(-7.932870670146,225.98820294858,
    14.973093200409));
#4769 = CARTESIAN_POINT('',(-7.933017064704,226.01446527688,
    14.978095548657));
#4770 = CARTESIAN_POINT('',(-7.933012701892,226.04014981974,
    14.982987842535));
#4771 = CARTESIAN_POINT('',(-7.933012701892,226.04677802697,
    14.984250358197));
#4772 = PCURVE('',#1624,#4773);
#4773 = DEFINITIONAL_REPRESENTATION('',(#4774),#4817);
#4774 = B_SPLINE_CURVE_WITH_KNOTS('',6,(#4775,#4776,#4777,#4778,#4779,
    #4780,#4781,#4782,#4783,#4784,#4785,#4786,#4787,#4788,#4789,#4790,
    #4791,#4792,#4793,#4794,#4795,#4796,#4797,#4798,#4799,#4800,#4801,
    #4802,#4803,#4804,#4805,#4806,#4807,#4808,#4809,#4810,#4811,#4812,
    #4813,#4814,#4815,#4816),.UNSPECIFIED.,.F.,.F.,(7,5,5,5,5,5,5,5,7),(
    0.,2.239501197514E-02,0.262066291046,0.502774783706,0.731961066976,
    0.961421276743,0.979577060415,0.988656005644,1.),.UNSPECIFIED.);
#4775 = CARTESIAN_POINT('',(5.246437446526,210.10000269883));
#4776 = CARTESIAN_POINT('',(5.246437446526,210.14819380554));
#4777 = CARTESIAN_POINT('',(5.246404549314,210.19638488665));
#4778 = CARTESIAN_POINT('',(5.246338754324,210.24457585129));
#4779 = CARTESIAN_POINT('',(5.24624006242,210.29276660816));
#4780 = CARTESIAN_POINT('',(5.246108475903,210.34095706566));
#4781 = CARTESIAN_POINT('',(5.244183762461,210.90487691996));
#4782 = CARTESIAN_POINT('',(5.238656388409,211.42057702135));
#4783 = CARTESIAN_POINT('',(5.229366189268,211.93610031796));
#4784 = CARTESIAN_POINT('',(5.21633741507,212.45134904656));
#4785 = CARTESIAN_POINT('',(5.199608667632,212.9662381214));
#4786 = CARTESIAN_POINT('',(5.158788227243,213.99728791949));
#4787 = CARTESIAN_POINT('',(5.13466378196,214.51347457939));
#4788 = CARTESIAN_POINT('',(5.106931616381,215.02909417404));
#4789 = CARTESIAN_POINT('',(5.075674059509,215.54409974204));
#4790 = CARTESIAN_POINT('',(5.040994020833,216.05846591524));
#4791 = CARTESIAN_POINT('',(4.966877276853,217.06123589938));
#4792 = CARTESIAN_POINT('',(4.927746097062,217.54972582656));
#4793 = CARTESIAN_POINT('',(4.885749264064,218.03758144634));
#4794 = CARTESIAN_POINT('',(4.841023718898,218.52482082094));
#4795 = CARTESIAN_POINT('',(4.793731712927,219.01147586215));
#4796 = CARTESIAN_POINT('',(4.69435236435,219.98423421886));
#4797 = CARTESIAN_POINT('',(4.642257647564,220.47035288843));
#4798 = CARTESIAN_POINT('',(4.587986074853,220.95594185188));
#4799 = CARTESIAN_POINT('',(4.531766675332,221.44106433219));
#4800 = CARTESIAN_POINT('',(4.473866542912,221.92579364653));
#4801 = CARTESIAN_POINT('',(4.409915301394,222.44853941445));
#4802 = CARTESIAN_POINT('',(4.405217713676,222.48686644842));
#4803 = CARTESIAN_POINT('',(4.400511749648,222.52519162212));
#4804 = CARTESIAN_POINT('',(4.395797568079,222.5635149847));
#4805 = CARTESIAN_POINT('',(4.391075329673,222.60183658659));
#4806 = CARTESIAN_POINT('',(4.383979856333,222.65931864921));
#4807 = CARTESIAN_POINT('',(4.381612488773,222.67848081947));
#4808 = CARTESIAN_POINT('',(4.379243115363,222.69764299024));
#4809 = CARTESIAN_POINT('',(4.376871757212,222.71680516152));
#4810 = CARTESIAN_POINT('',(4.374498435576,222.73596733334));
#4811 = CARTESIAN_POINT('',(4.36915531848,222.77907232826));
#4812 = CARTESIAN_POINT('',(4.367101517425,222.79561880934));
#4813 = CARTESIAN_POINT('',(4.364624645188,222.81556908705));
#4814 = CARTESIAN_POINT('',(4.361307949449,222.84226508273));
#4815 = CARTESIAN_POINT('',(4.358087461346,222.86813981576));
#4816 = CARTESIAN_POINT('',(4.357255081297,222.8748282096));
#4817 = ( GEOMETRIC_REPRESENTATION_CONTEXT(2)
PARAMETRIC_REPRESENTATION_CONTEXT() REPRESENTATION_CONTEXT('2D SPACE',''
  ) );
#4818 = PCURVE('',#4819,#4824);
#4819 = PLANE('',#4820);
#4820 = AXIS2_PLACEMENT_3D('',#4821,#4822,#4823);
#4821 = CARTESIAN_POINT('',(-16.,227.93451076223,15.343818498248));
#4822 = DIRECTION('',(0.,0.18711210789,-0.982338566422));
#4823 = DIRECTION('',(0.,-0.982338566422,-0.18711210789));
#4824 = DEFINITIONAL_REPRESENTATION('',(#4825),#4868);
#4825 = B_SPLINE_CURVE_WITH_KNOTS('',6,(#4826,#4827,#4828,#4829,#4830,
    #4831,#4832,#4833,#4834,#4835,#4836,#4837,#4838,#4839,#4840,#4841,
    #4842,#4843,#4844,#4845,#4846,#4847,#4848,#4849,#4850,#4851,#4852,
    #4853,#4854,#4855,#4856,#4857,#4858,#4859,#4860,#4861,#4862,#4863,
    #4864,#4865,#4866,#4867),.UNSPECIFIED.,.F.,.F.,(7,5,5,5,5,5,5,5,7),(
    0.,2.239501197514E-02,0.262066291046,0.502774783706,0.731961066976,
    0.961421276743,0.979577060415,0.988656005644,1.),.UNSPECIFIED.);
#4826 = CARTESIAN_POINT('',(9.989527182892,-16.));
#4827 = CARTESIAN_POINT('',(9.989527182892,-15.95328302343));
#4828 = CARTESIAN_POINT('',(9.98919148072,-15.90656601896));
#4829 = CARTESIAN_POINT('',(9.988520065993,-15.85985193884));
#4830 = CARTESIAN_POINT('',(9.987512966258,-15.81314373383));
#4831 = CARTESIAN_POINT('',(9.986170247012,-15.76644435321));
#4832 = CARTESIAN_POINT('',(9.966531547606,-15.22010624967));
#4833 = CARTESIAN_POINT('',(9.910142891543,-14.72178930756));
#4834 = CARTESIAN_POINT('',(9.815450291935,-14.228452736));
#4835 = CARTESIAN_POINT('',(9.683083906674,-13.7436638951));
#4836 = CARTESIAN_POINT('',(9.514106055814,-13.2708852094));
#4837 = CARTESIAN_POINT('',(9.105092686185,-12.35397258563));
#4838 = CARTESIAN_POINT('',(8.864740710806,-11.90994457237));
#4839 = CARTESIAN_POINT('',(8.590519647206,-11.48468014667));
#4840 = CARTESIAN_POINT('',(8.284387367553,-11.08126896957));
#4841 = CARTESIAN_POINT('',(7.948663523714,-10.70252743353));
#4842 = CARTESIAN_POINT('',(7.24072695566,-10.01620618205));
#4843 = CARTESIAN_POINT('',(6.871014543225,-9.706072812586));
#4844 = CARTESIAN_POINT('',(6.479171417946,-9.422706061908));
#4845 = CARTESIAN_POINT('',(6.067722751207,-9.167949920597));
#4846 = CARTESIAN_POINT('',(5.639372541806,-8.943347149113));
#4847 = CARTESIAN_POINT('',(4.754067951611,-8.556649462663));
#4848 = CARTESIAN_POINT('',(4.297064738569,-8.394622953755));
#4849 = CARTESIAN_POINT('',(3.828844068932,-8.265256926638));
#4850 = CARTESIAN_POINT('',(3.352383409738,-8.169425875078));
#4851 = CARTESIAN_POINT('',(2.870730270573,-8.107670003624));
#4852 = CARTESIAN_POINT('',(2.348724774711,-8.078015346586));
#4853 = CARTESIAN_POINT('',(2.310437055338,-8.076055580609));
#4854 = CARTESIAN_POINT('',(2.272137815223,-8.074310497412));
#4855 = CARTESIAN_POINT('',(2.233828590983,-8.072780184008));
#4856 = CARTESIAN_POINT('',(2.195510920939,-8.071464714475));
#4857 = CARTESIAN_POINT('',(2.1380218335,-8.069813803829));
#4858 = CARTESIAN_POINT('',(2.118855167186,-8.069317184147));
#4859 = CARTESIAN_POINT('',(2.099686544947,-8.068874303236));
#4860 = CARTESIAN_POINT('',(2.08051616584,-8.06848517251));
#4861 = CARTESIAN_POINT('',(2.061344229184,-8.068149802462));
#4862 = CARTESIAN_POINT('',(2.018214214749,-8.067516348294));
#4863 = CARTESIAN_POINT('',(2.001805335335,-8.067360295945));
#4864 = CARTESIAN_POINT('',(1.981300419405,-8.067129329854));
#4865 = CARTESIAN_POINT('',(1.954565921546,-8.066982935296));
#4866 = CARTESIAN_POINT('',(1.928419597114,-8.066987298108));
#4867 = CARTESIAN_POINT('',(1.921672221559,-8.066987298108));
#4868 = ( GEOMETRIC_REPRESENTATION_CONTEXT(2)
PARAMETRIC_REPRESENTATION_CONTEXT() REPRESENTATION_CONTEXT('2D SPACE',''
  ) );
#4869 = ORIENTED_EDGE('',*,*,#4870,.T.);
#4870 = EDGE_CURVE('',#4726,#1758,#4871,.T.);
#4871 = SURFACE_CURVE('',#4872,(#4885,#4901),.PCURVE_S1.);
#4872 = B_SPLINE_CURVE_WITH_KNOTS('',6,(#4873,#4874,#4875,#4876,#4877,
    #4878,#4879,#4880,#4881,#4882,#4883,#4884),.UNSPECIFIED.,.F.,.F.,(7,
    5,7),(0.,0.46613368968,1.),.UNSPECIFIED.);
#4873 = CARTESIAN_POINT('',(-3.,218.7129543605,13.583558278522));
#4874 = CARTESIAN_POINT('',(-3.,218.69224368668,13.605529387238));
#4875 = CARTESIAN_POINT('',(-3.,218.67338020119,13.628784464978));
#4876 = CARTESIAN_POINT('',(-3.,218.65651992752,13.65308583567));
#4877 = CARTESIAN_POINT('',(-3.,218.64174824102,13.678165075935));
#4878 = CARTESIAN_POINT('',(-3.,218.6290841537,13.703750258365));
#4879 = CARTESIAN_POINT('',(-3.,218.60634485215,13.759191298159));
#4880 = CARTESIAN_POINT('',(-3.,218.59691367675,13.789127391957));
#4881 = CARTESIAN_POINT('',(-3.,218.59012972793,13.819027475601));
#4882 = CARTESIAN_POINT('',(-3.,218.58583255653,13.848554651033));
#4883 = CARTESIAN_POINT('',(-3.,218.58380272514,13.877448149361));
#4884 = CARTESIAN_POINT('',(-3.,218.58380268508,13.905515320374));
#4885 = PCURVE('',#1624,#4886);
#4886 = DEFINITIONAL_REPRESENTATION('',(#4887),#4900);
#4887 = B_SPLINE_CURVE_WITH_KNOTS('',6,(#4888,#4889,#4890,#4891,#4892,
    #4893,#4894,#4895,#4896,#4897,#4898,#4899),.UNSPECIFIED.,.F.,.F.,(7,
    5,7),(1.128691478716E-02,0.466133687656,0.884082056883),
  .UNSPECIFIED.);
#4888 = CARTESIAN_POINT('',(5.187253452242,213.27196838772));
#4889 = CARTESIAN_POINT('',(4.78974179952,213.26573832943));
#4890 = CARTESIAN_POINT('',(4.392193014134,213.26032131083));
#4891 = CARTESIAN_POINT('',(3.99460522686,213.25574223983));
#4892 = CARTESIAN_POINT('',(3.596976589994,213.25200144089));
#4893 = CARTESIAN_POINT('',(3.199306637639,213.24907869082));
#4894 = CARTESIAN_POINT('',(2.4361518862,213.24496953724));
#4895 = CARTESIAN_POINT('',(2.070672467818,213.24366158232));
#4896 = CARTESIAN_POINT('',(1.705160336547,213.2429852884));
#4897 = CARTESIAN_POINT('',(1.339616188645,213.24290146238));
#4898 = CARTESIAN_POINT('',(0.974041083599,213.24336466457));
#4899 = CARTESIAN_POINT('',(0.608436328949,213.24432706999));
#4900 = ( GEOMETRIC_REPRESENTATION_CONTEXT(2)
PARAMETRIC_REPRESENTATION_CONTEXT() REPRESENTATION_CONTEXT('2D SPACE',''
  ) );
#4901 = PCURVE('',#1773,#4902);
#4902 = DEFINITIONAL_REPRESENTATION('',(#4903),#4916);
#4903 = B_SPLINE_CURVE_WITH_KNOTS('',6,(#4904,#4905,#4906,#4907,#4908,
    #4909,#4910,#4911,#4912,#4913,#4914,#4915),.UNSPECIFIED.,.F.,.F.,(7,
    5,7),(0.,0.46613368968,1.),.UNSPECIFIED.);
#4904 = CARTESIAN_POINT('',(4.583558278522,4.54456712818));
#4905 = CARTESIAN_POINT('',(4.605529387238,4.565277802));
#4906 = CARTESIAN_POINT('',(4.628784464978,4.58414128749));
#4907 = CARTESIAN_POINT('',(4.65308583567,4.60100156116));
#4908 = CARTESIAN_POINT('',(4.678165075935,4.61577324766));
#4909 = CARTESIAN_POINT('',(4.703750258365,4.62843733498));
#4910 = CARTESIAN_POINT('',(4.759191298159,4.65117663653));
#4911 = CARTESIAN_POINT('',(4.789127391957,4.66060781193));
#4912 = CARTESIAN_POINT('',(4.819027475601,4.66739176075));
#4913 = CARTESIAN_POINT('',(4.848554651033,4.67168893215));
#4914 = CARTESIAN_POINT('',(4.877448149361,4.67371876354));
#4915 = CARTESIAN_POINT('',(4.905515320374,4.6737188036));
#4916 = ( GEOMETRIC_REPRESENTATION_CONTEXT(2)
PARAMETRIC_REPRESENTATION_CONTEXT() REPRESENTATION_CONTEXT('2D SPACE',''
  ) );
#4917 = ORIENTED_EDGE('',*,*,#1785,.T.);
#4918 = ADVANCED_FACE('',(#4919),#1696,.F.);
#4919 = FACE_BOUND('',#4920,.F.);
#4920 = EDGE_LOOP('',(#4921,#4951,#4972,#4973,#4996,#5017,#5018,#5041));
#4921 = ORIENTED_EDGE('',*,*,#4922,.F.);
#4922 = EDGE_CURVE('',#4923,#4925,#4927,.T.);
#4923 = VERTEX_POINT('',#4924);
#4924 = CARTESIAN_POINT('',(210.,218.,13.801263571231));
#4925 = VERTEX_POINT('',#4926);
#4926 = CARTESIAN_POINT('',(210.,218.,19.));
#4927 = SURFACE_CURVE('',#4928,(#4932,#4939),.PCURVE_S1.);
#4928 = LINE('',#4929,#4930);
#4929 = CARTESIAN_POINT('',(210.,218.,0.));
#4930 = VECTOR('',#4931,1.);
#4931 = DIRECTION('',(0.,0.,1.));
#4932 = PCURVE('',#1696,#4933);
#4933 = DEFINITIONAL_REPRESENTATION('',(#4934),#4938);
#4934 = LINE('',#4935,#4936);
#4935 = CARTESIAN_POINT('',(0.,218.));
#4936 = VECTOR('',#4937,1.);
#4937 = DIRECTION('',(1.,0.));
#4938 = ( GEOMETRIC_REPRESENTATION_CONTEXT(2)
PARAMETRIC_REPRESENTATION_CONTEXT() REPRESENTATION_CONTEXT('2D SPACE',''
  ) );
#4939 = PCURVE('',#4940,#4945);
#4940 = CYLINDRICAL_SURFACE('',#4941,8.);
#4941 = AXIS2_PLACEMENT_3D('',#4942,#4943,#4944);
#4942 = CARTESIAN_POINT('',(210.,226.,0.));
#4943 = DIRECTION('',(0.,0.,1.));
#4944 = DIRECTION('',(1.,0.,-0.));
#4945 = DEFINITIONAL_REPRESENTATION('',(#4946),#4950);
#4946 = LINE('',#4947,#4948);
#4947 = CARTESIAN_POINT('',(4.712388980385,0.));
#4948 = VECTOR('',#4949,1.);
#4949 = DIRECTION('',(-0.,1.));
#4950 = ( GEOMETRIC_REPRESENTATION_CONTEXT(2)
PARAMETRIC_REPRESENTATION_CONTEXT() REPRESENTATION_CONTEXT('2D SPACE',''
  ) );
#4951 = ORIENTED_EDGE('',*,*,#4952,.T.);
#4952 = EDGE_CURVE('',#4923,#1577,#4953,.T.);
#4953 = SURFACE_CURVE('',#4954,(#4958,#4965),.PCURVE_S1.);
#4954 = LINE('',#4955,#4956);
#4955 = CARTESIAN_POINT('',(210.,218.,13.801263571231));
#4956 = VECTOR('',#4957,1.);
#4957 = DIRECTION('',(-1.,0.,0.));
#4958 = PCURVE('',#1696,#4959);
#4959 = DEFINITIONAL_REPRESENTATION('',(#4960),#4964);
#4960 = LINE('',#4961,#4962);
#4961 = CARTESIAN_POINT('',(13.801263571231,218.));
#4962 = VECTOR('',#4963,1.);
#4963 = DIRECTION('',(0.,-1.));
#4964 = ( GEOMETRIC_REPRESENTATION_CONTEXT(2)
PARAMETRIC_REPRESENTATION_CONTEXT() REPRESENTATION_CONTEXT('2D SPACE',''
  ) );
#4965 = PCURVE('',#4714,#4966);
#4966 = DEFINITIONAL_REPRESENTATION('',(#4967),#4971);
#4967 = LINE('',#4968,#4969);
#4968 = CARTESIAN_POINT('',(6.28318530718,0.));
#4969 = VECTOR('',#4970,1.);
#4970 = DIRECTION('',(-0.,1.));
#4971 = ( GEOMETRIC_REPRESENTATION_CONTEXT(2)
PARAMETRIC_REPRESENTATION_CONTEXT() REPRESENTATION_CONTEXT('2D SPACE',''
  ) );
#4972 = ORIENTED_EDGE('',*,*,#1680,.T.);
#4973 = ORIENTED_EDGE('',*,*,#4974,.F.);
#4974 = EDGE_CURVE('',#4975,#1681,#4977,.T.);
#4975 = VERTEX_POINT('',#4976);
#4976 = CARTESIAN_POINT('',(2.,218.,19.));
#4977 = SURFACE_CURVE('',#4978,(#4982,#4989),.PCURVE_S1.);
#4978 = LINE('',#4979,#4980);
#4979 = CARTESIAN_POINT('',(210.,218.,19.));
#4980 = VECTOR('',#4981,1.);
#4981 = DIRECTION('',(-1.,-0.,-0.));
#4982 = PCURVE('',#1696,#4983);
#4983 = DEFINITIONAL_REPRESENTATION('',(#4984),#4988);
#4984 = LINE('',#4985,#4986);
#4985 = CARTESIAN_POINT('',(19.,218.));
#4986 = VECTOR('',#4987,1.);
#4987 = DIRECTION('',(0.,-1.));
#4988 = ( GEOMETRIC_REPRESENTATION_CONTEXT(2)
PARAMETRIC_REPRESENTATION_CONTEXT() REPRESENTATION_CONTEXT('2D SPACE',''
  ) );
#4989 = PCURVE('',#4441,#4990);
#4990 = DEFINITIONAL_REPRESENTATION('',(#4991),#4995);
#4991 = LINE('',#4992,#4993);
#4992 = CARTESIAN_POINT('',(0.,0.));
#4993 = VECTOR('',#4994,1.);
#4994 = DIRECTION('',(0.,1.));
#4995 = ( GEOMETRIC_REPRESENTATION_CONTEXT(2)
PARAMETRIC_REPRESENTATION_CONTEXT() REPRESENTATION_CONTEXT('2D SPACE',''
  ) );
#4996 = ORIENTED_EDGE('',*,*,#4997,.T.);
#4997 = EDGE_CURVE('',#4975,#4505,#4998,.T.);
#4998 = SURFACE_CURVE('',#4999,(#5003,#5010),.PCURVE_S1.);
#4999 = LINE('',#5000,#5001);
#5000 = CARTESIAN_POINT('',(2.,218.,0.));
#5001 = VECTOR('',#5002,1.);
#5002 = DIRECTION('',(0.,0.,1.));
#5003 = PCURVE('',#1696,#5004);
#5004 = DEFINITIONAL_REPRESENTATION('',(#5005),#5009);
#5005 = LINE('',#5006,#5007);
#5006 = CARTESIAN_POINT('',(0.,10.));
#5007 = VECTOR('',#5008,1.);
#5008 = DIRECTION('',(1.,0.));
#5009 = ( GEOMETRIC_REPRESENTATION_CONTEXT(2)
PARAMETRIC_REPRESENTATION_CONTEXT() REPRESENTATION_CONTEXT('2D SPACE',''
  ) );
#5010 = PCURVE('',#4520,#5011);
#5011 = DEFINITIONAL_REPRESENTATION('',(#5012),#5016);
#5012 = LINE('',#5013,#5014);
#5013 = CARTESIAN_POINT('',(0.,0.));
#5014 = VECTOR('',#5015,1.);
#5015 = DIRECTION('',(1.,0.));
#5016 = ( GEOMETRIC_REPRESENTATION_CONTEXT(2)
PARAMETRIC_REPRESENTATION_CONTEXT() REPRESENTATION_CONTEXT('2D SPACE',''
  ) );
#5017 = ORIENTED_EDGE('',*,*,#4532,.T.);
#5018 = ORIENTED_EDGE('',*,*,#5019,.F.);
#5019 = EDGE_CURVE('',#5020,#4533,#5022,.T.);
#5020 = VERTEX_POINT('',#5021);
#5021 = CARTESIAN_POINT('',(208.,218.,19.));
#5022 = SURFACE_CURVE('',#5023,(#5027,#5034),.PCURVE_S1.);
#5023 = LINE('',#5024,#5025);
#5024 = CARTESIAN_POINT('',(208.,218.,0.));
#5025 = VECTOR('',#5026,1.);
#5026 = DIRECTION('',(0.,0.,1.));
#5027 = PCURVE('',#1696,#5028);
#5028 = DEFINITIONAL_REPRESENTATION('',(#5029),#5033);
#5029 = LINE('',#5030,#5031);
#5030 = CARTESIAN_POINT('',(0.,216.));
#5031 = VECTOR('',#5032,1.);
#5032 = DIRECTION('',(1.,0.));
#5033 = ( GEOMETRIC_REPRESENTATION_CONTEXT(2)
PARAMETRIC_REPRESENTATION_CONTEXT() REPRESENTATION_CONTEXT('2D SPACE',''
  ) );
#5034 = PCURVE('',#4571,#5035);
#5035 = DEFINITIONAL_REPRESENTATION('',(#5036),#5040);
#5036 = LINE('',#5037,#5038);
#5037 = CARTESIAN_POINT('',(0.,0.));
#5038 = VECTOR('',#5039,1.);
#5039 = DIRECTION('',(1.,0.));
#5040 = ( GEOMETRIC_REPRESENTATION_CONTEXT(2)
PARAMETRIC_REPRESENTATION_CONTEXT() REPRESENTATION_CONTEXT('2D SPACE',''
  ) );
#5041 = ORIENTED_EDGE('',*,*,#5042,.F.);
#5042 = EDGE_CURVE('',#4925,#5020,#5043,.T.);
#5043 = SURFACE_CURVE('',#5044,(#5048,#5055),.PCURVE_S1.);
#5044 = LINE('',#5045,#5046);
#5045 = CARTESIAN_POINT('',(210.,218.,19.));
#5046 = VECTOR('',#5047,1.);
#5047 = DIRECTION('',(-1.,-0.,-0.));
#5048 = PCURVE('',#1696,#5049);
#5049 = DEFINITIONAL_REPRESENTATION('',(#5050),#5054);
#5050 = LINE('',#5051,#5052);
#5051 = CARTESIAN_POINT('',(19.,218.));
#5052 = VECTOR('',#5053,1.);
#5053 = DIRECTION('',(0.,-1.));
#5054 = ( GEOMETRIC_REPRESENTATION_CONTEXT(2)
PARAMETRIC_REPRESENTATION_CONTEXT() REPRESENTATION_CONTEXT('2D SPACE',''
  ) );
#5055 = PCURVE('',#4599,#5056);
#5056 = DEFINITIONAL_REPRESENTATION('',(#5057),#5061);
#5057 = LINE('',#5058,#5059);
#5058 = CARTESIAN_POINT('',(0.,0.));
#5059 = VECTOR('',#5060,1.);
#5060 = DIRECTION('',(0.,1.));
#5061 = ( GEOMETRIC_REPRESENTATION_CONTEXT(2)
PARAMETRIC_REPRESENTATION_CONTEXT() REPRESENTATION_CONTEXT('2D SPACE',''
  ) );
#5062 = ADVANCED_FACE('',(#5063),#1773,.F.);
#5063 = FACE_BOUND('',#5064,.F.);
#5064 = EDGE_LOOP('',(#5065,#5115,#5116,#5117,#5118,#5119,#5120,#5121,
    #5144,#5177,#5205,#5238));
#5065 = ORIENTED_EDGE('',*,*,#5066,.T.);
#5066 = EDGE_CURVE('',#5067,#1983,#5069,.T.);
#5067 = VERTEX_POINT('',#5068);
#5068 = CARTESIAN_POINT('',(-3.,218.70996173472,4.413238459373));
#5069 = SURFACE_CURVE('',#5070,(#5083,#5099),.PCURVE_S1.);
#5070 = B_SPLINE_CURVE_WITH_KNOTS('',6,(#5071,#5072,#5073,#5074,#5075,
    #5076,#5077,#5078,#5079,#5080,#5081,#5082),.UNSPECIFIED.,.F.,.F.,(7,
    5,7),(0.,0.466133689679,1.),.UNSPECIFIED.);
#5071 = CARTESIAN_POINT('',(-3.,218.71295435827,4.416441719112));
#5072 = CARTESIAN_POINT('',(-3.,218.69224368479,4.394470610465));
#5073 = CARTESIAN_POINT('',(-3.,218.67338019961,4.371215532831));
#5074 = CARTESIAN_POINT('',(-3.,218.65651992624,4.34691416228));
#5075 = CARTESIAN_POINT('',(-3.,218.64174824,4.321834922185));
#5076 = CARTESIAN_POINT('',(-3.,218.6290841529,4.296249739945));
#5077 = CARTESIAN_POINT('',(-3.,218.60634485176,4.240808700589));
#5078 = CARTESIAN_POINT('',(-3.,218.59691367653,4.210872607043));
#5079 = CARTESIAN_POINT('',(-3.,218.59012972782,4.180972523658));
#5080 = CARTESIAN_POINT('',(-3.,218.58583255649,4.151445348484));
#5081 = CARTESIAN_POINT('',(-3.,218.58380272514,4.122551850405));
#5082 = CARTESIAN_POINT('',(-3.,218.58380268508,4.094484679626));
#5083 = PCURVE('',#1773,#5084);
#5084 = DEFINITIONAL_REPRESENTATION('',(#5085),#5098);
#5085 = B_SPLINE_CURVE_WITH_KNOTS('',6,(#5086,#5087,#5088,#5089,#5090,
    #5091,#5092,#5093,#5094,#5095,#5096,#5097),.UNSPECIFIED.,.F.,.F.,(7,
    5,7),(0.,0.466133689679,1.),.UNSPECIFIED.);
#5086 = CARTESIAN_POINT('',(-4.583558280888,4.54456713041));
#5087 = CARTESIAN_POINT('',(-4.605529389535,4.56527780389));
#5088 = CARTESIAN_POINT('',(-4.628784467169,4.58414128907));
#5089 = CARTESIAN_POINT('',(-4.65308583772,4.60100156244));
#5090 = CARTESIAN_POINT('',(-4.678165077815,4.61577324868));
#5091 = CARTESIAN_POINT('',(-4.703750260055,4.62843733578));
#5092 = CARTESIAN_POINT('',(-4.759191299411,4.65117663692));
#5093 = CARTESIAN_POINT('',(-4.789127392957,4.66060781215));
#5094 = CARTESIAN_POINT('',(-4.819027476342,4.66739176086));
#5095 = CARTESIAN_POINT('',(-4.848554651516,4.67168893219));
#5096 = CARTESIAN_POINT('',(-4.877448149595,4.67371876354));
#5097 = CARTESIAN_POINT('',(-4.905515320374,4.6737188036));
#5098 = ( GEOMETRIC_REPRESENTATION_CONTEXT(2)
PARAMETRIC_REPRESENTATION_CONTEXT() REPRESENTATION_CONTEXT('2D SPACE',''
  ) );
#5099 = PCURVE('',#2010,#5100);
#5100 = DEFINITIONAL_REPRESENTATION('',(#5101),#5114);
#5101 = B_SPLINE_CURVE_WITH_KNOTS('',6,(#5102,#5103,#5104,#5105,#5106,
    #5107,#5108,#5109,#5110,#5111,#5112,#5113),.UNSPECIFIED.,.F.,.F.,(7,
    5,7),(1.128690337487E-02,0.466133687653,0.884082055917),
  .UNSPECIFIED.);
#5102 = CARTESIAN_POINT('',(5.187253468673,248.67283604074));
#5103 = CARTESIAN_POINT('',(4.78974180931,248.67906609918));
#5104 = CARTESIAN_POINT('',(4.392193017283,248.68448311787));
#5105 = CARTESIAN_POINT('',(3.994605223364,248.68906218895));
#5106 = CARTESIAN_POINT('',(3.596976579854,248.69280298794));
#5107 = CARTESIAN_POINT('',(3.199306620855,248.69572573805));
#5108 = CARTESIAN_POINT('',(2.436151866668,248.69983489155));
#5109 = CARTESIAN_POINT('',(2.070672452189,248.70114284644));
#5110 = CARTESIAN_POINT('',(1.70516032482,248.70181914034));
#5111 = CARTESIAN_POINT('',(1.33961618082,248.70190296634));
#5112 = CARTESIAN_POINT('',(0.974041079678,248.70143976415));
#5113 = CARTESIAN_POINT('',(0.608436328932,248.70047735874));
#5114 = ( GEOMETRIC_REPRESENTATION_CONTEXT(2)
PARAMETRIC_REPRESENTATION_CONTEXT() REPRESENTATION_CONTEXT('2D SPACE',''
  ) );
#5115 = ORIENTED_EDGE('',*,*,#2071,.T.);
#5116 = ORIENTED_EDGE('',*,*,#1930,.F.);
#5117 = ORIENTED_EDGE('',*,*,#1903,.T.);
#5118 = ORIENTED_EDGE('',*,*,#1827,.F.);
#5119 = ORIENTED_EDGE('',*,*,#1757,.T.);
#5120 = ORIENTED_EDGE('',*,*,#4870,.F.);
#5121 = ORIENTED_EDGE('',*,*,#5122,.F.);
#5122 = EDGE_CURVE('',#5123,#4726,#5125,.T.);
#5123 = VERTEX_POINT('',#5124);
#5124 = CARTESIAN_POINT('',(-3.,227.93451076223,15.343818498248));
#5125 = SURFACE_CURVE('',#5126,(#5130,#5137),.PCURVE_S1.);
#5126 = LINE('',#5127,#5128);
#5127 = CARTESIAN_POINT('',(-3.,225.09486850459,14.802934258696));
#5128 = VECTOR('',#5129,1.);
#5129 = DIRECTION('',(0.,-0.982338566422,-0.18711210789));
#5130 = PCURVE('',#1773,#5131);
#5131 = DEFINITIONAL_REPRESENTATION('',(#5132),#5136);
#5132 = LINE('',#5133,#5134);
#5133 = CARTESIAN_POINT('',(5.802934258696,-1.83734701591));
#5134 = VECTOR('',#5135,1.);
#5135 = DIRECTION('',(-0.18711210789,0.982338566422));
#5136 = ( GEOMETRIC_REPRESENTATION_CONTEXT(2)
PARAMETRIC_REPRESENTATION_CONTEXT() REPRESENTATION_CONTEXT('2D SPACE',''
  ) );
#5137 = PCURVE('',#4819,#5138);
#5138 = DEFINITIONAL_REPRESENTATION('',(#5139),#5143);
#5139 = LINE('',#5140,#5141);
#5140 = CARTESIAN_POINT('',(2.89069609471,-13.));
#5141 = VECTOR('',#5142,1.);
#5142 = DIRECTION('',(1.,0.));
#5143 = ( GEOMETRIC_REPRESENTATION_CONTEXT(2)
PARAMETRIC_REPRESENTATION_CONTEXT() REPRESENTATION_CONTEXT('2D SPACE',''
  ) );
#5144 = ORIENTED_EDGE('',*,*,#5145,.T.);
#5145 = EDGE_CURVE('',#5123,#5146,#5148,.T.);
#5146 = VERTEX_POINT('',#5147);
#5147 = CARTESIAN_POINT('',(-3.,228.35,15.));
#5148 = SURFACE_CURVE('',#5149,(#5154,#5165),.PCURVE_S1.);
#5149 = CIRCLE('',#5150,0.35);
#5150 = AXIS2_PLACEMENT_3D('',#5151,#5152,#5153);
#5151 = CARTESIAN_POINT('',(-3.,228.,15.));
#5152 = DIRECTION('',(-1.,-0.,0.));
#5153 = DIRECTION('',(0.,-0.982338566422,-0.18711210789));
#5154 = PCURVE('',#1773,#5155);
#5155 = DEFINITIONAL_REPRESENTATION('',(#5156),#5164);
#5156 = ( BOUNDED_CURVE() B_SPLINE_CURVE(2,(#5157,#5158,#5159,#5160,
#5161,#5162,#5163),.UNSPECIFIED.,.T.,.F.) B_SPLINE_CURVE_WITH_KNOTS((1,2
    ,2,2,2,1),(-2.094395102393,0.,2.094395102393,4.188790204786,
6.28318530718,8.377580409573),.UNSPECIFIED.) CURVE()
GEOMETRIC_REPRESENTATION_ITEM() RATIONAL_B_SPLINE_CURVE((1.,0.5,1.,0.5,
1.,0.5,1.)) REPRESENTATION_ITEM('') );
#5157 = CARTESIAN_POINT('',(5.934510762238,-4.398660013072));
#5158 = CARTESIAN_POINT('',(6.530021869786,-4.28522932592));
#5159 = CARTESIAN_POINT('',(6.330500172654,-4.857672416868));
#5160 = CARTESIAN_POINT('',(6.130978475523,-5.430115507816));
#5161 = CARTESIAN_POINT('',(5.734989065107,-4.97110310402));
#5162 = CARTESIAN_POINT('',(5.338999654691,-4.512090700224));
#5163 = CARTESIAN_POINT('',(5.934510762238,-4.398660013072));
#5164 = ( GEOMETRIC_REPRESENTATION_CONTEXT(2)
PARAMETRIC_REPRESENTATION_CONTEXT() REPRESENTATION_CONTEXT('2D SPACE',''
  ) );
#5165 = PCURVE('',#5166,#5171);
#5166 = CYLINDRICAL_SURFACE('',#5167,0.35);
#5167 = AXIS2_PLACEMENT_3D('',#5168,#5169,#5170);
#5168 = CARTESIAN_POINT('',(-16.,228.,15.));
#5169 = DIRECTION('',(-1.,-0.,0.));
#5170 = DIRECTION('',(0.,-0.982338566422,-0.18711210789));
#5171 = DEFINITIONAL_REPRESENTATION('',(#5172),#5176);
#5172 = LINE('',#5173,#5174);
#5173 = CARTESIAN_POINT('',(0.,-13.));
#5174 = VECTOR('',#5175,1.);
#5175 = DIRECTION('',(1.,0.));
#5176 = ( GEOMETRIC_REPRESENTATION_CONTEXT(2)
PARAMETRIC_REPRESENTATION_CONTEXT() REPRESENTATION_CONTEXT('2D SPACE',''
  ) );
#5177 = ORIENTED_EDGE('',*,*,#5178,.F.);
#5178 = EDGE_CURVE('',#5179,#5146,#5181,.T.);
#5179 = VERTEX_POINT('',#5180);
#5180 = CARTESIAN_POINT('',(-3.,228.35,3.));
#5181 = SURFACE_CURVE('',#5182,(#5186,#5193),.PCURVE_S1.);
#5182 = LINE('',#5183,#5184);
#5183 = CARTESIAN_POINT('',(-3.,228.35,6.));
#5184 = VECTOR('',#5185,1.);
#5185 = DIRECTION('',(-0.,0.,1.));
#5186 = PCURVE('',#1773,#5187);
#5187 = DEFINITIONAL_REPRESENTATION('',(#5188),#5192);
#5188 = LINE('',#5189,#5190);
#5189 = CARTESIAN_POINT('',(-3.,-5.09247851132));
#5190 = VECTOR('',#5191,1.);
#5191 = DIRECTION('',(1.,0.));
#5192 = ( GEOMETRIC_REPRESENTATION_CONTEXT(2)
PARAMETRIC_REPRESENTATION_CONTEXT() REPRESENTATION_CONTEXT('2D SPACE',''
  ) );
#5193 = PCURVE('',#5194,#5199);
#5194 = PLANE('',#5195);
#5195 = AXIS2_PLACEMENT_3D('',#5196,#5197,#5198);
#5196 = CARTESIAN_POINT('',(-16.,228.35,3.));
#5197 = DIRECTION('',(0.,-1.,0.));
#5198 = DIRECTION('',(0.,0.,1.));
#5199 = DEFINITIONAL_REPRESENTATION('',(#5200),#5204);
#5200 = LINE('',#5201,#5202);
#5201 = CARTESIAN_POINT('',(3.,-13.));
#5202 = VECTOR('',#5203,1.);
#5203 = DIRECTION('',(1.,0.));
#5204 = ( GEOMETRIC_REPRESENTATION_CONTEXT(2)
PARAMETRIC_REPRESENTATION_CONTEXT() REPRESENTATION_CONTEXT('2D SPACE',''
  ) );
#5205 = ORIENTED_EDGE('',*,*,#5206,.T.);
#5206 = EDGE_CURVE('',#5179,#5207,#5209,.T.);
#5207 = VERTEX_POINT('',#5208);
#5208 = CARTESIAN_POINT('',(-3.,227.93451076223,2.656181501752));
#5209 = SURFACE_CURVE('',#5210,(#5215,#5226),.PCURVE_S1.);
#5210 = CIRCLE('',#5211,0.35);
#5211 = AXIS2_PLACEMENT_3D('',#5212,#5213,#5214);
#5212 = CARTESIAN_POINT('',(-3.,228.,3.));
#5213 = DIRECTION('',(-1.,-0.,0.));
#5214 = DIRECTION('',(0.,0.,1.));
#5215 = PCURVE('',#1773,#5216);
#5216 = DEFINITIONAL_REPRESENTATION('',(#5217),#5225);
#5217 = ( BOUNDED_CURVE() B_SPLINE_CURVE(2,(#5218,#5219,#5220,#5221,
#5222,#5223,#5224),.UNSPECIFIED.,.T.,.F.) B_SPLINE_CURVE_WITH_KNOTS((1,2
    ,2,2,2,1),(-2.094395102393,0.,2.094395102393,4.188790204786,
6.28318530718,8.377580409573),.UNSPECIFIED.) CURVE()
GEOMETRIC_REPRESENTATION_ITEM() RATIONAL_B_SPLINE_CURVE((1.,0.5,1.,0.5,
1.,0.5,1.)) REPRESENTATION_ITEM('') );
#5218 = CARTESIAN_POINT('',(-5.65,-4.74247851132));
#5219 = CARTESIAN_POINT('',(-5.65,-5.348696293969));
#5220 = CARTESIAN_POINT('',(-6.175,-5.045587402645));
#5221 = CARTESIAN_POINT('',(-6.7,-4.74247851132));
#5222 = CARTESIAN_POINT('',(-6.175,-4.439369619995));
#5223 = CARTESIAN_POINT('',(-5.65,-4.136260728671));
#5224 = CARTESIAN_POINT('',(-5.65,-4.74247851132));
#5225 = ( GEOMETRIC_REPRESENTATION_CONTEXT(2)
PARAMETRIC_REPRESENTATION_CONTEXT() REPRESENTATION_CONTEXT('2D SPACE',''
  ) );
#5226 = PCURVE('',#5227,#5232);
#5227 = CYLINDRICAL_SURFACE('',#5228,0.35);
#5228 = AXIS2_PLACEMENT_3D('',#5229,#5230,#5231);
#5229 = CARTESIAN_POINT('',(-16.,228.,3.));
#5230 = DIRECTION('',(-1.,-0.,0.));
#5231 = DIRECTION('',(0.,0.,1.));
#5232 = DEFINITIONAL_REPRESENTATION('',(#5233),#5237);
#5233 = LINE('',#5234,#5235);
#5234 = CARTESIAN_POINT('',(0.,-13.));
#5235 = VECTOR('',#5236,1.);
#5236 = DIRECTION('',(1.,0.));
#5237 = ( GEOMETRIC_REPRESENTATION_CONTEXT(2)
PARAMETRIC_REPRESENTATION_CONTEXT() REPRESENTATION_CONTEXT('2D SPACE',''
  ) );
#5238 = ORIENTED_EDGE('',*,*,#5239,.F.);
#5239 = EDGE_CURVE('',#5067,#5207,#5240,.T.);
#5240 = SURFACE_CURVE('',#5241,(#5245,#5252),.PCURVE_S1.);
#5241 = LINE('',#5242,#5243);
#5242 = CARTESIAN_POINT('',(-3.,219.84486850459,4.197065741304));
#5243 = VECTOR('',#5244,1.);
#5244 = DIRECTION('',(0.,0.982338566422,-0.18711210789));
#5245 = PCURVE('',#1773,#5246);
#5246 = DEFINITIONAL_REPRESENTATION('',(#5247),#5251);
#5247 = LINE('',#5248,#5249);
#5248 = CARTESIAN_POINT('',(-4.802934258696,3.41265298409));
#5249 = VECTOR('',#5250,1.);
#5250 = DIRECTION('',(-0.18711210789,-0.982338566422));
#5251 = ( GEOMETRIC_REPRESENTATION_CONTEXT(2)
PARAMETRIC_REPRESENTATION_CONTEXT() REPRESENTATION_CONTEXT('2D SPACE',''
  ) );
#5252 = PCURVE('',#5253,#5258);
#5253 = PLANE('',#5254);
#5254 = AXIS2_PLACEMENT_3D('',#5255,#5256,#5257);
#5255 = CARTESIAN_POINT('',(-16.,217.43451076223,4.656181501752));
#5256 = DIRECTION('',(-0.,0.18711210789,0.982338566422));
#5257 = DIRECTION('',(0.,0.982338566422,-0.18711210789));
#5258 = DEFINITIONAL_REPRESENTATION('',(#5259),#5263);
#5259 = LINE('',#5260,#5261);
#5260 = CARTESIAN_POINT('',(2.453693486898,-13.));
#5261 = VECTOR('',#5262,1.);
#5262 = DIRECTION('',(1.,0.));
#5263 = ( GEOMETRIC_REPRESENTATION_CONTEXT(2)
PARAMETRIC_REPRESENTATION_CONTEXT() REPRESENTATION_CONTEXT('2D SPACE',''
  ) );
#5264 = ADVANCED_FACE('',(#5265),#2010,.F.);
#5265 = FACE_BOUND('',#5266,.F.);
#5266 = EDGE_LOOP('',(#5267,#5268,#5269,#5270,#5380));
#5267 = ORIENTED_EDGE('',*,*,#2177,.F.);
#5268 = ORIENTED_EDGE('',*,*,#1982,.F.);
#5269 = ORIENTED_EDGE('',*,*,#5066,.F.);
#5270 = ORIENTED_EDGE('',*,*,#5271,.T.);
#5271 = EDGE_CURVE('',#5067,#5272,#5274,.T.);
#5272 = VERTEX_POINT('',#5273);
#5273 = CARTESIAN_POINT('',(4.866335334531E-13,218.12141295015,
    4.525342989769));
#5274 = SURFACE_CURVE('',#5275,(#5308,#5344),.PCURVE_S1.);
#5275 = B_SPLINE_CURVE_WITH_KNOTS('',6,(#5276,#5277,#5278,#5279,#5280,
    #5281,#5282,#5283,#5284,#5285,#5286,#5287,#5288,#5289,#5290,#5291,
    #5292,#5293,#5294,#5295,#5296,#5297,#5298,#5299,#5300,#5301,#5302,
    #5303,#5304,#5305,#5306,#5307),.UNSPECIFIED.,.F.,.F.,(7,5,5,5,5,5,7)
  ,(0.,9.079843126587E-03,3.636748700525E-02,0.26727632007,
    0.495899926852,0.748997786499,1.),.UNSPECIFIED.);
#5276 = CARTESIAN_POINT('',(-7.933012701892,226.04677802697,
    3.015749641803));
#5277 = CARTESIAN_POINT('',(-7.933012701891,226.02778985699,
    3.019366436085));
#5278 = CARTESIAN_POINT('',(-7.932958147756,226.00883729011,
    3.022976448822));
#5279 = CARTESIAN_POINT('',(-7.932850347985,225.98978161574,
    3.026606101085));
#5280 = CARTESIAN_POINT('',(-7.932687852679,225.97073898688,
    3.030233268487));
#5281 = CARTESIAN_POINT('',(-7.93246990131,225.9518504,3.033831094558));
#5282 = CARTESIAN_POINT('',(-7.931388347082,225.87655588414,
    3.048172907104));
#5283 = CARTESIAN_POINT('',(-7.930092981146,225.82006826423,
    3.058932453753));
#5284 = CARTESIAN_POINT('',(-7.928313911237,225.7635939301,
    3.069689469777));
#5285 = CARTESIAN_POINT('',(-7.926051341238,225.70713798859,
    3.080442982446));
#5286 = CARTESIAN_POINT('',(-7.923305540353,225.65070553841,
    3.091192020575));
#5287 = CARTESIAN_POINT('',(-7.892755513443,225.11701050296,
    3.192848217805));
#5288 = CARTESIAN_POINT('',(-7.830855556057,224.64175824181,
    3.283372458023));
#5289 = CARTESIAN_POINT('',(-7.734578331807,224.17164551121,
    3.372917740043));
#5290 = CARTESIAN_POINT('',(-7.604471060605,223.70970565123,
    3.460906284801));
#5291 = CARTESIAN_POINT('',(-7.441421102319,223.25890200477,
    3.546773646032));
#5292 = CARTESIAN_POINT('',(-7.053846663741,222.38959964173,
    3.712355048515));
#5293 = CARTESIAN_POINT('',(-6.829939991911,221.97081057947,
    3.792124393707));
#5294 = CARTESIAN_POINT('',(-6.576153065371,221.56849754973,
    3.868755446992));
#5295 = CARTESIAN_POINT('',(-6.294009713173,221.18528152219,
    3.941748976046));
#5296 = CARTESIAN_POINT('',(-5.985329834602,220.82361069969,
    4.010638656522));
#5297 = CARTESIAN_POINT('',(-5.283488256418,220.11163546528,
    4.146252986885));
#5298 = CARTESIAN_POINT('',(-4.884800093498,219.76667215446,
    4.211960284186));
#5299 = CARTESIAN_POINT('',(-4.459059505022,219.45385303251,
    4.271544878842));
#5300 = CARTESIAN_POINT('',(-4.009539793143,219.17579381234,
    4.324508539827));
#5301 = CARTESIAN_POINT('',(-3.539840744859,218.93467734137,
    4.370435486679));
#5302 = CARTESIAN_POINT('',(-2.571915794062,218.53135081031,
    4.447259587832));
#5303 = CARTESIAN_POINT('',(-2.073924211637,218.36848957969,
    4.478280774619));
#5304 = CARTESIAN_POINT('',(-1.563699180832,218.24523502106,
    4.501757833405));
#5305 = CARTESIAN_POINT('',(-1.045226841185,218.16268064077,
    4.51748247727));
#5306 = CARTESIAN_POINT('',(-0.522602449712,218.12141295015,
    4.525342989769));
#5307 = CARTESIAN_POINT('',(4.867217739957E-13,218.12141295015,
    4.525342989769));
#5308 = PCURVE('',#2010,#5309);
#5309 = DEFINITIONAL_REPRESENTATION('',(#5310),#5343);
#5310 = B_SPLINE_CURVE_WITH_KNOTS('',6,(#5311,#5312,#5313,#5314,#5315,
    #5316,#5317,#5318,#5319,#5320,#5321,#5322,#5323,#5324,#5325,#5326,
    #5327,#5328,#5329,#5330,#5331,#5332,#5333,#5334,#5335,#5336,#5337,
    #5338,#5339,#5340,#5341,#5342),.UNSPECIFIED.,.F.,.F.,(7,5,5,5,5,5,7)
  ,(0.,9.079843126587E-03,3.636748700525E-02,0.26727632007,
    0.495899926852,0.748997786499,1.),.UNSPECIFIED.);
#5311 = CARTESIAN_POINT('',(4.357255081299,239.06997621915));
#5312 = CARTESIAN_POINT('',(4.35963964372,239.08913680884));
#5313 = CARTESIAN_POINT('',(4.362026023678,239.10832785158));
#5314 = CARTESIAN_POINT('',(4.36440219939,239.12744723214));
#5315 = CARTESIAN_POINT('',(4.366779804071,239.14659130828));
#5316 = CARTESIAN_POINT('',(4.369166348466,239.1658246904));
#5317 = CARTESIAN_POINT('',(4.378663292667,239.24242735975));
#5318 = CARTESIAN_POINT('',(4.385772147089,239.29990829676));
#5319 = CARTESIAN_POINT('',(4.392863447218,239.35739301379));
#5320 = CARTESIAN_POINT('',(4.399936643524,239.41488168576));
#5321 = CARTESIAN_POINT('',(4.406991196378,239.47237448099));
#5322 = CARTESIAN_POINT('',(4.473560162669,240.01641351953));
#5323 = CARTESIAN_POINT('',(4.531721793562,240.50327018689));
#5324 = CARTESIAN_POINT('',(4.588188314379,240.99052331722));
#5325 = CARTESIAN_POINT('',(4.642689117083,241.4782472162));
#5326 = CARTESIAN_POINT('',(4.694992309225,241.96650599002));
#5327 = CARTESIAN_POINT('',(4.794307834875,242.939298251));
#5328 = CARTESIAN_POINT('',(4.841369094684,243.42383727962));
#5329 = CARTESIAN_POINT('',(4.885885198808,243.90895581424));
#5330 = CARTESIAN_POINT('',(4.927696087135,244.39468521386));
#5331 = CARTESIAN_POINT('',(4.966666579961,244.88104319486));
#5332 = CARTESIAN_POINT('',(5.042553373585,245.90707906504));
#5333 = CARTESIAN_POINT('',(5.078805343801,246.44692043194));
#5334 = CARTESIAN_POINT('',(5.111281087211,246.98746251742));
#5335 = CARTESIAN_POINT('',(5.139863443198,247.5286765138));
#5336 = CARTESIAN_POINT('',(5.164459624471,248.07050767255));
#5337 = CARTESIAN_POINT('',(5.205371965366,249.15063271104));
#5338 = CARTESIAN_POINT('',(5.221756443814,249.68895654307));
#5339 = CARTESIAN_POINT('',(5.234085936362,250.22764525054));
#5340 = CARTESIAN_POINT('',(5.242320707459,250.76660018671));
#5341 = CARTESIAN_POINT('',(5.246437446528,251.30570882897));
#5342 = CARTESIAN_POINT('',(5.246437446528,251.84480172992));
#5343 = ( GEOMETRIC_REPRESENTATION_CONTEXT(2)
PARAMETRIC_REPRESENTATION_CONTEXT() REPRESENTATION_CONTEXT('2D SPACE',''
  ) );
#5344 = PCURVE('',#5253,#5345);
#5345 = DEFINITIONAL_REPRESENTATION('',(#5346),#5379);
#5346 = B_SPLINE_CURVE_WITH_KNOTS('',6,(#5347,#5348,#5349,#5350,#5351,
    #5352,#5353,#5354,#5355,#5356,#5357,#5358,#5359,#5360,#5361,#5362,
    #5363,#5364,#5365,#5366,#5367,#5368,#5369,#5370,#5371,#5372,#5373,
    #5374,#5375,#5376,#5377,#5378),.UNSPECIFIED.,.F.,.F.,(7,5,5,5,5,5,7)
  ,(0.,9.079843126587E-03,3.636748700525E-02,0.26727632007,
    0.495899926852,0.748997786499,1.),.UNSPECIFIED.);
#5347 = CARTESIAN_POINT('',(8.767106941657,-8.066987298108));
#5348 = CARTESIAN_POINT('',(8.747777383978,-8.066987298109));
#5349 = CARTESIAN_POINT('',(8.728484069506,-8.067041852244));
#5350 = CARTESIAN_POINT('',(8.709085793777,-8.067149652015));
#5351 = CARTESIAN_POINT('',(8.689700798104,-8.067312147321));
#5352 = CARTESIAN_POINT('',(8.670472613927,-8.06753009869));
#5353 = CARTESIAN_POINT('',(8.593824380381,-8.068611652918));
#5354 = CARTESIAN_POINT('',(8.536321171364,-8.069907018854));
#5355 = CARTESIAN_POINT('',(8.478831486993,-8.071686088763));
#5356 = CARTESIAN_POINT('',(8.421360525921,-8.073948658762));
#5357 = CARTESIAN_POINT('',(8.363913478529,-8.076694459647));
#5358 = CARTESIAN_POINT('',(7.820623157155,-8.107244486557));
#5359 = CARTESIAN_POINT('',(7.336826350845,-8.169144443943));
#5360 = CARTESIAN_POINT('',(6.85826147854,-8.265421668193));
#5361 = CARTESIAN_POINT('',(6.388016416634,-8.395528939395));
#5362 = CARTESIAN_POINT('',(5.929107785874,-8.558578897681));
#5363 = CARTESIAN_POINT('',(5.044176263531,-8.946153336259));
#5364 = CARTESIAN_POINT('',(4.617857806154,-9.170060008089));
#5365 = CARTESIAN_POINT('',(4.208311603356,-9.423846934629));
#5366 = CARTESIAN_POINT('',(3.818205747148,-9.705990286827));
#5367 = CARTESIAN_POINT('',(3.450032456531,-10.01467016539));
#5368 = CARTESIAN_POINT('',(2.725256642218,-10.71651174358));
#5369 = CARTESIAN_POINT('',(2.374091247097,-11.1151999065));
#5370 = CARTESIAN_POINT('',(2.055647960188,-11.54094049497));
#5371 = CARTESIAN_POINT('',(1.772589522217,-11.99046020685));
#5372 = CARTESIAN_POINT('',(1.527138025949,-12.46015925514));
#5373 = CARTESIAN_POINT('',(1.116560100124,-13.42808420593));
#5374 = CARTESIAN_POINT('',(0.950770792662,-13.92607578836));
#5375 = CARTESIAN_POINT('',(0.825300244275,-14.43630081916));
#5376 = CARTESIAN_POINT('',(0.74126162143,-14.95477315881));
#5377 = CARTESIAN_POINT('',(0.699251980324,-15.47739755028));
#5378 = CARTESIAN_POINT('',(0.699251980324,-16.));
#5379 = ( GEOMETRIC_REPRESENTATION_CONTEXT(2)
PARAMETRIC_REPRESENTATION_CONTEXT() REPRESENTATION_CONTEXT('2D SPACE',''
  ) );
#5380 = ORIENTED_EDGE('',*,*,#5381,.F.);
#5381 = EDGE_CURVE('',#2150,#5272,#5382,.T.);
#5382 = SURFACE_CURVE('',#5383,(#5387,#5393),.PCURVE_S1.);
#5383 = ( BOUNDED_CURVE() B_SPLINE_CURVE(2,(#5384,#5385,#5386),
.UNSPECIFIED.,.F.,.F.) B_SPLINE_CURVE_WITH_KNOTS((3,3),(0.,
12.774825510773),.PIECEWISE_BEZIER_KNOTS.) CURVE()
GEOMETRIC_REPRESENTATION_ITEM() RATIONAL_B_SPLINE_CURVE((1.,
0.637529564848,1.)) REPRESENTATION_ITEM('') );
#5384 = CARTESIAN_POINT('',(-4.898587196589E-16,218.,4.198736428769));
#5385 = CARTESIAN_POINT('',(1.731947918415E-14,218.,4.802964007969));
#5386 = CARTESIAN_POINT('',(2.348343741687E-12,218.59355605394,
    4.68990571198));
#5387 = PCURVE('',#2010,#5388);
#5388 = DEFINITIONAL_REPRESENTATION('',(#5389),#5392);
#5389 = B_SPLINE_CURVE_WITH_KNOTS('',1,(#5390,#5391),.UNSPECIFIED.,.F.,
  .F.,(2,2),(0.,12.774825510773),.PIECEWISE_BEZIER_KNOTS.);
#5390 = CARTESIAN_POINT('',(0.,251.84480172992));
#5391 = CARTESIAN_POINT('',(12.774825510773,251.84480172992));
#5392 = ( GEOMETRIC_REPRESENTATION_CONTEXT(2)
PARAMETRIC_REPRESENTATION_CONTEXT() REPRESENTATION_CONTEXT('2D SPACE',''
  ) );
#5393 = PCURVE('',#5394,#5399);
#5394 = CYLINDRICAL_SURFACE('',#5395,0.5);
#5395 = AXIS2_PLACEMENT_3D('',#5396,#5397,#5398);
#5396 = CARTESIAN_POINT('',(0.,218.5,4.198736428769));
#5397 = DIRECTION('',(1.,-0.,0.));
#5398 = DIRECTION('',(-0.,-1.,0.));
#5399 = DEFINITIONAL_REPRESENTATION('',(#5400),#5411);
#5400 = B_SPLINE_CURVE_WITH_KNOTS('',9,(#5401,#5402,#5403,#5404,#5405,
    #5406,#5407,#5408,#5409,#5410),.UNSPECIFIED.,.F.,.F.,(10,10),(0.,
    5.246437446514),.PIECEWISE_BEZIER_KNOTS.);
#5401 = CARTESIAN_POINT('',(6.28318530718,0.));
#5402 = CARTESIAN_POINT('',(6.212873564982,0.));
#5403 = CARTESIAN_POINT('',(6.139945641641,0.));
#5404 = CARTESIAN_POINT('',(6.064484034721,0.));
#5405 = CARTESIAN_POINT('',(5.986634320796,0.));
#5406 = CARTESIAN_POINT('',(5.906605582787,0.));
#5407 = CARTESIAN_POINT('',(5.824683052947,0.));
#5408 = CARTESIAN_POINT('',(5.741223805321,0.));
#5409 = CARTESIAN_POINT('',(5.656638145242,0.));
#5410 = CARTESIAN_POINT('',(5.57136502628,0.));
#5411 = ( GEOMETRIC_REPRESENTATION_CONTEXT(2)
PARAMETRIC_REPRESENTATION_CONTEXT() REPRESENTATION_CONTEXT('2D SPACE',''
  ) );
#5412 = ADVANCED_FACE('',(#5413),#2165,.F.);
#5413 = FACE_BOUND('',#5414,.F.);
#5414 = EDGE_LOOP('',(#5415,#5440,#5461,#5462));
#5415 = ORIENTED_EDGE('',*,*,#5416,.F.);
#5416 = EDGE_CURVE('',#5417,#5419,#5421,.T.);
#5417 = VERTEX_POINT('',#5418);
#5418 = CARTESIAN_POINT('',(210.,218.,0.5));
#5419 = VERTEX_POINT('',#5420);
#5420 = CARTESIAN_POINT('',(210.,218.,4.198736428769));
#5421 = SURFACE_CURVE('',#5422,(#5426,#5433),.PCURVE_S1.);
#5422 = LINE('',#5423,#5424);
#5423 = CARTESIAN_POINT('',(210.,218.,0.));
#5424 = VECTOR('',#5425,1.);
#5425 = DIRECTION('',(0.,0.,1.));
#5426 = PCURVE('',#2165,#5427);
#5427 = DEFINITIONAL_REPRESENTATION('',(#5428),#5432);
#5428 = LINE('',#5429,#5430);
#5429 = CARTESIAN_POINT('',(0.,218.));
#5430 = VECTOR('',#5431,1.);
#5431 = DIRECTION('',(1.,0.));
#5432 = ( GEOMETRIC_REPRESENTATION_CONTEXT(2)
PARAMETRIC_REPRESENTATION_CONTEXT() REPRESENTATION_CONTEXT('2D SPACE',''
  ) );
#5433 = PCURVE('',#4940,#5434);
#5434 = DEFINITIONAL_REPRESENTATION('',(#5435),#5439);
#5435 = LINE('',#5436,#5437);
#5436 = CARTESIAN_POINT('',(4.712388980385,0.));
#5437 = VECTOR('',#5438,1.);
#5438 = DIRECTION('',(-0.,1.));
#5439 = ( GEOMETRIC_REPRESENTATION_CONTEXT(2)
PARAMETRIC_REPRESENTATION_CONTEXT() REPRESENTATION_CONTEXT('2D SPACE',''
  ) );
#5440 = ORIENTED_EDGE('',*,*,#5441,.T.);
#5441 = EDGE_CURVE('',#5417,#2126,#5442,.T.);
#5442 = SURFACE_CURVE('',#5443,(#5447,#5454),.PCURVE_S1.);
#5443 = LINE('',#5444,#5445);
#5444 = CARTESIAN_POINT('',(210.,218.,0.5));
#5445 = VECTOR('',#5446,1.);
#5446 = DIRECTION('',(-1.,0.,0.));
#5447 = PCURVE('',#2165,#5448);
#5448 = DEFINITIONAL_REPRESENTATION('',(#5449),#5453);
#5449 = LINE('',#5450,#5451);
#5450 = CARTESIAN_POINT('',(0.5,218.));
#5451 = VECTOR('',#5452,1.);
#5452 = DIRECTION('',(0.,-1.));
#5453 = ( GEOMETRIC_REPRESENTATION_CONTEXT(2)
PARAMETRIC_REPRESENTATION_CONTEXT() REPRESENTATION_CONTEXT('2D SPACE',''
  ) );
#5454 = PCURVE('',#2360,#5455);
#5455 = DEFINITIONAL_REPRESENTATION('',(#5456),#5460);
#5456 = LINE('',#5457,#5458);
#5457 = CARTESIAN_POINT('',(6.28318530718,0.));
#5458 = VECTOR('',#5459,1.);
#5459 = DIRECTION('',(-0.,1.));
#5460 = ( GEOMETRIC_REPRESENTATION_CONTEXT(2)
PARAMETRIC_REPRESENTATION_CONTEXT() REPRESENTATION_CONTEXT('2D SPACE',''
  ) );
#5461 = ORIENTED_EDGE('',*,*,#2149,.T.);
#5462 = ORIENTED_EDGE('',*,*,#5463,.T.);
#5463 = EDGE_CURVE('',#2150,#5419,#5464,.T.);
#5464 = SURFACE_CURVE('',#5465,(#5469,#5476),.PCURVE_S1.);
#5465 = LINE('',#5466,#5467);
#5466 = CARTESIAN_POINT('',(0.,218.,4.198736428769));
#5467 = VECTOR('',#5468,1.);
#5468 = DIRECTION('',(1.,-0.,0.));
#5469 = PCURVE('',#2165,#5470);
#5470 = DEFINITIONAL_REPRESENTATION('',(#5471),#5475);
#5471 = LINE('',#5472,#5473);
#5472 = CARTESIAN_POINT('',(4.198736428769,8.));
#5473 = VECTOR('',#5474,1.);
#5474 = DIRECTION('',(0.,1.));
#5475 = ( GEOMETRIC_REPRESENTATION_CONTEXT(2)
PARAMETRIC_REPRESENTATION_CONTEXT() REPRESENTATION_CONTEXT('2D SPACE',''
  ) );
#5476 = PCURVE('',#5394,#5477);
#5477 = DEFINITIONAL_REPRESENTATION('',(#5478),#5482);
#5478 = LINE('',#5479,#5480);
#5479 = CARTESIAN_POINT('',(6.28318530718,0.));
#5480 = VECTOR('',#5481,1.);
#5481 = DIRECTION('',(-0.,1.));
#5482 = ( GEOMETRIC_REPRESENTATION_CONTEXT(2)
PARAMETRIC_REPRESENTATION_CONTEXT() REPRESENTATION_CONTEXT('2D SPACE',''
  ) );
#5483 = ADVANCED_FACE('',(#5484),#2360,.T.);
#5484 = FACE_BOUND('',#5485,.T.);
#5485 = EDGE_LOOP('',(#5486,#5487,#5488,#5489));
#5486 = ORIENTED_EDGE('',*,*,#5441,.T.);
#5487 = ORIENTED_EDGE('',*,*,#2679,.T.);
#5488 = ORIENTED_EDGE('',*,*,#2344,.F.);
#5489 = ORIENTED_EDGE('',*,*,#5490,.F.);
#5490 = EDGE_CURVE('',#5417,#2345,#5491,.T.);
#5491 = SURFACE_CURVE('',#5492,(#5497,#5503),.PCURVE_S1.);
#5492 = CIRCLE('',#5493,0.5);
#5493 = AXIS2_PLACEMENT_3D('',#5494,#5495,#5496);
#5494 = CARTESIAN_POINT('',(210.,218.5,0.5));
#5495 = DIRECTION('',(1.,6.123233995737E-17,0.));
#5496 = DIRECTION('',(6.123233995737E-17,-1.,0.));
#5497 = PCURVE('',#2360,#5498);
#5498 = DEFINITIONAL_REPRESENTATION('',(#5499),#5502);
#5499 = B_SPLINE_CURVE_WITH_KNOTS('',1,(#5500,#5501),.UNSPECIFIED.,.F.,
  .F.,(2,2),(0.,1.570796326795),.PIECEWISE_BEZIER_KNOTS.);
#5500 = CARTESIAN_POINT('',(6.28318530718,0.));
#5501 = CARTESIAN_POINT('',(4.712388980385,0.));
#5502 = ( GEOMETRIC_REPRESENTATION_CONTEXT(2)
PARAMETRIC_REPRESENTATION_CONTEXT() REPRESENTATION_CONTEXT('2D SPACE',''
  ) );
#5503 = PCURVE('',#2393,#5504);
#5504 = DEFINITIONAL_REPRESENTATION('',(#5505),#5508);
#5505 = B_SPLINE_CURVE_WITH_KNOTS('',1,(#5506,#5507),.UNSPECIFIED.,.F.,
  .F.,(2,2),(0.,1.570796326795),.PIECEWISE_BEZIER_KNOTS.);
#5506 = CARTESIAN_POINT('',(1.570796326795,0.));
#5507 = CARTESIAN_POINT('',(1.570796326795,1.570796326795));
#5508 = ( GEOMETRIC_REPRESENTATION_CONTEXT(2)
PARAMETRIC_REPRESENTATION_CONTEXT() REPRESENTATION_CONTEXT('2D SPACE',''
  ) );
#5509 = ADVANCED_FACE('',(#5510),#2393,.T.);
#5510 = FACE_BOUND('',#5511,.T.);
#5511 = EDGE_LOOP('',(#5512,#5534,#5556,#5557));
#5512 = ORIENTED_EDGE('',*,*,#5513,.F.);
#5513 = EDGE_CURVE('',#5514,#2373,#5516,.T.);
#5514 = VERTEX_POINT('',#5515);
#5515 = CARTESIAN_POINT('',(218.,226.,0.5));
#5516 = SURFACE_CURVE('',#5517,(#5522,#5528),.PCURVE_S1.);
#5517 = CIRCLE('',#5518,0.5);
#5518 = AXIS2_PLACEMENT_3D('',#5519,#5520,#5521);
#5519 = CARTESIAN_POINT('',(217.5,226.,0.5));
#5520 = DIRECTION('',(0.,1.,0.));
#5521 = DIRECTION('',(1.,0.,-0.));
#5522 = PCURVE('',#2393,#5523);
#5523 = DEFINITIONAL_REPRESENTATION('',(#5524),#5527);
#5524 = B_SPLINE_CURVE_WITH_KNOTS('',1,(#5525,#5526),.UNSPECIFIED.,.F.,
  .F.,(2,2),(0.,1.570796326795),.PIECEWISE_BEZIER_KNOTS.);
#5525 = CARTESIAN_POINT('',(0.,0.));
#5526 = CARTESIAN_POINT('',(0.,1.570796326795));
#5527 = ( GEOMETRIC_REPRESENTATION_CONTEXT(2)
PARAMETRIC_REPRESENTATION_CONTEXT() REPRESENTATION_CONTEXT('2D SPACE',''
  ) );
#5528 = PCURVE('',#2421,#5529);
#5529 = DEFINITIONAL_REPRESENTATION('',(#5530),#5533);
#5530 = B_SPLINE_CURVE_WITH_KNOTS('',1,(#5531,#5532),.UNSPECIFIED.,.F.,
  .F.,(2,2),(0.,1.570796326795),.PIECEWISE_BEZIER_KNOTS.);
#5531 = CARTESIAN_POINT('',(6.28318530718,44.));
#5532 = CARTESIAN_POINT('',(4.712388980385,44.));
#5533 = ( GEOMETRIC_REPRESENTATION_CONTEXT(2)
PARAMETRIC_REPRESENTATION_CONTEXT() REPRESENTATION_CONTEXT('2D SPACE',''
  ) );
#5534 = ORIENTED_EDGE('',*,*,#5535,.T.);
#5535 = EDGE_CURVE('',#5514,#5417,#5536,.T.);
#5536 = SURFACE_CURVE('',#5537,(#5542,#5549),.PCURVE_S1.);
#5537 = CIRCLE('',#5538,8.);
#5538 = AXIS2_PLACEMENT_3D('',#5539,#5540,#5541);
#5539 = CARTESIAN_POINT('',(210.,226.,0.5));
#5540 = DIRECTION('',(0.,0.,-1.));
#5541 = DIRECTION('',(1.,0.,0.));
#5542 = PCURVE('',#2393,#5543);
#5543 = DEFINITIONAL_REPRESENTATION('',(#5544),#5548);
#5544 = LINE('',#5545,#5546);
#5545 = CARTESIAN_POINT('',(0.,0.));
#5546 = VECTOR('',#5547,1.);
#5547 = DIRECTION('',(1.,0.));
#5548 = ( GEOMETRIC_REPRESENTATION_CONTEXT(2)
PARAMETRIC_REPRESENTATION_CONTEXT() REPRESENTATION_CONTEXT('2D SPACE',''
  ) );
#5549 = PCURVE('',#4940,#5550);
#5550 = DEFINITIONAL_REPRESENTATION('',(#5551),#5555);
#5551 = LINE('',#5552,#5553);
#5552 = CARTESIAN_POINT('',(6.28318530718,0.5));
#5553 = VECTOR('',#5554,1.);
#5554 = DIRECTION('',(-1.,0.));
#5555 = ( GEOMETRIC_REPRESENTATION_CONTEXT(2)
PARAMETRIC_REPRESENTATION_CONTEXT() REPRESENTATION_CONTEXT('2D SPACE',''
  ) );
#5556 = ORIENTED_EDGE('',*,*,#5490,.T.);
#5557 = ORIENTED_EDGE('',*,*,#2372,.F.);
#5558 = ADVANCED_FACE('',(#5559),#2421,.T.);
#5559 = FACE_BOUND('',#5560,.T.);
#5560 = EDGE_LOOP('',(#5561,#5589,#5590,#5591));
#5561 = ORIENTED_EDGE('',*,*,#5562,.T.);
#5562 = EDGE_CURVE('',#5563,#5514,#5565,.T.);
#5563 = VERTEX_POINT('',#5564);
#5564 = CARTESIAN_POINT('',(218.,270.,0.5));
#5565 = SURFACE_CURVE('',#5566,(#5570,#5577),.PCURVE_S1.);
#5566 = LINE('',#5567,#5568);
#5567 = CARTESIAN_POINT('',(218.,270.,0.5));
#5568 = VECTOR('',#5569,1.);
#5569 = DIRECTION('',(-0.,-1.,-0.));
#5570 = PCURVE('',#2421,#5571);
#5571 = DEFINITIONAL_REPRESENTATION('',(#5572),#5576);
#5572 = LINE('',#5573,#5574);
#5573 = CARTESIAN_POINT('',(6.28318530718,0.));
#5574 = VECTOR('',#5575,1.);
#5575 = DIRECTION('',(-0.,1.));
#5576 = ( GEOMETRIC_REPRESENTATION_CONTEXT(2)
PARAMETRIC_REPRESENTATION_CONTEXT() REPRESENTATION_CONTEXT('2D SPACE',''
  ) );
#5577 = PCURVE('',#5578,#5583);
#5578 = PLANE('',#5579);
#5579 = AXIS2_PLACEMENT_3D('',#5580,#5581,#5582);
#5580 = CARTESIAN_POINT('',(218.,218.,0.));
#5581 = DIRECTION('',(1.,0.,0.));
#5582 = DIRECTION('',(0.,0.,1.));
#5583 = DEFINITIONAL_REPRESENTATION('',(#5584),#5588);
#5584 = LINE('',#5585,#5586);
#5585 = CARTESIAN_POINT('',(0.5,-52.));
#5586 = VECTOR('',#5587,1.);
#5587 = DIRECTION('',(0.,1.));
#5588 = ( GEOMETRIC_REPRESENTATION_CONTEXT(2)
PARAMETRIC_REPRESENTATION_CONTEXT() REPRESENTATION_CONTEXT('2D SPACE',''
  ) );
#5589 = ORIENTED_EDGE('',*,*,#5513,.T.);
#5590 = ORIENTED_EDGE('',*,*,#2405,.F.);
#5591 = ORIENTED_EDGE('',*,*,#5592,.F.);
#5592 = EDGE_CURVE('',#5563,#2406,#5593,.T.);
#5593 = SURFACE_CURVE('',#5594,(#5599,#5605),.PCURVE_S1.);
#5594 = CIRCLE('',#5595,0.5);
#5595 = AXIS2_PLACEMENT_3D('',#5596,#5597,#5598);
#5596 = CARTESIAN_POINT('',(217.5,270.,0.5));
#5597 = DIRECTION('',(-6.123233995737E-17,1.,0.));
#5598 = DIRECTION('',(1.,6.123233995737E-17,0.));
#5599 = PCURVE('',#2421,#5600);
#5600 = DEFINITIONAL_REPRESENTATION('',(#5601),#5604);
#5601 = B_SPLINE_CURVE_WITH_KNOTS('',1,(#5602,#5603),.UNSPECIFIED.,.F.,
  .F.,(2,2),(0.,1.570796326795),.PIECEWISE_BEZIER_KNOTS.);
#5602 = CARTESIAN_POINT('',(6.28318530718,0.));
#5603 = CARTESIAN_POINT('',(4.712388980385,0.));
#5604 = ( GEOMETRIC_REPRESENTATION_CONTEXT(2)
PARAMETRIC_REPRESENTATION_CONTEXT() REPRESENTATION_CONTEXT('2D SPACE',''
  ) );
#5605 = PCURVE('',#2454,#5606);
#5606 = DEFINITIONAL_REPRESENTATION('',(#5607),#5610);
#5607 = B_SPLINE_CURVE_WITH_KNOTS('',1,(#5608,#5609),.UNSPECIFIED.,.F.,
  .F.,(2,2),(0.,1.570796326795),.PIECEWISE_BEZIER_KNOTS.);
#5608 = CARTESIAN_POINT('',(1.570796326795,0.));
#5609 = CARTESIAN_POINT('',(1.570796326795,1.570796326795));
#5610 = ( GEOMETRIC_REPRESENTATION_CONTEXT(2)
PARAMETRIC_REPRESENTATION_CONTEXT() REPRESENTATION_CONTEXT('2D SPACE',''
  ) );
#5611 = ADVANCED_FACE('',(#5612),#2454,.T.);
#5612 = FACE_BOUND('',#5613,.T.);
#5613 = EDGE_LOOP('',(#5614,#5664,#5686,#5687));
#5614 = ORIENTED_EDGE('',*,*,#5615,.T.);
#5615 = EDGE_CURVE('',#2434,#5616,#5618,.T.);
#5616 = VERTEX_POINT('',#5617);
#5617 = CARTESIAN_POINT('',(216.23961970108,275.00671009605,0.5));
#5618 = SURFACE_CURVE('',#5619,(#5632,#5648),.PCURVE_S1.);
#5619 = B_SPLINE_CURVE_WITH_KNOTS('',6,(#5620,#5621,#5622,#5623,#5624,
    #5625,#5626,#5627,#5628,#5629,#5630,#5631),.UNSPECIFIED.,.F.,.F.,(7,
    5,7),(0.,0.506085324173,1.),.UNSPECIFIED.);
#5620 = CARTESIAN_POINT('',(215.52263069117,275.07449999989,0.));
#5621 = CARTESIAN_POINT('',(215.6129014394,275.07062872559,
    -7.314959661261E-08));
#5622 = CARTESIAN_POINT('',(215.70255037722,275.06665197472,
    9.785223095511E-03));
#5623 = CARTESIAN_POINT('',(215.78944232494,275.06248070689,
    2.942528210835E-02));
#5624 = CARTESIAN_POINT('',(215.87145308172,275.05802867302,
    5.87277157135E-02));
#5625 = CARTESIAN_POINT('',(215.94642163407,275.05320222317,
    9.709874442792E-02));
#5626 = CARTESIAN_POINT('',(216.07680873905,275.04268504084,
    0.188600816292));
#5627 = CARTESIAN_POINT('',(216.13267545859,275.03701589829,
    0.241369944709));
#5628 = CARTESIAN_POINT('',(216.17815874236,275.03076301647,
    0.300644298421));
#5629 = CARTESIAN_POINT('',(216.211701166,275.02378070145,0.364884358264
    ));
#5630 = CARTESIAN_POINT('',(216.23225786101,275.0158847992,
    0.432080907569));
#5631 = CARTESIAN_POINT('',(216.23961970108,275.00671009605,0.5));
#5632 = PCURVE('',#2454,#5633);
#5633 = DEFINITIONAL_REPRESENTATION('',(#5634),#5647);
#5634 = B_SPLINE_CURVE_WITH_KNOTS('',6,(#5635,#5636,#5637,#5638,#5639,
    #5640,#5641,#5642,#5643,#5644,#5645,#5646),.UNSPECIFIED.,.F.,.F.,(7,
    5,7),(0.,0.506085324173,1.),.UNSPECIFIED.);
#5635 = CARTESIAN_POINT('',(0.827660910224,1.570796326795));
#5636 = CARTESIAN_POINT('',(0.836184617784,1.443092927818));
#5637 = CARTESIAN_POINT('',(0.844488421668,1.315141143021));
#5638 = CARTESIAN_POINT('',(0.852397360855,1.186529885727));
#5639 = CARTESIAN_POINT('',(0.859764058016,1.056950156634));
#5640 = CARTESIAN_POINT('',(0.866460612168,0.926158316296));
#5641 = CARTESIAN_POINT('',(0.87816611754,0.665087097849));
#5642 = CARTESIAN_POINT('',(0.883213759789,0.534828306052));
#5643 = CARTESIAN_POINT('',(0.887427735471,0.403222895759));
#5644 = CARTESIAN_POINT('',(0.890741475327,0.270231282655));
#5645 = CARTESIAN_POINT('',(0.893119461143,0.135838184861));
#5646 = CARTESIAN_POINT('',(0.894589855792,0.));
#5647 = ( GEOMETRIC_REPRESENTATION_CONTEXT(2)
PARAMETRIC_REPRESENTATION_CONTEXT() REPRESENTATION_CONTEXT('2D SPACE',''
  ) );
#5648 = PCURVE('',#2487,#5649);
#5649 = DEFINITIONAL_REPRESENTATION('',(#5650),#5663);
#5650 = B_SPLINE_CURVE_WITH_KNOTS('',6,(#5651,#5652,#5653,#5654,#5655,
    #5656,#5657,#5658,#5659,#5660,#5661,#5662),.UNSPECIFIED.,.F.,.F.,(7,
    5,7),(0.,0.506085324173,1.),.UNSPECIFIED.);
#5651 = CARTESIAN_POINT('',(0.728308351294,1.570796326559));
#5652 = CARTESIAN_POINT('',(0.720579188331,1.454219569907));
#5653 = CARTESIAN_POINT('',(0.71309193224,1.337416312308));
#5654 = CARTESIAN_POINT('',(0.706037124875,1.220152817996));
#5655 = CARTESIAN_POINT('',(0.69957667805,1.102295106711));
#5656 = CARTESIAN_POINT('',(0.693854679483,0.98380035353));
#5657 = CARTESIAN_POINT('',(0.684254637871,0.748732949493));
#5658 = CARTESIAN_POINT('',(0.680333972613,0.632144807914));
#5659 = CARTESIAN_POINT('',(0.677354339529,0.515294370471));
#5660 = CARTESIAN_POINT('',(0.675410633162,0.398507810774));
#5661 = CARTESIAN_POINT('',(0.674575930197,0.282252304505));
#5662 = CARTESIAN_POINT('',(0.67489670998,0.167448084512));
#5663 = ( GEOMETRIC_REPRESENTATION_CONTEXT(2)
PARAMETRIC_REPRESENTATION_CONTEXT() REPRESENTATION_CONTEXT('2D SPACE',''
  ) );
#5664 = ORIENTED_EDGE('',*,*,#5665,.T.);
#5665 = EDGE_CURVE('',#5616,#5563,#5666,.T.);
#5666 = SURFACE_CURVE('',#5667,(#5672,#5679),.PCURVE_S1.);
#5667 = CIRCLE('',#5668,8.);
#5668 = AXIS2_PLACEMENT_3D('',#5669,#5670,#5671);
#5669 = CARTESIAN_POINT('',(210.,270.,0.5));
#5670 = DIRECTION('',(0.,0.,-1.));
#5671 = DIRECTION('',(0.,1.,0.));
#5672 = PCURVE('',#2454,#5673);
#5673 = DEFINITIONAL_REPRESENTATION('',(#5674),#5678);
#5674 = LINE('',#5675,#5676);
#5675 = CARTESIAN_POINT('',(0.,0.));
#5676 = VECTOR('',#5677,1.);
#5677 = DIRECTION('',(1.,0.));
#5678 = ( GEOMETRIC_REPRESENTATION_CONTEXT(2)
PARAMETRIC_REPRESENTATION_CONTEXT() REPRESENTATION_CONTEXT('2D SPACE',''
  ) );
#5679 = PCURVE('',#3121,#5680);
#5680 = DEFINITIONAL_REPRESENTATION('',(#5681),#5685);
#5681 = LINE('',#5682,#5683);
#5682 = CARTESIAN_POINT('',(1.570796326795,0.5));
#5683 = VECTOR('',#5684,1.);
#5684 = DIRECTION('',(-1.,-0.));
#5685 = ( GEOMETRIC_REPRESENTATION_CONTEXT(2)
PARAMETRIC_REPRESENTATION_CONTEXT() REPRESENTATION_CONTEXT('2D SPACE',''
  ) );
#5686 = ORIENTED_EDGE('',*,*,#5592,.T.);
#5687 = ORIENTED_EDGE('',*,*,#2433,.F.);
#5688 = ADVANCED_FACE('',(#5689),#2487,.T.);
#5689 = FACE_BOUND('',#5690,.T.);
#5690 = EDGE_LOOP('',(#5691,#5692,#5693,#5717,#5746));
#5691 = ORIENTED_EDGE('',*,*,#5615,.F.);
#5692 = ORIENTED_EDGE('',*,*,#2466,.F.);
#5693 = ORIENTED_EDGE('',*,*,#5694,.F.);
#5694 = EDGE_CURVE('',#5695,#2467,#5697,.T.);
#5695 = VERTEX_POINT('',#5696);
#5696 = CARTESIAN_POINT('',(218.,280.,0.6));
#5697 = SURFACE_CURVE('',#5698,(#5703,#5710),.PCURVE_S1.);
#5698 = CIRCLE('',#5699,0.6);
#5699 = AXIS2_PLACEMENT_3D('',#5700,#5701,#5702);
#5700 = CARTESIAN_POINT('',(217.4,280.,0.6));
#5701 = DIRECTION('',(0.,1.,0.));
#5702 = DIRECTION('',(1.,0.,-0.));
#5703 = PCURVE('',#2487,#5704);
#5704 = DEFINITIONAL_REPRESENTATION('',(#5705),#5709);
#5705 = LINE('',#5706,#5707);
#5706 = CARTESIAN_POINT('',(0.,0.));
#5707 = VECTOR('',#5708,1.);
#5708 = DIRECTION('',(0.,1.));
#5709 = ( GEOMETRIC_REPRESENTATION_CONTEXT(2)
PARAMETRIC_REPRESENTATION_CONTEXT() REPRESENTATION_CONTEXT('2D SPACE',''
  ) );
#5710 = PCURVE('',#2515,#5711);
#5711 = DEFINITIONAL_REPRESENTATION('',(#5712),#5716);
#5712 = LINE('',#5713,#5714);
#5713 = CARTESIAN_POINT('',(6.28318530718,35.));
#5714 = VECTOR('',#5715,1.);
#5715 = DIRECTION('',(-1.,0.));
#5716 = ( GEOMETRIC_REPRESENTATION_CONTEXT(2)
PARAMETRIC_REPRESENTATION_CONTEXT() REPRESENTATION_CONTEXT('2D SPACE',''
  ) );
#5717 = ORIENTED_EDGE('',*,*,#5718,.T.);
#5718 = EDGE_CURVE('',#5695,#5719,#5721,.T.);
#5719 = VERTEX_POINT('',#5720);
#5720 = CARTESIAN_POINT('',(216.24499799839,275.,0.6));
#5721 = SURFACE_CURVE('',#5722,(#5727,#5734),.PCURVE_S1.);
#5722 = CIRCLE('',#5723,8.);
#5723 = AXIS2_PLACEMENT_3D('',#5724,#5725,#5726);
#5724 = CARTESIAN_POINT('',(210.,280.,0.6));
#5725 = DIRECTION('',(0.,0.,-1.));
#5726 = DIRECTION('',(1.,0.,0.));
#5727 = PCURVE('',#2487,#5728);
#5728 = DEFINITIONAL_REPRESENTATION('',(#5729),#5733);
#5729 = LINE('',#5730,#5731);
#5730 = CARTESIAN_POINT('',(0.,0.));
#5731 = VECTOR('',#5732,1.);
#5732 = DIRECTION('',(1.,0.));
#5733 = ( GEOMETRIC_REPRESENTATION_CONTEXT(2)
PARAMETRIC_REPRESENTATION_CONTEXT() REPRESENTATION_CONTEXT('2D SPACE',''
  ) );
#5734 = PCURVE('',#5735,#5740);
#5735 = CYLINDRICAL_SURFACE('',#5736,8.);
#5736 = AXIS2_PLACEMENT_3D('',#5737,#5738,#5739);
#5737 = CARTESIAN_POINT('',(210.,280.,0.));
#5738 = DIRECTION('',(0.,0.,1.));
#5739 = DIRECTION('',(1.,0.,-0.));
#5740 = DEFINITIONAL_REPRESENTATION('',(#5741),#5745);
#5741 = LINE('',#5742,#5743);
#5742 = CARTESIAN_POINT('',(6.28318530718,0.6));
#5743 = VECTOR('',#5744,1.);
#5744 = DIRECTION('',(-1.,0.));
#5745 = ( GEOMETRIC_REPRESENTATION_CONTEXT(2)
PARAMETRIC_REPRESENTATION_CONTEXT() REPRESENTATION_CONTEXT('2D SPACE',''
  ) );
#5746 = ORIENTED_EDGE('',*,*,#5747,.T.);
#5747 = EDGE_CURVE('',#5719,#5616,#5748,.T.);
#5748 = SURFACE_CURVE('',#5749,(#5755,#5764),.PCURVE_S1.);
#5749 = B_SPLINE_CURVE_WITH_KNOTS('',4,(#5750,#5751,#5752,#5753,#5754),
  .UNSPECIFIED.,.F.,.F.,(5,5),(0.,1.),.PIECEWISE_BEZIER_KNOTS.);
#5750 = CARTESIAN_POINT('',(216.24499799839,275.,0.6));
#5751 = CARTESIAN_POINT('',(216.24499799839,275.,0.574905433549));
#5752 = CARTESIAN_POINT('',(216.24410166511,275.00111952187,
    0.549810946148));
#5753 = CARTESIAN_POINT('',(216.24230894463,275.00335862246,
    0.524810353895));
#5754 = CARTESIAN_POINT('',(216.23961963604,275.0067101771,0.4999994));
#5755 = PCURVE('',#2487,#5756);
#5756 = DEFINITIONAL_REPRESENTATION('',(#5757),#5763);
#5757 = B_SPLINE_CURVE_WITH_KNOTS('',4,(#5758,#5759,#5760,#5761,#5762),
  .UNSPECIFIED.,.F.,.F.,(5,5),(0.,0.999993954278),
  .PIECEWISE_BEZIER_KNOTS.);
#5758 = CARTESIAN_POINT('',(0.675131532937,0.));
#5759 = CARTESIAN_POINT('',(0.675131532937,4.18240228505E-02));
#5760 = CARTESIAN_POINT('',(0.675092319592,8.36479903975E-02));
#5761 = CARTESIAN_POINT('',(0.675013887753,0.125510161815));
#5762 = CARTESIAN_POINT('',(0.674896707062,0.167448078904));
#5763 = ( GEOMETRIC_REPRESENTATION_CONTEXT(2)
PARAMETRIC_REPRESENTATION_CONTEXT() REPRESENTATION_CONTEXT('2D SPACE',''
  ) );
#5764 = PCURVE('',#3121,#5765);
#5765 = DEFINITIONAL_REPRESENTATION('',(#5766),#5772);
#5766 = B_SPLINE_CURVE_WITH_KNOTS('',4,(#5767,#5768,#5769,#5770,#5771),
  .UNSPECIFIED.,.F.,.F.,(5,5),(0.,1.),.PIECEWISE_BEZIER_KNOTS.);
#5767 = CARTESIAN_POINT('',(0.675131532937,0.6));
#5768 = CARTESIAN_POINT('',(0.675131532937,0.574905433549));
#5769 = CARTESIAN_POINT('',(0.675310799829,0.549810946148));
#5770 = CARTESIAN_POINT('',(0.675669343137,0.524810353895));
#5771 = CARTESIAN_POINT('',(0.676206483993,0.4999994));
#5772 = ( GEOMETRIC_REPRESENTATION_CONTEXT(2)
PARAMETRIC_REPRESENTATION_CONTEXT() REPRESENTATION_CONTEXT('2D SPACE',''
  ) );
#5773 = ADVANCED_FACE('',(#5774),#2515,.T.);
#5774 = FACE_BOUND('',#5775,.T.);
#5775 = EDGE_LOOP('',(#5776,#5804,#5805,#5806));
#5776 = ORIENTED_EDGE('',*,*,#5777,.T.);
#5777 = EDGE_CURVE('',#5778,#5695,#5780,.T.);
#5778 = VERTEX_POINT('',#5779);
#5779 = CARTESIAN_POINT('',(218.,315.,0.6));
#5780 = SURFACE_CURVE('',#5781,(#5785,#5792),.PCURVE_S1.);
#5781 = LINE('',#5782,#5783);
#5782 = CARTESIAN_POINT('',(218.,315.,0.6));
#5783 = VECTOR('',#5784,1.);
#5784 = DIRECTION('',(-0.,-1.,-0.));
#5785 = PCURVE('',#2515,#5786);
#5786 = DEFINITIONAL_REPRESENTATION('',(#5787),#5791);
#5787 = LINE('',#5788,#5789);
#5788 = CARTESIAN_POINT('',(6.28318530718,0.));
#5789 = VECTOR('',#5790,1.);
#5790 = DIRECTION('',(-0.,1.));
#5791 = ( GEOMETRIC_REPRESENTATION_CONTEXT(2)
PARAMETRIC_REPRESENTATION_CONTEXT() REPRESENTATION_CONTEXT('2D SPACE',''
  ) );
#5792 = PCURVE('',#5793,#5798);
#5793 = PLANE('',#5794);
#5794 = AXIS2_PLACEMENT_3D('',#5795,#5796,#5797);
#5795 = CARTESIAN_POINT('',(218.,272.,0.));
#5796 = DIRECTION('',(1.,0.,0.));
#5797 = DIRECTION('',(0.,0.,1.));
#5798 = DEFINITIONAL_REPRESENTATION('',(#5799),#5803);
#5799 = LINE('',#5800,#5801);
#5800 = CARTESIAN_POINT('',(0.6,-43.));
#5801 = VECTOR('',#5802,1.);
#5802 = DIRECTION('',(0.,1.));
#5803 = ( GEOMETRIC_REPRESENTATION_CONTEXT(2)
PARAMETRIC_REPRESENTATION_CONTEXT() REPRESENTATION_CONTEXT('2D SPACE',''
  ) );
#5804 = ORIENTED_EDGE('',*,*,#5694,.T.);
#5805 = ORIENTED_EDGE('',*,*,#2499,.F.);
#5806 = ORIENTED_EDGE('',*,*,#5807,.F.);
#5807 = EDGE_CURVE('',#5778,#2500,#5808,.T.);
#5808 = SURFACE_CURVE('',#5809,(#5814,#5821),.PCURVE_S1.);
#5809 = CIRCLE('',#5810,0.6);
#5810 = AXIS2_PLACEMENT_3D('',#5811,#5812,#5813);
#5811 = CARTESIAN_POINT('',(217.4,315.,0.6));
#5812 = DIRECTION('',(-6.123233995737E-17,1.,0.));
#5813 = DIRECTION('',(1.,6.123233995737E-17,0.));
#5814 = PCURVE('',#2515,#5815);
#5815 = DEFINITIONAL_REPRESENTATION('',(#5816),#5820);
#5816 = LINE('',#5817,#5818);
#5817 = CARTESIAN_POINT('',(6.28318530718,0.));
#5818 = VECTOR('',#5819,1.);
#5819 = DIRECTION('',(-1.,0.));
#5820 = ( GEOMETRIC_REPRESENTATION_CONTEXT(2)
PARAMETRIC_REPRESENTATION_CONTEXT() REPRESENTATION_CONTEXT('2D SPACE',''
  ) );
#5821 = PCURVE('',#2548,#5822);
#5822 = DEFINITIONAL_REPRESENTATION('',(#5823),#5827);
#5823 = LINE('',#5824,#5825);
#5824 = CARTESIAN_POINT('',(1.570796326795,0.));
#5825 = VECTOR('',#5826,1.);
#5826 = DIRECTION('',(0.,1.));
#5827 = ( GEOMETRIC_REPRESENTATION_CONTEXT(2)
PARAMETRIC_REPRESENTATION_CONTEXT() REPRESENTATION_CONTEXT('2D SPACE',''
  ) );
#5828 = ADVANCED_FACE('',(#5829),#2548,.T.);
#5829 = FACE_BOUND('',#5830,.T.);
#5830 = EDGE_LOOP('',(#5831,#5855,#5882,#5883));
#5831 = ORIENTED_EDGE('',*,*,#5832,.F.);
#5832 = EDGE_CURVE('',#5833,#2528,#5835,.T.);
#5833 = VERTEX_POINT('',#5834);
#5834 = CARTESIAN_POINT('',(210.,323.,0.6));
#5835 = SURFACE_CURVE('',#5836,(#5841,#5848),.PCURVE_S1.);
#5836 = CIRCLE('',#5837,0.6);
#5837 = AXIS2_PLACEMENT_3D('',#5838,#5839,#5840);
#5838 = CARTESIAN_POINT('',(210.,322.4,0.6));
#5839 = DIRECTION('',(-1.,0.,0.));
#5840 = DIRECTION('',(0.,1.,0.));
#5841 = PCURVE('',#2548,#5842);
#5842 = DEFINITIONAL_REPRESENTATION('',(#5843),#5847);
#5843 = LINE('',#5844,#5845);
#5844 = CARTESIAN_POINT('',(0.,0.));
#5845 = VECTOR('',#5846,1.);
#5846 = DIRECTION('',(0.,1.));
#5847 = ( GEOMETRIC_REPRESENTATION_CONTEXT(2)
PARAMETRIC_REPRESENTATION_CONTEXT() REPRESENTATION_CONTEXT('2D SPACE',''
  ) );
#5848 = PCURVE('',#2576,#5849);
#5849 = DEFINITIONAL_REPRESENTATION('',(#5850),#5854);
#5850 = LINE('',#5851,#5852);
#5851 = CARTESIAN_POINT('',(6.28318530718,210.));
#5852 = VECTOR('',#5853,1.);
#5853 = DIRECTION('',(-1.,0.));
#5854 = ( GEOMETRIC_REPRESENTATION_CONTEXT(2)
PARAMETRIC_REPRESENTATION_CONTEXT() REPRESENTATION_CONTEXT('2D SPACE',''
  ) );
#5855 = ORIENTED_EDGE('',*,*,#5856,.T.);
#5856 = EDGE_CURVE('',#5833,#5778,#5857,.T.);
#5857 = SURFACE_CURVE('',#5858,(#5863,#5870),.PCURVE_S1.);
#5858 = CIRCLE('',#5859,8.);
#5859 = AXIS2_PLACEMENT_3D('',#5860,#5861,#5862);
#5860 = CARTESIAN_POINT('',(210.,315.,0.6));
#5861 = DIRECTION('',(0.,0.,-1.));
#5862 = DIRECTION('',(0.,1.,0.));
#5863 = PCURVE('',#2548,#5864);
#5864 = DEFINITIONAL_REPRESENTATION('',(#5865),#5869);
#5865 = LINE('',#5866,#5867);
#5866 = CARTESIAN_POINT('',(0.,0.));
#5867 = VECTOR('',#5868,1.);
#5868 = DIRECTION('',(1.,0.));
#5869 = ( GEOMETRIC_REPRESENTATION_CONTEXT(2)
PARAMETRIC_REPRESENTATION_CONTEXT() REPRESENTATION_CONTEXT('2D SPACE',''
  ) );
#5870 = PCURVE('',#5871,#5876);
#5871 = CYLINDRICAL_SURFACE('',#5872,8.);
#5872 = AXIS2_PLACEMENT_3D('',#5873,#5874,#5875);
#5873 = CARTESIAN_POINT('',(210.,315.,0.));
#5874 = DIRECTION('',(0.,0.,1.));
#5875 = DIRECTION('',(1.,0.,-0.));
#5876 = DEFINITIONAL_REPRESENTATION('',(#5877),#5881);
#5877 = LINE('',#5878,#5879);
#5878 = CARTESIAN_POINT('',(1.570796326795,0.6));
#5879 = VECTOR('',#5880,1.);
#5880 = DIRECTION('',(-1.,-0.));
#5881 = ( GEOMETRIC_REPRESENTATION_CONTEXT(2)
PARAMETRIC_REPRESENTATION_CONTEXT() REPRESENTATION_CONTEXT('2D SPACE',''
  ) );
#5882 = ORIENTED_EDGE('',*,*,#5807,.T.);
#5883 = ORIENTED_EDGE('',*,*,#2527,.F.);
#5884 = ADVANCED_FACE('',(#5885),#2576,.T.);
#5885 = FACE_BOUND('',#5886,.T.);
#5886 = EDGE_LOOP('',(#5887,#5915,#5916,#5917));
#5887 = ORIENTED_EDGE('',*,*,#5888,.T.);
#5888 = EDGE_CURVE('',#5889,#5833,#5891,.T.);
#5889 = VERTEX_POINT('',#5890);
#5890 = CARTESIAN_POINT('',(0.,323.,0.6));
#5891 = SURFACE_CURVE('',#5892,(#5896,#5903),.PCURVE_S1.);
#5892 = LINE('',#5893,#5894);
#5893 = CARTESIAN_POINT('',(0.,323.,0.6));
#5894 = VECTOR('',#5895,1.);
#5895 = DIRECTION('',(1.,0.,0.));
#5896 = PCURVE('',#2576,#5897);
#5897 = DEFINITIONAL_REPRESENTATION('',(#5898),#5902);
#5898 = LINE('',#5899,#5900);
#5899 = CARTESIAN_POINT('',(6.28318530718,0.));
#5900 = VECTOR('',#5901,1.);
#5901 = DIRECTION('',(-0.,1.));
#5902 = ( GEOMETRIC_REPRESENTATION_CONTEXT(2)
PARAMETRIC_REPRESENTATION_CONTEXT() REPRESENTATION_CONTEXT('2D SPACE',''
  ) );
#5903 = PCURVE('',#5904,#5909);
#5904 = PLANE('',#5905);
#5905 = AXIS2_PLACEMENT_3D('',#5906,#5907,#5908);
#5906 = CARTESIAN_POINT('',(-8.,323.,0.));
#5907 = DIRECTION('',(0.,1.,0.));
#5908 = DIRECTION('',(0.,-0.,1.));
#5909 = DEFINITIONAL_REPRESENTATION('',(#5910),#5914);
#5910 = LINE('',#5911,#5912);
#5911 = CARTESIAN_POINT('',(0.6,8.));
#5912 = VECTOR('',#5913,1.);
#5913 = DIRECTION('',(0.,1.));
#5914 = ( GEOMETRIC_REPRESENTATION_CONTEXT(2)
PARAMETRIC_REPRESENTATION_CONTEXT() REPRESENTATION_CONTEXT('2D SPACE',''
  ) );
#5915 = ORIENTED_EDGE('',*,*,#5832,.T.);
#5916 = ORIENTED_EDGE('',*,*,#2560,.F.);
#5917 = ORIENTED_EDGE('',*,*,#5918,.F.);
#5918 = EDGE_CURVE('',#5889,#2561,#5919,.T.);
#5919 = SURFACE_CURVE('',#5920,(#5925,#5932),.PCURVE_S1.);
#5920 = CIRCLE('',#5921,0.6);
#5921 = AXIS2_PLACEMENT_3D('',#5922,#5923,#5924);
#5922 = CARTESIAN_POINT('',(0.,322.4,0.6));
#5923 = DIRECTION('',(-1.,-6.123233995737E-17,0.));
#5924 = DIRECTION('',(-6.123233995737E-17,1.,0.));
#5925 = PCURVE('',#2576,#5926);
#5926 = DEFINITIONAL_REPRESENTATION('',(#5927),#5931);
#5927 = LINE('',#5928,#5929);
#5928 = CARTESIAN_POINT('',(6.28318530718,0.));
#5929 = VECTOR('',#5930,1.);
#5930 = DIRECTION('',(-1.,0.));
#5931 = ( GEOMETRIC_REPRESENTATION_CONTEXT(2)
PARAMETRIC_REPRESENTATION_CONTEXT() REPRESENTATION_CONTEXT('2D SPACE',''
  ) );
#5932 = PCURVE('',#2609,#5933);
#5933 = DEFINITIONAL_REPRESENTATION('',(#5934),#5938);
#5934 = LINE('',#5935,#5936);
#5935 = CARTESIAN_POINT('',(1.570796326795,0.));
#5936 = VECTOR('',#5937,1.);
#5937 = DIRECTION('',(0.,1.));
#5938 = ( GEOMETRIC_REPRESENTATION_CONTEXT(2)
PARAMETRIC_REPRESENTATION_CONTEXT() REPRESENTATION_CONTEXT('2D SPACE',''
  ) );
#5939 = ADVANCED_FACE('',(#5940),#2609,.T.);
#5940 = FACE_BOUND('',#5941,.T.);
#5941 = EDGE_LOOP('',(#5942,#5966,#5993,#5994));
#5942 = ORIENTED_EDGE('',*,*,#5943,.F.);
#5943 = EDGE_CURVE('',#5944,#2589,#5946,.T.);
#5944 = VERTEX_POINT('',#5945);
#5945 = CARTESIAN_POINT('',(-8.,315.,0.6));
#5946 = SURFACE_CURVE('',#5947,(#5952,#5959),.PCURVE_S1.);
#5947 = CIRCLE('',#5948,0.6);
#5948 = AXIS2_PLACEMENT_3D('',#5949,#5950,#5951);
#5949 = CARTESIAN_POINT('',(-7.4,315.,0.6));
#5950 = DIRECTION('',(-0.,-1.,-0.));
#5951 = DIRECTION('',(-1.,0.,0.));
#5952 = PCURVE('',#2609,#5953);
#5953 = DEFINITIONAL_REPRESENTATION('',(#5954),#5958);
#5954 = LINE('',#5955,#5956);
#5955 = CARTESIAN_POINT('',(0.,0.));
#5956 = VECTOR('',#5957,1.);
#5957 = DIRECTION('',(0.,1.));
#5958 = ( GEOMETRIC_REPRESENTATION_CONTEXT(2)
PARAMETRIC_REPRESENTATION_CONTEXT() REPRESENTATION_CONTEXT('2D SPACE',''
  ) );
#5959 = PCURVE('',#2637,#5960);
#5960 = DEFINITIONAL_REPRESENTATION('',(#5961),#5965);
#5961 = LINE('',#5962,#5963);
#5962 = CARTESIAN_POINT('',(6.28318530718,35.));
#5963 = VECTOR('',#5964,1.);
#5964 = DIRECTION('',(-1.,0.));
#5965 = ( GEOMETRIC_REPRESENTATION_CONTEXT(2)
PARAMETRIC_REPRESENTATION_CONTEXT() REPRESENTATION_CONTEXT('2D SPACE',''
  ) );
#5966 = ORIENTED_EDGE('',*,*,#5967,.T.);
#5967 = EDGE_CURVE('',#5944,#5889,#5968,.T.);
#5968 = SURFACE_CURVE('',#5969,(#5974,#5981),.PCURVE_S1.);
#5969 = CIRCLE('',#5970,8.);
#5970 = AXIS2_PLACEMENT_3D('',#5971,#5972,#5973);
#5971 = CARTESIAN_POINT('',(0.,315.,0.6));
#5972 = DIRECTION('',(0.,0.,-1.));
#5973 = DIRECTION('',(-1.,0.,0.));
#5974 = PCURVE('',#2609,#5975);
#5975 = DEFINITIONAL_REPRESENTATION('',(#5976),#5980);
#5976 = LINE('',#5977,#5978);
#5977 = CARTESIAN_POINT('',(0.,0.));
#5978 = VECTOR('',#5979,1.);
#5979 = DIRECTION('',(1.,0.));
#5980 = ( GEOMETRIC_REPRESENTATION_CONTEXT(2)
PARAMETRIC_REPRESENTATION_CONTEXT() REPRESENTATION_CONTEXT('2D SPACE',''
  ) );
#5981 = PCURVE('',#5982,#5987);
#5982 = CYLINDRICAL_SURFACE('',#5983,8.);
#5983 = AXIS2_PLACEMENT_3D('',#5984,#5985,#5986);
#5984 = CARTESIAN_POINT('',(0.,315.,0.));
#5985 = DIRECTION('',(0.,0.,1.));
#5986 = DIRECTION('',(-1.,-0.,0.));
#5987 = DEFINITIONAL_REPRESENTATION('',(#5988),#5992);
#5988 = LINE('',#5989,#5990);
#5989 = CARTESIAN_POINT('',(6.28318530718,0.6));
#5990 = VECTOR('',#5991,1.);
#5991 = DIRECTION('',(-1.,0.));
#5992 = ( GEOMETRIC_REPRESENTATION_CONTEXT(2)
PARAMETRIC_REPRESENTATION_CONTEXT() REPRESENTATION_CONTEXT('2D SPACE',''
  ) );
#5993 = ORIENTED_EDGE('',*,*,#5918,.T.);
#5994 = ORIENTED_EDGE('',*,*,#2588,.F.);
#5995 = ADVANCED_FACE('',(#5996),#2637,.T.);
#5996 = FACE_BOUND('',#5997,.T.);
#5997 = EDGE_LOOP('',(#5998,#6019,#6020,#6021));
#5998 = ORIENTED_EDGE('',*,*,#5999,.T.);
#5999 = EDGE_CURVE('',#3341,#5944,#6000,.T.);
#6000 = SURFACE_CURVE('',#6001,(#6005,#6012),.PCURVE_S1.);
#6001 = LINE('',#6002,#6003);
#6002 = CARTESIAN_POINT('',(-8.,280.,0.6));
#6003 = VECTOR('',#6004,1.);
#6004 = DIRECTION('',(0.,1.,0.));
#6005 = PCURVE('',#2637,#6006);
#6006 = DEFINITIONAL_REPRESENTATION('',(#6007),#6011);
#6007 = LINE('',#6008,#6009);
#6008 = CARTESIAN_POINT('',(6.28318530718,0.));
#6009 = VECTOR('',#6010,1.);
#6010 = DIRECTION('',(-0.,1.));
#6011 = ( GEOMETRIC_REPRESENTATION_CONTEXT(2)
PARAMETRIC_REPRESENTATION_CONTEXT() REPRESENTATION_CONTEXT('2D SPACE',''
  ) );
#6012 = PCURVE('',#3356,#6013);
#6013 = DEFINITIONAL_REPRESENTATION('',(#6014),#6018);
#6014 = LINE('',#6015,#6016);
#6015 = CARTESIAN_POINT('',(0.6,-8.));
#6016 = VECTOR('',#6017,1.);
#6017 = DIRECTION('',(0.,-1.));
#6018 = ( GEOMETRIC_REPRESENTATION_CONTEXT(2)
PARAMETRIC_REPRESENTATION_CONTEXT() REPRESENTATION_CONTEXT('2D SPACE',''
  ) );
#6019 = ORIENTED_EDGE('',*,*,#5943,.T.);
#6020 = ORIENTED_EDGE('',*,*,#2621,.F.);
#6021 = ORIENTED_EDGE('',*,*,#3397,.F.);
#6022 = ADVANCED_FACE('',(#6023),#2748,.T.);
#6023 = FACE_BOUND('',#6024,.T.);
#6024 = EDGE_LOOP('',(#6025,#6026,#6027,#6028));
#6025 = ORIENTED_EDGE('',*,*,#2789,.F.);
#6026 = ORIENTED_EDGE('',*,*,#2733,.T.);
#6027 = ORIENTED_EDGE('',*,*,#3655,.T.);
#6028 = ORIENTED_EDGE('',*,*,#6029,.F.);
#6029 = EDGE_CURVE('',#2790,#3635,#6030,.T.);
#6030 = SURFACE_CURVE('',#6031,(#6036,#6043),.PCURVE_S1.);
#6031 = CIRCLE('',#6032,1.);
#6032 = AXIS2_PLACEMENT_3D('',#6033,#6034,#6035);
#6033 = CARTESIAN_POINT('',(43.,277.,19.));
#6034 = DIRECTION('',(1.,0.,0.));
#6035 = DIRECTION('',(-0.,1.,0.));
#6036 = PCURVE('',#2748,#6037);
#6037 = DEFINITIONAL_REPRESENTATION('',(#6038),#6042);
#6038 = LINE('',#6039,#6040);
#6039 = CARTESIAN_POINT('',(0.,43.));
#6040 = VECTOR('',#6041,1.);
#6041 = DIRECTION('',(1.,0.));
#6042 = ( GEOMETRIC_REPRESENTATION_CONTEXT(2)
PARAMETRIC_REPRESENTATION_CONTEXT() REPRESENTATION_CONTEXT('2D SPACE',''
  ) );
#6043 = PCURVE('',#2825,#6044);
#6044 = DEFINITIONAL_REPRESENTATION('',(#6045),#6053);
#6045 = ( BOUNDED_CURVE() B_SPLINE_CURVE(2,(#6046,#6047,#6048,#6049,
#6050,#6051,#6052),.UNSPECIFIED.,.T.,.F.) B_SPLINE_CURVE_WITH_KNOTS((1,2
    ,2,2,2,1),(-2.094395102393,0.,2.094395102393,4.188790204786,
6.28318530718,8.377580409573),.UNSPECIFIED.) CURVE()
GEOMETRIC_REPRESENTATION_ITEM() RATIONAL_B_SPLINE_CURVE((1.,0.5,1.,0.5,
1.,0.5,1.)) REPRESENTATION_ITEM('') );
#6046 = CARTESIAN_POINT('',(13.804142335699,3.369917375728));
#6047 = CARTESIAN_POINT('',(12.07209152813,3.369917375728));
#6048 = CARTESIAN_POINT('',(12.938116931914,4.869917375728));
#6049 = CARTESIAN_POINT('',(13.804142335699,6.369917375728));
#6050 = CARTESIAN_POINT('',(14.670167739483,4.869917375728));
#6051 = CARTESIAN_POINT('',(15.536193143268,3.369917375728));
#6052 = CARTESIAN_POINT('',(13.804142335699,3.369917375728));
#6053 = ( GEOMETRIC_REPRESENTATION_CONTEXT(2)
PARAMETRIC_REPRESENTATION_CONTEXT() REPRESENTATION_CONTEXT('2D SPACE',''
  ) );
#6054 = ADVANCED_FACE('',(#6055),#2825,.T.);
#6055 = FACE_BOUND('',#6056,.T.);
#6056 = EDGE_LOOP('',(#6057,#6078,#6106,#6135,#6163,#6185,#6186,#6187,
    #6188));
#6057 = ORIENTED_EDGE('',*,*,#6058,.T.);
#6058 = EDGE_CURVE('',#3609,#6059,#6061,.T.);
#6059 = VERTEX_POINT('',#6060);
#6060 = CARTESIAN_POINT('',(43.,274.5024877115,82.));
#6061 = SURFACE_CURVE('',#6062,(#6066,#6072),.PCURVE_S1.);
#6062 = LINE('',#6063,#6064);
#6063 = CARTESIAN_POINT('',(43.,258.93816369521,23.913151985759));
#6064 = VECTOR('',#6065,1.);
#6065 = DIRECTION('',(-0.,0.258819045103,0.965925826289));
#6066 = PCURVE('',#2825,#6067);
#6067 = DEFINITIONAL_REPRESENTATION('',(#6068),#6071);
#6068 = B_SPLINE_CURVE_WITH_KNOTS('',1,(#6069,#6070),.UNSPECIFIED.,.F.,
  .F.,(2,2),(-4.05119304118,60.135930144245),.PIECEWISE_BEZIER_KNOTS.);
#6069 = CARTESIAN_POINT('',(12.804142335699,23.480279594955));
#6070 = CARTESIAN_POINT('',(-49.1958576643,6.867429664225));
#6071 = ( GEOMETRIC_REPRESENTATION_CONTEXT(2)
PARAMETRIC_REPRESENTATION_CONTEXT() REPRESENTATION_CONTEXT('2D SPACE',''
  ) );
#6072 = PCURVE('',#3623,#6073);
#6073 = DEFINITIONAL_REPRESENTATION('',(#6074),#6077);
#6074 = B_SPLINE_CURVE_WITH_KNOTS('',1,(#6075,#6076),.UNSPECIFIED.,.F.,
  .F.,(2,2),(-4.05119304118,60.135930144245),.PIECEWISE_BEZIER_KNOTS.);
#6075 = CARTESIAN_POINT('',(10.342609226678,33.));
#6076 = CARTESIAN_POINT('',(74.529732412103,33.));
#6077 = ( GEOMETRIC_REPRESENTATION_CONTEXT(2)
PARAMETRIC_REPRESENTATION_CONTEXT() REPRESENTATION_CONTEXT('2D SPACE',''
  ) );
#6078 = ORIENTED_EDGE('',*,*,#6079,.T.);
#6079 = EDGE_CURVE('',#6059,#6080,#6082,.T.);
#6080 = VERTEX_POINT('',#6081);
#6081 = CARTESIAN_POINT('',(43.,278.23611402394,82.));
#6082 = SURFACE_CURVE('',#6083,(#6087,#6094),.PCURVE_S1.);
#6083 = LINE('',#6084,#6085);
#6084 = CARTESIAN_POINT('',(43.,273.,82.));
#6085 = VECTOR('',#6086,1.);
#6086 = DIRECTION('',(0.,1.,0.));
#6087 = PCURVE('',#2825,#6088);
#6088 = DEFINITIONAL_REPRESENTATION('',(#6089),#6093);
#6089 = LINE('',#6090,#6091);
#6090 = CARTESIAN_POINT('',(-49.1958576643,8.369917375728));
#6091 = VECTOR('',#6092,1.);
#6092 = DIRECTION('',(0.,-1.));
#6093 = ( GEOMETRIC_REPRESENTATION_CONTEXT(2)
PARAMETRIC_REPRESENTATION_CONTEXT() REPRESENTATION_CONTEXT('2D SPACE',''
  ) );
#6094 = PCURVE('',#6095,#6100);
#6095 = PLANE('',#6096);
#6096 = AXIS2_PLACEMENT_3D('',#6097,#6098,#6099);
#6097 = CARTESIAN_POINT('',(43.,273.,82.));
#6098 = DIRECTION('',(0.,0.,1.));
#6099 = DIRECTION('',(0.,1.,0.));
#6100 = DEFINITIONAL_REPRESENTATION('',(#6101),#6105);
#6101 = LINE('',#6102,#6103);
#6102 = CARTESIAN_POINT('',(0.,0.));
#6103 = VECTOR('',#6104,1.);
#6104 = DIRECTION('',(1.,0.));
#6105 = ( GEOMETRIC_REPRESENTATION_CONTEXT(2)
PARAMETRIC_REPRESENTATION_CONTEXT() REPRESENTATION_CONTEXT('2D SPACE',''
  ) );
#6106 = ORIENTED_EDGE('',*,*,#6107,.T.);
#6107 = EDGE_CURVE('',#6080,#6108,#6110,.T.);
#6108 = VERTEX_POINT('',#6109);
#6109 = CARTESIAN_POINT('',(43.,279.32332327861,81.30791341443));
#6110 = SURFACE_CURVE('',#6111,(#6116,#6123),.PCURVE_S1.);
#6111 = CIRCLE('',#6112,1.2);
#6112 = AXIS2_PLACEMENT_3D('',#6113,#6114,#6115);
#6113 = CARTESIAN_POINT('',(43.,278.23611402394,80.8));
#6114 = DIRECTION('',(-1.,0.,-0.));
#6115 = DIRECTION('',(-0.,0.,1.));
#6116 = PCURVE('',#2825,#6117);
#6117 = DEFINITIONAL_REPRESENTATION('',(#6118),#6122);
#6118 = CIRCLE('',#6119,1.2);
#6119 = AXIS2_PLACEMENT_2D('',#6120,#6121);
#6120 = CARTESIAN_POINT('',(-47.9958576643,3.133803351786));
#6121 = DIRECTION('',(-1.,0.));
#6122 = ( GEOMETRIC_REPRESENTATION_CONTEXT(2)
PARAMETRIC_REPRESENTATION_CONTEXT() REPRESENTATION_CONTEXT('2D SPACE',''
  ) );
#6123 = PCURVE('',#6124,#6129);
#6124 = CYLINDRICAL_SURFACE('',#6125,1.2);
#6125 = AXIS2_PLACEMENT_3D('',#6126,#6127,#6128);
#6126 = CARTESIAN_POINT('',(43.,278.23611402394,80.8));
#6127 = DIRECTION('',(1.,0.,0.));
#6128 = DIRECTION('',(0.,-0.,1.));
#6129 = DEFINITIONAL_REPRESENTATION('',(#6130),#6134);
#6130 = LINE('',#6131,#6132);
#6131 = CARTESIAN_POINT('',(-0.,0.));
#6132 = VECTOR('',#6133,1.);
#6133 = DIRECTION('',(-1.,0.));
#6134 = ( GEOMETRIC_REPRESENTATION_CONTEXT(2)
PARAMETRIC_REPRESENTATION_CONTEXT() REPRESENTATION_CONTEXT('2D SPACE',''
  ) );
#6135 = ORIENTED_EDGE('',*,*,#6136,.T.);
#6136 = EDGE_CURVE('',#6108,#6137,#6139,.T.);
#6137 = VERTEX_POINT('',#6138);
#6138 = CARTESIAN_POINT('',(43.,315.2021111574,4.50791341443));
#6139 = SURFACE_CURVE('',#6140,(#6144,#6151),.PCURVE_S1.);
#6140 = LINE('',#6141,#6142);
#6141 = CARTESIAN_POINT('',(43.,279.,82.));
#6142 = VECTOR('',#6143,1.);
#6143 = DIRECTION('',(0.,0.423261178691,-0.906007712226));
#6144 = PCURVE('',#2825,#6145);
#6145 = DEFINITIONAL_REPRESENTATION('',(#6146),#6150);
#6146 = LINE('',#6147,#6148);
#6147 = CARTESIAN_POINT('',(-49.1958576643,2.369917375728));
#6148 = VECTOR('',#6149,1.);
#6149 = DIRECTION('',(0.906007712226,-0.423261178691));
#6150 = ( GEOMETRIC_REPRESENTATION_CONTEXT(2)
PARAMETRIC_REPRESENTATION_CONTEXT() REPRESENTATION_CONTEXT('2D SPACE',''
  ) );
#6151 = PCURVE('',#6152,#6157);
#6152 = PLANE('',#6153);
#6153 = AXIS2_PLACEMENT_3D('',#6154,#6155,#6156);
#6154 = CARTESIAN_POINT('',(43.,279.,82.));
#6155 = DIRECTION('',(-0.,0.906007712226,0.423261178691));
#6156 = DIRECTION('',(0.,0.423261178691,-0.906007712226));
#6157 = DEFINITIONAL_REPRESENTATION('',(#6158),#6162);
#6158 = LINE('',#6159,#6160);
#6159 = CARTESIAN_POINT('',(0.,0.));
#6160 = VECTOR('',#6161,1.);
#6161 = DIRECTION('',(1.,0.));
#6162 = ( GEOMETRIC_REPRESENTATION_CONTEXT(2)
PARAMETRIC_REPRESENTATION_CONTEXT() REPRESENTATION_CONTEXT('2D SPACE',''
  ) );
#6163 = ORIENTED_EDGE('',*,*,#6164,.T.);
#6164 = EDGE_CURVE('',#6137,#2898,#6165,.T.);
#6165 = SURFACE_CURVE('',#6166,(#6171,#6178),.PCURVE_S1.);
#6166 = CIRCLE('',#6167,1.2);
#6167 = AXIS2_PLACEMENT_3D('',#6168,#6169,#6170);
#6168 = CARTESIAN_POINT('',(43.,314.11490190272,4.));
#6169 = DIRECTION('',(-1.,0.,-0.));
#6170 = DIRECTION('',(-0.,0.,1.));
#6171 = PCURVE('',#2825,#6172);
#6172 = DEFINITIONAL_REPRESENTATION('',(#6173),#6177);
#6173 = CIRCLE('',#6174,1.2);
#6174 = AXIS2_PLACEMENT_2D('',#6175,#6176);
#6175 = CARTESIAN_POINT('',(28.804142335699,-32.744984527));
#6176 = DIRECTION('',(-1.,0.));
#6177 = ( GEOMETRIC_REPRESENTATION_CONTEXT(2)
PARAMETRIC_REPRESENTATION_CONTEXT() REPRESENTATION_CONTEXT('2D SPACE',''
  ) );
#6178 = PCURVE('',#2933,#6179);
#6179 = DEFINITIONAL_REPRESENTATION('',(#6180),#6184);
#6180 = LINE('',#6181,#6182);
#6181 = CARTESIAN_POINT('',(1.133754516003,-0.));
#6182 = VECTOR('',#6183,1.);
#6183 = DIRECTION('',(-1.,0.));
#6184 = ( GEOMETRIC_REPRESENTATION_CONTEXT(2)
PARAMETRIC_REPRESENTATION_CONTEXT() REPRESENTATION_CONTEXT('2D SPACE',''
  ) );
#6185 = ORIENTED_EDGE('',*,*,#2897,.T.);
#6186 = ORIENTED_EDGE('',*,*,#2812,.T.);
#6187 = ORIENTED_EDGE('',*,*,#6029,.T.);
#6188 = ORIENTED_EDGE('',*,*,#3634,.T.);
#6189 = ADVANCED_FACE('',(#6190),#2857,.T.);
#6190 = FACE_BOUND('',#6191,.T.);
#6191 = EDGE_LOOP('',(#6192,#6193,#6194,#6218));
#6192 = ORIENTED_EDGE('',*,*,#3290,.T.);
#6193 = ORIENTED_EDGE('',*,*,#2839,.T.);
#6194 = ORIENTED_EDGE('',*,*,#6195,.F.);
#6195 = EDGE_CURVE('',#6196,#2842,#6198,.T.);
#6196 = VERTEX_POINT('',#6197);
#6197 = CARTESIAN_POINT('',(-8.,315.,3.));
#6198 = SURFACE_CURVE('',#6199,(#6204,#6211),.PCURVE_S1.);
#6199 = CIRCLE('',#6200,1.);
#6200 = AXIS2_PLACEMENT_3D('',#6201,#6202,#6203);
#6201 = CARTESIAN_POINT('',(-7.,315.,3.));
#6202 = DIRECTION('',(0.,1.,0.));
#6203 = DIRECTION('',(-1.,0.,0.));
#6204 = PCURVE('',#2857,#6205);
#6205 = DEFINITIONAL_REPRESENTATION('',(#6206),#6210);
#6206 = LINE('',#6207,#6208);
#6207 = CARTESIAN_POINT('',(0.,35.));
#6208 = VECTOR('',#6209,1.);
#6209 = DIRECTION('',(1.,0.));
#6210 = ( GEOMETRIC_REPRESENTATION_CONTEXT(2)
PARAMETRIC_REPRESENTATION_CONTEXT() REPRESENTATION_CONTEXT('2D SPACE',''
  ) );
#6211 = PCURVE('',#3274,#6212);
#6212 = DEFINITIONAL_REPRESENTATION('',(#6213),#6217);
#6213 = LINE('',#6214,#6215);
#6214 = CARTESIAN_POINT('',(6.28318530718,0.));
#6215 = VECTOR('',#6216,1.);
#6216 = DIRECTION('',(-0.,1.));
#6217 = ( GEOMETRIC_REPRESENTATION_CONTEXT(2)
PARAMETRIC_REPRESENTATION_CONTEXT() REPRESENTATION_CONTEXT('2D SPACE',''
  ) );
#6218 = ORIENTED_EDGE('',*,*,#6219,.F.);
#6219 = EDGE_CURVE('',#3291,#6196,#6220,.T.);
#6220 = SURFACE_CURVE('',#6221,(#6225,#6232),.PCURVE_S1.);
#6221 = LINE('',#6222,#6223);
#6222 = CARTESIAN_POINT('',(-8.,280.,3.));
#6223 = VECTOR('',#6224,1.);
#6224 = DIRECTION('',(0.,1.,0.));
#6225 = PCURVE('',#2857,#6226);
#6226 = DEFINITIONAL_REPRESENTATION('',(#6227),#6231);
#6227 = LINE('',#6228,#6229);
#6228 = CARTESIAN_POINT('',(0.,0.));
#6229 = VECTOR('',#6230,1.);
#6230 = DIRECTION('',(0.,1.));
#6231 = ( GEOMETRIC_REPRESENTATION_CONTEXT(2)
PARAMETRIC_REPRESENTATION_CONTEXT() REPRESENTATION_CONTEXT('2D SPACE',''
  ) );
#6232 = PCURVE('',#3356,#6233);
#6233 = DEFINITIONAL_REPRESENTATION('',(#6234),#6238);
#6234 = LINE('',#6235,#6236);
#6235 = CARTESIAN_POINT('',(3.,-8.));
#6236 = VECTOR('',#6237,1.);
#6237 = DIRECTION('',(0.,-1.));
#6238 = ( GEOMETRIC_REPRESENTATION_CONTEXT(2)
PARAMETRIC_REPRESENTATION_CONTEXT() REPRESENTATION_CONTEXT('2D SPACE',''
  ) );
#6239 = ADVANCED_FACE('',(#6240),#3274,.T.);
#6240 = FACE_BOUND('',#6241,.T.);
#6241 = EDGE_LOOP('',(#6242,#6243,#6267,#6289));
#6242 = ORIENTED_EDGE('',*,*,#3255,.T.);
#6243 = ORIENTED_EDGE('',*,*,#6244,.F.);
#6244 = EDGE_CURVE('',#6245,#3228,#6247,.T.);
#6245 = VERTEX_POINT('',#6246);
#6246 = CARTESIAN_POINT('',(0.,323.,3.));
#6247 = SURFACE_CURVE('',#6248,(#6253,#6260),.PCURVE_S1.);
#6248 = CIRCLE('',#6249,1.);
#6249 = AXIS2_PLACEMENT_3D('',#6250,#6251,#6252);
#6250 = CARTESIAN_POINT('',(0.,322.,3.));
#6251 = DIRECTION('',(1.,6.123233995737E-17,-0.));
#6252 = DIRECTION('',(-6.123233995737E-17,1.,0.));
#6253 = PCURVE('',#3274,#6254);
#6254 = DEFINITIONAL_REPRESENTATION('',(#6255),#6259);
#6255 = LINE('',#6256,#6257);
#6256 = CARTESIAN_POINT('',(4.712388980385,0.));
#6257 = VECTOR('',#6258,1.);
#6258 = DIRECTION('',(-0.,1.));
#6259 = ( GEOMETRIC_REPRESENTATION_CONTEXT(2)
PARAMETRIC_REPRESENTATION_CONTEXT() REPRESENTATION_CONTEXT('2D SPACE',''
  ) );
#6260 = PCURVE('',#3243,#6261);
#6261 = DEFINITIONAL_REPRESENTATION('',(#6262),#6266);
#6262 = LINE('',#6263,#6264);
#6263 = CARTESIAN_POINT('',(0.,0.));
#6264 = VECTOR('',#6265,1.);
#6265 = DIRECTION('',(1.,0.));
#6266 = ( GEOMETRIC_REPRESENTATION_CONTEXT(2)
PARAMETRIC_REPRESENTATION_CONTEXT() REPRESENTATION_CONTEXT('2D SPACE',''
  ) );
#6267 = ORIENTED_EDGE('',*,*,#6268,.F.);
#6268 = EDGE_CURVE('',#6196,#6245,#6269,.T.);
#6269 = SURFACE_CURVE('',#6270,(#6275,#6282),.PCURVE_S1.);
#6270 = CIRCLE('',#6271,8.);
#6271 = AXIS2_PLACEMENT_3D('',#6272,#6273,#6274);
#6272 = CARTESIAN_POINT('',(0.,315.,3.));
#6273 = DIRECTION('',(0.,0.,-1.));
#6274 = DIRECTION('',(-1.,0.,0.));
#6275 = PCURVE('',#3274,#6276);
#6276 = DEFINITIONAL_REPRESENTATION('',(#6277),#6281);
#6277 = LINE('',#6278,#6279);
#6278 = CARTESIAN_POINT('',(6.28318530718,0.));
#6279 = VECTOR('',#6280,1.);
#6280 = DIRECTION('',(-1.,0.));
#6281 = ( GEOMETRIC_REPRESENTATION_CONTEXT(2)
PARAMETRIC_REPRESENTATION_CONTEXT() REPRESENTATION_CONTEXT('2D SPACE',''
  ) );
#6282 = PCURVE('',#5982,#6283);
#6283 = DEFINITIONAL_REPRESENTATION('',(#6284),#6288);
#6284 = LINE('',#6285,#6286);
#6285 = CARTESIAN_POINT('',(6.28318530718,3.));
#6286 = VECTOR('',#6287,1.);
#6287 = DIRECTION('',(-1.,0.));
#6288 = ( GEOMETRIC_REPRESENTATION_CONTEXT(2)
PARAMETRIC_REPRESENTATION_CONTEXT() REPRESENTATION_CONTEXT('2D SPACE',''
  ) );
#6289 = ORIENTED_EDGE('',*,*,#6195,.T.);
#6290 = ADVANCED_FACE('',(#6291),#3243,.T.);
#6291 = FACE_BOUND('',#6292,.T.);
#6292 = EDGE_LOOP('',(#6293,#6294,#6295,#6319));
#6293 = ORIENTED_EDGE('',*,*,#6244,.T.);
#6294 = ORIENTED_EDGE('',*,*,#3227,.T.);
#6295 = ORIENTED_EDGE('',*,*,#6296,.F.);
#6296 = EDGE_CURVE('',#6297,#3195,#6299,.T.);
#6297 = VERTEX_POINT('',#6298);
#6298 = CARTESIAN_POINT('',(210.,323.,3.));
#6299 = SURFACE_CURVE('',#6300,(#6305,#6312),.PCURVE_S1.);
#6300 = CIRCLE('',#6301,1.);
#6301 = AXIS2_PLACEMENT_3D('',#6302,#6303,#6304);
#6302 = CARTESIAN_POINT('',(210.,322.,3.));
#6303 = DIRECTION('',(1.,0.,0.));
#6304 = DIRECTION('',(-0.,1.,0.));
#6305 = PCURVE('',#3243,#6306);
#6306 = DEFINITIONAL_REPRESENTATION('',(#6307),#6311);
#6307 = LINE('',#6308,#6309);
#6308 = CARTESIAN_POINT('',(0.,210.));
#6309 = VECTOR('',#6310,1.);
#6310 = DIRECTION('',(1.,0.));
#6311 = ( GEOMETRIC_REPRESENTATION_CONTEXT(2)
PARAMETRIC_REPRESENTATION_CONTEXT() REPRESENTATION_CONTEXT('2D SPACE',''
  ) );
#6312 = PCURVE('',#3215,#6313);
#6313 = DEFINITIONAL_REPRESENTATION('',(#6314),#6318);
#6314 = LINE('',#6315,#6316);
#6315 = CARTESIAN_POINT('',(6.28318530718,0.));
#6316 = VECTOR('',#6317,1.);
#6317 = DIRECTION('',(-0.,1.));
#6318 = ( GEOMETRIC_REPRESENTATION_CONTEXT(2)
PARAMETRIC_REPRESENTATION_CONTEXT() REPRESENTATION_CONTEXT('2D SPACE',''
  ) );
#6319 = ORIENTED_EDGE('',*,*,#6320,.F.);
#6320 = EDGE_CURVE('',#6245,#6297,#6321,.T.);
#6321 = SURFACE_CURVE('',#6322,(#6326,#6333),.PCURVE_S1.);
#6322 = LINE('',#6323,#6324);
#6323 = CARTESIAN_POINT('',(0.,323.,3.));
#6324 = VECTOR('',#6325,1.);
#6325 = DIRECTION('',(1.,0.,0.));
#6326 = PCURVE('',#3243,#6327);
#6327 = DEFINITIONAL_REPRESENTATION('',(#6328),#6332);
#6328 = LINE('',#6329,#6330);
#6329 = CARTESIAN_POINT('',(0.,0.));
#6330 = VECTOR('',#6331,1.);
#6331 = DIRECTION('',(0.,1.));
#6332 = ( GEOMETRIC_REPRESENTATION_CONTEXT(2)
PARAMETRIC_REPRESENTATION_CONTEXT() REPRESENTATION_CONTEXT('2D SPACE',''
  ) );
#6333 = PCURVE('',#5904,#6334);
#6334 = DEFINITIONAL_REPRESENTATION('',(#6335),#6339);
#6335 = LINE('',#6336,#6337);
#6336 = CARTESIAN_POINT('',(3.,8.));
#6337 = VECTOR('',#6338,1.);
#6338 = DIRECTION('',(0.,1.));
#6339 = ( GEOMETRIC_REPRESENTATION_CONTEXT(2)
PARAMETRIC_REPRESENTATION_CONTEXT() REPRESENTATION_CONTEXT('2D SPACE',''
  ) );
#6340 = ADVANCED_FACE('',(#6341),#3215,.T.);
#6341 = FACE_BOUND('',#6342,.T.);
#6342 = EDGE_LOOP('',(#6343,#6344,#6368,#6390));
#6343 = ORIENTED_EDGE('',*,*,#3194,.T.);
#6344 = ORIENTED_EDGE('',*,*,#6345,.F.);
#6345 = EDGE_CURVE('',#6346,#3167,#6348,.T.);
#6346 = VERTEX_POINT('',#6347);
#6347 = CARTESIAN_POINT('',(218.,315.,3.));
#6348 = SURFACE_CURVE('',#6349,(#6354,#6361),.PCURVE_S1.);
#6349 = CIRCLE('',#6350,1.);
#6350 = AXIS2_PLACEMENT_3D('',#6351,#6352,#6353);
#6351 = CARTESIAN_POINT('',(217.,315.,3.));
#6352 = DIRECTION('',(6.123233995737E-17,-1.,0.));
#6353 = DIRECTION('',(1.,6.123233995737E-17,0.));
#6354 = PCURVE('',#3215,#6355);
#6355 = DEFINITIONAL_REPRESENTATION('',(#6356),#6360);
#6356 = LINE('',#6357,#6358);
#6357 = CARTESIAN_POINT('',(4.712388980385,0.));
#6358 = VECTOR('',#6359,1.);
#6359 = DIRECTION('',(-0.,1.));
#6360 = ( GEOMETRIC_REPRESENTATION_CONTEXT(2)
PARAMETRIC_REPRESENTATION_CONTEXT() REPRESENTATION_CONTEXT('2D SPACE',''
  ) );
#6361 = PCURVE('',#3182,#6362);
#6362 = DEFINITIONAL_REPRESENTATION('',(#6363),#6367);
#6363 = LINE('',#6364,#6365);
#6364 = CARTESIAN_POINT('',(0.,0.));
#6365 = VECTOR('',#6366,1.);
#6366 = DIRECTION('',(1.,0.));
#6367 = ( GEOMETRIC_REPRESENTATION_CONTEXT(2)
PARAMETRIC_REPRESENTATION_CONTEXT() REPRESENTATION_CONTEXT('2D SPACE',''
  ) );
#6368 = ORIENTED_EDGE('',*,*,#6369,.F.);
#6369 = EDGE_CURVE('',#6297,#6346,#6370,.T.);
#6370 = SURFACE_CURVE('',#6371,(#6376,#6383),.PCURVE_S1.);
#6371 = CIRCLE('',#6372,8.);
#6372 = AXIS2_PLACEMENT_3D('',#6373,#6374,#6375);
#6373 = CARTESIAN_POINT('',(210.,315.,3.));
#6374 = DIRECTION('',(0.,0.,-1.));
#6375 = DIRECTION('',(0.,1.,0.));
#6376 = PCURVE('',#3215,#6377);
#6377 = DEFINITIONAL_REPRESENTATION('',(#6378),#6382);
#6378 = LINE('',#6379,#6380);
#6379 = CARTESIAN_POINT('',(6.28318530718,0.));
#6380 = VECTOR('',#6381,1.);
#6381 = DIRECTION('',(-1.,0.));
#6382 = ( GEOMETRIC_REPRESENTATION_CONTEXT(2)
PARAMETRIC_REPRESENTATION_CONTEXT() REPRESENTATION_CONTEXT('2D SPACE',''
  ) );
#6383 = PCURVE('',#5871,#6384);
#6384 = DEFINITIONAL_REPRESENTATION('',(#6385),#6389);
#6385 = LINE('',#6386,#6387);
#6386 = CARTESIAN_POINT('',(1.570796326795,3.));
#6387 = VECTOR('',#6388,1.);
#6388 = DIRECTION('',(-1.,-0.));
#6389 = ( GEOMETRIC_REPRESENTATION_CONTEXT(2)
PARAMETRIC_REPRESENTATION_CONTEXT() REPRESENTATION_CONTEXT('2D SPACE',''
  ) );
#6390 = ORIENTED_EDGE('',*,*,#6296,.T.);
#6391 = ADVANCED_FACE('',(#6392),#3182,.T.);
#6392 = FACE_BOUND('',#6393,.T.);
#6393 = EDGE_LOOP('',(#6394,#6395,#6396,#6420));
#6394 = ORIENTED_EDGE('',*,*,#6345,.T.);
#6395 = ORIENTED_EDGE('',*,*,#3166,.T.);
#6396 = ORIENTED_EDGE('',*,*,#6397,.F.);
#6397 = EDGE_CURVE('',#6398,#3134,#6400,.T.);
#6398 = VERTEX_POINT('',#6399);
#6399 = CARTESIAN_POINT('',(218.,280.,3.));
#6400 = SURFACE_CURVE('',#6401,(#6406,#6413),.PCURVE_S1.);
#6401 = CIRCLE('',#6402,1.);
#6402 = AXIS2_PLACEMENT_3D('',#6403,#6404,#6405);
#6403 = CARTESIAN_POINT('',(217.,280.,3.));
#6404 = DIRECTION('',(0.,-1.,-0.));
#6405 = DIRECTION('',(1.,0.,0.));
#6406 = PCURVE('',#3182,#6407);
#6407 = DEFINITIONAL_REPRESENTATION('',(#6408),#6412);
#6408 = LINE('',#6409,#6410);
#6409 = CARTESIAN_POINT('',(0.,35.));
#6410 = VECTOR('',#6411,1.);
#6411 = DIRECTION('',(1.,0.));
#6412 = ( GEOMETRIC_REPRESENTATION_CONTEXT(2)
PARAMETRIC_REPRESENTATION_CONTEXT() REPRESENTATION_CONTEXT('2D SPACE',''
  ) );
#6413 = PCURVE('',#3154,#6414);
#6414 = DEFINITIONAL_REPRESENTATION('',(#6415),#6419);
#6415 = LINE('',#6416,#6417);
#6416 = CARTESIAN_POINT('',(6.28318530718,0.));
#6417 = VECTOR('',#6418,1.);
#6418 = DIRECTION('',(-0.,1.));
#6419 = ( GEOMETRIC_REPRESENTATION_CONTEXT(2)
PARAMETRIC_REPRESENTATION_CONTEXT() REPRESENTATION_CONTEXT('2D SPACE',''
  ) );
#6420 = ORIENTED_EDGE('',*,*,#6421,.F.);
#6421 = EDGE_CURVE('',#6346,#6398,#6422,.T.);
#6422 = SURFACE_CURVE('',#6423,(#6427,#6434),.PCURVE_S1.);
#6423 = LINE('',#6424,#6425);
#6424 = CARTESIAN_POINT('',(218.,315.,3.));
#6425 = VECTOR('',#6426,1.);
#6426 = DIRECTION('',(-0.,-1.,-0.));
#6427 = PCURVE('',#3182,#6428);
#6428 = DEFINITIONAL_REPRESENTATION('',(#6429),#6433);
#6429 = LINE('',#6430,#6431);
#6430 = CARTESIAN_POINT('',(0.,0.));
#6431 = VECTOR('',#6432,1.);
#6432 = DIRECTION('',(0.,1.));
#6433 = ( GEOMETRIC_REPRESENTATION_CONTEXT(2)
PARAMETRIC_REPRESENTATION_CONTEXT() REPRESENTATION_CONTEXT('2D SPACE',''
  ) );
#6434 = PCURVE('',#5793,#6435);
#6435 = DEFINITIONAL_REPRESENTATION('',(#6436),#6440);
#6436 = LINE('',#6437,#6438);
#6437 = CARTESIAN_POINT('',(3.,-43.));
#6438 = VECTOR('',#6439,1.);
#6439 = DIRECTION('',(0.,1.));
#6440 = ( GEOMETRIC_REPRESENTATION_CONTEXT(2)
PARAMETRIC_REPRESENTATION_CONTEXT() REPRESENTATION_CONTEXT('2D SPACE',''
  ) );
#6441 = ADVANCED_FACE('',(#6442),#3154,.T.);
#6442 = FACE_BOUND('',#6443,.T.);
#6443 = EDGE_LOOP('',(#6444,#6445,#6519,#6541));
#6444 = ORIENTED_EDGE('',*,*,#3133,.T.);
#6445 = ORIENTED_EDGE('',*,*,#6446,.F.);
#6446 = EDGE_CURVE('',#6447,#3105,#6449,.T.);
#6447 = VERTEX_POINT('',#6448);
#6448 = CARTESIAN_POINT('',(216.24499799839,275.,3.));
#6449 = SURFACE_CURVE('',#6450,(#6471,#6495),.PCURVE_S1.);
#6450 = B_SPLINE_CURVE_WITH_KNOTS('',7,(#6451,#6452,#6453,#6454,#6455,
    #6456,#6457,#6458,#6459,#6460,#6461,#6462,#6463,#6464,#6465,#6466,
    #6467,#6468,#6469,#6470),.UNSPECIFIED.,.F.,.F.,(8,6,6,8),(0.,
    0.319805568479,0.620556709348,1.),.UNSPECIFIED.);
#6451 = CARTESIAN_POINT('',(216.24499799839,275.,3.));
#6452 = CARTESIAN_POINT('',(216.24499799839,275.,3.065623802746));
#6453 = CARTESIAN_POINT('',(216.2417799223,275.00401938356,
    3.131238985164));
#6454 = CARTESIAN_POINT('',(216.23534523677,275.01205627169,
    3.196542663202));
#6455 = CARTESIAN_POINT('',(216.22566892523,275.02410863805,
    3.261214201056));
#6456 = CARTESIAN_POINT('',(216.21270732599,275.04016404217,
    3.324911213783));
#6457 = CARTESIAN_POINT('',(216.19640138045,275.06019499325,
    3.387264101133));
#6458 = CARTESIAN_POINT('',(216.15812450842,275.10669703336,
    3.504863199413));
#6459 = CARTESIAN_POINT('',(216.13655449763,275.1327066631,
    3.560294761116));
#6460 = CARTESIAN_POINT('',(216.11190398836,275.16215210634,3.6138325191
    ));
#6461 = CARTESIAN_POINT('',(216.08411111705,275.19497151879,
    3.665080852383));
#6462 = CARTESIAN_POINT('',(216.05312861793,275.23105818417,
    3.713583292424));
#6463 = CARTESIAN_POINT('',(216.01894427519,275.270243964,3.758831833524
    ));
#6464 = CARTESIAN_POINT('',(215.93449952926,275.36532831323,
    3.852577820133));
#6465 = CARTESIAN_POINT('',(215.88230398992,275.42299506525,
    3.898904477797));
#6466 = CARTESIAN_POINT('',(215.8252174196,275.48467990573,
    3.937997710352));
#6467 = CARTESIAN_POINT('',(215.76368066233,275.54950369193,
    3.968581437366));
#6468 = CARTESIAN_POINT('',(215.69845101201,275.61630403257,
    3.989523567749));
#6469 = CARTESIAN_POINT('',(215.63072207558,275.68366706023,4.));
#6470 = CARTESIAN_POINT('',(215.56214886532,275.75,4.));
#6471 = PCURVE('',#3154,#6472);
#6472 = DEFINITIONAL_REPRESENTATION('',(#6473),#6494);
#6473 = B_SPLINE_CURVE_WITH_KNOTS('',7,(#6474,#6475,#6476,#6477,#6478,
    #6479,#6480,#6481,#6482,#6483,#6484,#6485,#6486,#6487,#6488,#6489,
    #6490,#6491,#6492,#6493),.UNSPECIFIED.,.F.,.F.,(8,6,6,8),(0.,
    0.319805568479,0.620556709348,1.),.UNSPECIFIED.);
#6474 = CARTESIAN_POINT('',(5.608053774243,0.));
#6475 = CARTESIAN_POINT('',(5.608053774243,6.562380274572E-02));
#6476 = CARTESIAN_POINT('',(5.608194565343,0.131239090123));
#6477 = CARTESIAN_POINT('',(5.608476081577,0.197003994396));
#6478 = CARTESIAN_POINT('',(5.608897277807,0.26306028802));
#6479 = CARTESIAN_POINT('',(5.609455765375,0.329544051552));
#6480 = CARTESIAN_POINT('',(5.610147539042,0.396597309451));
#6481 = CARTESIAN_POINT('',(5.611737239086,0.528125340359));
#6482 = CARTESIAN_POINT('',(5.612620202139,0.592497038824));
#6483 = CARTESIAN_POINT('',(5.613610776098,0.657632704975));
#6484 = CARTESIAN_POINT('',(5.614702208665,0.723641968763));
#6485 = CARTESIAN_POINT('',(5.615884996482,0.790617555667));
#6486 = CARTESIAN_POINT('',(5.617146356531,0.858638404758));
#6487 = CARTESIAN_POINT('',(5.620140149369,1.014979758135));
#6488 = CARTESIAN_POINT('',(5.621911949126,1.104083287236));
#6489 = CARTESIAN_POINT('',(5.623748944122,1.194972312017));
#6490 = CARTESIAN_POINT('',(5.625604070611,1.287470758147));
#6491 = CARTESIAN_POINT('',(5.627421243203,1.381298891595));
#6492 = CARTESIAN_POINT('',(5.629143419208,1.476034984277));
#6493 = CARTESIAN_POINT('',(5.630725409862,1.570796326795));
#6494 = ( GEOMETRIC_REPRESENTATION_CONTEXT(2)
PARAMETRIC_REPRESENTATION_CONTEXT() REPRESENTATION_CONTEXT('2D SPACE',''
  ) );
#6495 = PCURVE('',#3121,#6496);
#6496 = DEFINITIONAL_REPRESENTATION('',(#6497),#6518);
#6497 = B_SPLINE_CURVE_WITH_KNOTS('',7,(#6498,#6499,#6500,#6501,#6502,
    #6503,#6504,#6505,#6506,#6507,#6508,#6509,#6510,#6511,#6512,#6513,
    #6514,#6515,#6516,#6517),.UNSPECIFIED.,.F.,.F.,(8,6,6,8),(0.,
    0.319805568479,0.620556709348,1.),.UNSPECIFIED.);
#6498 = CARTESIAN_POINT('',(0.675131532937,3.));
#6499 = CARTESIAN_POINT('',(0.675131532937,3.065623802746));
#6500 = CARTESIAN_POINT('',(0.675775148949,3.131238985164));
#6501 = CARTESIAN_POINT('',(0.677062082872,3.196542663202));
#6502 = CARTESIAN_POINT('',(0.67899409179,3.261214201056));
#6503 = CARTESIAN_POINT('',(0.681573372407,3.324911213783));
#6504 = CARTESIAN_POINT('',(0.684801914875,3.387264101133));
#6505 = CARTESIAN_POINT('',(0.69233056709,3.504863199413));
#6506 = CARTESIAN_POINT('',(0.696554291655,3.560294761116));
#6507 = CARTESIAN_POINT('',(0.701354405992,3.6138325191));
#6508 = CARTESIAN_POINT('',(0.706730038687,3.665080852383));
#6509 = CARTESIAN_POINT('',(0.712675048355,3.713583292424));
#6510 = CARTESIAN_POINT('',(0.719174905748,3.758831833524));
#6511 = CARTESIAN_POINT('',(0.73507102781,3.852577820133));
#6512 = CARTESIAN_POINT('',(0.744793173778,3.898904477797));
#6513 = CARTESIAN_POINT('',(0.75529798814,3.937997710352));
#6514 = CARTESIAN_POINT('',(0.766468794535,3.968581437366));
#6515 = CARTESIAN_POINT('',(0.77813755395,3.989523567749));
#6516 = CARTESIAN_POINT('',(0.790077002106,4.));
#6517 = CARTESIAN_POINT('',(0.802002777804,4.));
#6518 = ( GEOMETRIC_REPRESENTATION_CONTEXT(2)
PARAMETRIC_REPRESENTATION_CONTEXT() REPRESENTATION_CONTEXT('2D SPACE',''
  ) );
#6519 = ORIENTED_EDGE('',*,*,#6520,.F.);
#6520 = EDGE_CURVE('',#6398,#6447,#6521,.T.);
#6521 = SURFACE_CURVE('',#6522,(#6527,#6534),.PCURVE_S1.);
#6522 = CIRCLE('',#6523,8.);
#6523 = AXIS2_PLACEMENT_3D('',#6524,#6525,#6526);
#6524 = CARTESIAN_POINT('',(210.,280.,3.));
#6525 = DIRECTION('',(0.,0.,-1.));
#6526 = DIRECTION('',(1.,0.,0.));
#6527 = PCURVE('',#3154,#6528);
#6528 = DEFINITIONAL_REPRESENTATION('',(#6529),#6533);
#6529 = LINE('',#6530,#6531);
#6530 = CARTESIAN_POINT('',(6.28318530718,0.));
#6531 = VECTOR('',#6532,1.);
#6532 = DIRECTION('',(-1.,0.));
#6533 = ( GEOMETRIC_REPRESENTATION_CONTEXT(2)
PARAMETRIC_REPRESENTATION_CONTEXT() REPRESENTATION_CONTEXT('2D SPACE',''
  ) );
#6534 = PCURVE('',#5735,#6535);
#6535 = DEFINITIONAL_REPRESENTATION('',(#6536),#6540);
#6536 = LINE('',#6537,#6538);
#6537 = CARTESIAN_POINT('',(6.28318530718,3.));
#6538 = VECTOR('',#6539,1.);
#6539 = DIRECTION('',(-1.,0.));
#6540 = ( GEOMETRIC_REPRESENTATION_CONTEXT(2)
PARAMETRIC_REPRESENTATION_CONTEXT() REPRESENTATION_CONTEXT('2D SPACE',''
  ) );
#6541 = ORIENTED_EDGE('',*,*,#6397,.T.);
#6542 = ADVANCED_FACE('',(#6543),#3121,.T.);
#6543 = FACE_BOUND('',#6544,.T.);
#6544 = EDGE_LOOP('',(#6545,#6568,#6569,#6570,#6589,#6590,#6591,#6614));
#6545 = ORIENTED_EDGE('',*,*,#6546,.F.);
#6546 = EDGE_CURVE('',#5563,#6547,#6549,.T.);
#6547 = VERTEX_POINT('',#6548);
#6548 = CARTESIAN_POINT('',(218.,270.,19.));
#6549 = SURFACE_CURVE('',#6550,(#6554,#6561),.PCURVE_S1.);
#6550 = LINE('',#6551,#6552);
#6551 = CARTESIAN_POINT('',(218.,270.,0.));
#6552 = VECTOR('',#6553,1.);
#6553 = DIRECTION('',(0.,0.,1.));
#6554 = PCURVE('',#3121,#6555);
#6555 = DEFINITIONAL_REPRESENTATION('',(#6556),#6560);
#6556 = LINE('',#6557,#6558);
#6557 = CARTESIAN_POINT('',(0.,0.));
#6558 = VECTOR('',#6559,1.);
#6559 = DIRECTION('',(0.,1.));
#6560 = ( GEOMETRIC_REPRESENTATION_CONTEXT(2)
PARAMETRIC_REPRESENTATION_CONTEXT() REPRESENTATION_CONTEXT('2D SPACE',''
  ) );
#6561 = PCURVE('',#5578,#6562);
#6562 = DEFINITIONAL_REPRESENTATION('',(#6563),#6567);
#6563 = LINE('',#6564,#6565);
#6564 = CARTESIAN_POINT('',(0.,-52.));
#6565 = VECTOR('',#6566,1.);
#6566 = DIRECTION('',(1.,0.));
#6567 = ( GEOMETRIC_REPRESENTATION_CONTEXT(2)
PARAMETRIC_REPRESENTATION_CONTEXT() REPRESENTATION_CONTEXT('2D SPACE',''
  ) );
#6568 = ORIENTED_EDGE('',*,*,#5665,.F.);
#6569 = ORIENTED_EDGE('',*,*,#5747,.F.);
#6570 = ORIENTED_EDGE('',*,*,#6571,.T.);
#6571 = EDGE_CURVE('',#5719,#6447,#6572,.T.);
#6572 = SURFACE_CURVE('',#6573,(#6577,#6583),.PCURVE_S1.);
#6573 = LINE('',#6574,#6575);
#6574 = CARTESIAN_POINT('',(216.24499799839,275.,0.));
#6575 = VECTOR('',#6576,1.);
#6576 = DIRECTION('',(0.,0.,1.));
#6577 = PCURVE('',#3121,#6578);
#6578 = DEFINITIONAL_REPRESENTATION('',(#6579),#6582);
#6579 = B_SPLINE_CURVE_WITH_KNOTS('',1,(#6580,#6581),.UNSPECIFIED.,.F.,
  .F.,(2,2),(0.5999994,3.0000006),.PIECEWISE_BEZIER_KNOTS.);
#6580 = CARTESIAN_POINT('',(0.675131532937,0.5999994));
#6581 = CARTESIAN_POINT('',(0.675131532937,3.0000006));
#6582 = ( GEOMETRIC_REPRESENTATION_CONTEXT(2)
PARAMETRIC_REPRESENTATION_CONTEXT() REPRESENTATION_CONTEXT('2D SPACE',''
  ) );
#6583 = PCURVE('',#5735,#6584);
#6584 = DEFINITIONAL_REPRESENTATION('',(#6585),#6588);
#6585 = B_SPLINE_CURVE_WITH_KNOTS('',1,(#6586,#6587),.UNSPECIFIED.,.F.,
  .F.,(2,2),(0.5999994,3.0000006),.PIECEWISE_BEZIER_KNOTS.);
#6586 = CARTESIAN_POINT('',(5.608053774243,0.5999994));
#6587 = CARTESIAN_POINT('',(5.608053774243,3.0000006));
#6588 = ( GEOMETRIC_REPRESENTATION_CONTEXT(2)
PARAMETRIC_REPRESENTATION_CONTEXT() REPRESENTATION_CONTEXT('2D SPACE',''
  ) );
#6589 = ORIENTED_EDGE('',*,*,#6446,.T.);
#6590 = ORIENTED_EDGE('',*,*,#3104,.T.);
#6591 = ORIENTED_EDGE('',*,*,#6592,.T.);
#6592 = EDGE_CURVE('',#3077,#6593,#6595,.T.);
#6593 = VERTEX_POINT('',#6594);
#6594 = CARTESIAN_POINT('',(210.,278.,19.));
#6595 = SURFACE_CURVE('',#6596,(#6600,#6607),.PCURVE_S1.);
#6596 = LINE('',#6597,#6598);
#6597 = CARTESIAN_POINT('',(210.,278.,0.));
#6598 = VECTOR('',#6599,1.);
#6599 = DIRECTION('',(0.,0.,1.));
#6600 = PCURVE('',#3121,#6601);
#6601 = DEFINITIONAL_REPRESENTATION('',(#6602),#6606);
#6602 = LINE('',#6603,#6604);
#6603 = CARTESIAN_POINT('',(1.570796326795,0.));
#6604 = VECTOR('',#6605,1.);
#6605 = DIRECTION('',(0.,1.));
#6606 = ( GEOMETRIC_REPRESENTATION_CONTEXT(2)
PARAMETRIC_REPRESENTATION_CONTEXT() REPRESENTATION_CONTEXT('2D SPACE',''
  ) );
#6607 = PCURVE('',#3092,#6608);
#6608 = DEFINITIONAL_REPRESENTATION('',(#6609),#6613);
#6609 = LINE('',#6610,#6611);
#6610 = CARTESIAN_POINT('',(0.,218.));
#6611 = VECTOR('',#6612,1.);
#6612 = DIRECTION('',(1.,0.));
#6613 = ( GEOMETRIC_REPRESENTATION_CONTEXT(2)
PARAMETRIC_REPRESENTATION_CONTEXT() REPRESENTATION_CONTEXT('2D SPACE',''
  ) );
#6614 = ORIENTED_EDGE('',*,*,#6615,.T.);
#6615 = EDGE_CURVE('',#6593,#6547,#6616,.T.);
#6616 = SURFACE_CURVE('',#6617,(#6622,#6629),.PCURVE_S1.);
#6617 = CIRCLE('',#6618,8.);
#6618 = AXIS2_PLACEMENT_3D('',#6619,#6620,#6621);
#6619 = CARTESIAN_POINT('',(210.,270.,19.));
#6620 = DIRECTION('',(0.,0.,-1.));
#6621 = DIRECTION('',(0.,1.,0.));
#6622 = PCURVE('',#3121,#6623);
#6623 = DEFINITIONAL_REPRESENTATION('',(#6624),#6628);
#6624 = LINE('',#6625,#6626);
#6625 = CARTESIAN_POINT('',(1.570796326795,19.));
#6626 = VECTOR('',#6627,1.);
#6627 = DIRECTION('',(-1.,-0.));
#6628 = ( GEOMETRIC_REPRESENTATION_CONTEXT(2)
PARAMETRIC_REPRESENTATION_CONTEXT() REPRESENTATION_CONTEXT('2D SPACE',''
  ) );
#6629 = PCURVE('',#6630,#6635);
#6630 = TOROIDAL_SURFACE('',#6631,7.,1.);
#6631 = AXIS2_PLACEMENT_3D('',#6632,#6633,#6634);
#6632 = CARTESIAN_POINT('',(210.,270.,19.));
#6633 = DIRECTION('',(0.,0.,1.));
#6634 = DIRECTION('',(0.,1.,-0.));
#6635 = DEFINITIONAL_REPRESENTATION('',(#6636),#6640);
#6636 = LINE('',#6637,#6638);
#6637 = CARTESIAN_POINT('',(6.28318530718,0.));
#6638 = VECTOR('',#6639,1.);
#6639 = DIRECTION('',(-1.,0.));
#6640 = ( GEOMETRIC_REPRESENTATION_CONTEXT(2)
PARAMETRIC_REPRESENTATION_CONTEXT() REPRESENTATION_CONTEXT('2D SPACE',''
  ) );
#6641 = ADVANCED_FACE('',(#6642),#3092,.T.);
#6642 = FACE_BOUND('',#6643,.T.);
#6643 = EDGE_LOOP('',(#6644,#6645,#6666,#6692));
#6644 = ORIENTED_EDGE('',*,*,#3076,.F.);
#6645 = ORIENTED_EDGE('',*,*,#6646,.T.);
#6646 = EDGE_CURVE('',#3051,#6647,#6649,.T.);
#6647 = VERTEX_POINT('',#6648);
#6648 = CARTESIAN_POINT('',(169.,278.,19.));
#6649 = SURFACE_CURVE('',#6650,(#6654,#6660),.PCURVE_S1.);
#6650 = LINE('',#6651,#6652);
#6651 = CARTESIAN_POINT('',(169.,278.,16.402071167849));
#6652 = VECTOR('',#6653,1.);
#6653 = DIRECTION('',(0.,0.,1.));
#6654 = PCURVE('',#3092,#6655);
#6655 = DEFINITIONAL_REPRESENTATION('',(#6656),#6659);
#6656 = B_SPLINE_CURVE_WITH_KNOTS('',1,(#6657,#6658),.UNSPECIFIED.,.F.,
  .F.,(2,2),(-12.40207116784,2.597928832151),.PIECEWISE_BEZIER_KNOTS.);
#6657 = CARTESIAN_POINT('',(4.,177.));
#6658 = CARTESIAN_POINT('',(19.,177.));
#6659 = ( GEOMETRIC_REPRESENTATION_CONTEXT(2)
PARAMETRIC_REPRESENTATION_CONTEXT() REPRESENTATION_CONTEXT('2D SPACE',''
  ) );
#6660 = PCURVE('',#3065,#6661);
#6661 = DEFINITIONAL_REPRESENTATION('',(#6662),#6665);
#6662 = B_SPLINE_CURVE_WITH_KNOTS('',1,(#6663,#6664),.UNSPECIFIED.,.F.,
  .F.,(2,2),(-12.40207116784,2.597928832151),.PIECEWISE_BEZIER_KNOTS.);
#6663 = CARTESIAN_POINT('',(28.804142335699,3.369917375728));
#6664 = CARTESIAN_POINT('',(13.804142335699,3.369917375728));
#6665 = ( GEOMETRIC_REPRESENTATION_CONTEXT(2)
PARAMETRIC_REPRESENTATION_CONTEXT() REPRESENTATION_CONTEXT('2D SPACE',''
  ) );
#6666 = ORIENTED_EDGE('',*,*,#6667,.T.);
#6667 = EDGE_CURVE('',#6647,#6593,#6668,.T.);
#6668 = SURFACE_CURVE('',#6669,(#6673,#6680),.PCURVE_S1.);
#6669 = LINE('',#6670,#6671);
#6670 = CARTESIAN_POINT('',(0.,278.,19.));
#6671 = VECTOR('',#6672,1.);
#6672 = DIRECTION('',(1.,0.,0.));
#6673 = PCURVE('',#3092,#6674);
#6674 = DEFINITIONAL_REPRESENTATION('',(#6675),#6679);
#6675 = LINE('',#6676,#6677);
#6676 = CARTESIAN_POINT('',(19.,8.));
#6677 = VECTOR('',#6678,1.);
#6678 = DIRECTION('',(0.,1.));
#6679 = ( GEOMETRIC_REPRESENTATION_CONTEXT(2)
PARAMETRIC_REPRESENTATION_CONTEXT() REPRESENTATION_CONTEXT('2D SPACE',''
  ) );
#6680 = PCURVE('',#6681,#6686);
#6681 = CYLINDRICAL_SURFACE('',#6682,1.);
#6682 = AXIS2_PLACEMENT_3D('',#6683,#6684,#6685);
#6683 = CARTESIAN_POINT('',(0.,277.,19.));
#6684 = DIRECTION('',(1.,0.,0.));
#6685 = DIRECTION('',(-0.,1.,0.));
#6686 = DEFINITIONAL_REPRESENTATION('',(#6687),#6691);
#6687 = LINE('',#6688,#6689);
#6688 = CARTESIAN_POINT('',(0.,0.));
#6689 = VECTOR('',#6690,1.);
#6690 = DIRECTION('',(0.,1.));
#6691 = ( GEOMETRIC_REPRESENTATION_CONTEXT(2)
PARAMETRIC_REPRESENTATION_CONTEXT() REPRESENTATION_CONTEXT('2D SPACE',''
  ) );
#6692 = ORIENTED_EDGE('',*,*,#6592,.F.);
#6693 = ADVANCED_FACE('',(#6694),#3065,.F.);
#6694 = FACE_BOUND('',#6695,.F.);
#6695 = EDGE_LOOP('',(#6696,#6719,#6747,#6776,#6804,#6826,#6827,#6828,
    #6856));
#6696 = ORIENTED_EDGE('',*,*,#6697,.T.);
#6697 = EDGE_CURVE('',#6698,#6700,#6702,.T.);
#6698 = VERTEX_POINT('',#6699);
#6699 = CARTESIAN_POINT('',(169.,257.88963778077,20.));
#6700 = VERTEX_POINT('',#6701);
#6701 = CARTESIAN_POINT('',(169.,274.5024877115,82.));
#6702 = SURFACE_CURVE('',#6703,(#6707,#6713),.PCURVE_S1.);
#6703 = LINE('',#6704,#6705);
#6704 = CARTESIAN_POINT('',(169.,258.93816369521,23.913151985759));
#6705 = VECTOR('',#6706,1.);
#6706 = DIRECTION('',(-0.,0.258819045103,0.965925826289));
#6707 = PCURVE('',#3065,#6708);
#6708 = DEFINITIONAL_REPRESENTATION('',(#6709),#6712);
#6709 = B_SPLINE_CURVE_WITH_KNOTS('',1,(#6710,#6711),.UNSPECIFIED.,.F.,
  .F.,(2,2),(-4.05119304118,60.135930144245),.PIECEWISE_BEZIER_KNOTS.);
#6710 = CARTESIAN_POINT('',(12.804142335699,23.480279594955));
#6711 = CARTESIAN_POINT('',(-49.1958576643,6.867429664225));
#6712 = ( GEOMETRIC_REPRESENTATION_CONTEXT(2)
PARAMETRIC_REPRESENTATION_CONTEXT() REPRESENTATION_CONTEXT('2D SPACE',''
  ) );
#6713 = PCURVE('',#3623,#6714);
#6714 = DEFINITIONAL_REPRESENTATION('',(#6715),#6718);
#6715 = B_SPLINE_CURVE_WITH_KNOTS('',1,(#6716,#6717),.UNSPECIFIED.,.F.,
  .F.,(2,2),(-4.05119304118,60.135930144245),.PIECEWISE_BEZIER_KNOTS.);
#6716 = CARTESIAN_POINT('',(10.342609226678,159.));
#6717 = CARTESIAN_POINT('',(74.529732412103,159.));
#6718 = ( GEOMETRIC_REPRESENTATION_CONTEXT(2)
PARAMETRIC_REPRESENTATION_CONTEXT() REPRESENTATION_CONTEXT('2D SPACE',''
  ) );
#6719 = ORIENTED_EDGE('',*,*,#6720,.T.);
#6720 = EDGE_CURVE('',#6700,#6721,#6723,.T.);
#6721 = VERTEX_POINT('',#6722);
#6722 = CARTESIAN_POINT('',(169.,278.23611402394,82.));
#6723 = SURFACE_CURVE('',#6724,(#6728,#6735),.PCURVE_S1.);
#6724 = LINE('',#6725,#6726);
#6725 = CARTESIAN_POINT('',(169.,273.,82.));
#6726 = VECTOR('',#6727,1.);
#6727 = DIRECTION('',(0.,1.,0.));
#6728 = PCURVE('',#3065,#6729);
#6729 = DEFINITIONAL_REPRESENTATION('',(#6730),#6734);
#6730 = LINE('',#6731,#6732);
#6731 = CARTESIAN_POINT('',(-49.1958576643,8.369917375728));
#6732 = VECTOR('',#6733,1.);
#6733 = DIRECTION('',(0.,-1.));
#6734 = ( GEOMETRIC_REPRESENTATION_CONTEXT(2)
PARAMETRIC_REPRESENTATION_CONTEXT() REPRESENTATION_CONTEXT('2D SPACE',''
  ) );
#6735 = PCURVE('',#6736,#6741);
#6736 = PLANE('',#6737);
#6737 = AXIS2_PLACEMENT_3D('',#6738,#6739,#6740);
#6738 = CARTESIAN_POINT('',(161.,273.,82.));
#6739 = DIRECTION('',(0.,0.,1.));
#6740 = DIRECTION('',(0.,1.,0.));
#6741 = DEFINITIONAL_REPRESENTATION('',(#6742),#6746);
#6742 = LINE('',#6743,#6744);
#6743 = CARTESIAN_POINT('',(0.,-8.));
#6744 = VECTOR('',#6745,1.);
#6745 = DIRECTION('',(1.,0.));
#6746 = ( GEOMETRIC_REPRESENTATION_CONTEXT(2)
PARAMETRIC_REPRESENTATION_CONTEXT() REPRESENTATION_CONTEXT('2D SPACE',''
  ) );
#6747 = ORIENTED_EDGE('',*,*,#6748,.T.);
#6748 = EDGE_CURVE('',#6721,#6749,#6751,.T.);
#6749 = VERTEX_POINT('',#6750);
#6750 = CARTESIAN_POINT('',(169.,279.32332327861,81.30791341443));
#6751 = SURFACE_CURVE('',#6752,(#6757,#6764),.PCURVE_S1.);
#6752 = CIRCLE('',#6753,1.2);
#6753 = AXIS2_PLACEMENT_3D('',#6754,#6755,#6756);
#6754 = CARTESIAN_POINT('',(169.,278.23611402394,80.8));
#6755 = DIRECTION('',(-1.,0.,-0.));
#6756 = DIRECTION('',(-0.,0.,1.));
#6757 = PCURVE('',#3065,#6758);
#6758 = DEFINITIONAL_REPRESENTATION('',(#6759),#6763);
#6759 = CIRCLE('',#6760,1.2);
#6760 = AXIS2_PLACEMENT_2D('',#6761,#6762);
#6761 = CARTESIAN_POINT('',(-47.9958576643,3.133803351786));
#6762 = DIRECTION('',(-1.,0.));
#6763 = ( GEOMETRIC_REPRESENTATION_CONTEXT(2)
PARAMETRIC_REPRESENTATION_CONTEXT() REPRESENTATION_CONTEXT('2D SPACE',''
  ) );
#6764 = PCURVE('',#6765,#6770);
#6765 = CYLINDRICAL_SURFACE('',#6766,1.2);
#6766 = AXIS2_PLACEMENT_3D('',#6767,#6768,#6769);
#6767 = CARTESIAN_POINT('',(161.,278.23611402394,80.8));
#6768 = DIRECTION('',(1.,0.,0.));
#6769 = DIRECTION('',(0.,-0.,1.));
#6770 = DEFINITIONAL_REPRESENTATION('',(#6771),#6775);
#6771 = LINE('',#6772,#6773);
#6772 = CARTESIAN_POINT('',(-0.,8.));
#6773 = VECTOR('',#6774,1.);
#6774 = DIRECTION('',(-1.,0.));
#6775 = ( GEOMETRIC_REPRESENTATION_CONTEXT(2)
PARAMETRIC_REPRESENTATION_CONTEXT() REPRESENTATION_CONTEXT('2D SPACE',''
  ) );
#6776 = ORIENTED_EDGE('',*,*,#6777,.T.);
#6777 = EDGE_CURVE('',#6749,#6778,#6780,.T.);
#6778 = VERTEX_POINT('',#6779);
#6779 = CARTESIAN_POINT('',(169.,315.2021111574,4.50791341443));
#6780 = SURFACE_CURVE('',#6781,(#6785,#6792),.PCURVE_S1.);
#6781 = LINE('',#6782,#6783);
#6782 = CARTESIAN_POINT('',(169.,279.,82.));
#6783 = VECTOR('',#6784,1.);
#6784 = DIRECTION('',(0.,0.423261178691,-0.906007712226));
#6785 = PCURVE('',#3065,#6786);
#6786 = DEFINITIONAL_REPRESENTATION('',(#6787),#6791);
#6787 = LINE('',#6788,#6789);
#6788 = CARTESIAN_POINT('',(-49.1958576643,2.369917375728));
#6789 = VECTOR('',#6790,1.);
#6790 = DIRECTION('',(0.906007712226,-0.423261178691));
#6791 = ( GEOMETRIC_REPRESENTATION_CONTEXT(2)
PARAMETRIC_REPRESENTATION_CONTEXT() REPRESENTATION_CONTEXT('2D SPACE',''
  ) );
#6792 = PCURVE('',#6793,#6798);
#6793 = PLANE('',#6794);
#6794 = AXIS2_PLACEMENT_3D('',#6795,#6796,#6797);
#6795 = CARTESIAN_POINT('',(161.,279.,82.));
#6796 = DIRECTION('',(-0.,0.906007712226,0.423261178691));
#6797 = DIRECTION('',(0.,0.423261178691,-0.906007712226));
#6798 = DEFINITIONAL_REPRESENTATION('',(#6799),#6803);
#6799 = LINE('',#6800,#6801);
#6800 = CARTESIAN_POINT('',(0.,-8.));
#6801 = VECTOR('',#6802,1.);
#6802 = DIRECTION('',(1.,0.));
#6803 = ( GEOMETRIC_REPRESENTATION_CONTEXT(2)
PARAMETRIC_REPRESENTATION_CONTEXT() REPRESENTATION_CONTEXT('2D SPACE',''
  ) );
#6804 = ORIENTED_EDGE('',*,*,#6805,.T.);
#6805 = EDGE_CURVE('',#6778,#3025,#6806,.T.);
#6806 = SURFACE_CURVE('',#6807,(#6812,#6819),.PCURVE_S1.);
#6807 = CIRCLE('',#6808,1.2);
#6808 = AXIS2_PLACEMENT_3D('',#6809,#6810,#6811);
#6809 = CARTESIAN_POINT('',(169.,314.11490190272,4.));
#6810 = DIRECTION('',(-1.,0.,-0.));
#6811 = DIRECTION('',(-0.,0.,1.));
#6812 = PCURVE('',#3065,#6813);
#6813 = DEFINITIONAL_REPRESENTATION('',(#6814),#6818);
#6814 = CIRCLE('',#6815,1.2);
#6815 = AXIS2_PLACEMENT_2D('',#6816,#6817);
#6816 = CARTESIAN_POINT('',(28.804142335699,-32.744984527));
#6817 = DIRECTION('',(-1.,0.));
#6818 = ( GEOMETRIC_REPRESENTATION_CONTEXT(2)
PARAMETRIC_REPRESENTATION_CONTEXT() REPRESENTATION_CONTEXT('2D SPACE',''
  ) );
#6819 = PCURVE('',#3039,#6820);
#6820 = DEFINITIONAL_REPRESENTATION('',(#6821),#6825);
#6821 = LINE('',#6822,#6823);
#6822 = CARTESIAN_POINT('',(1.133754516003,8.));
#6823 = VECTOR('',#6824,1.);
#6824 = DIRECTION('',(-1.,0.));
#6825 = ( GEOMETRIC_REPRESENTATION_CONTEXT(2)
PARAMETRIC_REPRESENTATION_CONTEXT() REPRESENTATION_CONTEXT('2D SPACE',''
  ) );
#6826 = ORIENTED_EDGE('',*,*,#3050,.T.);
#6827 = ORIENTED_EDGE('',*,*,#6646,.T.);
#6828 = ORIENTED_EDGE('',*,*,#6829,.T.);
#6829 = EDGE_CURVE('',#6647,#6830,#6832,.T.);
#6830 = VERTEX_POINT('',#6831);
#6831 = CARTESIAN_POINT('',(169.,277.,20.));
#6832 = SURFACE_CURVE('',#6833,(#6838,#6849),.PCURVE_S1.);
#6833 = CIRCLE('',#6834,1.);
#6834 = AXIS2_PLACEMENT_3D('',#6835,#6836,#6837);
#6835 = CARTESIAN_POINT('',(169.,277.,19.));
#6836 = DIRECTION('',(1.,0.,0.));
#6837 = DIRECTION('',(-0.,1.,0.));
#6838 = PCURVE('',#3065,#6839);
#6839 = DEFINITIONAL_REPRESENTATION('',(#6840),#6848);
#6840 = ( BOUNDED_CURVE() B_SPLINE_CURVE(2,(#6841,#6842,#6843,#6844,
#6845,#6846,#6847),.UNSPECIFIED.,.T.,.F.) B_SPLINE_CURVE_WITH_KNOTS((1,2
    ,2,2,2,1),(-2.094395102393,0.,2.094395102393,4.188790204786,
6.28318530718,8.377580409573),.UNSPECIFIED.) CURVE()
GEOMETRIC_REPRESENTATION_ITEM() RATIONAL_B_SPLINE_CURVE((1.,0.5,1.,0.5,
1.,0.5,1.)) REPRESENTATION_ITEM('') );
#6841 = CARTESIAN_POINT('',(13.804142335699,3.369917375728));
#6842 = CARTESIAN_POINT('',(12.07209152813,3.369917375728));
#6843 = CARTESIAN_POINT('',(12.938116931914,4.869917375728));
#6844 = CARTESIAN_POINT('',(13.804142335699,6.369917375728));
#6845 = CARTESIAN_POINT('',(14.670167739483,4.869917375728));
#6846 = CARTESIAN_POINT('',(15.536193143268,3.369917375728));
#6847 = CARTESIAN_POINT('',(13.804142335699,3.369917375728));
#6848 = ( GEOMETRIC_REPRESENTATION_CONTEXT(2)
PARAMETRIC_REPRESENTATION_CONTEXT() REPRESENTATION_CONTEXT('2D SPACE',''
  ) );
#6849 = PCURVE('',#6681,#6850);
#6850 = DEFINITIONAL_REPRESENTATION('',(#6851),#6855);
#6851 = LINE('',#6852,#6853);
#6852 = CARTESIAN_POINT('',(0.,169.));
#6853 = VECTOR('',#6854,1.);
#6854 = DIRECTION('',(1.,0.));
#6855 = ( GEOMETRIC_REPRESENTATION_CONTEXT(2)
PARAMETRIC_REPRESENTATION_CONTEXT() REPRESENTATION_CONTEXT('2D SPACE',''
  ) );
#6856 = ORIENTED_EDGE('',*,*,#6857,.T.);
#6857 = EDGE_CURVE('',#6830,#6698,#6858,.T.);
#6858 = SURFACE_CURVE('',#6859,(#6863,#6869),.PCURVE_S1.);
#6859 = LINE('',#6860,#6861);
#6860 = CARTESIAN_POINT('',(169.,249.68495868786,20.));
#6861 = VECTOR('',#6862,1.);
#6862 = DIRECTION('',(0.,-1.,0.));
#6863 = PCURVE('',#3065,#6864);
#6864 = DEFINITIONAL_REPRESENTATION('',(#6865),#6868);
#6865 = B_SPLINE_CURVE_WITH_KNOTS('',1,(#6866,#6867),.UNSPECIFIED.,.F.,
  .F.,(2,2),(-27.31504131213,-4.677435961646),.PIECEWISE_BEZIER_KNOTS.);
#6866 = CARTESIAN_POINT('',(12.804142335699,4.369917375728));
#6867 = CARTESIAN_POINT('',(12.804142335699,27.007522726218));
#6868 = ( GEOMETRIC_REPRESENTATION_CONTEXT(2)
PARAMETRIC_REPRESENTATION_CONTEXT() REPRESENTATION_CONTEXT('2D SPACE',''
  ) );
#6869 = PCURVE('',#6870,#6875);
#6870 = PLANE('',#6871);
#6871 = AXIS2_PLACEMENT_3D('',#6872,#6873,#6874);
#6872 = CARTESIAN_POINT('',(-8.,218.,20.));
#6873 = DIRECTION('',(0.,0.,1.));
#6874 = DIRECTION('',(1.,0.,-0.));
#6875 = DEFINITIONAL_REPRESENTATION('',(#6876),#6879);
#6876 = B_SPLINE_CURVE_WITH_KNOTS('',1,(#6877,#6878),.UNSPECIFIED.,.F.,
  .F.,(2,2),(-27.31504131213,-4.677435961646),.PIECEWISE_BEZIER_KNOTS.);
#6877 = CARTESIAN_POINT('',(177.,59.));
#6878 = CARTESIAN_POINT('',(177.,36.36239464951));
#6879 = ( GEOMETRIC_REPRESENTATION_CONTEXT(2)
PARAMETRIC_REPRESENTATION_CONTEXT() REPRESENTATION_CONTEXT('2D SPACE',''
  ) );
#6880 = ADVANCED_FACE('',(#6881),#3039,.T.);
#6881 = FACE_BOUND('',#6882,.F.);
#6882 = EDGE_LOOP('',(#6883,#6906,#6928,#6929));
#6883 = ORIENTED_EDGE('',*,*,#6884,.F.);
#6884 = EDGE_CURVE('',#6885,#6778,#6887,.T.);
#6885 = VERTEX_POINT('',#6886);
#6886 = CARTESIAN_POINT('',(161.,315.2021111574,4.50791341443));
#6887 = SURFACE_CURVE('',#6888,(#6892,#6899),.PCURVE_S1.);
#6888 = LINE('',#6889,#6890);
#6889 = CARTESIAN_POINT('',(161.,315.2021111574,4.50791341443));
#6890 = VECTOR('',#6891,1.);
#6891 = DIRECTION('',(1.,0.,0.));
#6892 = PCURVE('',#3039,#6893);
#6893 = DEFINITIONAL_REPRESENTATION('',(#6894),#6898);
#6894 = LINE('',#6895,#6896);
#6895 = CARTESIAN_POINT('',(-0.,0.));
#6896 = VECTOR('',#6897,1.);
#6897 = DIRECTION('',(-0.,1.));
#6898 = ( GEOMETRIC_REPRESENTATION_CONTEXT(2)
PARAMETRIC_REPRESENTATION_CONTEXT() REPRESENTATION_CONTEXT('2D SPACE',''
  ) );
#6899 = PCURVE('',#6793,#6900);
#6900 = DEFINITIONAL_REPRESENTATION('',(#6901),#6905);
#6901 = LINE('',#6902,#6903);
#6902 = CARTESIAN_POINT('',(85.5313763226,0.));
#6903 = VECTOR('',#6904,1.);
#6904 = DIRECTION('',(0.,-1.));
#6905 = ( GEOMETRIC_REPRESENTATION_CONTEXT(2)
PARAMETRIC_REPRESENTATION_CONTEXT() REPRESENTATION_CONTEXT('2D SPACE',''
  ) );
#6906 = ORIENTED_EDGE('',*,*,#6907,.T.);
#6907 = EDGE_CURVE('',#6885,#2999,#6908,.T.);
#6908 = SURFACE_CURVE('',#6909,(#6914,#6921),.PCURVE_S1.);
#6909 = CIRCLE('',#6910,1.2);
#6910 = AXIS2_PLACEMENT_3D('',#6911,#6912,#6913);
#6911 = CARTESIAN_POINT('',(161.,314.11490190272,4.));
#6912 = DIRECTION('',(-1.,0.,-0.));
#6913 = DIRECTION('',(-0.,0.,1.));
#6914 = PCURVE('',#3039,#6915);
#6915 = DEFINITIONAL_REPRESENTATION('',(#6916),#6920);
#6916 = LINE('',#6917,#6918);
#6917 = CARTESIAN_POINT('',(1.133754516003,-0.));
#6918 = VECTOR('',#6919,1.);
#6919 = DIRECTION('',(-1.,0.));
#6920 = ( GEOMETRIC_REPRESENTATION_CONTEXT(2)
PARAMETRIC_REPRESENTATION_CONTEXT() REPRESENTATION_CONTEXT('2D SPACE',''
  ) );
#6921 = PCURVE('',#3013,#6922);
#6922 = DEFINITIONAL_REPRESENTATION('',(#6923),#6927);
#6923 = CIRCLE('',#6924,1.2);
#6924 = AXIS2_PLACEMENT_2D('',#6925,#6926);
#6925 = CARTESIAN_POINT('',(28.804142335699,-32.744984527));
#6926 = DIRECTION('',(-1.,0.));
#6927 = ( GEOMETRIC_REPRESENTATION_CONTEXT(2)
PARAMETRIC_REPRESENTATION_CONTEXT() REPRESENTATION_CONTEXT('2D SPACE',''
  ) );
#6928 = ORIENTED_EDGE('',*,*,#3024,.T.);
#6929 = ORIENTED_EDGE('',*,*,#6805,.F.);
#6930 = ADVANCED_FACE('',(#6931),#3013,.T.);
#6931 = FACE_BOUND('',#6932,.T.);
#6932 = EDGE_LOOP('',(#6933,#6956,#6979,#7003,#7024,#7025,#7026,#7047,
    #7080));
#6933 = ORIENTED_EDGE('',*,*,#6934,.T.);
#6934 = EDGE_CURVE('',#6935,#6937,#6939,.T.);
#6935 = VERTEX_POINT('',#6936);
#6936 = CARTESIAN_POINT('',(161.,257.88963778077,20.));
#6937 = VERTEX_POINT('',#6938);
#6938 = CARTESIAN_POINT('',(161.,274.5024877115,82.));
#6939 = SURFACE_CURVE('',#6940,(#6944,#6950),.PCURVE_S1.);
#6940 = LINE('',#6941,#6942);
#6941 = CARTESIAN_POINT('',(161.,258.93816369521,23.913151985759));
#6942 = VECTOR('',#6943,1.);
#6943 = DIRECTION('',(-0.,0.258819045103,0.965925826289));
#6944 = PCURVE('',#3013,#6945);
#6945 = DEFINITIONAL_REPRESENTATION('',(#6946),#6949);
#6946 = B_SPLINE_CURVE_WITH_KNOTS('',1,(#6947,#6948),.UNSPECIFIED.,.F.,
  .F.,(2,2),(-4.05119304118,60.135930144245),.PIECEWISE_BEZIER_KNOTS.);
#6947 = CARTESIAN_POINT('',(12.804142335699,23.480279594955));
#6948 = CARTESIAN_POINT('',(-49.1958576643,6.867429664225));
#6949 = ( GEOMETRIC_REPRESENTATION_CONTEXT(2)
PARAMETRIC_REPRESENTATION_CONTEXT() REPRESENTATION_CONTEXT('2D SPACE',''
  ) );
#6950 = PCURVE('',#3623,#6951);
#6951 = DEFINITIONAL_REPRESENTATION('',(#6952),#6955);
#6952 = B_SPLINE_CURVE_WITH_KNOTS('',1,(#6953,#6954),.UNSPECIFIED.,.F.,
  .F.,(2,2),(-4.05119304118,60.135930144245),.PIECEWISE_BEZIER_KNOTS.);
#6953 = CARTESIAN_POINT('',(10.342609226678,151.));
#6954 = CARTESIAN_POINT('',(74.529732412103,151.));
#6955 = ( GEOMETRIC_REPRESENTATION_CONTEXT(2)
PARAMETRIC_REPRESENTATION_CONTEXT() REPRESENTATION_CONTEXT('2D SPACE',''
  ) );
#6956 = ORIENTED_EDGE('',*,*,#6957,.T.);
#6957 = EDGE_CURVE('',#6937,#6958,#6960,.T.);
#6958 = VERTEX_POINT('',#6959);
#6959 = CARTESIAN_POINT('',(161.,278.23611402394,82.));
#6960 = SURFACE_CURVE('',#6961,(#6965,#6972),.PCURVE_S1.);
#6961 = LINE('',#6962,#6963);
#6962 = CARTESIAN_POINT('',(161.,273.,82.));
#6963 = VECTOR('',#6964,1.);
#6964 = DIRECTION('',(0.,1.,0.));
#6965 = PCURVE('',#3013,#6966);
#6966 = DEFINITIONAL_REPRESENTATION('',(#6967),#6971);
#6967 = LINE('',#6968,#6969);
#6968 = CARTESIAN_POINT('',(-49.1958576643,8.369917375728));
#6969 = VECTOR('',#6970,1.);
#6970 = DIRECTION('',(0.,-1.));
#6971 = ( GEOMETRIC_REPRESENTATION_CONTEXT(2)
PARAMETRIC_REPRESENTATION_CONTEXT() REPRESENTATION_CONTEXT('2D SPACE',''
  ) );
#6972 = PCURVE('',#6736,#6973);
#6973 = DEFINITIONAL_REPRESENTATION('',(#6974),#6978);
#6974 = LINE('',#6975,#6976);
#6975 = CARTESIAN_POINT('',(0.,0.));
#6976 = VECTOR('',#6977,1.);
#6977 = DIRECTION('',(1.,0.));
#6978 = ( GEOMETRIC_REPRESENTATION_CONTEXT(2)
PARAMETRIC_REPRESENTATION_CONTEXT() REPRESENTATION_CONTEXT('2D SPACE',''
  ) );
#6979 = ORIENTED_EDGE('',*,*,#6980,.T.);
#6980 = EDGE_CURVE('',#6958,#6981,#6983,.T.);
#6981 = VERTEX_POINT('',#6982);
#6982 = CARTESIAN_POINT('',(161.,279.32332327861,81.30791341443));
#6983 = SURFACE_CURVE('',#6984,(#6989,#6996),.PCURVE_S1.);
#6984 = CIRCLE('',#6985,1.2);
#6985 = AXIS2_PLACEMENT_3D('',#6986,#6987,#6988);
#6986 = CARTESIAN_POINT('',(161.,278.23611402394,80.8));
#6987 = DIRECTION('',(-1.,0.,-0.));
#6988 = DIRECTION('',(-0.,0.,1.));
#6989 = PCURVE('',#3013,#6990);
#6990 = DEFINITIONAL_REPRESENTATION('',(#6991),#6995);
#6991 = CIRCLE('',#6992,1.2);
#6992 = AXIS2_PLACEMENT_2D('',#6993,#6994);
#6993 = CARTESIAN_POINT('',(-47.9958576643,3.133803351786));
#6994 = DIRECTION('',(-1.,0.));
#6995 = ( GEOMETRIC_REPRESENTATION_CONTEXT(2)
PARAMETRIC_REPRESENTATION_CONTEXT() REPRESENTATION_CONTEXT('2D SPACE',''
  ) );
#6996 = PCURVE('',#6765,#6997);
#6997 = DEFINITIONAL_REPRESENTATION('',(#6998),#7002);
#6998 = LINE('',#6999,#7000);
#6999 = CARTESIAN_POINT('',(-0.,0.));
#7000 = VECTOR('',#7001,1.);
#7001 = DIRECTION('',(-1.,0.));
#7002 = ( GEOMETRIC_REPRESENTATION_CONTEXT(2)
PARAMETRIC_REPRESENTATION_CONTEXT() REPRESENTATION_CONTEXT('2D SPACE',''
  ) );
#7003 = ORIENTED_EDGE('',*,*,#7004,.T.);
#7004 = EDGE_CURVE('',#6981,#6885,#7005,.T.);
#7005 = SURFACE_CURVE('',#7006,(#7010,#7017),.PCURVE_S1.);
#7006 = LINE('',#7007,#7008);
#7007 = CARTESIAN_POINT('',(161.,279.,82.));
#7008 = VECTOR('',#7009,1.);
#7009 = DIRECTION('',(0.,0.423261178691,-0.906007712226));
#7010 = PCURVE('',#3013,#7011);
#7011 = DEFINITIONAL_REPRESENTATION('',(#7012),#7016);
#7012 = LINE('',#7013,#7014);
#7013 = CARTESIAN_POINT('',(-49.1958576643,2.369917375728));
#7014 = VECTOR('',#7015,1.);
#7015 = DIRECTION('',(0.906007712226,-0.423261178691));
#7016 = ( GEOMETRIC_REPRESENTATION_CONTEXT(2)
PARAMETRIC_REPRESENTATION_CONTEXT() REPRESENTATION_CONTEXT('2D SPACE',''
  ) );
#7017 = PCURVE('',#6793,#7018);
#7018 = DEFINITIONAL_REPRESENTATION('',(#7019),#7023);
#7019 = LINE('',#7020,#7021);
#7020 = CARTESIAN_POINT('',(0.,0.));
#7021 = VECTOR('',#7022,1.);
#7022 = DIRECTION('',(1.,0.));
#7023 = ( GEOMETRIC_REPRESENTATION_CONTEXT(2)
PARAMETRIC_REPRESENTATION_CONTEXT() REPRESENTATION_CONTEXT('2D SPACE',''
  ) );
#7024 = ORIENTED_EDGE('',*,*,#6907,.T.);
#7025 = ORIENTED_EDGE('',*,*,#2998,.T.);
#7026 = ORIENTED_EDGE('',*,*,#7027,.T.);
#7027 = EDGE_CURVE('',#2971,#7028,#7030,.T.);
#7028 = VERTEX_POINT('',#7029);
#7029 = CARTESIAN_POINT('',(161.,278.,19.));
#7030 = SURFACE_CURVE('',#7031,(#7035,#7041),.PCURVE_S1.);
#7031 = LINE('',#7032,#7033);
#7032 = CARTESIAN_POINT('',(161.,278.,16.402071167849));
#7033 = VECTOR('',#7034,1.);
#7034 = DIRECTION('',(0.,0.,1.));
#7035 = PCURVE('',#3013,#7036);
#7036 = DEFINITIONAL_REPRESENTATION('',(#7037),#7040);
#7037 = B_SPLINE_CURVE_WITH_KNOTS('',1,(#7038,#7039),.UNSPECIFIED.,.F.,
  .F.,(2,2),(-12.40207116784,2.597928832151),.PIECEWISE_BEZIER_KNOTS.);
#7038 = CARTESIAN_POINT('',(28.804142335699,3.369917375728));
#7039 = CARTESIAN_POINT('',(13.804142335699,3.369917375728));
#7040 = ( GEOMETRIC_REPRESENTATION_CONTEXT(2)
PARAMETRIC_REPRESENTATION_CONTEXT() REPRESENTATION_CONTEXT('2D SPACE',''
  ) );
#7041 = PCURVE('',#2986,#7042);
#7042 = DEFINITIONAL_REPRESENTATION('',(#7043),#7046);
#7043 = B_SPLINE_CURVE_WITH_KNOTS('',1,(#7044,#7045),.UNSPECIFIED.,.F.,
  .F.,(2,2),(-12.40207116784,2.597928832151),.PIECEWISE_BEZIER_KNOTS.);
#7044 = CARTESIAN_POINT('',(4.,169.));
#7045 = CARTESIAN_POINT('',(19.,169.));
#7046 = ( GEOMETRIC_REPRESENTATION_CONTEXT(2)
PARAMETRIC_REPRESENTATION_CONTEXT() REPRESENTATION_CONTEXT('2D SPACE',''
  ) );
#7047 = ORIENTED_EDGE('',*,*,#7048,.T.);
#7048 = EDGE_CURVE('',#7028,#7049,#7051,.T.);
#7049 = VERTEX_POINT('',#7050);
#7050 = CARTESIAN_POINT('',(161.,277.,20.));
#7051 = SURFACE_CURVE('',#7052,(#7057,#7068),.PCURVE_S1.);
#7052 = CIRCLE('',#7053,1.);
#7053 = AXIS2_PLACEMENT_3D('',#7054,#7055,#7056);
#7054 = CARTESIAN_POINT('',(161.,277.,19.));
#7055 = DIRECTION('',(1.,0.,0.));
#7056 = DIRECTION('',(-0.,1.,0.));
#7057 = PCURVE('',#3013,#7058);
#7058 = DEFINITIONAL_REPRESENTATION('',(#7059),#7067);
#7059 = ( BOUNDED_CURVE() B_SPLINE_CURVE(2,(#7060,#7061,#7062,#7063,
#7064,#7065,#7066),.UNSPECIFIED.,.T.,.F.) B_SPLINE_CURVE_WITH_KNOTS((1,2
    ,2,2,2,1),(-2.094395102393,0.,2.094395102393,4.188790204786,
6.28318530718,8.377580409573),.UNSPECIFIED.) CURVE()
GEOMETRIC_REPRESENTATION_ITEM() RATIONAL_B_SPLINE_CURVE((1.,0.5,1.,0.5,
1.,0.5,1.)) REPRESENTATION_ITEM('') );
#7060 = CARTESIAN_POINT('',(13.804142335699,3.369917375728));
#7061 = CARTESIAN_POINT('',(12.07209152813,3.369917375728));
#7062 = CARTESIAN_POINT('',(12.938116931914,4.869917375728));
#7063 = CARTESIAN_POINT('',(13.804142335699,6.369917375728));
#7064 = CARTESIAN_POINT('',(14.670167739483,4.869917375728));
#7065 = CARTESIAN_POINT('',(15.536193143268,3.369917375728));
#7066 = CARTESIAN_POINT('',(13.804142335699,3.369917375728));
#7067 = ( GEOMETRIC_REPRESENTATION_CONTEXT(2)
PARAMETRIC_REPRESENTATION_CONTEXT() REPRESENTATION_CONTEXT('2D SPACE',''
  ) );
#7068 = PCURVE('',#7069,#7074);
#7069 = CYLINDRICAL_SURFACE('',#7070,1.);
#7070 = AXIS2_PLACEMENT_3D('',#7071,#7072,#7073);
#7071 = CARTESIAN_POINT('',(0.,277.,19.));
#7072 = DIRECTION('',(1.,0.,0.));
#7073 = DIRECTION('',(-0.,1.,0.));
#7074 = DEFINITIONAL_REPRESENTATION('',(#7075),#7079);
#7075 = LINE('',#7076,#7077);
#7076 = CARTESIAN_POINT('',(0.,161.));
#7077 = VECTOR('',#7078,1.);
#7078 = DIRECTION('',(1.,0.));
#7079 = ( GEOMETRIC_REPRESENTATION_CONTEXT(2)
PARAMETRIC_REPRESENTATION_CONTEXT() REPRESENTATION_CONTEXT('2D SPACE',''
  ) );
#7080 = ORIENTED_EDGE('',*,*,#7081,.T.);
#7081 = EDGE_CURVE('',#7049,#6935,#7082,.T.);
#7082 = SURFACE_CURVE('',#7083,(#7087,#7093),.PCURVE_S1.);
#7083 = LINE('',#7084,#7085);
#7084 = CARTESIAN_POINT('',(161.,249.68495868786,20.));
#7085 = VECTOR('',#7086,1.);
#7086 = DIRECTION('',(0.,-1.,0.));
#7087 = PCURVE('',#3013,#7088);
#7088 = DEFINITIONAL_REPRESENTATION('',(#7089),#7092);
#7089 = B_SPLINE_CURVE_WITH_KNOTS('',1,(#7090,#7091),.UNSPECIFIED.,.F.,
  .F.,(2,2),(-27.31504131213,-4.677435961646),.PIECEWISE_BEZIER_KNOTS.);
#7090 = CARTESIAN_POINT('',(12.804142335699,4.369917375728));
#7091 = CARTESIAN_POINT('',(12.804142335699,27.007522726218));
#7092 = ( GEOMETRIC_REPRESENTATION_CONTEXT(2)
PARAMETRIC_REPRESENTATION_CONTEXT() REPRESENTATION_CONTEXT('2D SPACE',''
  ) );
#7093 = PCURVE('',#7094,#7099);
#7094 = PLANE('',#7095);
#7095 = AXIS2_PLACEMENT_3D('',#7096,#7097,#7098);
#7096 = CARTESIAN_POINT('',(-8.,218.,20.));
#7097 = DIRECTION('',(0.,0.,1.));
#7098 = DIRECTION('',(1.,0.,-0.));
#7099 = DEFINITIONAL_REPRESENTATION('',(#7100),#7103);
#7100 = B_SPLINE_CURVE_WITH_KNOTS('',1,(#7101,#7102),.UNSPECIFIED.,.F.,
  .F.,(2,2),(-27.31504131213,-4.677435961646),.PIECEWISE_BEZIER_KNOTS.);
#7101 = CARTESIAN_POINT('',(169.,59.));
#7102 = CARTESIAN_POINT('',(169.,36.36239464951));
#7103 = ( GEOMETRIC_REPRESENTATION_CONTEXT(2)
PARAMETRIC_REPRESENTATION_CONTEXT() REPRESENTATION_CONTEXT('2D SPACE',''
  ) );
#7104 = ADVANCED_FACE('',(#7105),#2986,.T.);
#7105 = FACE_BOUND('',#7106,.T.);
#7106 = EDGE_LOOP('',(#7107,#7108,#7129,#7150));
#7107 = ORIENTED_EDGE('',*,*,#2970,.F.);
#7108 = ORIENTED_EDGE('',*,*,#7109,.T.);
#7109 = EDGE_CURVE('',#2945,#7110,#7112,.T.);
#7110 = VERTEX_POINT('',#7111);
#7111 = CARTESIAN_POINT('',(51.,278.,19.));
#7112 = SURFACE_CURVE('',#7113,(#7117,#7123),.PCURVE_S1.);
#7113 = LINE('',#7114,#7115);
#7114 = CARTESIAN_POINT('',(51.,278.,16.402071167849));
#7115 = VECTOR('',#7116,1.);
#7116 = DIRECTION('',(0.,0.,1.));
#7117 = PCURVE('',#2986,#7118);
#7118 = DEFINITIONAL_REPRESENTATION('',(#7119),#7122);
#7119 = B_SPLINE_CURVE_WITH_KNOTS('',1,(#7120,#7121),.UNSPECIFIED.,.F.,
  .F.,(2,2),(-12.40207116784,2.597928832151),.PIECEWISE_BEZIER_KNOTS.);
#7120 = CARTESIAN_POINT('',(4.,59.));
#7121 = CARTESIAN_POINT('',(19.,59.));
#7122 = ( GEOMETRIC_REPRESENTATION_CONTEXT(2)
PARAMETRIC_REPRESENTATION_CONTEXT() REPRESENTATION_CONTEXT('2D SPACE',''
  ) );
#7123 = PCURVE('',#2959,#7124);
#7124 = DEFINITIONAL_REPRESENTATION('',(#7125),#7128);
#7125 = B_SPLINE_CURVE_WITH_KNOTS('',1,(#7126,#7127),.UNSPECIFIED.,.F.,
  .F.,(2,2),(-12.40207116784,2.597928832151),.PIECEWISE_BEZIER_KNOTS.);
#7126 = CARTESIAN_POINT('',(28.804142335699,3.369917375728));
#7127 = CARTESIAN_POINT('',(13.804142335699,3.369917375728));
#7128 = ( GEOMETRIC_REPRESENTATION_CONTEXT(2)
PARAMETRIC_REPRESENTATION_CONTEXT() REPRESENTATION_CONTEXT('2D SPACE',''
  ) );
#7129 = ORIENTED_EDGE('',*,*,#7130,.T.);
#7130 = EDGE_CURVE('',#7110,#7028,#7131,.T.);
#7131 = SURFACE_CURVE('',#7132,(#7136,#7143),.PCURVE_S1.);
#7132 = LINE('',#7133,#7134);
#7133 = CARTESIAN_POINT('',(0.,278.,19.));
#7134 = VECTOR('',#7135,1.);
#7135 = DIRECTION('',(1.,0.,0.));
#7136 = PCURVE('',#2986,#7137);
#7137 = DEFINITIONAL_REPRESENTATION('',(#7138),#7142);
#7138 = LINE('',#7139,#7140);
#7139 = CARTESIAN_POINT('',(19.,8.));
#7140 = VECTOR('',#7141,1.);
#7141 = DIRECTION('',(0.,1.));
#7142 = ( GEOMETRIC_REPRESENTATION_CONTEXT(2)
PARAMETRIC_REPRESENTATION_CONTEXT() REPRESENTATION_CONTEXT('2D SPACE',''
  ) );
#7143 = PCURVE('',#7069,#7144);
#7144 = DEFINITIONAL_REPRESENTATION('',(#7145),#7149);
#7145 = LINE('',#7146,#7147);
#7146 = CARTESIAN_POINT('',(0.,0.));
#7147 = VECTOR('',#7148,1.);
#7148 = DIRECTION('',(0.,1.));
#7149 = ( GEOMETRIC_REPRESENTATION_CONTEXT(2)
PARAMETRIC_REPRESENTATION_CONTEXT() REPRESENTATION_CONTEXT('2D SPACE',''
  ) );
#7150 = ORIENTED_EDGE('',*,*,#7027,.F.);
#7151 = ADVANCED_FACE('',(#7152),#2959,.F.);
#7152 = FACE_BOUND('',#7153,.F.);
#7153 = EDGE_LOOP('',(#7154,#7177,#7200,#7224,#7247,#7269,#7270,#7271,
    #7299));
#7154 = ORIENTED_EDGE('',*,*,#7155,.T.);
#7155 = EDGE_CURVE('',#7156,#7158,#7160,.T.);
#7156 = VERTEX_POINT('',#7157);
#7157 = CARTESIAN_POINT('',(51.,257.88963778077,20.));
#7158 = VERTEX_POINT('',#7159);
#7159 = CARTESIAN_POINT('',(51.,274.5024877115,82.));
#7160 = SURFACE_CURVE('',#7161,(#7165,#7171),.PCURVE_S1.);
#7161 = LINE('',#7162,#7163);
#7162 = CARTESIAN_POINT('',(51.,258.93816369521,23.913151985759));
#7163 = VECTOR('',#7164,1.);
#7164 = DIRECTION('',(-0.,0.258819045103,0.965925826289));
#7165 = PCURVE('',#2959,#7166);
#7166 = DEFINITIONAL_REPRESENTATION('',(#7167),#7170);
#7167 = B_SPLINE_CURVE_WITH_KNOTS('',1,(#7168,#7169),.UNSPECIFIED.,.F.,
  .F.,(2,2),(-4.05119304118,60.135930144245),.PIECEWISE_BEZIER_KNOTS.);
#7168 = CARTESIAN_POINT('',(12.804142335699,23.480279594955));
#7169 = CARTESIAN_POINT('',(-49.1958576643,6.867429664225));
#7170 = ( GEOMETRIC_REPRESENTATION_CONTEXT(2)
PARAMETRIC_REPRESENTATION_CONTEXT() REPRESENTATION_CONTEXT('2D SPACE',''
  ) );
#7171 = PCURVE('',#3623,#7172);
#7172 = DEFINITIONAL_REPRESENTATION('',(#7173),#7176);
#7173 = B_SPLINE_CURVE_WITH_KNOTS('',1,(#7174,#7175),.UNSPECIFIED.,.F.,
  .F.,(2,2),(-4.05119304118,60.135930144245),.PIECEWISE_BEZIER_KNOTS.);
#7174 = CARTESIAN_POINT('',(10.342609226678,41.));
#7175 = CARTESIAN_POINT('',(74.529732412103,41.));
#7176 = ( GEOMETRIC_REPRESENTATION_CONTEXT(2)
PARAMETRIC_REPRESENTATION_CONTEXT() REPRESENTATION_CONTEXT('2D SPACE',''
  ) );
#7177 = ORIENTED_EDGE('',*,*,#7178,.T.);
#7178 = EDGE_CURVE('',#7158,#7179,#7181,.T.);
#7179 = VERTEX_POINT('',#7180);
#7180 = CARTESIAN_POINT('',(51.,278.23611402394,82.));
#7181 = SURFACE_CURVE('',#7182,(#7186,#7193),.PCURVE_S1.);
#7182 = LINE('',#7183,#7184);
#7183 = CARTESIAN_POINT('',(51.,273.,82.));
#7184 = VECTOR('',#7185,1.);
#7185 = DIRECTION('',(0.,1.,0.));
#7186 = PCURVE('',#2959,#7187);
#7187 = DEFINITIONAL_REPRESENTATION('',(#7188),#7192);
#7188 = LINE('',#7189,#7190);
#7189 = CARTESIAN_POINT('',(-49.1958576643,8.369917375728));
#7190 = VECTOR('',#7191,1.);
#7191 = DIRECTION('',(0.,-1.));
#7192 = ( GEOMETRIC_REPRESENTATION_CONTEXT(2)
PARAMETRIC_REPRESENTATION_CONTEXT() REPRESENTATION_CONTEXT('2D SPACE',''
  ) );
#7193 = PCURVE('',#6095,#7194);
#7194 = DEFINITIONAL_REPRESENTATION('',(#7195),#7199);
#7195 = LINE('',#7196,#7197);
#7196 = CARTESIAN_POINT('',(0.,-8.));
#7197 = VECTOR('',#7198,1.);
#7198 = DIRECTION('',(1.,0.));
#7199 = ( GEOMETRIC_REPRESENTATION_CONTEXT(2)
PARAMETRIC_REPRESENTATION_CONTEXT() REPRESENTATION_CONTEXT('2D SPACE',''
  ) );
#7200 = ORIENTED_EDGE('',*,*,#7201,.T.);
#7201 = EDGE_CURVE('',#7179,#7202,#7204,.T.);
#7202 = VERTEX_POINT('',#7203);
#7203 = CARTESIAN_POINT('',(51.,279.32332327861,81.30791341443));
#7204 = SURFACE_CURVE('',#7205,(#7210,#7217),.PCURVE_S1.);
#7205 = CIRCLE('',#7206,1.2);
#7206 = AXIS2_PLACEMENT_3D('',#7207,#7208,#7209);
#7207 = CARTESIAN_POINT('',(51.,278.23611402394,80.8));
#7208 = DIRECTION('',(-1.,0.,-0.));
#7209 = DIRECTION('',(-0.,0.,1.));
#7210 = PCURVE('',#2959,#7211);
#7211 = DEFINITIONAL_REPRESENTATION('',(#7212),#7216);
#7212 = CIRCLE('',#7213,1.2);
#7213 = AXIS2_PLACEMENT_2D('',#7214,#7215);
#7214 = CARTESIAN_POINT('',(-47.9958576643,3.133803351786));
#7215 = DIRECTION('',(-1.,0.));
#7216 = ( GEOMETRIC_REPRESENTATION_CONTEXT(2)
PARAMETRIC_REPRESENTATION_CONTEXT() REPRESENTATION_CONTEXT('2D SPACE',''
  ) );
#7217 = PCURVE('',#6124,#7218);
#7218 = DEFINITIONAL_REPRESENTATION('',(#7219),#7223);
#7219 = LINE('',#7220,#7221);
#7220 = CARTESIAN_POINT('',(-0.,8.));
#7221 = VECTOR('',#7222,1.);
#7222 = DIRECTION('',(-1.,0.));
#7223 = ( GEOMETRIC_REPRESENTATION_CONTEXT(2)
PARAMETRIC_REPRESENTATION_CONTEXT() REPRESENTATION_CONTEXT('2D SPACE',''
  ) );
#7224 = ORIENTED_EDGE('',*,*,#7225,.T.);
#7225 = EDGE_CURVE('',#7202,#7226,#7228,.T.);
#7226 = VERTEX_POINT('',#7227);
#7227 = CARTESIAN_POINT('',(51.,315.2021111574,4.50791341443));
#7228 = SURFACE_CURVE('',#7229,(#7233,#7240),.PCURVE_S1.);
#7229 = LINE('',#7230,#7231);
#7230 = CARTESIAN_POINT('',(51.,279.,82.));
#7231 = VECTOR('',#7232,1.);
#7232 = DIRECTION('',(0.,0.423261178691,-0.906007712226));
#7233 = PCURVE('',#2959,#7234);
#7234 = DEFINITIONAL_REPRESENTATION('',(#7235),#7239);
#7235 = LINE('',#7236,#7237);
#7236 = CARTESIAN_POINT('',(-49.1958576643,2.369917375728));
#7237 = VECTOR('',#7238,1.);
#7238 = DIRECTION('',(0.906007712226,-0.423261178691));
#7239 = ( GEOMETRIC_REPRESENTATION_CONTEXT(2)
PARAMETRIC_REPRESENTATION_CONTEXT() REPRESENTATION_CONTEXT('2D SPACE',''
  ) );
#7240 = PCURVE('',#6152,#7241);
#7241 = DEFINITIONAL_REPRESENTATION('',(#7242),#7246);
#7242 = LINE('',#7243,#7244);
#7243 = CARTESIAN_POINT('',(0.,-8.));
#7244 = VECTOR('',#7245,1.);
#7245 = DIRECTION('',(1.,0.));
#7246 = ( GEOMETRIC_REPRESENTATION_CONTEXT(2)
PARAMETRIC_REPRESENTATION_CONTEXT() REPRESENTATION_CONTEXT('2D SPACE',''
  ) );
#7247 = ORIENTED_EDGE('',*,*,#7248,.T.);
#7248 = EDGE_CURVE('',#7226,#2919,#7249,.T.);
#7249 = SURFACE_CURVE('',#7250,(#7255,#7262),.PCURVE_S1.);
#7250 = CIRCLE('',#7251,1.2);
#7251 = AXIS2_PLACEMENT_3D('',#7252,#7253,#7254);
#7252 = CARTESIAN_POINT('',(51.,314.11490190272,4.));
#7253 = DIRECTION('',(-1.,0.,-0.));
#7254 = DIRECTION('',(-0.,0.,1.));
#7255 = PCURVE('',#2959,#7256);
#7256 = DEFINITIONAL_REPRESENTATION('',(#7257),#7261);
#7257 = CIRCLE('',#7258,1.2);
#7258 = AXIS2_PLACEMENT_2D('',#7259,#7260);
#7259 = CARTESIAN_POINT('',(28.804142335699,-32.744984527));
#7260 = DIRECTION('',(-1.,0.));
#7261 = ( GEOMETRIC_REPRESENTATION_CONTEXT(2)
PARAMETRIC_REPRESENTATION_CONTEXT() REPRESENTATION_CONTEXT('2D SPACE',''
  ) );
#7262 = PCURVE('',#2933,#7263);
#7263 = DEFINITIONAL_REPRESENTATION('',(#7264),#7268);
#7264 = LINE('',#7265,#7266);
#7265 = CARTESIAN_POINT('',(1.133754516003,8.));
#7266 = VECTOR('',#7267,1.);
#7267 = DIRECTION('',(-1.,0.));
#7268 = ( GEOMETRIC_REPRESENTATION_CONTEXT(2)
PARAMETRIC_REPRESENTATION_CONTEXT() REPRESENTATION_CONTEXT('2D SPACE',''
  ) );
#7269 = ORIENTED_EDGE('',*,*,#2944,.T.);
#7270 = ORIENTED_EDGE('',*,*,#7109,.T.);
#7271 = ORIENTED_EDGE('',*,*,#7272,.T.);
#7272 = EDGE_CURVE('',#7110,#7273,#7275,.T.);
#7273 = VERTEX_POINT('',#7274);
#7274 = CARTESIAN_POINT('',(51.,277.,20.));
#7275 = SURFACE_CURVE('',#7276,(#7281,#7292),.PCURVE_S1.);
#7276 = CIRCLE('',#7277,1.);
#7277 = AXIS2_PLACEMENT_3D('',#7278,#7279,#7280);
#7278 = CARTESIAN_POINT('',(51.,277.,19.));
#7279 = DIRECTION('',(1.,0.,0.));
#7280 = DIRECTION('',(-0.,1.,0.));
#7281 = PCURVE('',#2959,#7282);
#7282 = DEFINITIONAL_REPRESENTATION('',(#7283),#7291);
#7283 = ( BOUNDED_CURVE() B_SPLINE_CURVE(2,(#7284,#7285,#7286,#7287,
#7288,#7289,#7290),.UNSPECIFIED.,.T.,.F.) B_SPLINE_CURVE_WITH_KNOTS((1,2
    ,2,2,2,1),(-2.094395102393,0.,2.094395102393,4.188790204786,
6.28318530718,8.377580409573),.UNSPECIFIED.) CURVE()
GEOMETRIC_REPRESENTATION_ITEM() RATIONAL_B_SPLINE_CURVE((1.,0.5,1.,0.5,
1.,0.5,1.)) REPRESENTATION_ITEM('') );
#7284 = CARTESIAN_POINT('',(13.804142335699,3.369917375728));
#7285 = CARTESIAN_POINT('',(12.07209152813,3.369917375728));
#7286 = CARTESIAN_POINT('',(12.938116931914,4.869917375728));
#7287 = CARTESIAN_POINT('',(13.804142335699,6.369917375728));
#7288 = CARTESIAN_POINT('',(14.670167739483,4.869917375728));
#7289 = CARTESIAN_POINT('',(15.536193143268,3.369917375728));
#7290 = CARTESIAN_POINT('',(13.804142335699,3.369917375728));
#7291 = ( GEOMETRIC_REPRESENTATION_CONTEXT(2)
PARAMETRIC_REPRESENTATION_CONTEXT() REPRESENTATION_CONTEXT('2D SPACE',''
  ) );
#7292 = PCURVE('',#7069,#7293);
#7293 = DEFINITIONAL_REPRESENTATION('',(#7294),#7298);
#7294 = LINE('',#7295,#7296);
#7295 = CARTESIAN_POINT('',(0.,51.));
#7296 = VECTOR('',#7297,1.);
#7297 = DIRECTION('',(1.,0.));
#7298 = ( GEOMETRIC_REPRESENTATION_CONTEXT(2)
PARAMETRIC_REPRESENTATION_CONTEXT() REPRESENTATION_CONTEXT('2D SPACE',''
  ) );
#7299 = ORIENTED_EDGE('',*,*,#7300,.T.);
#7300 = EDGE_CURVE('',#7273,#7156,#7301,.T.);
#7301 = SURFACE_CURVE('',#7302,(#7306,#7312),.PCURVE_S1.);
#7302 = LINE('',#7303,#7304);
#7303 = CARTESIAN_POINT('',(51.,249.68495868786,20.));
#7304 = VECTOR('',#7305,1.);
#7305 = DIRECTION('',(0.,-1.,0.));
#7306 = PCURVE('',#2959,#7307);
#7307 = DEFINITIONAL_REPRESENTATION('',(#7308),#7311);
#7308 = B_SPLINE_CURVE_WITH_KNOTS('',1,(#7309,#7310),.UNSPECIFIED.,.F.,
  .F.,(2,2),(-27.31504131213,-4.677435961646),.PIECEWISE_BEZIER_KNOTS.);
#7309 = CARTESIAN_POINT('',(12.804142335699,4.369917375728));
#7310 = CARTESIAN_POINT('',(12.804142335699,27.007522726218));
#7311 = ( GEOMETRIC_REPRESENTATION_CONTEXT(2)
PARAMETRIC_REPRESENTATION_CONTEXT() REPRESENTATION_CONTEXT('2D SPACE',''
  ) );
#7312 = PCURVE('',#7094,#7313);
#7313 = DEFINITIONAL_REPRESENTATION('',(#7314),#7317);
#7314 = B_SPLINE_CURVE_WITH_KNOTS('',1,(#7315,#7316),.UNSPECIFIED.,.F.,
  .F.,(2,2),(-27.31504131213,-4.677435961646),.PIECEWISE_BEZIER_KNOTS.);
#7315 = CARTESIAN_POINT('',(59.,59.));
#7316 = CARTESIAN_POINT('',(59.,36.36239464951));
#7317 = ( GEOMETRIC_REPRESENTATION_CONTEXT(2)
PARAMETRIC_REPRESENTATION_CONTEXT() REPRESENTATION_CONTEXT('2D SPACE',''
  ) );
#7318 = ADVANCED_FACE('',(#7319),#2933,.T.);
#7319 = FACE_BOUND('',#7320,.F.);
#7320 = EDGE_LOOP('',(#7321,#7342,#7343,#7344));
#7321 = ORIENTED_EDGE('',*,*,#7322,.F.);
#7322 = EDGE_CURVE('',#6137,#7226,#7323,.T.);
#7323 = SURFACE_CURVE('',#7324,(#7328,#7335),.PCURVE_S1.);
#7324 = LINE('',#7325,#7326);
#7325 = CARTESIAN_POINT('',(43.,315.2021111574,4.50791341443));
#7326 = VECTOR('',#7327,1.);
#7327 = DIRECTION('',(1.,0.,0.));
#7328 = PCURVE('',#2933,#7329);
#7329 = DEFINITIONAL_REPRESENTATION('',(#7330),#7334);
#7330 = LINE('',#7331,#7332);
#7331 = CARTESIAN_POINT('',(-0.,0.));
#7332 = VECTOR('',#7333,1.);
#7333 = DIRECTION('',(-0.,1.));
#7334 = ( GEOMETRIC_REPRESENTATION_CONTEXT(2)
PARAMETRIC_REPRESENTATION_CONTEXT() REPRESENTATION_CONTEXT('2D SPACE',''
  ) );
#7335 = PCURVE('',#6152,#7336);
#7336 = DEFINITIONAL_REPRESENTATION('',(#7337),#7341);
#7337 = LINE('',#7338,#7339);
#7338 = CARTESIAN_POINT('',(85.5313763226,0.));
#7339 = VECTOR('',#7340,1.);
#7340 = DIRECTION('',(0.,-1.));
#7341 = ( GEOMETRIC_REPRESENTATION_CONTEXT(2)
PARAMETRIC_REPRESENTATION_CONTEXT() REPRESENTATION_CONTEXT('2D SPACE',''
  ) );
#7342 = ORIENTED_EDGE('',*,*,#6164,.T.);
#7343 = ORIENTED_EDGE('',*,*,#2918,.T.);
#7344 = ORIENTED_EDGE('',*,*,#7248,.F.);
#7345 = ADVANCED_FACE('',(#7346),#3356,.F.);
#7346 = FACE_BOUND('',#7347,.F.);
#7347 = EDGE_LOOP('',(#7348,#7349,#7350,#7371));
#7348 = ORIENTED_EDGE('',*,*,#3340,.F.);
#7349 = ORIENTED_EDGE('',*,*,#5999,.T.);
#7350 = ORIENTED_EDGE('',*,*,#7351,.T.);
#7351 = EDGE_CURVE('',#5944,#6196,#7352,.T.);
#7352 = SURFACE_CURVE('',#7353,(#7357,#7364),.PCURVE_S1.);
#7353 = LINE('',#7354,#7355);
#7354 = CARTESIAN_POINT('',(-8.,315.,0.));
#7355 = VECTOR('',#7356,1.);
#7356 = DIRECTION('',(0.,0.,1.));
#7357 = PCURVE('',#3356,#7358);
#7358 = DEFINITIONAL_REPRESENTATION('',(#7359),#7363);
#7359 = LINE('',#7360,#7361);
#7360 = CARTESIAN_POINT('',(0.,-43.));
#7361 = VECTOR('',#7362,1.);
#7362 = DIRECTION('',(1.,0.));
#7363 = ( GEOMETRIC_REPRESENTATION_CONTEXT(2)
PARAMETRIC_REPRESENTATION_CONTEXT() REPRESENTATION_CONTEXT('2D SPACE',''
  ) );
#7364 = PCURVE('',#5982,#7365);
#7365 = DEFINITIONAL_REPRESENTATION('',(#7366),#7370);
#7366 = LINE('',#7367,#7368);
#7367 = CARTESIAN_POINT('',(6.28318530718,0.));
#7368 = VECTOR('',#7369,1.);
#7369 = DIRECTION('',(-0.,1.));
#7370 = ( GEOMETRIC_REPRESENTATION_CONTEXT(2)
PARAMETRIC_REPRESENTATION_CONTEXT() REPRESENTATION_CONTEXT('2D SPACE',''
  ) );
#7371 = ORIENTED_EDGE('',*,*,#6219,.F.);
#7372 = ADVANCED_FACE('',(#7373),#3441,.T.);
#7373 = FACE_BOUND('',#7374,.T.);
#7374 = EDGE_LOOP('',(#7375,#7376,#7377,#7485));
#7375 = ORIENTED_EDGE('',*,*,#3426,.F.);
#7376 = ORIENTED_EDGE('',*,*,#3706,.T.);
#7377 = ORIENTED_EDGE('',*,*,#7378,.F.);
#7378 = EDGE_CURVE('',#3492,#3707,#7379,.T.);
#7379 = SURFACE_CURVE('',#7380,(#7413,#7449),.PCURVE_S1.);
#7380 = B_SPLINE_CURVE_WITH_KNOTS('',7,(#7381,#7382,#7383,#7384,#7385,
    #7386,#7387,#7388,#7389,#7390,#7391,#7392,#7393,#7394,#7395,#7396,
    #7397,#7398,#7399,#7400,#7401,#7402,#7403,#7404,#7405,#7406,#7407,
    #7408,#7409,#7410,#7411,#7412),.UNSPECIFIED.,.F.,.F.,(8,6,6,6,6,8),(
    0.,0.250397117918,0.922511802119,0.983744130302,0.9995762107,1.),
  .UNSPECIFIED.);
#7381 = CARTESIAN_POINT('',(10.164874915607,254.36239464951,20.));
#7382 = CARTESIAN_POINT('',(10.190698959396,254.31680722102,20.));
#7383 = CARTESIAN_POINT('',(10.218410372355,254.27226105889,
    19.99696937027));
#7384 = CARTESIAN_POINT('',(10.247825593087,254.22892998912,
    19.991156888574));
#7385 = CARTESIAN_POINT('',(10.278757276346,254.18695659476,
    19.982800995123));
#7386 = CARTESIAN_POINT('',(10.311016564984,254.14645590898,
    19.972131423101));
#7387 = CARTESIAN_POINT('',(10.344415361903,254.10751910835,
    19.959370829207));
#7388 = CARTESIAN_POINT('',(10.470979396244,253.97009162735,
    19.905454827835));
#7389 = CARTESIAN_POINT('',(10.570488922338,253.88128557475,
    19.852492169961));
#7390 = CARTESIAN_POINT('',(10.674694694179,253.80440924334,
    19.789447548821));
#7391 = CARTESIAN_POINT('',(10.781739958672,253.73929115496,
    19.718856582361));
#7392 = CARTESIAN_POINT('',(10.890457003561,253.68559300944,
    19.642502483849));
#7393 = CARTESIAN_POINT('',(11.000226799085,253.6430031883,
    19.561505236139));
#7394 = CARTESIAN_POINT('',(11.120934325134,253.60883575504,
    19.468732461688));
#7395 = CARTESIAN_POINT('',(11.131016506094,253.60607749811,
    19.46095558589));
#7396 = CARTESIAN_POINT('',(11.141101589858,253.60341398067,
    19.453148900721));
#7397 = CARTESIAN_POINT('',(11.151189025746,253.60084533641,
    19.445313209254));
#7398 = CARTESIAN_POINT('',(11.161278265574,253.59837171691,
    19.437449306222));
#7399 = CARTESIAN_POINT('',(11.171368763661,253.59599329163,
    19.429557978019));
#7400 = CARTESIAN_POINT('',(11.184069136116,253.59311994977,
    19.419592750445));
#7401 = CARTESIAN_POINT('',(11.186678386113,253.59253603839,
    19.417543755343));
#7402 = CARTESIAN_POINT('',(11.189287646364,253.59195849996,
    19.415492967158));
#7403 = CARTESIAN_POINT('',(11.191896881978,253.59138733171,
    19.413440376519));
#7404 = CARTESIAN_POINT('',(11.194506103615,253.59082254188,
    19.411386014919));
#7405 = CARTESIAN_POINT('',(11.197115367493,253.59026414977,
    19.409329954719));
#7406 = CARTESIAN_POINT('',(11.199794623383,253.58969741087,
    19.407217230584));
#7407 = CARTESIAN_POINT('',(11.199808405278,253.58969495624,
    19.407208065341));
#7408 = CARTESIAN_POINT('',(11.199816362777,253.58969202573,
    19.407197140812));
#7409 = CARTESIAN_POINT('',(11.199857941219,253.58968400043,
    19.407167221883));
#7410 = CARTESIAN_POINT('',(11.199929822121,253.5896700944,
    19.407115347067));
#7411 = CARTESIAN_POINT('',(11.199990299502,253.5896547462,
    19.40705806395));
#7412 = CARTESIAN_POINT('',(11.2,253.5896547462,19.40705806395));
#7413 = PCURVE('',#3441,#7414);
#7414 = DEFINITIONAL_REPRESENTATION('',(#7415),#7448);
#7415 = B_SPLINE_CURVE_WITH_KNOTS('',7,(#7416,#7417,#7418,#7419,#7420,
    #7421,#7422,#7423,#7424,#7425,#7426,#7427,#7428,#7429,#7430,#7431,
    #7432,#7433,#7434,#7435,#7436,#7437,#7438,#7439,#7440,#7441,#7442,
    #7443,#7444,#7445,#7446,#7447),.UNSPECIFIED.,.F.,.F.,(8,6,6,6,6,8),(
    0.,0.250397117918,0.922511802119,0.983744130302,0.9995762107,1.),
  .UNSPECIFIED.);
#7416 = CARTESIAN_POINT('',(4.974188368184,17.164874915607));
#7417 = CARTESIAN_POINT('',(5.031172653785,17.190698959396));
#7418 = CARTESIAN_POINT('',(5.086855738931,17.218410372355));
#7419 = CARTESIAN_POINT('',(5.141321043193,17.247825593087));
#7420 = CARTESIAN_POINT('',(5.194632552484,17.278757276346));
#7421 = CARTESIAN_POINT('',(5.246837998052,17.311016564984));
#7422 = CARTESIAN_POINT('',(5.297972035472,17.344415361903));
#7423 = CARTESIAN_POINT('',(5.482503738958,17.470979396244));
#7424 = CARTESIAN_POINT('',(5.610022283364,17.570488922338));
#7425 = CARTESIAN_POINT('',(5.732227499408,17.674694694179));
#7426 = CARTESIAN_POINT('',(5.850306689279,17.781739958672));
#7427 = CARTESIAN_POINT('',(5.965439681427,17.890457003561));
#7428 = CARTESIAN_POINT('',(6.078846222929,18.000226799085));
#7429 = CARTESIAN_POINT('',(6.202426922619,18.120934325134));
#7430 = CARTESIAN_POINT('',(6.212740590763,18.131016506094));
#7431 = CARTESIAN_POINT('',(6.223050090012,18.141101589858));
#7432 = CARTESIAN_POINT('',(6.233356208158,18.151189025746));
#7433 = CARTESIAN_POINT('',(6.243659731259,18.161278265574));
#7434 = CARTESIAN_POINT('',(6.253961443643,18.171368763661));
#7435 = CARTESIAN_POINT('',(6.266925447536,18.184069136116));
#7436 = CARTESIAN_POINT('',(6.269588648614,18.186678386113));
#7437 = CARTESIAN_POINT('',(6.272251827135,18.189287646364));
#7438 = CARTESIAN_POINT('',(6.274915026173,18.191896881978));
#7439 = CARTESIAN_POINT('',(6.277578235887,18.194506103615));
#7440 = CARTESIAN_POINT('',(6.280241393518,18.197115367493));
#7441 = CARTESIAN_POINT('',(6.282975665661,18.199794623383));
#7442 = CARTESIAN_POINT('',(6.282987525969,18.199808405278));
#7443 = CARTESIAN_POINT('',(6.283001664415,18.199816362777));
#7444 = CARTESIAN_POINT('',(6.283040385126,18.199857941219));
#7445 = CARTESIAN_POINT('',(6.28310751809,18.199929822121));
#7446 = CARTESIAN_POINT('',(6.283181647647,18.199990299502));
#7447 = CARTESIAN_POINT('',(6.283181647647,18.2));
#7448 = ( GEOMETRIC_REPRESENTATION_CONTEXT(2)
PARAMETRIC_REPRESENTATION_CONTEXT() REPRESENTATION_CONTEXT('2D SPACE',''
  ) );
#7449 = PCURVE('',#3531,#7450);
#7450 = DEFINITIONAL_REPRESENTATION('',(#7451),#7484);
#7451 = B_SPLINE_CURVE_WITH_KNOTS('',7,(#7452,#7453,#7454,#7455,#7456,
    #7457,#7458,#7459,#7460,#7461,#7462,#7463,#7464,#7465,#7466,#7467,
    #7468,#7469,#7470,#7471,#7472,#7473,#7474,#7475,#7476,#7477,#7478,
    #7479,#7480,#7481,#7482,#7483),.UNSPECIFIED.,.F.,.F.,(8,6,6,6,6,8),(
    0.,0.250397117918,0.922511802119,0.983744130302,0.9995762107,1.),
  .UNSPECIFIED.);
#7452 = CARTESIAN_POINT('',(0.53040108952,9.4296915276));
#7453 = CARTESIAN_POINT('',(0.572940947927,9.417892632892));
#7454 = CARTESIAN_POINT('',(0.614989550491,9.403435874218));
#7455 = CARTESIAN_POINT('',(0.656521110546,9.386606541934));
#7456 = CARTESIAN_POINT('',(0.697514287676,9.367671854798));
#7457 = CARTESIAN_POINT('',(0.737950026194,9.346883490807));
#7458 = CARTESIAN_POINT('',(0.777809393621,9.324480118048));
#7459 = CARTESIAN_POINT('',(0.92245835059,9.236832410469));
#7460 = CARTESIAN_POINT('',(1.024024881379,9.162689713669));
#7461 = CARTESIAN_POINT('',(1.122298974648,9.081896227212));
#7462 = CARTESIAN_POINT('',(1.217900128666,8.996856788152));
#7463 = CARTESIAN_POINT('',(1.311523326066,8.909206289711));
#7464 = CARTESIAN_POINT('',(1.403994725426,8.81994589945));
#7465 = CARTESIAN_POINT('',(1.504863039354,8.721491098181));
#7466 = CARTESIAN_POINT('',(1.513281972072,8.713265323575));
#7467 = CARTESIAN_POINT('',(1.521698149331,8.705035275712));
#7468 = CARTESIAN_POINT('',(1.530112091108,8.696801764903));
#7469 = CARTESIAN_POINT('',(1.538524316677,8.688565598031));
#7470 = CARTESIAN_POINT('',(1.546935344604,8.680327578558));
#7471 = CARTESIAN_POINT('',(1.557520251717,8.669958232284));
#7472 = CARTESIAN_POINT('',(1.559694801027,8.66782792761));
#7473 = CARTESIAN_POINT('',(1.561869290442,8.665697540393));
#7474 = CARTESIAN_POINT('',(1.564043707681,8.663567060861));
#7475 = CARTESIAN_POINT('',(1.566218078425,8.661436521572));
#7476 = CARTESIAN_POINT('',(1.568392466313,8.659305997411));
#7477 = CARTESIAN_POINT('',(1.570625179613,8.657118579784));
#7478 = CARTESIAN_POINT('',(1.570636664526,8.657109091537));
#7479 = CARTESIAN_POINT('',(1.570643295775,8.65709778078));
#7480 = CARTESIAN_POINT('',(1.570677944477,8.657066804212));
#7481 = CARTESIAN_POINT('',(1.570737845229,8.657013097841));
#7482 = CARTESIAN_POINT('',(1.570788243047,8.656953794195));
#7483 = CARTESIAN_POINT('',(1.570796326795,8.656953794195));
#7484 = ( GEOMETRIC_REPRESENTATION_CONTEXT(2)
PARAMETRIC_REPRESENTATION_CONTEXT() REPRESENTATION_CONTEXT('2D SPACE',''
  ) );
#7485 = ORIENTED_EDGE('',*,*,#3491,.F.);
#7486 = ADVANCED_FACE('',(#7487),#3623,.T.);
#7487 = FACE_BOUND('',#7488,.T.);
#7488 = EDGE_LOOP('',(#7489,#7519,#7538,#7539,#7558,#7559,#7578,#7579,
    #7598,#7599,#7600,#7623));
#7489 = ORIENTED_EDGE('',*,*,#7490,.F.);
#7490 = EDGE_CURVE('',#7491,#7493,#7495,.T.);
#7491 = VERTEX_POINT('',#7492);
#7492 = CARTESIAN_POINT('',(198.8,257.88963778077,20.));
#7493 = VERTEX_POINT('',#7494);
#7494 = CARTESIAN_POINT('',(198.8,274.83125715562,83.226984269447));
#7495 = SURFACE_CURVE('',#7496,(#7500,#7507),.PCURVE_S1.);
#7496 = LINE('',#7497,#7498);
#7497 = CARTESIAN_POINT('',(198.8,255.21277353685,10.009806636736));
#7498 = VECTOR('',#7499,1.);
#7499 = DIRECTION('',(0.,0.258819045103,0.965925826289));
#7500 = PCURVE('',#3623,#7501);
#7501 = DEFINITIONAL_REPRESENTATION('',(#7502),#7506);
#7502 = LINE('',#7503,#7504);
#7503 = CARTESIAN_POINT('',(0.,188.8));
#7504 = VECTOR('',#7505,1.);
#7505 = DIRECTION('',(1.,0.));
#7506 = ( GEOMETRIC_REPRESENTATION_CONTEXT(2)
PARAMETRIC_REPRESENTATION_CONTEXT() REPRESENTATION_CONTEXT('2D SPACE',''
  ) );
#7507 = PCURVE('',#7508,#7513);
#7508 = CYLINDRICAL_SURFACE('',#7509,1.2);
#7509 = AXIS2_PLACEMENT_3D('',#7510,#7511,#7512);
#7510 = CARTESIAN_POINT('',(198.8,254.0536625453,10.320389490859));
#7511 = DIRECTION('',(0.,0.258819045103,0.965925826289));
#7512 = DIRECTION('',(1.,0.,0.));
#7513 = DEFINITIONAL_REPRESENTATION('',(#7514),#7518);
#7514 = LINE('',#7515,#7516);
#7515 = CARTESIAN_POINT('',(1.570796326795,0.));
#7516 = VECTOR('',#7517,1.);
#7517 = DIRECTION('',(0.,1.));
#7518 = ( GEOMETRIC_REPRESENTATION_CONTEXT(2)
PARAMETRIC_REPRESENTATION_CONTEXT() REPRESENTATION_CONTEXT('2D SPACE',''
  ) );
#7519 = ORIENTED_EDGE('',*,*,#7520,.T.);
#7520 = EDGE_CURVE('',#7491,#6698,#7521,.T.);
#7521 = SURFACE_CURVE('',#7522,(#7526,#7532),.PCURVE_S1.);
#7522 = LINE('',#7523,#7524);
#7523 = CARTESIAN_POINT('',(1.,257.88963778077,20.));
#7524 = VECTOR('',#7525,1.);
#7525 = DIRECTION('',(-1.,0.,0.));
#7526 = PCURVE('',#3623,#7527);
#7527 = DEFINITIONAL_REPRESENTATION('',(#7528),#7531);
#7528 = B_SPLINE_CURVE_WITH_KNOTS('',1,(#7529,#7530),.UNSPECIFIED.,.F.,
  .F.,(2,2),(-197.8,-10.2),.PIECEWISE_BEZIER_KNOTS.);
#7529 = CARTESIAN_POINT('',(10.342609226678,188.8));
#7530 = CARTESIAN_POINT('',(10.342609226678,1.2));
#7531 = ( GEOMETRIC_REPRESENTATION_CONTEXT(2)
PARAMETRIC_REPRESENTATION_CONTEXT() REPRESENTATION_CONTEXT('2D SPACE',''
  ) );
#7532 = PCURVE('',#6870,#7533);
#7533 = DEFINITIONAL_REPRESENTATION('',(#7534),#7537);
#7534 = B_SPLINE_CURVE_WITH_KNOTS('',1,(#7535,#7536),.UNSPECIFIED.,.F.,
  .F.,(2,2),(-197.8,-10.2),.PIECEWISE_BEZIER_KNOTS.);
#7535 = CARTESIAN_POINT('',(206.8,39.889637780773));
#7536 = CARTESIAN_POINT('',(19.2,39.889637780773));
#7537 = ( GEOMETRIC_REPRESENTATION_CONTEXT(2)
PARAMETRIC_REPRESENTATION_CONTEXT() REPRESENTATION_CONTEXT('2D SPACE',''
  ) );
#7538 = ORIENTED_EDGE('',*,*,#6697,.T.);
#7539 = ORIENTED_EDGE('',*,*,#7540,.F.);
#7540 = EDGE_CURVE('',#6937,#6700,#7541,.T.);
#7541 = SURFACE_CURVE('',#7542,(#7546,#7552),.PCURVE_S1.);
#7542 = LINE('',#7543,#7544);
#7543 = CARTESIAN_POINT('',(85.5,274.5024877115,82.));
#7544 = VECTOR('',#7545,1.);
#7545 = DIRECTION('',(1.,-0.,0.));
#7546 = PCURVE('',#3623,#7547);
#7547 = DEFINITIONAL_REPRESENTATION('',(#7548),#7551);
#7548 = B_SPLINE_CURVE_WITH_KNOTS('',1,(#7549,#7550),.UNSPECIFIED.,.F.,
  .F.,(2,2),(75.5,83.5),.PIECEWISE_BEZIER_KNOTS.);
#7549 = CARTESIAN_POINT('',(74.529732412103,151.));
#7550 = CARTESIAN_POINT('',(74.529732412103,159.));
#7551 = ( GEOMETRIC_REPRESENTATION_CONTEXT(2)
PARAMETRIC_REPRESENTATION_CONTEXT() REPRESENTATION_CONTEXT('2D SPACE',''
  ) );
#7552 = PCURVE('',#6736,#7553);
#7553 = DEFINITIONAL_REPRESENTATION('',(#7554),#7557);
#7554 = B_SPLINE_CURVE_WITH_KNOTS('',1,(#7555,#7556),.UNSPECIFIED.,.F.,
  .F.,(2,2),(75.5,83.5),.PIECEWISE_BEZIER_KNOTS.);
#7555 = CARTESIAN_POINT('',(1.502487711502,0.));
#7556 = CARTESIAN_POINT('',(1.502487711502,-8.));
#7557 = ( GEOMETRIC_REPRESENTATION_CONTEXT(2)
PARAMETRIC_REPRESENTATION_CONTEXT() REPRESENTATION_CONTEXT('2D SPACE',''
  ) );
#7558 = ORIENTED_EDGE('',*,*,#6934,.F.);
#7559 = ORIENTED_EDGE('',*,*,#7560,.T.);
#7560 = EDGE_CURVE('',#6935,#7156,#7561,.T.);
#7561 = SURFACE_CURVE('',#7562,(#7566,#7572),.PCURVE_S1.);
#7562 = LINE('',#7563,#7564);
#7563 = CARTESIAN_POINT('',(1.,257.88963778077,20.));
#7564 = VECTOR('',#7565,1.);
#7565 = DIRECTION('',(-1.,0.,0.));
#7566 = PCURVE('',#3623,#7567);
#7567 = DEFINITIONAL_REPRESENTATION('',(#7568),#7571);
#7568 = B_SPLINE_CURVE_WITH_KNOTS('',1,(#7569,#7570),.UNSPECIFIED.,.F.,
  .F.,(2,2),(-197.8,-10.2),.PIECEWISE_BEZIER_KNOTS.);
#7569 = CARTESIAN_POINT('',(10.342609226678,188.8));
#7570 = CARTESIAN_POINT('',(10.342609226678,1.2));
#7571 = ( GEOMETRIC_REPRESENTATION_CONTEXT(2)
PARAMETRIC_REPRESENTATION_CONTEXT() REPRESENTATION_CONTEXT('2D SPACE',''
  ) );
#7572 = PCURVE('',#7094,#7573);
#7573 = DEFINITIONAL_REPRESENTATION('',(#7574),#7577);
#7574 = B_SPLINE_CURVE_WITH_KNOTS('',1,(#7575,#7576),.UNSPECIFIED.,.F.,
  .F.,(2,2),(-197.8,-10.2),.PIECEWISE_BEZIER_KNOTS.);
#7575 = CARTESIAN_POINT('',(206.8,39.889637780773));
#7576 = CARTESIAN_POINT('',(19.2,39.889637780773));
#7577 = ( GEOMETRIC_REPRESENTATION_CONTEXT(2)
PARAMETRIC_REPRESENTATION_CONTEXT() REPRESENTATION_CONTEXT('2D SPACE',''
  ) );
#7578 = ORIENTED_EDGE('',*,*,#7155,.T.);
#7579 = ORIENTED_EDGE('',*,*,#7580,.F.);
#7580 = EDGE_CURVE('',#6059,#7158,#7581,.T.);
#7581 = SURFACE_CURVE('',#7582,(#7586,#7592),.PCURVE_S1.);
#7582 = LINE('',#7583,#7584);
#7583 = CARTESIAN_POINT('',(26.5,274.5024877115,82.));
#7584 = VECTOR('',#7585,1.);
#7585 = DIRECTION('',(1.,-0.,0.));
#7586 = PCURVE('',#3623,#7587);
#7587 = DEFINITIONAL_REPRESENTATION('',(#7588),#7591);
#7588 = B_SPLINE_CURVE_WITH_KNOTS('',1,(#7589,#7590),.UNSPECIFIED.,.F.,
  .F.,(2,2),(16.5,24.5),.PIECEWISE_BEZIER_KNOTS.);
#7589 = CARTESIAN_POINT('',(74.529732412103,33.));
#7590 = CARTESIAN_POINT('',(74.529732412103,41.));
#7591 = ( GEOMETRIC_REPRESENTATION_CONTEXT(2)
PARAMETRIC_REPRESENTATION_CONTEXT() REPRESENTATION_CONTEXT('2D SPACE',''
  ) );
#7592 = PCURVE('',#6095,#7593);
#7593 = DEFINITIONAL_REPRESENTATION('',(#7594),#7597);
#7594 = B_SPLINE_CURVE_WITH_KNOTS('',1,(#7595,#7596),.UNSPECIFIED.,.F.,
  .F.,(2,2),(16.5,24.5),.PIECEWISE_BEZIER_KNOTS.);
#7595 = CARTESIAN_POINT('',(1.502487711502,0.));
#7596 = CARTESIAN_POINT('',(1.502487711502,-8.));
#7597 = ( GEOMETRIC_REPRESENTATION_CONTEXT(2)
PARAMETRIC_REPRESENTATION_CONTEXT() REPRESENTATION_CONTEXT('2D SPACE',''
  ) );
#7598 = ORIENTED_EDGE('',*,*,#6058,.F.);
#7599 = ORIENTED_EDGE('',*,*,#3608,.T.);
#7600 = ORIENTED_EDGE('',*,*,#7601,.T.);
#7601 = EDGE_CURVE('',#3575,#7602,#7604,.T.);
#7602 = VERTEX_POINT('',#7603);
#7603 = CARTESIAN_POINT('',(11.2,274.83125715562,83.226984269447));
#7604 = SURFACE_CURVE('',#7605,(#7609,#7616),.PCURVE_S1.);
#7605 = LINE('',#7606,#7607);
#7606 = CARTESIAN_POINT('',(11.2,255.21277353685,10.009806636736));
#7607 = VECTOR('',#7608,1.);
#7608 = DIRECTION('',(0.,0.258819045103,0.965925826289));
#7609 = PCURVE('',#3623,#7610);
#7610 = DEFINITIONAL_REPRESENTATION('',(#7611),#7615);
#7611 = LINE('',#7612,#7613);
#7612 = CARTESIAN_POINT('',(0.,1.2));
#7613 = VECTOR('',#7614,1.);
#7614 = DIRECTION('',(1.,0.));
#7615 = ( GEOMETRIC_REPRESENTATION_CONTEXT(2)
PARAMETRIC_REPRESENTATION_CONTEXT() REPRESENTATION_CONTEXT('2D SPACE',''
  ) );
#7616 = PCURVE('',#3591,#7617);
#7617 = DEFINITIONAL_REPRESENTATION('',(#7618),#7622);
#7618 = LINE('',#7619,#7620);
#7619 = CARTESIAN_POINT('',(-1.570796326795,0.));
#7620 = VECTOR('',#7621,1.);
#7621 = DIRECTION('',(-0.,1.));
#7622 = ( GEOMETRIC_REPRESENTATION_CONTEXT(2)
PARAMETRIC_REPRESENTATION_CONTEXT() REPRESENTATION_CONTEXT('2D SPACE',''
  ) );
#7623 = ORIENTED_EDGE('',*,*,#7624,.T.);
#7624 = EDGE_CURVE('',#7602,#7493,#7625,.T.);
#7625 = SURFACE_CURVE('',#7626,(#7630,#7637),.PCURVE_S1.);
#7626 = LINE('',#7627,#7628);
#7627 = CARTESIAN_POINT('',(10.,274.83125715562,83.226984269447));
#7628 = VECTOR('',#7629,1.);
#7629 = DIRECTION('',(1.,0.,0.));
#7630 = PCURVE('',#3623,#7631);
#7631 = DEFINITIONAL_REPRESENTATION('',(#7632),#7636);
#7632 = LINE('',#7633,#7634);
#7633 = CARTESIAN_POINT('',(75.8,0.));
#7634 = VECTOR('',#7635,1.);
#7635 = DIRECTION('',(0.,1.));
#7636 = ( GEOMETRIC_REPRESENTATION_CONTEXT(2)
PARAMETRIC_REPRESENTATION_CONTEXT() REPRESENTATION_CONTEXT('2D SPACE',''
  ) );
#7637 = PCURVE('',#7638,#7643);
#7638 = CYLINDRICAL_SURFACE('',#7639,1.2);
#7639 = AXIS2_PLACEMENT_3D('',#7640,#7641,#7642);
#7640 = CARTESIAN_POINT('',(10.,273.67214616408,83.53756712357));
#7641 = DIRECTION('',(1.,0.,0.));
#7642 = DIRECTION('',(0.,0.965925826289,-0.258819045103));
#7643 = DEFINITIONAL_REPRESENTATION('',(#7644),#7648);
#7644 = LINE('',#7645,#7646);
#7645 = CARTESIAN_POINT('',(0.,0.));
#7646 = VECTOR('',#7647,1.);
#7647 = DIRECTION('',(0.,1.));
#7648 = ( GEOMETRIC_REPRESENTATION_CONTEXT(2)
PARAMETRIC_REPRESENTATION_CONTEXT() REPRESENTATION_CONTEXT('2D SPACE',''
  ) );
#7649 = ADVANCED_FACE('',(#7650),#3591,.T.);
#7650 = FACE_BOUND('',#7651,.F.);
#7651 = EDGE_LOOP('',(#7652,#7675,#7676,#7677));
#7652 = ORIENTED_EDGE('',*,*,#7653,.F.);
#7653 = EDGE_CURVE('',#3549,#7654,#7656,.T.);
#7654 = VERTEX_POINT('',#7655);
#7655 = CARTESIAN_POINT('',(10.,273.67214616408,83.53756712357));
#7656 = SURFACE_CURVE('',#7657,(#7661,#7668),.PCURVE_S1.);
#7657 = LINE('',#7658,#7659);
#7658 = CARTESIAN_POINT('',(10.,254.0536625453,10.320389490859));
#7659 = VECTOR('',#7660,1.);
#7660 = DIRECTION('',(0.,0.258819045103,0.965925826289));
#7661 = PCURVE('',#3591,#7662);
#7662 = DEFINITIONAL_REPRESENTATION('',(#7663),#7667);
#7663 = LINE('',#7664,#7665);
#7664 = CARTESIAN_POINT('',(-0.,0.));
#7665 = VECTOR('',#7666,1.);
#7666 = DIRECTION('',(-0.,1.));
#7667 = ( GEOMETRIC_REPRESENTATION_CONTEXT(2)
PARAMETRIC_REPRESENTATION_CONTEXT() REPRESENTATION_CONTEXT('2D SPACE',''
  ) );
#7668 = PCURVE('',#3563,#7669);
#7669 = DEFINITIONAL_REPRESENTATION('',(#7670),#7674);
#7670 = LINE('',#7671,#7672);
#7671 = CARTESIAN_POINT('',(1.221245327088E-15,-2.8));
#7672 = VECTOR('',#7673,1.);
#7673 = DIRECTION('',(1.,0.));
#7674 = ( GEOMETRIC_REPRESENTATION_CONTEXT(2)
PARAMETRIC_REPRESENTATION_CONTEXT() REPRESENTATION_CONTEXT('2D SPACE',''
  ) );
#7675 = ORIENTED_EDGE('',*,*,#3574,.F.);
#7676 = ORIENTED_EDGE('',*,*,#7601,.T.);
#7677 = ORIENTED_EDGE('',*,*,#7678,.T.);
#7678 = EDGE_CURVE('',#7602,#7654,#7679,.T.);
#7679 = SURFACE_CURVE('',#7680,(#7685,#7692),.PCURVE_S1.);
#7680 = CIRCLE('',#7681,1.2);
#7681 = AXIS2_PLACEMENT_3D('',#7682,#7683,#7684);
#7682 = CARTESIAN_POINT('',(11.2,273.67214616408,83.53756712357));
#7683 = DIRECTION('',(0.,0.258819045103,0.965925826289));
#7684 = DIRECTION('',(-1.,0.,0.));
#7685 = PCURVE('',#3591,#7686);
#7686 = DEFINITIONAL_REPRESENTATION('',(#7687),#7691);
#7687 = LINE('',#7688,#7689);
#7688 = CARTESIAN_POINT('',(-6.28318530718,75.8));
#7689 = VECTOR('',#7690,1.);
#7690 = DIRECTION('',(1.,-0.));
#7691 = ( GEOMETRIC_REPRESENTATION_CONTEXT(2)
PARAMETRIC_REPRESENTATION_CONTEXT() REPRESENTATION_CONTEXT('2D SPACE',''
  ) );
#7692 = PCURVE('',#7693,#7698);
#7693 = SPHERICAL_SURFACE('',#7694,1.2);
#7694 = AXIS2_PLACEMENT_3D('',#7695,#7696,#7697);
#7695 = CARTESIAN_POINT('',(11.2,273.67214616408,83.53756712357));
#7696 = DIRECTION('',(-0.,-0.965925826289,0.258819045103));
#7697 = DIRECTION('',(-1.,0.,0.));
#7698 = DEFINITIONAL_REPRESENTATION('',(#7699),#7703);
#7699 = LINE('',#7700,#7701);
#7700 = CARTESIAN_POINT('',(-0.,-6.28318530718));
#7701 = VECTOR('',#7702,1.);
#7702 = DIRECTION('',(-0.,1.));
#7703 = ( GEOMETRIC_REPRESENTATION_CONTEXT(2)
PARAMETRIC_REPRESENTATION_CONTEXT() REPRESENTATION_CONTEXT('2D SPACE',''
  ) );
#7704 = ADVANCED_FACE('',(#7705),#3563,.F.);
#7705 = FACE_BOUND('',#7706,.F.);
#7706 = EDGE_LOOP('',(#7707,#7730,#7731,#7732));
#7707 = ORIENTED_EDGE('',*,*,#7708,.F.);
#7708 = EDGE_CURVE('',#3515,#7709,#7711,.T.);
#7709 = VERTEX_POINT('',#7710);
#7710 = CARTESIAN_POINT('',(10.,272.12666484201,83.951677595735));
#7711 = SURFACE_CURVE('',#7712,(#7716,#7723),.PCURVE_S1.);
#7712 = LINE('',#7713,#7714);
#7713 = CARTESIAN_POINT('',(10.,252.50818122324,10.734499963023));
#7714 = VECTOR('',#7715,1.);
#7715 = DIRECTION('',(0.,0.258819045103,0.965925826289));
#7716 = PCURVE('',#3563,#7717);
#7717 = DEFINITIONAL_REPRESENTATION('',(#7718),#7722);
#7718 = LINE('',#7719,#7720);
#7719 = CARTESIAN_POINT('',(3.663735981263E-15,-1.2));
#7720 = VECTOR('',#7721,1.);
#7721 = DIRECTION('',(1.,0.));
#7722 = ( GEOMETRIC_REPRESENTATION_CONTEXT(2)
PARAMETRIC_REPRESENTATION_CONTEXT() REPRESENTATION_CONTEXT('2D SPACE',''
  ) );
#7723 = PCURVE('',#3531,#7724);
#7724 = DEFINITIONAL_REPRESENTATION('',(#7725),#7729);
#7725 = LINE('',#7726,#7727);
#7726 = CARTESIAN_POINT('',(0.,0.));
#7727 = VECTOR('',#7728,1.);
#7728 = DIRECTION('',(0.,1.));
#7729 = ( GEOMETRIC_REPRESENTATION_CONTEXT(2)
PARAMETRIC_REPRESENTATION_CONTEXT() REPRESENTATION_CONTEXT('2D SPACE',''
  ) );
#7730 = ORIENTED_EDGE('',*,*,#3548,.T.);
#7731 = ORIENTED_EDGE('',*,*,#7653,.T.);
#7732 = ORIENTED_EDGE('',*,*,#7733,.F.);
#7733 = EDGE_CURVE('',#7709,#7654,#7734,.T.);
#7734 = SURFACE_CURVE('',#7735,(#7739,#7746),.PCURVE_S1.);
#7735 = LINE('',#7736,#7737);
#7736 = CARTESIAN_POINT('',(10.,270.96755385047,84.262260449858));
#7737 = VECTOR('',#7738,1.);
#7738 = DIRECTION('',(0.,0.965925826289,-0.258819045103));
#7739 = PCURVE('',#3563,#7740);
#7740 = DEFINITIONAL_REPRESENTATION('',(#7741),#7745);
#7741 = LINE('',#7742,#7743);
#7742 = CARTESIAN_POINT('',(75.8,1.7763568394E-14));
#7743 = VECTOR('',#7744,1.);
#7744 = DIRECTION('',(0.,-1.));
#7745 = ( GEOMETRIC_REPRESENTATION_CONTEXT(2)
PARAMETRIC_REPRESENTATION_CONTEXT() REPRESENTATION_CONTEXT('2D SPACE',''
  ) );
#7746 = PCURVE('',#7747,#7752);
#7747 = CYLINDRICAL_SURFACE('',#7748,1.2);
#7748 = AXIS2_PLACEMENT_3D('',#7749,#7750,#7751);
#7749 = CARTESIAN_POINT('',(11.2,270.96755385047,84.262260449858));
#7750 = DIRECTION('',(0.,0.965925826289,-0.258819045103));
#7751 = DIRECTION('',(-1.,0.,0.));
#7752 = DEFINITIONAL_REPRESENTATION('',(#7753),#7757);
#7753 = LINE('',#7754,#7755);
#7754 = CARTESIAN_POINT('',(0.,0.));
#7755 = VECTOR('',#7756,1.);
#7756 = DIRECTION('',(0.,1.));
#7757 = ( GEOMETRIC_REPRESENTATION_CONTEXT(2)
PARAMETRIC_REPRESENTATION_CONTEXT() REPRESENTATION_CONTEXT('2D SPACE',''
  ) );
#7758 = ADVANCED_FACE('',(#7759),#3531,.T.);
#7759 = FACE_BOUND('',#7760,.T.);
#7760 = EDGE_LOOP('',(#7761,#7762,#7763,#7764,#7765));
#7761 = ORIENTED_EDGE('',*,*,#7708,.F.);
#7762 = ORIENTED_EDGE('',*,*,#3514,.T.);
#7763 = ORIENTED_EDGE('',*,*,#7378,.T.);
#7764 = ORIENTED_EDGE('',*,*,#3729,.T.);
#7765 = ORIENTED_EDGE('',*,*,#7766,.F.);
#7766 = EDGE_CURVE('',#7709,#3730,#7767,.T.);
#7767 = SURFACE_CURVE('',#7768,(#7773,#7780),.PCURVE_S1.);
#7768 = CIRCLE('',#7769,1.2);
#7769 = AXIS2_PLACEMENT_3D('',#7770,#7771,#7772);
#7770 = CARTESIAN_POINT('',(11.2,272.12666484201,83.951677595735));
#7771 = DIRECTION('',(0.,0.258819045103,0.965925826289));
#7772 = DIRECTION('',(-1.,0.,0.));
#7773 = PCURVE('',#3531,#7774);
#7774 = DEFINITIONAL_REPRESENTATION('',(#7775),#7779);
#7775 = LINE('',#7776,#7777);
#7776 = CARTESIAN_POINT('',(0.,75.8));
#7777 = VECTOR('',#7778,1.);
#7778 = DIRECTION('',(1.,0.));
#7779 = ( GEOMETRIC_REPRESENTATION_CONTEXT(2)
PARAMETRIC_REPRESENTATION_CONTEXT() REPRESENTATION_CONTEXT('2D SPACE',''
  ) );
#7780 = PCURVE('',#7781,#7786);
#7781 = SPHERICAL_SURFACE('',#7782,1.2);
#7782 = AXIS2_PLACEMENT_3D('',#7783,#7784,#7785);
#7783 = CARTESIAN_POINT('',(11.2,272.12666484201,83.951677595735));
#7784 = DIRECTION('',(-0.,-0.258819045103,-0.965925826289));
#7785 = DIRECTION('',(-1.,0.,0.));
#7786 = DEFINITIONAL_REPRESENTATION('',(#7787),#7791);
#7787 = LINE('',#7788,#7789);
#7788 = CARTESIAN_POINT('',(-0.,0.));
#7789 = VECTOR('',#7790,1.);
#7790 = DIRECTION('',(-1.,0.));
#7791 = ( GEOMETRIC_REPRESENTATION_CONTEXT(2)
PARAMETRIC_REPRESENTATION_CONTEXT() REPRESENTATION_CONTEXT('2D SPACE',''
  ) );
#7792 = ADVANCED_FACE('',(#7793),#3768,.T.);
#7793 = FACE_BOUND('',#7794,.F.);
#7794 = EDGE_LOOP('',(#7795,#7819,#7847,#7874));
#7795 = ORIENTED_EDGE('',*,*,#7796,.F.);
#7796 = EDGE_CURVE('',#7797,#3730,#7799,.T.);
#7797 = VERTEX_POINT('',#7798);
#7798 = CARTESIAN_POINT('',(11.2,272.43724769614,85.110788587281));
#7799 = SURFACE_CURVE('',#7800,(#7805,#7812),.PCURVE_S1.);
#7800 = CIRCLE('',#7801,1.2);
#7801 = AXIS2_PLACEMENT_3D('',#7802,#7803,#7804);
#7802 = CARTESIAN_POINT('',(11.2,272.12666484201,83.951677595735));
#7803 = DIRECTION('',(1.,-5.914589856893E-17,1.584809575716E-17));
#7804 = DIRECTION('',(-6.123233995737E-17,-0.965925826289,0.258819045103
    ));
#7805 = PCURVE('',#3768,#7806);
#7806 = DEFINITIONAL_REPRESENTATION('',(#7807),#7811);
#7807 = LINE('',#7808,#7809);
#7808 = CARTESIAN_POINT('',(-6.28318530718,1.2));
#7809 = VECTOR('',#7810,1.);
#7810 = DIRECTION('',(1.,-0.));
#7811 = ( GEOMETRIC_REPRESENTATION_CONTEXT(2)
PARAMETRIC_REPRESENTATION_CONTEXT() REPRESENTATION_CONTEXT('2D SPACE',''
  ) );
#7812 = PCURVE('',#7781,#7813);
#7813 = DEFINITIONAL_REPRESENTATION('',(#7814),#7818);
#7814 = LINE('',#7815,#7816);
#7815 = CARTESIAN_POINT('',(-1.570796326795,-6.28318530718));
#7816 = VECTOR('',#7817,1.);
#7817 = DIRECTION('',(-0.,1.));
#7818 = ( GEOMETRIC_REPRESENTATION_CONTEXT(2)
PARAMETRIC_REPRESENTATION_CONTEXT() REPRESENTATION_CONTEXT('2D SPACE',''
  ) );
#7819 = ORIENTED_EDGE('',*,*,#7820,.T.);
#7820 = EDGE_CURVE('',#7797,#7821,#7823,.T.);
#7821 = VERTEX_POINT('',#7822);
#7822 = CARTESIAN_POINT('',(198.8,272.43724769614,85.110788587281));
#7823 = SURFACE_CURVE('',#7824,(#7828,#7835),.PCURVE_S1.);
#7824 = LINE('',#7825,#7826);
#7825 = CARTESIAN_POINT('',(10.,272.43724769614,85.110788587281));
#7826 = VECTOR('',#7827,1.);
#7827 = DIRECTION('',(1.,0.,0.));
#7828 = PCURVE('',#3768,#7829);
#7829 = DEFINITIONAL_REPRESENTATION('',(#7830),#7834);
#7830 = LINE('',#7831,#7832);
#7831 = CARTESIAN_POINT('',(-1.570796326795,0.));
#7832 = VECTOR('',#7833,1.);
#7833 = DIRECTION('',(-0.,1.));
#7834 = ( GEOMETRIC_REPRESENTATION_CONTEXT(2)
PARAMETRIC_REPRESENTATION_CONTEXT() REPRESENTATION_CONTEXT('2D SPACE',''
  ) );
#7835 = PCURVE('',#7836,#7841);
#7836 = PLANE('',#7837);
#7837 = AXIS2_PLACEMENT_3D('',#7838,#7839,#7840);
#7838 = CARTESIAN_POINT('',(10.,271.27813670459,85.421371441404));
#7839 = DIRECTION('',(0.,0.258819045103,0.965925826289));
#7840 = DIRECTION('',(1.,0.,0.));
#7841 = DEFINITIONAL_REPRESENTATION('',(#7842),#7846);
#7842 = LINE('',#7843,#7844);
#7843 = CARTESIAN_POINT('',(0.,1.2));
#7844 = VECTOR('',#7845,1.);
#7845 = DIRECTION('',(1.,0.));
#7846 = ( GEOMETRIC_REPRESENTATION_CONTEXT(2)
PARAMETRIC_REPRESENTATION_CONTEXT() REPRESENTATION_CONTEXT('2D SPACE',''
  ) );
#7847 = ORIENTED_EDGE('',*,*,#7848,.T.);
#7848 = EDGE_CURVE('',#7821,#3753,#7849,.T.);
#7849 = SURFACE_CURVE('',#7850,(#7855,#7862),.PCURVE_S1.);
#7850 = CIRCLE('',#7851,1.2);
#7851 = AXIS2_PLACEMENT_3D('',#7852,#7853,#7854);
#7852 = CARTESIAN_POINT('',(198.8,272.12666484201,83.951677595735));
#7853 = DIRECTION('',(1.,5.914589856893E-17,-1.584809575716E-17));
#7854 = DIRECTION('',(6.123233995737E-17,-0.965925826289,0.258819045103)
  );
#7855 = PCURVE('',#3768,#7856);
#7856 = DEFINITIONAL_REPRESENTATION('',(#7857),#7861);
#7857 = LINE('',#7858,#7859);
#7858 = CARTESIAN_POINT('',(-6.28318530718,188.8));
#7859 = VECTOR('',#7860,1.);
#7860 = DIRECTION('',(1.,-0.));
#7861 = ( GEOMETRIC_REPRESENTATION_CONTEXT(2)
PARAMETRIC_REPRESENTATION_CONTEXT() REPRESENTATION_CONTEXT('2D SPACE',''
  ) );
#7862 = PCURVE('',#7863,#7868);
#7863 = SPHERICAL_SURFACE('',#7864,1.2);
#7864 = AXIS2_PLACEMENT_3D('',#7865,#7866,#7867);
#7865 = CARTESIAN_POINT('',(198.8,272.12666484201,83.951677595735));
#7866 = DIRECTION('',(-0.,-0.258819045103,-0.965925826289));
#7867 = DIRECTION('',(1.,0.,0.));
#7868 = DEFINITIONAL_REPRESENTATION('',(#7869),#7873);
#7869 = LINE('',#7870,#7871);
#7870 = CARTESIAN_POINT('',(1.570796326795,-6.28318530718));
#7871 = VECTOR('',#7872,1.);
#7872 = DIRECTION('',(0.,1.));
#7873 = ( GEOMETRIC_REPRESENTATION_CONTEXT(2)
PARAMETRIC_REPRESENTATION_CONTEXT() REPRESENTATION_CONTEXT('2D SPACE',''
  ) );
#7874 = ORIENTED_EDGE('',*,*,#3752,.F.);
#7875 = ADVANCED_FACE('',(#7876),#3796,.T.);
#7876 = FACE_BOUND('',#7877,.F.);
#7877 = EDGE_LOOP('',(#7878,#7908,#7937,#8045,#8046));
#7878 = ORIENTED_EDGE('',*,*,#7879,.F.);
#7879 = EDGE_CURVE('',#7880,#7882,#7884,.T.);
#7880 = VERTEX_POINT('',#7881);
#7881 = CARTESIAN_POINT('',(200.,254.99086447562,20.));
#7882 = VERTEX_POINT('',#7883);
#7883 = CARTESIAN_POINT('',(200.,272.12666484201,83.951677595735));
#7884 = SURFACE_CURVE('',#7885,(#7889,#7896),.PCURVE_S1.);
#7885 = LINE('',#7886,#7887);
#7886 = CARTESIAN_POINT('',(200.,252.50818122324,10.734499963023));
#7887 = VECTOR('',#7888,1.);
#7888 = DIRECTION('',(0.,0.258819045103,0.965925826289));
#7889 = PCURVE('',#3796,#7890);
#7890 = DEFINITIONAL_REPRESENTATION('',(#7891),#7895);
#7891 = LINE('',#7892,#7893);
#7892 = CARTESIAN_POINT('',(-0.,0.));
#7893 = VECTOR('',#7894,1.);
#7894 = DIRECTION('',(-0.,1.));
#7895 = ( GEOMETRIC_REPRESENTATION_CONTEXT(2)
PARAMETRIC_REPRESENTATION_CONTEXT() REPRESENTATION_CONTEXT('2D SPACE',''
  ) );
#7896 = PCURVE('',#7897,#7902);
#7897 = PLANE('',#7898);
#7898 = AXIS2_PLACEMENT_3D('',#7899,#7900,#7901);
#7899 = CARTESIAN_POINT('',(200.,251.34907023169,11.045082817146));
#7900 = DIRECTION('',(1.,0.,0.));
#7901 = DIRECTION('',(0.,0.258819045103,0.965925826289));
#7902 = DEFINITIONAL_REPRESENTATION('',(#7903),#7907);
#7903 = LINE('',#7904,#7905);
#7904 = CARTESIAN_POINT('',(3.663735981263E-15,-1.2));
#7905 = VECTOR('',#7906,1.);
#7906 = DIRECTION('',(1.,0.));
#7907 = ( GEOMETRIC_REPRESENTATION_CONTEXT(2)
PARAMETRIC_REPRESENTATION_CONTEXT() REPRESENTATION_CONTEXT('2D SPACE',''
  ) );
#7908 = ORIENTED_EDGE('',*,*,#7909,.F.);
#7909 = EDGE_CURVE('',#7910,#7880,#7912,.T.);
#7910 = VERTEX_POINT('',#7911);
#7911 = CARTESIAN_POINT('',(199.8351250844,254.36239464951,20.));
#7912 = SURFACE_CURVE('',#7913,(#7918,#7930),.PCURVE_S1.);
#7913 = ELLIPSE('',#7914,1.242331416492,1.2);
#7914 = AXIS2_PLACEMENT_3D('',#7915,#7916,#7917);
#7915 = CARTESIAN_POINT('',(198.8,254.99086447562,20.));
#7916 = DIRECTION('',(0.,0.,1.));
#7917 = DIRECTION('',(0.,1.,-0.));
#7918 = PCURVE('',#3796,#7919);
#7919 = DEFINITIONAL_REPRESENTATION('',(#7920),#7929);
#7920 = B_SPLINE_CURVE_WITH_KNOTS('',7,(#7921,#7922,#7923,#7924,#7925,
    #7926,#7927,#7928),.UNSPECIFIED.,.F.,.F.,(8,8),(3.14159265359,
    4.712388980385),.PIECEWISE_BEZIER_KNOTS.);
#7921 = CARTESIAN_POINT('',(-1.570796326795,9.270812456954));
#7922 = CARTESIAN_POINT('',(-1.346396851538,9.270812456954));
#7923 = CARTESIAN_POINT('',(-1.121997376282,9.289702448213));
#7924 = CARTESIAN_POINT('',(-0.897597901026,9.327479690427));
#7925 = CARTESIAN_POINT('',(-0.673198425769,9.381824828019));
#7926 = CARTESIAN_POINT('',(-0.448798950513,9.448045401229));
#7927 = CARTESIAN_POINT('',(-0.224399475256,9.520198298059));
#7928 = CARTESIAN_POINT('',(-2.368475785867E-14,9.592351487871));
#7929 = ( GEOMETRIC_REPRESENTATION_CONTEXT(2)
PARAMETRIC_REPRESENTATION_CONTEXT() REPRESENTATION_CONTEXT('2D SPACE',''
  ) );
#7930 = PCURVE('',#6870,#7931);
#7931 = DEFINITIONAL_REPRESENTATION('',(#7932),#7936);
#7932 = ELLIPSE('',#7933,1.242331416492,1.2);
#7933 = AXIS2_PLACEMENT_2D('',#7934,#7935);
#7934 = CARTESIAN_POINT('',(206.8,36.990864475624));
#7935 = DIRECTION('',(0.,1.));
#7936 = ( GEOMETRIC_REPRESENTATION_CONTEXT(2)
PARAMETRIC_REPRESENTATION_CONTEXT() REPRESENTATION_CONTEXT('2D SPACE',''
  ) );
#7937 = ORIENTED_EDGE('',*,*,#7938,.T.);
#7938 = EDGE_CURVE('',#7910,#3781,#7939,.T.);
#7939 = SURFACE_CURVE('',#7940,(#7973,#8009),.PCURVE_S1.);
#7940 = B_SPLINE_CURVE_WITH_KNOTS('',7,(#7941,#7942,#7943,#7944,#7945,
    #7946,#7947,#7948,#7949,#7950,#7951,#7952,#7953,#7954,#7955,#7956,
    #7957,#7958,#7959,#7960,#7961,#7962,#7963,#7964,#7965,#7966,#7967,
    #7968,#7969,#7970,#7971,#7972),.UNSPECIFIED.,.F.,.F.,(8,6,6,6,6,8),(
    0.,0.250397117916,0.922511802119,0.983744130302,0.9995762107,1.),
  .UNSPECIFIED.);
#7941 = CARTESIAN_POINT('',(199.83512508439,254.36239464951,20.));
#7942 = CARTESIAN_POINT('',(199.8093010406,254.31680722102,20.));
#7943 = CARTESIAN_POINT('',(199.78158962764,254.27226105889,
    19.99696937027));
#7944 = CARTESIAN_POINT('',(199.75217440691,254.22892998912,
    19.991156888574));
#7945 = CARTESIAN_POINT('',(199.72124272365,254.18695659476,
    19.982800995123));
#7946 = CARTESIAN_POINT('',(199.68898343501,254.14645590898,
    19.972131423101));
#7947 = CARTESIAN_POINT('',(199.65558463809,254.10751910835,
    19.959370829207));
#7948 = CARTESIAN_POINT('',(199.52902060375,253.97009162735,
    19.905454827835));
#7949 = CARTESIAN_POINT('',(199.42951107766,253.88128557476,
    19.852492169962));
#7950 = CARTESIAN_POINT('',(199.32530530582,253.80440924334,
    19.789447548822));
#7951 = CARTESIAN_POINT('',(199.21826004132,253.73929115496,
    19.718856582359));
#7952 = CARTESIAN_POINT('',(199.10954299643,253.68559300944,
    19.642502483849));
#7953 = CARTESIAN_POINT('',(198.99977320091,253.6430031883,
    19.56150523614));
#7954 = CARTESIAN_POINT('',(198.87906567486,253.60883575504,
    19.468732461688));
#7955 = CARTESIAN_POINT('',(198.8689834939,253.60607749811,
    19.46095558589));
#7956 = CARTESIAN_POINT('',(198.85889841014,253.60341398067,
    19.453148900721));
#7957 = CARTESIAN_POINT('',(198.84881097425,253.60084533641,
    19.445313209254));
#7958 = CARTESIAN_POINT('',(198.83872173442,253.59837171691,
    19.437449306222));
#7959 = CARTESIAN_POINT('',(198.82863123633,253.59599329163,
    19.429557978019));
#7960 = CARTESIAN_POINT('',(198.81593086388,253.59311994977,
    19.419592750445));
#7961 = CARTESIAN_POINT('',(198.81332161388,253.59253603839,
    19.417543755343));
#7962 = CARTESIAN_POINT('',(198.81071235363,253.59195849996,
    19.415492967158));
#7963 = CARTESIAN_POINT('',(198.80810311802,253.59138733171,
    19.413440376519));
#7964 = CARTESIAN_POINT('',(198.80549389638,253.59082254188,
    19.411386014919));
#7965 = CARTESIAN_POINT('',(198.8028846325,253.59026414977,
    19.409329954719));
#7966 = CARTESIAN_POINT('',(198.80020537661,253.58969741087,
    19.407217230583));
#7967 = CARTESIAN_POINT('',(198.80019159472,253.58969495624,
    19.407208065341));
#7968 = CARTESIAN_POINT('',(198.80018363722,253.58969202573,
    19.407197140812));
#7969 = CARTESIAN_POINT('',(198.80014205878,253.58968400043,
    19.407167221883));
#7970 = CARTESIAN_POINT('',(198.80007017787,253.5896700944,
    19.407115347067));
#7971 = CARTESIAN_POINT('',(198.80000970049,253.5896547462,
    19.40705806395));
#7972 = CARTESIAN_POINT('',(198.8,253.5896547462,19.40705806395));
#7973 = PCURVE('',#3796,#7974);
#7974 = DEFINITIONAL_REPRESENTATION('',(#7975),#8008);
#7975 = B_SPLINE_CURVE_WITH_KNOTS('',7,(#7976,#7977,#7978,#7979,#7980,
    #7981,#7982,#7983,#7984,#7985,#7986,#7987,#7988,#7989,#7990,#7991,
    #7992,#7993,#7994,#7995,#7996,#7997,#7998,#7999,#8000,#8001,#8002,
    #8003,#8004,#8005,#8006,#8007),.UNSPECIFIED.,.F.,.F.,(8,6,6,6,6,8),(
    0.,0.250397117916,0.922511802119,0.983744130302,0.9995762107,1.),
  .UNSPECIFIED.);
#7976 = CARTESIAN_POINT('',(-0.53040108952,9.4296915276));
#7977 = CARTESIAN_POINT('',(-0.572940947927,9.417892632892));
#7978 = CARTESIAN_POINT('',(-0.614989550491,9.403435874218));
#7979 = CARTESIAN_POINT('',(-0.656521110546,9.386606541934));
#7980 = CARTESIAN_POINT('',(-0.697514287676,9.367671854798));
#7981 = CARTESIAN_POINT('',(-0.737950026194,9.346883490807));
#7982 = CARTESIAN_POINT('',(-0.777809393621,9.324480118048));
#7983 = CARTESIAN_POINT('',(-0.922458350592,9.236832410468));
#7984 = CARTESIAN_POINT('',(-1.024024881377,9.162689713669));
#7985 = CARTESIAN_POINT('',(-1.122298974647,9.081896227213));
#7986 = CARTESIAN_POINT('',(-1.217900128667,8.996856788151));
#7987 = CARTESIAN_POINT('',(-1.311523326067,8.909206289711));
#7988 = CARTESIAN_POINT('',(-1.403994725425,8.81994589945));
#7989 = CARTESIAN_POINT('',(-1.504863039354,8.721491098181));
#7990 = CARTESIAN_POINT('',(-1.513281972072,8.713265323575));
#7991 = CARTESIAN_POINT('',(-1.521698149331,8.705035275712));
#7992 = CARTESIAN_POINT('',(-1.530112091108,8.696801764903));
#7993 = CARTESIAN_POINT('',(-1.538524316677,8.688565598031));
#7994 = CARTESIAN_POINT('',(-1.546935344604,8.680327578558));
#7995 = CARTESIAN_POINT('',(-1.557520251717,8.669958232284));
#7996 = CARTESIAN_POINT('',(-1.559694801027,8.66782792761));
#7997 = CARTESIAN_POINT('',(-1.561869290442,8.665697540393));
#7998 = CARTESIAN_POINT('',(-1.564043707681,8.663567060861));
#7999 = CARTESIAN_POINT('',(-1.566218078425,8.661436521572));
#8000 = CARTESIAN_POINT('',(-1.568392466313,8.659305997411));
#8001 = CARTESIAN_POINT('',(-1.570625179613,8.657118579784));
#8002 = CARTESIAN_POINT('',(-1.570636664526,8.657109091537));
#8003 = CARTESIAN_POINT('',(-1.570643295775,8.65709778078));
#8004 = CARTESIAN_POINT('',(-1.570677944478,8.657066804212));
#8005 = CARTESIAN_POINT('',(-1.570737845229,8.657013097841));
#8006 = CARTESIAN_POINT('',(-1.570788243047,8.656953794195));
#8007 = CARTESIAN_POINT('',(-1.570796326795,8.656953794195));
#8008 = ( GEOMETRIC_REPRESENTATION_CONTEXT(2)
PARAMETRIC_REPRESENTATION_CONTEXT() REPRESENTATION_CONTEXT('2D SPACE',''
  ) );
#8009 = PCURVE('',#3824,#8010);
#8010 = DEFINITIONAL_REPRESENTATION('',(#8011),#8044);
#8011 = B_SPLINE_CURVE_WITH_KNOTS('',7,(#8012,#8013,#8014,#8015,#8016,
    #8017,#8018,#8019,#8020,#8021,#8022,#8023,#8024,#8025,#8026,#8027,
    #8028,#8029,#8030,#8031,#8032,#8033,#8034,#8035,#8036,#8037,#8038,
    #8039,#8040,#8041,#8042,#8043),.UNSPECIFIED.,.F.,.F.,(8,6,6,6,6,8),(
    0.,0.250397117916,0.922511802119,0.983744130302,0.9995762107,1.),
  .UNSPECIFIED.);
#8012 = CARTESIAN_POINT('',(4.974188368184,206.83512508439));
#8013 = CARTESIAN_POINT('',(5.031172653785,206.8093010406));
#8014 = CARTESIAN_POINT('',(5.086855738931,206.78158962764));
#8015 = CARTESIAN_POINT('',(5.141321043193,206.75217440691));
#8016 = CARTESIAN_POINT('',(5.194632552484,206.72124272365));
#8017 = CARTESIAN_POINT('',(5.246837998052,206.68898343501));
#8018 = CARTESIAN_POINT('',(5.297972035472,206.65558463809));
#8019 = CARTESIAN_POINT('',(5.48250373896,206.52902060375));
#8020 = CARTESIAN_POINT('',(5.610022283362,206.42951107766));
#8021 = CARTESIAN_POINT('',(5.732227499408,206.32530530582));
#8022 = CARTESIAN_POINT('',(5.85030668928,206.21826004132));
#8023 = CARTESIAN_POINT('',(5.965439681427,206.10954299643));
#8024 = CARTESIAN_POINT('',(6.078846222928,205.99977320091));
#8025 = CARTESIAN_POINT('',(6.202426922619,205.87906567486));
#8026 = CARTESIAN_POINT('',(6.212740590763,205.8689834939));
#8027 = CARTESIAN_POINT('',(6.223050090012,205.85889841014));
#8028 = CARTESIAN_POINT('',(6.233356208158,205.84881097425));
#8029 = CARTESIAN_POINT('',(6.243659731259,205.83872173442));
#8030 = CARTESIAN_POINT('',(6.253961443643,205.82863123633));
#8031 = CARTESIAN_POINT('',(6.266925447536,205.81593086388));
#8032 = CARTESIAN_POINT('',(6.269588648614,205.81332161388));
#8033 = CARTESIAN_POINT('',(6.272251827135,205.81071235363));
#8034 = CARTESIAN_POINT('',(6.274915026173,205.80810311802));
#8035 = CARTESIAN_POINT('',(6.277578235887,205.80549389638));
#8036 = CARTESIAN_POINT('',(6.280241393518,205.8028846325));
#8037 = CARTESIAN_POINT('',(6.282975665661,205.80020537661));
#8038 = CARTESIAN_POINT('',(6.282987525969,205.80019159472));
#8039 = CARTESIAN_POINT('',(6.283001664415,205.80018363722));
#8040 = CARTESIAN_POINT('',(6.283040385126,205.80014205878));
#8041 = CARTESIAN_POINT('',(6.28310751809,205.80007017787));
#8042 = CARTESIAN_POINT('',(6.283181647647,205.80000970049));
#8043 = CARTESIAN_POINT('',(6.283181647647,205.8));
#8044 = ( GEOMETRIC_REPRESENTATION_CONTEXT(2)
PARAMETRIC_REPRESENTATION_CONTEXT() REPRESENTATION_CONTEXT('2D SPACE',''
  ) );
#8045 = ORIENTED_EDGE('',*,*,#3780,.T.);
#8046 = ORIENTED_EDGE('',*,*,#8047,.F.);
#8047 = EDGE_CURVE('',#7882,#3753,#8048,.T.);
#8048 = SURFACE_CURVE('',#8049,(#8054,#8061),.PCURVE_S1.);
#8049 = CIRCLE('',#8050,1.2);
#8050 = AXIS2_PLACEMENT_3D('',#8051,#8052,#8053);
#8051 = CARTESIAN_POINT('',(198.8,272.12666484201,83.951677595735));
#8052 = DIRECTION('',(0.,-0.258819045103,-0.965925826289));
#8053 = DIRECTION('',(1.,0.,0.));
#8054 = PCURVE('',#3796,#8055);
#8055 = DEFINITIONAL_REPRESENTATION('',(#8056),#8060);
#8056 = LINE('',#8057,#8058);
#8057 = CARTESIAN_POINT('',(-0.,75.8));
#8058 = VECTOR('',#8059,1.);
#8059 = DIRECTION('',(-1.,0.));
#8060 = ( GEOMETRIC_REPRESENTATION_CONTEXT(2)
PARAMETRIC_REPRESENTATION_CONTEXT() REPRESENTATION_CONTEXT('2D SPACE',''
  ) );
#8061 = PCURVE('',#7863,#8062);
#8062 = DEFINITIONAL_REPRESENTATION('',(#8063),#8067);
#8063 = LINE('',#8064,#8065);
#8064 = CARTESIAN_POINT('',(0.,0.));
#8065 = VECTOR('',#8066,1.);
#8066 = DIRECTION('',(1.,0.));
#8067 = ( GEOMETRIC_REPRESENTATION_CONTEXT(2)
PARAMETRIC_REPRESENTATION_CONTEXT() REPRESENTATION_CONTEXT('2D SPACE',''
  ) );
#8068 = ADVANCED_FACE('',(#8069),#3824,.T.);
#8069 = FACE_BOUND('',#8070,.T.);
#8070 = EDGE_LOOP('',(#8071,#8072,#8073,#8103));
#8071 = ORIENTED_EDGE('',*,*,#7938,.T.);
#8072 = ORIENTED_EDGE('',*,*,#3808,.T.);
#8073 = ORIENTED_EDGE('',*,*,#8074,.T.);
#8074 = EDGE_CURVE('',#3809,#8075,#8077,.T.);
#8075 = VERTEX_POINT('',#8076);
#8076 = CARTESIAN_POINT('',(217.,254.36239464951,20.));
#8077 = SURFACE_CURVE('',#8078,(#8083,#8089),.PCURVE_S1.);
#8078 = CIRCLE('',#8079,0.8);
#8079 = AXIS2_PLACEMENT_3D('',#8080,#8081,#8082);
#8080 = CARTESIAN_POINT('',(217.,254.36239464951,19.2));
#8081 = DIRECTION('',(-1.,0.,0.));
#8082 = DIRECTION('',(0.,-0.965925826289,0.258819045103));
#8083 = PCURVE('',#3824,#8084);
#8084 = DEFINITIONAL_REPRESENTATION('',(#8085),#8088);
#8085 = B_SPLINE_CURVE_WITH_KNOTS('',1,(#8086,#8087),.UNSPECIFIED.,.F.,
  .F.,(2,2),(0.,1.308996938996),.PIECEWISE_BEZIER_KNOTS.);
#8086 = CARTESIAN_POINT('',(6.28318530718,224.));
#8087 = CARTESIAN_POINT('',(4.974188368184,224.));
#8088 = ( GEOMETRIC_REPRESENTATION_CONTEXT(2)
PARAMETRIC_REPRESENTATION_CONTEXT() REPRESENTATION_CONTEXT('2D SPACE',''
  ) );
#8089 = PCURVE('',#3860,#8090);
#8090 = DEFINITIONAL_REPRESENTATION('',(#8091),#8102);
#8091 = B_SPLINE_CURVE_WITH_KNOTS('',9,(#8092,#8093,#8094,#8095,#8096,
    #8097,#8098,#8099,#8100,#8101),.UNSPECIFIED.,.F.,.F.,(10,10),(0.,
    1.308996938996),.PIECEWISE_BEZIER_KNOTS.);
#8092 = CARTESIAN_POINT('',(-1.110223024625E-16,492.4982516312));
#8093 = CARTESIAN_POINT('',(0.166114099374,492.4982516312));
#8094 = CARTESIAN_POINT('',(0.323001742407,492.49825163118));
#8095 = CARTESIAN_POINT('',(0.474082562374,492.49825163124));
#8096 = CARTESIAN_POINT('',(0.62189447656,492.49825163115));
#8097 = CARTESIAN_POINT('',(0.768658368153,492.49825163124));
#8098 = CARTESIAN_POINT('',(0.916470282337,492.49825163117));
#8099 = CARTESIAN_POINT('',(1.067551102306,492.49825163121));
#8100 = CARTESIAN_POINT('',(1.224438745338,492.4982516312));
#8101 = CARTESIAN_POINT('',(1.390552844712,492.4982516312));
#8102 = ( GEOMETRIC_REPRESENTATION_CONTEXT(2)
PARAMETRIC_REPRESENTATION_CONTEXT() REPRESENTATION_CONTEXT('2D SPACE',''
  ) );
#8103 = ORIENTED_EDGE('',*,*,#8104,.F.);
#8104 = EDGE_CURVE('',#7910,#8075,#8105,.T.);
#8105 = SURFACE_CURVE('',#8106,(#8110,#8117),.PCURVE_S1.);
#8106 = LINE('',#8107,#8108);
#8107 = CARTESIAN_POINT('',(-7.,254.36239464951,20.));
#8108 = VECTOR('',#8109,1.);
#8109 = DIRECTION('',(1.,-0.,-0.));
#8110 = PCURVE('',#3824,#8111);
#8111 = DEFINITIONAL_REPRESENTATION('',(#8112),#8116);
#8112 = LINE('',#8113,#8114);
#8113 = CARTESIAN_POINT('',(4.974188368184,0.));
#8114 = VECTOR('',#8115,1.);
#8115 = DIRECTION('',(-0.,1.));
#8116 = ( GEOMETRIC_REPRESENTATION_CONTEXT(2)
PARAMETRIC_REPRESENTATION_CONTEXT() REPRESENTATION_CONTEXT('2D SPACE',''
  ) );
#8117 = PCURVE('',#6870,#8118);
#8118 = DEFINITIONAL_REPRESENTATION('',(#8119),#8123);
#8119 = LINE('',#8120,#8121);
#8120 = CARTESIAN_POINT('',(1.,36.36239464951));
#8121 = VECTOR('',#8122,1.);
#8122 = DIRECTION('',(1.,-0.));
#8123 = ( GEOMETRIC_REPRESENTATION_CONTEXT(2)
PARAMETRIC_REPRESENTATION_CONTEXT() REPRESENTATION_CONTEXT('2D SPACE',''
  ) );
#8124 = ADVANCED_FACE('',(#8125),#3860,.F.);
#8125 = FACE_BOUND('',#8126,.F.);
#8126 = EDGE_LOOP('',(#8127,#8128,#8182,#8201));
#8127 = ORIENTED_EDGE('',*,*,#8074,.T.);
#8128 = ORIENTED_EDGE('',*,*,#8129,.T.);
#8129 = EDGE_CURVE('',#8075,#8130,#8132,.T.);
#8130 = VERTEX_POINT('',#8131);
#8131 = CARTESIAN_POINT('',(218.,254.30880481102,19.));
#8132 = SURFACE_CURVE('',#8133,(#8141,#8148),.PCURVE_S1.);
#8133 = B_SPLINE_CURVE_WITH_KNOTS('',6,(#8134,#8135,#8136,#8137,#8138,
    #8139,#8140),.UNSPECIFIED.,.F.,.F.,(7,7),(492.4982516312,
    493.88880447591),.PIECEWISE_BEZIER_KNOTS.);
#8134 = CARTESIAN_POINT('',(217.,254.36239464951,20.));
#8135 = CARTESIAN_POINT('',(217.26518057578,254.36239464951,20.));
#8136 = CARTESIAN_POINT('',(217.53021490596,254.35751259579,
    19.91550898504));
#8137 = CARTESIAN_POINT('',(217.7623073256,254.34774906895,
    19.747295830167));
#8138 = CARTESIAN_POINT('',(217.92508277095,254.33453774286,
    19.510622340522));
#8139 = CARTESIAN_POINT('',(218.,254.32114875432,19.250217100257));
#8140 = CARTESIAN_POINT('',(218.,254.30880481102,19.));
#8141 = PCURVE('',#3860,#8142);
#8142 = DEFINITIONAL_REPRESENTATION('',(#8143),#8147);
#8143 = LINE('',#8144,#8145);
#8144 = CARTESIAN_POINT('',(1.390552844712,0.));
#8145 = VECTOR('',#8146,1.);
#8146 = DIRECTION('',(0.,1.));
#8147 = ( GEOMETRIC_REPRESENTATION_CONTEXT(2)
PARAMETRIC_REPRESENTATION_CONTEXT() REPRESENTATION_CONTEXT('2D SPACE',''
  ) );
#8148 = PCURVE('',#8149,#8154);
#8149 = CYLINDRICAL_SURFACE('',#8150,1.);
#8150 = AXIS2_PLACEMENT_3D('',#8151,#8152,#8153);
#8151 = CARTESIAN_POINT('',(217.,270.,19.));
#8152 = DIRECTION('',(-0.,-1.,-0.));
#8153 = DIRECTION('',(1.,0.,-0.));
#8154 = DEFINITIONAL_REPRESENTATION('',(#8155),#8181);
#8155 = B_SPLINE_CURVE_WITH_KNOTS('',3,(#8156,#8157,#8158,#8159,#8160,
    #8161,#8162,#8163,#8164,#8165,#8166,#8167,#8168,#8169,#8170,#8171,
    #8172,#8173,#8174,#8175,#8176,#8177,#8178,#8179,#8180),
  .UNSPECIFIED.,.F.,.F.,(4,1,1,1,1,1,1,1,1,1,1,1,1,1,1,1,1,1,1,1,1,1,4),
  (492.4982516312,492.56145857868,492.62466552617,492.68787247366,
    492.75107942114,492.81428636863,492.87749331612,492.9407002636,
    493.00390721109,493.06711415858,493.13032110606,493.19352805355,
    493.25673500104,493.31994194852,493.38314889601,493.4463558435,
    493.50956279098,493.57276973847,493.63597668596,493.69918363345,
    493.76239058093,493.82559752842,493.88880447591),
  .QUASI_UNIFORM_KNOTS.);
#8156 = CARTESIAN_POINT('',(1.570796326795,15.63760535049));
#8157 = CARTESIAN_POINT('',(1.54668944156,15.637605163216));
#8158 = CARTESIAN_POINT('',(1.498476970219,15.637706367846));
#8159 = CARTESIAN_POINT('',(1.426161454847,15.638159330841));
#8160 = CARTESIAN_POINT('',(1.353846739514,15.638910753967));
#8161 = CARTESIAN_POINT('',(1.281536333113,15.639954841844));
#8162 = CARTESIAN_POINT('',(1.209236030557,15.641283774963));
#8163 = CARTESIAN_POINT('',(1.136953895947,15.642887463633));
#8164 = CARTESIAN_POINT('',(1.06469981324,15.644753690499));
#8165 = CARTESIAN_POINT('',(0.992485593626,15.64686818347));
#8166 = CARTESIAN_POINT('',(0.920325266337,15.649214741817));
#8167 = CARTESIAN_POINT('',(0.848235535714,15.651775382533));
#8168 = CARTESIAN_POINT('',(0.776236291726,15.654530515802));
#8169 = CARTESIAN_POINT('',(0.704351094843,15.657459147172));
#8170 = CARTESIAN_POINT('',(0.632607563108,15.660539107099));
#8171 = CARTESIAN_POINT('',(0.561037610427,15.663747307706));
#8172 = CARTESIAN_POINT('',(0.489677507985,15.667060026633));
#8173 = CARTESIAN_POINT('',(0.418567769111,15.670453218667));
#8174 = CARTESIAN_POINT('',(0.34775288147,15.673902852523));
#8175 = CARTESIAN_POINT('',(0.27728095847,15.677385282595));
#8176 = CARTESIAN_POINT('',(0.207203336783,15.680877619017));
#8177 = CARTESIAN_POINT('',(0.137574438686,15.684358232869));
#8178 = CARTESIAN_POINT('',(6.845123384093E-02,15.687806885866));
#8179 = CARTESIAN_POINT('',(2.274733566158E-02,15.69007322215));
#8180 = CARTESIAN_POINT('',(0.,15.69119518898));
#8181 = ( GEOMETRIC_REPRESENTATION_CONTEXT(2)
PARAMETRIC_REPRESENTATION_CONTEXT() REPRESENTATION_CONTEXT('2D SPACE',''
  ) );
#8182 = ORIENTED_EDGE('',*,*,#8183,.F.);
#8183 = EDGE_CURVE('',#3837,#8130,#8184,.T.);
#8184 = SURFACE_CURVE('',#8185,(#8189,#8195),.PCURVE_S1.);
#8185 = ( BOUNDED_CURVE() B_SPLINE_CURVE(2,(#8186,#8187,#8188),
.UNSPECIFIED.,.F.,.F.) B_SPLINE_CURVE_WITH_KNOTS((3,3),(0.,
1.390552844712),.PIECEWISE_BEZIER_KNOTS.) CURVE()
GEOMETRIC_REPRESENTATION_ITEM() RATIONAL_B_SPLINE_CURVE((1.,
0.707106781187,1.)) REPRESENTATION_ITEM('') );
#8186 = CARTESIAN_POINT('',(217.21557763758,253.49540273291,
    19.055304761624));
#8187 = CARTESIAN_POINT('',(218.,253.53606414999,19.207055236082));
#8188 = CARTESIAN_POINT('',(218.,254.30880481102,19.));
#8189 = PCURVE('',#3860,#8190);
#8190 = DEFINITIONAL_REPRESENTATION('',(#8191),#8194);
#8191 = B_SPLINE_CURVE_WITH_KNOTS('',1,(#8192,#8193),.UNSPECIFIED.,.F.,
  .F.,(2,2),(0.,1.390552844712),.PIECEWISE_BEZIER_KNOTS.);
#8192 = CARTESIAN_POINT('',(0.,493.88880447591));
#8193 = CARTESIAN_POINT('',(1.390552844712,493.88880447591));
#8194 = ( GEOMETRIC_REPRESENTATION_CONTEXT(2)
PARAMETRIC_REPRESENTATION_CONTEXT() REPRESENTATION_CONTEXT('2D SPACE',''
  ) );
#8195 = PCURVE('',#3907,#8196);
#8196 = DEFINITIONAL_REPRESENTATION('',(#8197),#8200);
#8197 = B_SPLINE_CURVE_WITH_KNOTS('',1,(#8198,#8199),.UNSPECIFIED.,.F.,
  .F.,(2,2),(0.,1.390552844712),.PIECEWISE_BEZIER_KNOTS.);
#8198 = CARTESIAN_POINT('',(0.,493.88880447591));
#8199 = CARTESIAN_POINT('',(0.208069383712,493.88880447591));
#8200 = ( GEOMETRIC_REPRESENTATION_CONTEXT(2)
PARAMETRIC_REPRESENTATION_CONTEXT() REPRESENTATION_CONTEXT('2D SPACE',''
  ) );
#8201 = ORIENTED_EDGE('',*,*,#3836,.F.);
#8202 = ADVANCED_FACE('',(#8203),#3907,.F.);
#8203 = FACE_BOUND('',#8204,.F.);
#8204 = EDGE_LOOP('',(#8205,#8206,#8231,#8258));
#8205 = ORIENTED_EDGE('',*,*,#8183,.T.);
#8206 = ORIENTED_EDGE('',*,*,#8207,.T.);
#8207 = EDGE_CURVE('',#8130,#8208,#8210,.T.);
#8208 = VERTEX_POINT('',#8209);
#8209 = CARTESIAN_POINT('',(218.,254.25332452773,18.792944763918));
#8210 = SURFACE_CURVE('',#8211,(#8216,#8223),.PCURVE_S1.);
#8211 = B_SPLINE_CURVE_WITH_KNOTS('',3,(#8212,#8213,#8214,#8215),
  .UNSPECIFIED.,.F.,.F.,(4,4),(493.88880447591,494.09687385962),
  .PIECEWISE_BEZIER_KNOTS.);
#8212 = CARTESIAN_POINT('',(218.,254.30880481102,19.));
#8213 = CARTESIAN_POINT('',(218.,254.28983727669,18.92921219816));
#8214 = CARTESIAN_POINT('',(218.,254.27158497538,18.86109368233));
#8215 = CARTESIAN_POINT('',(218.,254.25332452773,18.792944763918));
#8216 = PCURVE('',#3907,#8217);
#8217 = DEFINITIONAL_REPRESENTATION('',(#8218),#8222);
#8218 = LINE('',#8219,#8220);
#8219 = CARTESIAN_POINT('',(0.208069383712,0.));
#8220 = VECTOR('',#8221,1.);
#8221 = DIRECTION('',(0.,1.));
#8222 = ( GEOMETRIC_REPRESENTATION_CONTEXT(2)
PARAMETRIC_REPRESENTATION_CONTEXT() REPRESENTATION_CONTEXT('2D SPACE',''
  ) );
#8223 = PCURVE('',#5578,#8224);
#8224 = DEFINITIONAL_REPRESENTATION('',(#8225),#8230);
#8225 = B_SPLINE_CURVE_WITH_KNOTS('',3,(#8226,#8227,#8228,#8229),
  .UNSPECIFIED.,.F.,.F.,(4,4),(493.88880447591,494.09687385962),
  .PIECEWISE_BEZIER_KNOTS.);
#8226 = CARTESIAN_POINT('',(19.,-36.30880481102));
#8227 = CARTESIAN_POINT('',(18.92921219816,-36.28983727669));
#8228 = CARTESIAN_POINT('',(18.86109368233,-36.27158497538));
#8229 = CARTESIAN_POINT('',(18.792944763918,-36.25332452773));
#8230 = ( GEOMETRIC_REPRESENTATION_CONTEXT(2)
PARAMETRIC_REPRESENTATION_CONTEXT() REPRESENTATION_CONTEXT('2D SPACE',''
  ) );
#8231 = ORIENTED_EDGE('',*,*,#8232,.F.);
#8232 = EDGE_CURVE('',#3890,#8208,#8233,.T.);
#8233 = SURFACE_CURVE('',#8234,(#8238,#8244),.PCURVE_S1.);
#8234 = ( BOUNDED_CURVE() B_SPLINE_CURVE(2,(#8235,#8236,#8237),
.UNSPECIFIED.,.F.,.F.) B_SPLINE_CURVE_WITH_KNOTS((3,3),(0.,
0.208069383712),.PIECEWISE_BEZIER_KNOTS.) CURVE()
GEOMETRIC_REPRESENTATION_ITEM() RATIONAL_B_SPLINE_CURVE((1.,
0.707106781187,1.)) REPRESENTATION_ITEM('') );
#8235 = CARTESIAN_POINT('',(217.2,253.4805838667,19.));
#8236 = CARTESIAN_POINT('',(218.,253.4805838667,19.));
#8237 = CARTESIAN_POINT('',(218.,254.25332452773,18.792944763918));
#8238 = PCURVE('',#3907,#8239);
#8239 = DEFINITIONAL_REPRESENTATION('',(#8240),#8243);
#8240 = B_SPLINE_CURVE_WITH_KNOTS('',1,(#8241,#8242),.UNSPECIFIED.,.F.,
  .F.,(2,2),(0.,0.208069383712),.PIECEWISE_BEZIER_KNOTS.);
#8241 = CARTESIAN_POINT('',(0.,494.09687385962));
#8242 = CARTESIAN_POINT('',(0.208069383712,494.09687385962));
#8243 = ( GEOMETRIC_REPRESENTATION_CONTEXT(2)
PARAMETRIC_REPRESENTATION_CONTEXT() REPRESENTATION_CONTEXT('2D SPACE',''
  ) );
#8244 = PCURVE('',#3941,#8245);
#8245 = DEFINITIONAL_REPRESENTATION('',(#8246),#8257);
#8246 = B_SPLINE_CURVE_WITH_KNOTS('',9,(#8247,#8248,#8249,#8250,#8251,
    #8252,#8253,#8254,#8255,#8256),.UNSPECIFIED.,.F.,.F.,(10,10),(0.,
    0.208069383712),.PIECEWISE_BEZIER_KNOTS.);
#8247 = CARTESIAN_POINT('',(6.28318530718,0.));
#8248 = CARTESIAN_POINT('',(6.126050466916,0.));
#8249 = CARTESIAN_POINT('',(5.957410594524,0.));
#8250 = CARTESIAN_POINT('',(5.778618907801,0.));
#8251 = CARTESIAN_POINT('',(5.592440465155,0.));
#8252 = CARTESIAN_POINT('',(5.403133841411,0.));
#8253 = CARTESIAN_POINT('',(5.216955354856,0.));
#8254 = CARTESIAN_POINT('',(5.038163701334,0.));
#8255 = CARTESIAN_POINT('',(4.869523820649,0.));
#8256 = CARTESIAN_POINT('',(4.712388980385,0.));
#8257 = ( GEOMETRIC_REPRESENTATION_CONTEXT(2)
PARAMETRIC_REPRESENTATION_CONTEXT() REPRESENTATION_CONTEXT('2D SPACE',''
  ) );
#8258 = ORIENTED_EDGE('',*,*,#3889,.F.);
#8259 = ADVANCED_FACE('',(#8260),#3941,.T.);
#8260 = FACE_BOUND('',#8261,.T.);
#8261 = EDGE_LOOP('',(#8262,#8263,#8285,#8306));
#8262 = ORIENTED_EDGE('',*,*,#3927,.T.);
#8263 = ORIENTED_EDGE('',*,*,#8264,.T.);
#8264 = EDGE_CURVE('',#3681,#8265,#8267,.T.);
#8265 = VERTEX_POINT('',#8266);
#8266 = CARTESIAN_POINT('',(218.,250.25831376799,3.883361631783));
#8267 = SURFACE_CURVE('',#8268,(#8273,#8279),.PCURVE_S1.);
#8268 = CIRCLE('',#8269,0.8);
#8269 = AXIS2_PLACEMENT_3D('',#8270,#8271,#8272);
#8270 = CARTESIAN_POINT('',(217.2,250.25831376799,3.883361631783));
#8271 = DIRECTION('',(-0.,0.258819045103,0.965925826289));
#8272 = DIRECTION('',(0.,-0.965925826289,0.258819045103));
#8273 = PCURVE('',#3941,#8274);
#8274 = DEFINITIONAL_REPRESENTATION('',(#8275),#8278);
#8275 = B_SPLINE_CURVE_WITH_KNOTS('',1,(#8276,#8277),.UNSPECIFIED.,.F.,
  .F.,(2,2),(0.,1.570796326795),.PIECEWISE_BEZIER_KNOTS.);
#8276 = CARTESIAN_POINT('',(6.28318530718,15.435536276543));
#8277 = CARTESIAN_POINT('',(4.712388980385,15.435536276543));
#8278 = ( GEOMETRIC_REPRESENTATION_CONTEXT(2)
PARAMETRIC_REPRESENTATION_CONTEXT() REPRESENTATION_CONTEXT('2D SPACE',''
  ) );
#8279 = PCURVE('',#3973,#8280);
#8280 = DEFINITIONAL_REPRESENTATION('',(#8281),#8284);
#8281 = B_SPLINE_CURVE_WITH_KNOTS('',1,(#8282,#8283),.UNSPECIFIED.,.F.,
  .F.,(2,2),(0.,1.570796326795),.PIECEWISE_BEZIER_KNOTS.);
#8282 = CARTESIAN_POINT('',(0.,3.14159265359));
#8283 = CARTESIAN_POINT('',(0.,4.712388980385));
#8284 = ( GEOMETRIC_REPRESENTATION_CONTEXT(2)
PARAMETRIC_REPRESENTATION_CONTEXT() REPRESENTATION_CONTEXT('2D SPACE',''
  ) );
#8285 = ORIENTED_EDGE('',*,*,#8286,.F.);
#8286 = EDGE_CURVE('',#8208,#8265,#8287,.T.);
#8287 = SURFACE_CURVE('',#8288,(#8292,#8299),.PCURVE_S1.);
#8288 = LINE('',#8289,#8290);
#8289 = CARTESIAN_POINT('',(218.,254.25332452773,18.792944763918));
#8290 = VECTOR('',#8291,1.);
#8291 = DIRECTION('',(0.,-0.258819045103,-0.965925826289));
#8292 = PCURVE('',#3941,#8293);
#8293 = DEFINITIONAL_REPRESENTATION('',(#8294),#8298);
#8294 = LINE('',#8295,#8296);
#8295 = CARTESIAN_POINT('',(4.712388980385,0.));
#8296 = VECTOR('',#8297,1.);
#8297 = DIRECTION('',(-0.,1.));
#8298 = ( GEOMETRIC_REPRESENTATION_CONTEXT(2)
PARAMETRIC_REPRESENTATION_CONTEXT() REPRESENTATION_CONTEXT('2D SPACE',''
  ) );
#8299 = PCURVE('',#5578,#8300);
#8300 = DEFINITIONAL_REPRESENTATION('',(#8301),#8305);
#8301 = LINE('',#8302,#8303);
#8302 = CARTESIAN_POINT('',(18.792944763918,-36.25332452773));
#8303 = VECTOR('',#8304,1.);
#8304 = DIRECTION('',(-0.965925826289,0.258819045103));
#8305 = ( GEOMETRIC_REPRESENTATION_CONTEXT(2)
PARAMETRIC_REPRESENTATION_CONTEXT() REPRESENTATION_CONTEXT('2D SPACE',''
  ) );
#8306 = ORIENTED_EDGE('',*,*,#8232,.F.);
#8307 = ADVANCED_FACE('',(#8308),#3973,.T.);
#8308 = FACE_BOUND('',#8309,.T.);
#8309 = EDGE_LOOP('',(#8310,#8311,#8312,#8334));
#8310 = ORIENTED_EDGE('',*,*,#8264,.F.);
#8311 = ORIENTED_EDGE('',*,*,#3956,.T.);
#8312 = ORIENTED_EDGE('',*,*,#8313,.T.);
#8313 = EDGE_CURVE('',#3957,#8314,#8316,.T.);
#8314 = VERTEX_POINT('',#8315);
#8315 = CARTESIAN_POINT('',(218.,248.29872197376,2.751990781884));
#8316 = SURFACE_CURVE('',#8317,(#8322,#8328),.PCURVE_S1.);
#8317 = CIRCLE('',#8318,0.8);
#8318 = AXIS2_PLACEMENT_3D('',#8319,#8320,#8321);
#8319 = CARTESIAN_POINT('',(217.2,248.29872197376,2.751990781884));
#8320 = DIRECTION('',(-0.,0.965925826289,-0.258819045103));
#8321 = DIRECTION('',(0.,-0.258819045103,-0.965925826289));
#8322 = PCURVE('',#3973,#8323);
#8323 = DEFINITIONAL_REPRESENTATION('',(#8324),#8327);
#8324 = B_SPLINE_CURVE_WITH_KNOTS('',1,(#8325,#8326),.UNSPECIFIED.,.F.,
  .F.,(2,2),(3.14159265359,4.712388980385),.PIECEWISE_BEZIER_KNOTS.);
#8325 = CARTESIAN_POINT('',(1.570796326795,3.14159265359));
#8326 = CARTESIAN_POINT('',(1.570796326795,4.712388980385));
#8327 = ( GEOMETRIC_REPRESENTATION_CONTEXT(2)
PARAMETRIC_REPRESENTATION_CONTEXT() REPRESENTATION_CONTEXT('2D SPACE',''
  ) );
#8328 = PCURVE('',#4050,#8329);
#8329 = DEFINITIONAL_REPRESENTATION('',(#8330),#8333);
#8330 = B_SPLINE_CURVE_WITH_KNOTS('',1,(#8331,#8332),.UNSPECIFIED.,.F.,
  .F.,(2,2),(3.14159265359,4.712388980385),.PIECEWISE_BEZIER_KNOTS.);
#8331 = CARTESIAN_POINT('',(6.28318530718,0.));
#8332 = CARTESIAN_POINT('',(4.712388980385,0.));
#8333 = ( GEOMETRIC_REPRESENTATION_CONTEXT(2)
PARAMETRIC_REPRESENTATION_CONTEXT() REPRESENTATION_CONTEXT('2D SPACE',''
  ) );
#8334 = ORIENTED_EDGE('',*,*,#8335,.F.);
#8335 = EDGE_CURVE('',#8265,#8314,#8336,.T.);
#8336 = SURFACE_CURVE('',#8337,(#8342,#8349),.PCURVE_S1.);
#8337 = CIRCLE('',#8338,1.6);
#8338 = AXIS2_PLACEMENT_3D('',#8339,#8340,#8341);
#8339 = CARTESIAN_POINT('',(218.,248.71283244593,4.297472103947));
#8340 = DIRECTION('',(-1.,-0.,0.));
#8341 = DIRECTION('',(-0.,0.965925826289,-0.258819045103));
#8342 = PCURVE('',#3973,#8343);
#8343 = DEFINITIONAL_REPRESENTATION('',(#8344),#8348);
#8344 = LINE('',#8345,#8346);
#8345 = CARTESIAN_POINT('',(0.,4.712388980385));
#8346 = VECTOR('',#8347,1.);
#8347 = DIRECTION('',(1.,0.));
#8348 = ( GEOMETRIC_REPRESENTATION_CONTEXT(2)
PARAMETRIC_REPRESENTATION_CONTEXT() REPRESENTATION_CONTEXT('2D SPACE',''
  ) );
#8349 = PCURVE('',#5578,#8350);
#8350 = DEFINITIONAL_REPRESENTATION('',(#8351),#8359);
#8351 = ( BOUNDED_CURVE() B_SPLINE_CURVE(2,(#8352,#8353,#8354,#8355,
#8356,#8357,#8358),.UNSPECIFIED.,.T.,.F.) B_SPLINE_CURVE_WITH_KNOTS((1,2
    ,2,2,2,1),(-2.094395102393,0.,2.094395102393,4.188790204786,
6.28318530718,8.377580409573),.UNSPECIFIED.) CURVE()
GEOMETRIC_REPRESENTATION_ITEM() RATIONAL_B_SPLINE_CURVE((1.,0.5,1.,0.5,
1.,0.5,1.)) REPRESENTATION_ITEM('') );
#8352 = CARTESIAN_POINT('',(3.883361631782,-32.25831376799));
#8353 = CARTESIAN_POINT('',(1.206509459822,-31.54105339025));
#8354 = CARTESIAN_POINT('',(3.166101254049,-29.58146159603));
#8355 = CARTESIAN_POINT('',(5.125693048277,-27.6218698018));
#8356 = CARTESIAN_POINT('',(5.84295342601,-30.29872197376));
#8357 = CARTESIAN_POINT('',(6.560213803743,-32.97557414572));
#8358 = CARTESIAN_POINT('',(3.883361631782,-32.25831376799));
#8359 = ( GEOMETRIC_REPRESENTATION_CONTEXT(2)
PARAMETRIC_REPRESENTATION_CONTEXT() REPRESENTATION_CONTEXT('2D SPACE',''
  ) );
#8360 = ADVANCED_FACE('',(#8361),#4050,.T.);
#8361 = FACE_BOUND('',#8362,.T.);
#8362 = EDGE_LOOP('',(#8363,#8364,#8386,#8407));
#8363 = ORIENTED_EDGE('',*,*,#4036,.T.);
#8364 = ORIENTED_EDGE('',*,*,#8365,.T.);
#8365 = EDGE_CURVE('',#4014,#8366,#8368,.T.);
#8366 = VERTEX_POINT('',#8367);
#8367 = CARTESIAN_POINT('',(218.,237.28716755407,5.702527896053));
#8368 = SURFACE_CURVE('',#8369,(#8374,#8380),.PCURVE_S1.);
#8369 = CIRCLE('',#8370,0.8);
#8370 = AXIS2_PLACEMENT_3D('',#8371,#8372,#8373);
#8371 = CARTESIAN_POINT('',(217.2,237.28716755407,5.702527896053));
#8372 = DIRECTION('',(-0.,0.965925826289,-0.258819045103));
#8373 = DIRECTION('',(0.,0.258819045103,0.965925826289));
#8374 = PCURVE('',#4050,#8375);
#8375 = DEFINITIONAL_REPRESENTATION('',(#8376),#8379);
#8376 = B_SPLINE_CURVE_WITH_KNOTS('',1,(#8377,#8378),.UNSPECIFIED.,.F.,
  .F.,(2,2),(0.,1.570796326795),.PIECEWISE_BEZIER_KNOTS.);
#8377 = CARTESIAN_POINT('',(6.28318530718,11.4));
#8378 = CARTESIAN_POINT('',(4.712388980385,11.4));
#8379 = ( GEOMETRIC_REPRESENTATION_CONTEXT(2)
PARAMETRIC_REPRESENTATION_CONTEXT() REPRESENTATION_CONTEXT('2D SPACE',''
  ) );
#8380 = PCURVE('',#4105,#8381);
#8381 = DEFINITIONAL_REPRESENTATION('',(#8382),#8385);
#8382 = B_SPLINE_CURVE_WITH_KNOTS('',1,(#8383,#8384),.UNSPECIFIED.,.F.,
  .F.,(2,2),(0.,1.570796326795),.PIECEWISE_BEZIER_KNOTS.);
#8383 = CARTESIAN_POINT('',(-3.552713678801E-14,3.14159265359));
#8384 = CARTESIAN_POINT('',(-3.552713678801E-14,4.712388980385));
#8385 = ( GEOMETRIC_REPRESENTATION_CONTEXT(2)
PARAMETRIC_REPRESENTATION_CONTEXT() REPRESENTATION_CONTEXT('2D SPACE',''
  ) );
#8386 = ORIENTED_EDGE('',*,*,#8387,.F.);
#8387 = EDGE_CURVE('',#8314,#8366,#8388,.T.);
#8388 = SURFACE_CURVE('',#8389,(#8393,#8400),.PCURVE_S1.);
#8389 = LINE('',#8390,#8391);
#8390 = CARTESIAN_POINT('',(218.,248.29872197376,2.751990781884));
#8391 = VECTOR('',#8392,1.);
#8392 = DIRECTION('',(0.,-0.965925826289,0.258819045103));
#8393 = PCURVE('',#4050,#8394);
#8394 = DEFINITIONAL_REPRESENTATION('',(#8395),#8399);
#8395 = LINE('',#8396,#8397);
#8396 = CARTESIAN_POINT('',(4.712388980385,0.));
#8397 = VECTOR('',#8398,1.);
#8398 = DIRECTION('',(-0.,1.));
#8399 = ( GEOMETRIC_REPRESENTATION_CONTEXT(2)
PARAMETRIC_REPRESENTATION_CONTEXT() REPRESENTATION_CONTEXT('2D SPACE',''
  ) );
#8400 = PCURVE('',#5578,#8401);
#8401 = DEFINITIONAL_REPRESENTATION('',(#8402),#8406);
#8402 = LINE('',#8403,#8404);
#8403 = CARTESIAN_POINT('',(2.751990781884,-30.29872197376));
#8404 = VECTOR('',#8405,1.);
#8405 = DIRECTION('',(0.258819045103,0.965925826289));
#8406 = ( GEOMETRIC_REPRESENTATION_CONTEXT(2)
PARAMETRIC_REPRESENTATION_CONTEXT() REPRESENTATION_CONTEXT('2D SPACE',''
  ) );
#8407 = ORIENTED_EDGE('',*,*,#8313,.F.);
#8408 = ADVANCED_FACE('',(#8409),#4105,.T.);
#8409 = FACE_BOUND('',#8410,.T.);
#8410 = EDGE_LOOP('',(#8411,#8412,#8413,#8435));
#8411 = ORIENTED_EDGE('',*,*,#8365,.F.);
#8412 = ORIENTED_EDGE('',*,*,#4090,.T.);
#8413 = ORIENTED_EDGE('',*,*,#8414,.T.);
#8414 = EDGE_CURVE('',#4066,#8415,#8417,.T.);
#8415 = VERTEX_POINT('',#8416);
#8416 = CARTESIAN_POINT('',(218.,236.15579670417,7.66211969028));
#8417 = SURFACE_CURVE('',#8418,(#8423,#8429),.PCURVE_S1.);
#8418 = CIRCLE('',#8419,0.8);
#8419 = AXIS2_PLACEMENT_3D('',#8420,#8421,#8422);
#8420 = CARTESIAN_POINT('',(217.2,236.15579670417,7.66211969028));
#8421 = DIRECTION('',(0.,-0.258819045102,-0.965925826289));
#8422 = DIRECTION('',(0.,-0.965925826289,0.258819045102));
#8423 = PCURVE('',#4105,#8424);
#8424 = DEFINITIONAL_REPRESENTATION('',(#8425),#8428);
#8425 = B_SPLINE_CURVE_WITH_KNOTS('',1,(#8426,#8427),.UNSPECIFIED.,.F.,
  .F.,(2,2),(3.14159265359,4.712388980385),.PIECEWISE_BEZIER_KNOTS.);
#8426 = CARTESIAN_POINT('',(1.570796326795,3.14159265359));
#8427 = CARTESIAN_POINT('',(1.570796326795,4.712388980385));
#8428 = ( GEOMETRIC_REPRESENTATION_CONTEXT(2)
PARAMETRIC_REPRESENTATION_CONTEXT() REPRESENTATION_CONTEXT('2D SPACE',''
  ) );
#8429 = PCURVE('',#4355,#8430);
#8430 = DEFINITIONAL_REPRESENTATION('',(#8431),#8434);
#8431 = B_SPLINE_CURVE_WITH_KNOTS('',1,(#8432,#8433),.UNSPECIFIED.,.F.,
  .F.,(2,2),(3.14159265359,4.712388980385),.PIECEWISE_BEZIER_KNOTS.);
#8432 = CARTESIAN_POINT('',(6.28318530718,8.881784197001E-15));
#8433 = CARTESIAN_POINT('',(4.712388980385,8.881784197001E-15));
#8434 = ( GEOMETRIC_REPRESENTATION_CONTEXT(2)
PARAMETRIC_REPRESENTATION_CONTEXT() REPRESENTATION_CONTEXT('2D SPACE',''
  ) );
#8435 = ORIENTED_EDGE('',*,*,#8436,.F.);
#8436 = EDGE_CURVE('',#8366,#8415,#8437,.T.);
#8437 = SURFACE_CURVE('',#8438,(#8443,#8450),.PCURVE_S1.);
#8438 = CIRCLE('',#8439,1.6);
#8439 = AXIS2_PLACEMENT_3D('',#8440,#8441,#8442);
#8440 = CARTESIAN_POINT('',(218.,237.70127802623,7.248009218116));
#8441 = DIRECTION('',(-1.,-0.,0.));
#8442 = DIRECTION('',(0.,-0.258819045103,-0.965925826289));
#8443 = PCURVE('',#4105,#8444);
#8444 = DEFINITIONAL_REPRESENTATION('',(#8445),#8449);
#8445 = LINE('',#8446,#8447);
#8446 = CARTESIAN_POINT('',(0.,4.712388980385));
#8447 = VECTOR('',#8448,1.);
#8448 = DIRECTION('',(1.,0.));
#8449 = ( GEOMETRIC_REPRESENTATION_CONTEXT(2)
PARAMETRIC_REPRESENTATION_CONTEXT() REPRESENTATION_CONTEXT('2D SPACE',''
  ) );
#8450 = PCURVE('',#5578,#8451);
#8451 = DEFINITIONAL_REPRESENTATION('',(#8452),#8460);
#8452 = ( BOUNDED_CURVE() B_SPLINE_CURVE(2,(#8453,#8454,#8455,#8456,
#8457,#8458,#8459),.UNSPECIFIED.,.T.,.F.) B_SPLINE_CURVE_WITH_KNOTS((1,2
    ,2,2,2,1),(-2.094395102393,0.,2.094395102393,4.188790204786,
6.28318530718,8.377580409573),.UNSPECIFIED.) CURVE()
GEOMETRIC_REPRESENTATION_ITEM() RATIONAL_B_SPLINE_CURVE((1.,0.5,1.,0.5,
1.,0.5,1.)) REPRESENTATION_ITEM('') );
#8453 = CARTESIAN_POINT('',(5.702527896054,-19.28716755406));
#8454 = CARTESIAN_POINT('',(6.419788273789,-16.6103153821));
#8455 = CARTESIAN_POINT('',(8.379380068015,-18.56990717633));
#8456 = CARTESIAN_POINT('',(10.338971862241,-20.52949897056));
#8457 = CARTESIAN_POINT('',(7.662119690279,-21.24675934829));
#8458 = CARTESIAN_POINT('',(4.985267518318,-21.96401972602));
#8459 = CARTESIAN_POINT('',(5.702527896054,-19.28716755406));
#8460 = ( GEOMETRIC_REPRESENTATION_CONTEXT(2)
PARAMETRIC_REPRESENTATION_CONTEXT() REPRESENTATION_CONTEXT('2D SPACE',''
  ) );
#8461 = ADVANCED_FACE('',(#8462),#4179,.T.);
#8462 = FACE_BOUND('',#8463,.T.);
#8463 = EDGE_LOOP('',(#8464,#8465,#8466,#8467));
#8464 = ORIENTED_EDGE('',*,*,#4163,.T.);
#8465 = ORIENTED_EDGE('',*,*,#4370,.T.);
#8466 = ORIENTED_EDGE('',*,*,#4456,.F.);
#8467 = ORIENTED_EDGE('',*,*,#8468,.F.);
#8468 = EDGE_CURVE('',#4164,#4457,#8469,.T.);
#8469 = SURFACE_CURVE('',#8470,(#8475,#8481),.PCURVE_S1.);
#8470 = CIRCLE('',#8471,0.8);
#8471 = AXIS2_PLACEMENT_3D('',#8472,#8473,#8474);
#8472 = CARTESIAN_POINT('',(217.,239.24736241552,19.2));
#8473 = DIRECTION('',(1.,-0.,0.));
#8474 = DIRECTION('',(0.,0.965925826289,-0.258819045103));
#8475 = PCURVE('',#4179,#8476);
#8476 = DEFINITIONAL_REPRESENTATION('',(#8477),#8480);
#8477 = B_SPLINE_CURVE_WITH_KNOTS('',1,(#8478,#8479),.UNSPECIFIED.,.F.,
  .F.,(2,2),(0.,1.832595714594),.PIECEWISE_BEZIER_KNOTS.);
#8478 = CARTESIAN_POINT('',(6.28318530718,0.));
#8479 = CARTESIAN_POINT('',(4.450589592586,0.));
#8480 = ( GEOMETRIC_REPRESENTATION_CONTEXT(2)
PARAMETRIC_REPRESENTATION_CONTEXT() REPRESENTATION_CONTEXT('2D SPACE',''
  ) );
#8481 = PCURVE('',#4225,#8482);
#8482 = DEFINITIONAL_REPRESENTATION('',(#8483),#8486);
#8483 = B_SPLINE_CURVE_WITH_KNOTS('',1,(#8484,#8485),.UNSPECIFIED.,.F.,
  .F.,(2,2),(0.,1.832595714594),.PIECEWISE_BEZIER_KNOTS.);
#8484 = CARTESIAN_POINT('',(1.,0.));
#8485 = CARTESIAN_POINT('',(1.,1.));
#8486 = ( GEOMETRIC_REPRESENTATION_CONTEXT(2)
PARAMETRIC_REPRESENTATION_CONTEXT() REPRESENTATION_CONTEXT('2D SPACE',''
  ) );
#8487 = ADVANCED_FACE('',(#8488),#4225,.T.);
#8488 = FACE_BOUND('',#8489,.T.);
#8489 = EDGE_LOOP('',(#8490,#8512,#8513,#8514));
#8490 = ORIENTED_EDGE('',*,*,#8491,.F.);
#8491 = EDGE_CURVE('',#4192,#8492,#8494,.T.);
#8492 = VERTEX_POINT('',#8493);
#8493 = CARTESIAN_POINT('',(218.,239.19377257704,19.));
#8494 = SURFACE_CURVE('',#8495,(#8500,#8506),.PCURVE_S1.);
#8495 = CIRCLE('',#8496,0.8);
#8496 = AXIS2_PLACEMENT_3D('',#8497,#8498,#8499);
#8497 = CARTESIAN_POINT('',(217.2,239.19377257704,19.));
#8498 = DIRECTION('',(0.,-0.258819045103,-0.965925826289));
#8499 = DIRECTION('',(0.,0.965925826289,-0.258819045103));
#8500 = PCURVE('',#4225,#8501);
#8501 = DEFINITIONAL_REPRESENTATION('',(#8502),#8505);
#8502 = B_SPLINE_CURVE_WITH_KNOTS('',1,(#8503,#8504),.UNSPECIFIED.,.F.,
  .F.,(2,2),(0.,1.570796326795),.PIECEWISE_BEZIER_KNOTS.);
#8503 = CARTESIAN_POINT('',(0.,0.));
#8504 = CARTESIAN_POINT('',(0.,1.));
#8505 = ( GEOMETRIC_REPRESENTATION_CONTEXT(2)
PARAMETRIC_REPRESENTATION_CONTEXT() REPRESENTATION_CONTEXT('2D SPACE',''
  ) );
#8506 = PCURVE('',#4355,#8507);
#8507 = DEFINITIONAL_REPRESENTATION('',(#8508),#8511);
#8508 = B_SPLINE_CURVE_WITH_KNOTS('',1,(#8509,#8510),.UNSPECIFIED.,.F.,
  .F.,(2,2),(0.,1.570796326795),.PIECEWISE_BEZIER_KNOTS.);
#8509 = CARTESIAN_POINT('',(6.28318530718,11.737837420994));
#8510 = CARTESIAN_POINT('',(4.712388980385,11.737837420994));
#8511 = ( GEOMETRIC_REPRESENTATION_CONTEXT(2)
PARAMETRIC_REPRESENTATION_CONTEXT() REPRESENTATION_CONTEXT('2D SPACE',''
  ) );
#8512 = ORIENTED_EDGE('',*,*,#4191,.T.);
#8513 = ORIENTED_EDGE('',*,*,#8468,.T.);
#8514 = ORIENTED_EDGE('',*,*,#8515,.F.);
#8515 = EDGE_CURVE('',#8492,#4457,#8516,.T.);
#8516 = SURFACE_CURVE('',#8517,(#8530,#8537),.PCURVE_S1.);
#8517 = B_SPLINE_CURVE_WITH_KNOTS('',11,(#8518,#8519,#8520,#8521,#8522,
    #8523,#8524,#8525,#8526,#8527,#8528,#8529),.UNSPECIFIED.,.F.,.F.,(12
    ,12),(0.,1.),.PIECEWISE_BEZIER_KNOTS.);
#8518 = CARTESIAN_POINT('',(218.,239.19377257704,19.));
#8519 = CARTESIAN_POINT('',(218.,239.20141920401,19.142688001733));
#8520 = CARTESIAN_POINT('',(217.97761577812,239.2101481929,
    19.285157417879));
#8521 = CARTESIAN_POINT('',(217.9327786896,239.20487288846,
    19.425421906381));
#8522 = CARTESIAN_POINT('',(217.86611369684,239.23752082723,
    19.553464871489));
#8523 = CARTESIAN_POINT('',(217.77999682282,239.20524848709,
    19.67700655475));
#8524 = CARTESIAN_POINT('',(217.67492349163,239.24837935577,
    19.777537884229));
#8525 = CARTESIAN_POINT('',(217.55598823656,239.22715971685,
    19.867118302091));
#8526 = CARTESIAN_POINT('',(217.42451147494,239.24472927217,
    19.932241926943));
#8527 = CARTESIAN_POINT('',(217.2858685498,239.24490460105,
    19.977608186435));
#8528 = CARTESIAN_POINT('',(217.14286499392,239.24736241553,20.));
#8529 = CARTESIAN_POINT('',(217.,239.24736241552,20.));
#8530 = PCURVE('',#4225,#8531);
#8531 = DEFINITIONAL_REPRESENTATION('',(#8532),#8536);
#8532 = LINE('',#8533,#8534);
#8533 = CARTESIAN_POINT('',(0.,1.));
#8534 = VECTOR('',#8535,1.);
#8535 = DIRECTION('',(1.,0.));
#8536 = ( GEOMETRIC_REPRESENTATION_CONTEXT(2)
PARAMETRIC_REPRESENTATION_CONTEXT() REPRESENTATION_CONTEXT('2D SPACE',''
  ) );
#8537 = PCURVE('',#4658,#8538);
#8538 = DEFINITIONAL_REPRESENTATION('',(#8539),#8552);
#8539 = B_SPLINE_CURVE_WITH_KNOTS('',11,(#8540,#8541,#8542,#8543,#8544,
    #8545,#8546,#8547,#8548,#8549,#8550,#8551),.UNSPECIFIED.,.F.,.F.,(12
    ,12),(0.,1.),.PIECEWISE_BEZIER_KNOTS.);
#8540 = CARTESIAN_POINT('',(-2.775557561563E-14,30.806227422958));
#8541 = CARTESIAN_POINT('',(0.142688001732,30.798580795989));
#8542 = CARTESIAN_POINT('',(0.285179196601,30.789850027684));
#8543 = CARTESIAN_POINT('',(0.429198142515,30.795136085625));
#8544 = CARTESIAN_POINT('',(0.569469637413,30.762456627434));
#8545 = CARTESIAN_POINT('',(0.715345335009,30.794786667541));
#8546 = CARTESIAN_POINT('',(0.855369333653,30.751584542391));
#8547 = CARTESIAN_POINT('',(0.999902056854,30.77286461894));
#8548 = CARTESIAN_POINT('',(1.142103926806,30.755260660215));
#8549 = CARTESIAN_POINT('',(1.284969651153,30.755097428277));
#8550 = CARTESIAN_POINT('',(1.427931332874,30.75263758447));
#8551 = CARTESIAN_POINT('',(1.570796326795,30.752637584472));
#8552 = ( GEOMETRIC_REPRESENTATION_CONTEXT(2)
PARAMETRIC_REPRESENTATION_CONTEXT() REPRESENTATION_CONTEXT('2D SPACE',''
  ) );
#8553 = ADVANCED_FACE('',(#8554),#4355,.T.);
#8554 = FACE_BOUND('',#8555,.T.);
#8555 = EDGE_LOOP('',(#8556,#8557,#8558,#8579));
#8556 = ORIENTED_EDGE('',*,*,#4341,.T.);
#8557 = ORIENTED_EDGE('',*,*,#8491,.T.);
#8558 = ORIENTED_EDGE('',*,*,#8559,.F.);
#8559 = EDGE_CURVE('',#8415,#8492,#8560,.T.);
#8560 = SURFACE_CURVE('',#8561,(#8565,#8572),.PCURVE_S1.);
#8561 = LINE('',#8562,#8563);
#8562 = CARTESIAN_POINT('',(218.,236.15579670417,7.66211969028));
#8563 = VECTOR('',#8564,1.);
#8564 = DIRECTION('',(-0.,0.258819045103,0.965925826289));
#8565 = PCURVE('',#4355,#8566);
#8566 = DEFINITIONAL_REPRESENTATION('',(#8567),#8571);
#8567 = LINE('',#8568,#8569);
#8568 = CARTESIAN_POINT('',(4.712388980385,0.));
#8569 = VECTOR('',#8570,1.);
#8570 = DIRECTION('',(-0.,1.));
#8571 = ( GEOMETRIC_REPRESENTATION_CONTEXT(2)
PARAMETRIC_REPRESENTATION_CONTEXT() REPRESENTATION_CONTEXT('2D SPACE',''
  ) );
#8572 = PCURVE('',#5578,#8573);
#8573 = DEFINITIONAL_REPRESENTATION('',(#8574),#8578);
#8574 = LINE('',#8575,#8576);
#8575 = CARTESIAN_POINT('',(7.66211969028,-18.15579670417));
#8576 = VECTOR('',#8577,1.);
#8577 = DIRECTION('',(0.965925826289,-0.258819045103));
#8578 = ( GEOMETRIC_REPRESENTATION_CONTEXT(2)
PARAMETRIC_REPRESENTATION_CONTEXT() REPRESENTATION_CONTEXT('2D SPACE',''
  ) );
#8579 = ORIENTED_EDGE('',*,*,#8414,.F.);
#8580 = ADVANCED_FACE('',(#8581),#4441,.T.);
#8581 = FACE_BOUND('',#8582,.T.);
#8582 = EDGE_LOOP('',(#8583,#8584,#8610,#8611));
#8583 = ORIENTED_EDGE('',*,*,#4974,.F.);
#8584 = ORIENTED_EDGE('',*,*,#8585,.T.);
#8585 = EDGE_CURVE('',#4975,#4482,#8586,.T.);
#8586 = SURFACE_CURVE('',#8587,(#8592,#8599),.PCURVE_S1.);
#8587 = CIRCLE('',#8588,1.);
#8588 = AXIS2_PLACEMENT_3D('',#8589,#8590,#8591);
#8589 = CARTESIAN_POINT('',(2.,219.,19.));
#8590 = DIRECTION('',(-1.,0.,0.));
#8591 = DIRECTION('',(0.,-1.,0.));
#8592 = PCURVE('',#4441,#8593);
#8593 = DEFINITIONAL_REPRESENTATION('',(#8594),#8598);
#8594 = LINE('',#8595,#8596);
#8595 = CARTESIAN_POINT('',(0.,208.));
#8596 = VECTOR('',#8597,1.);
#8597 = DIRECTION('',(1.,0.));
#8598 = ( GEOMETRIC_REPRESENTATION_CONTEXT(2)
PARAMETRIC_REPRESENTATION_CONTEXT() REPRESENTATION_CONTEXT('2D SPACE',''
  ) );
#8599 = PCURVE('',#4520,#8600);
#8600 = DEFINITIONAL_REPRESENTATION('',(#8601),#8609);
#8601 = ( BOUNDED_CURVE() B_SPLINE_CURVE(2,(#8602,#8603,#8604,#8605,
#8606,#8607,#8608),.UNSPECIFIED.,.T.,.F.) B_SPLINE_CURVE_WITH_KNOTS((1,2
    ,2,2,2,1),(-2.094395102393,0.,2.094395102393,4.188790204786,
6.28318530718,8.377580409573),.UNSPECIFIED.) CURVE()
GEOMETRIC_REPRESENTATION_ITEM() RATIONAL_B_SPLINE_CURVE((1.,0.5,1.,0.5,
1.,0.5,1.)) REPRESENTATION_ITEM('') );
#8602 = CARTESIAN_POINT('',(19.,0.));
#8603 = CARTESIAN_POINT('',(20.732050807569,0.));
#8604 = CARTESIAN_POINT('',(19.866025403784,-1.5));
#8605 = CARTESIAN_POINT('',(19.,-3.));
#8606 = CARTESIAN_POINT('',(18.133974596216,-1.5));
#8607 = CARTESIAN_POINT('',(17.267949192431,-1.554312234475E-15));
#8608 = CARTESIAN_POINT('',(19.,0.));
#8609 = ( GEOMETRIC_REPRESENTATION_CONTEXT(2)
PARAMETRIC_REPRESENTATION_CONTEXT() REPRESENTATION_CONTEXT('2D SPACE',''
  ) );
#8610 = ORIENTED_EDGE('',*,*,#4481,.T.);
#8611 = ORIENTED_EDGE('',*,*,#4426,.F.);
#8612 = ADVANCED_FACE('',(#8613),#4520,.F.);
#8613 = FACE_BOUND('',#8614,.F.);
#8614 = EDGE_LOOP('',(#8615,#8616,#8617));
#8615 = ORIENTED_EDGE('',*,*,#4997,.F.);
#8616 = ORIENTED_EDGE('',*,*,#8585,.T.);
#8617 = ORIENTED_EDGE('',*,*,#4504,.F.);
#8618 = ADVANCED_FACE('',(#8619),#4571,.T.);
#8619 = FACE_BOUND('',#8620,.T.);
#8620 = EDGE_LOOP('',(#8621,#8622,#8648));
#8621 = ORIENTED_EDGE('',*,*,#5019,.F.);
#8622 = ORIENTED_EDGE('',*,*,#8623,.T.);
#8623 = EDGE_CURVE('',#5020,#4556,#8624,.T.);
#8624 = SURFACE_CURVE('',#8625,(#8630,#8641),.PCURVE_S1.);
#8625 = CIRCLE('',#8626,1.);
#8626 = AXIS2_PLACEMENT_3D('',#8627,#8628,#8629);
#8627 = CARTESIAN_POINT('',(208.,219.,19.));
#8628 = DIRECTION('',(-1.,0.,0.));
#8629 = DIRECTION('',(0.,-1.,0.));
#8630 = PCURVE('',#4571,#8631);
#8631 = DEFINITIONAL_REPRESENTATION('',(#8632),#8640);
#8632 = ( BOUNDED_CURVE() B_SPLINE_CURVE(2,(#8633,#8634,#8635,#8636,
#8637,#8638,#8639),.UNSPECIFIED.,.T.,.F.) B_SPLINE_CURVE_WITH_KNOTS((1,2
    ,2,2,2,1),(-2.094395102393,0.,2.094395102393,4.188790204786,
6.28318530718,8.377580409573),.UNSPECIFIED.) CURVE()
GEOMETRIC_REPRESENTATION_ITEM() RATIONAL_B_SPLINE_CURVE((1.,0.5,1.,0.5,
1.,0.5,1.)) REPRESENTATION_ITEM('') );
#8633 = CARTESIAN_POINT('',(19.,0.));
#8634 = CARTESIAN_POINT('',(20.732050807569,0.));
#8635 = CARTESIAN_POINT('',(19.866025403784,-1.5));
#8636 = CARTESIAN_POINT('',(19.,-3.));
#8637 = CARTESIAN_POINT('',(18.133974596216,-1.5));
#8638 = CARTESIAN_POINT('',(17.267949192431,-1.554312234475E-15));
#8639 = CARTESIAN_POINT('',(19.,0.));
#8640 = ( GEOMETRIC_REPRESENTATION_CONTEXT(2)
PARAMETRIC_REPRESENTATION_CONTEXT() REPRESENTATION_CONTEXT('2D SPACE',''
  ) );
#8641 = PCURVE('',#4599,#8642);
#8642 = DEFINITIONAL_REPRESENTATION('',(#8643),#8647);
#8643 = LINE('',#8644,#8645);
#8644 = CARTESIAN_POINT('',(0.,2.));
#8645 = VECTOR('',#8646,1.);
#8646 = DIRECTION('',(1.,0.));
#8647 = ( GEOMETRIC_REPRESENTATION_CONTEXT(2)
PARAMETRIC_REPRESENTATION_CONTEXT() REPRESENTATION_CONTEXT('2D SPACE',''
  ) );
#8648 = ORIENTED_EDGE('',*,*,#4555,.F.);
#8649 = ADVANCED_FACE('',(#8650),#4599,.T.);
#8650 = FACE_BOUND('',#8651,.T.);
#8651 = EDGE_LOOP('',(#8652,#8653,#8675,#8676));
#8652 = ORIENTED_EDGE('',*,*,#5042,.F.);
#8653 = ORIENTED_EDGE('',*,*,#8654,.T.);
#8654 = EDGE_CURVE('',#4925,#4584,#8655,.T.);
#8655 = SURFACE_CURVE('',#8656,(#8661,#8668),.PCURVE_S1.);
#8656 = CIRCLE('',#8657,1.);
#8657 = AXIS2_PLACEMENT_3D('',#8658,#8659,#8660);
#8658 = CARTESIAN_POINT('',(210.,219.,19.));
#8659 = DIRECTION('',(-1.,-6.123233995737E-17,0.));
#8660 = DIRECTION('',(6.123233995737E-17,-1.,-0.));
#8661 = PCURVE('',#4599,#8662);
#8662 = DEFINITIONAL_REPRESENTATION('',(#8663),#8667);
#8663 = LINE('',#8664,#8665);
#8664 = CARTESIAN_POINT('',(0.,0.));
#8665 = VECTOR('',#8666,1.);
#8666 = DIRECTION('',(1.,0.));
#8667 = ( GEOMETRIC_REPRESENTATION_CONTEXT(2)
PARAMETRIC_REPRESENTATION_CONTEXT() REPRESENTATION_CONTEXT('2D SPACE',''
  ) );
#8668 = PCURVE('',#4632,#8669);
#8669 = DEFINITIONAL_REPRESENTATION('',(#8670),#8674);
#8670 = LINE('',#8671,#8672);
#8671 = CARTESIAN_POINT('',(4.712388980385,0.));
#8672 = VECTOR('',#8673,1.);
#8673 = DIRECTION('',(-0.,1.));
#8674 = ( GEOMETRIC_REPRESENTATION_CONTEXT(2)
PARAMETRIC_REPRESENTATION_CONTEXT() REPRESENTATION_CONTEXT('2D SPACE',''
  ) );
#8675 = ORIENTED_EDGE('',*,*,#4583,.T.);
#8676 = ORIENTED_EDGE('',*,*,#8623,.F.);
#8677 = ADVANCED_FACE('',(#8678),#4632,.T.);
#8678 = FACE_BOUND('',#8679,.T.);
#8679 = EDGE_LOOP('',(#8680,#8681,#8682,#8706));
#8680 = ORIENTED_EDGE('',*,*,#4611,.T.);
#8681 = ORIENTED_EDGE('',*,*,#8654,.F.);
#8682 = ORIENTED_EDGE('',*,*,#8683,.F.);
#8683 = EDGE_CURVE('',#8684,#4925,#8686,.T.);
#8684 = VERTEX_POINT('',#8685);
#8685 = CARTESIAN_POINT('',(218.,226.,19.));
#8686 = SURFACE_CURVE('',#8687,(#8692,#8699),.PCURVE_S1.);
#8687 = CIRCLE('',#8688,8.);
#8688 = AXIS2_PLACEMENT_3D('',#8689,#8690,#8691);
#8689 = CARTESIAN_POINT('',(210.,226.,19.));
#8690 = DIRECTION('',(0.,0.,-1.));
#8691 = DIRECTION('',(1.,0.,0.));
#8692 = PCURVE('',#4632,#8693);
#8693 = DEFINITIONAL_REPRESENTATION('',(#8694),#8698);
#8694 = LINE('',#8695,#8696);
#8695 = CARTESIAN_POINT('',(6.28318530718,0.));
#8696 = VECTOR('',#8697,1.);
#8697 = DIRECTION('',(-1.,0.));
#8698 = ( GEOMETRIC_REPRESENTATION_CONTEXT(2)
PARAMETRIC_REPRESENTATION_CONTEXT() REPRESENTATION_CONTEXT('2D SPACE',''
  ) );
#8699 = PCURVE('',#4940,#8700);
#8700 = DEFINITIONAL_REPRESENTATION('',(#8701),#8705);
#8701 = LINE('',#8702,#8703);
#8702 = CARTESIAN_POINT('',(6.28318530718,19.));
#8703 = VECTOR('',#8704,1.);
#8704 = DIRECTION('',(-1.,0.));
#8705 = ( GEOMETRIC_REPRESENTATION_CONTEXT(2)
PARAMETRIC_REPRESENTATION_CONTEXT() REPRESENTATION_CONTEXT('2D SPACE',''
  ) );
#8706 = ORIENTED_EDGE('',*,*,#8707,.T.);
#8707 = EDGE_CURVE('',#8684,#4612,#8708,.T.);
#8708 = SURFACE_CURVE('',#8709,(#8714,#8721),.PCURVE_S1.);
#8709 = CIRCLE('',#8710,1.);
#8710 = AXIS2_PLACEMENT_3D('',#8711,#8712,#8713);
#8711 = CARTESIAN_POINT('',(217.,226.,19.));
#8712 = DIRECTION('',(0.,-1.,-0.));
#8713 = DIRECTION('',(1.,0.,0.));
#8714 = PCURVE('',#4632,#8715);
#8715 = DEFINITIONAL_REPRESENTATION('',(#8716),#8720);
#8716 = LINE('',#8717,#8718);
#8717 = CARTESIAN_POINT('',(6.28318530718,0.));
#8718 = VECTOR('',#8719,1.);
#8719 = DIRECTION('',(-0.,1.));
#8720 = ( GEOMETRIC_REPRESENTATION_CONTEXT(2)
PARAMETRIC_REPRESENTATION_CONTEXT() REPRESENTATION_CONTEXT('2D SPACE',''
  ) );
#8721 = PCURVE('',#4658,#8722);
#8722 = DEFINITIONAL_REPRESENTATION('',(#8723),#8727);
#8723 = LINE('',#8724,#8725);
#8724 = CARTESIAN_POINT('',(0.,44.));
#8725 = VECTOR('',#8726,1.);
#8726 = DIRECTION('',(1.,0.));
#8727 = ( GEOMETRIC_REPRESENTATION_CONTEXT(2)
PARAMETRIC_REPRESENTATION_CONTEXT() REPRESENTATION_CONTEXT('2D SPACE',''
  ) );
#8728 = ADVANCED_FACE('',(#8729),#4658,.T.);
#8729 = FACE_BOUND('',#8730,.T.);
#8730 = EDGE_LOOP('',(#8731,#8752,#8753,#8754));
#8731 = ORIENTED_EDGE('',*,*,#8732,.F.);
#8732 = EDGE_CURVE('',#8492,#8684,#8733,.T.);
#8733 = SURFACE_CURVE('',#8734,(#8738,#8745),.PCURVE_S1.);
#8734 = LINE('',#8735,#8736);
#8735 = CARTESIAN_POINT('',(218.,270.,19.));
#8736 = VECTOR('',#8737,1.);
#8737 = DIRECTION('',(-0.,-1.,-0.));
#8738 = PCURVE('',#4658,#8739);
#8739 = DEFINITIONAL_REPRESENTATION('',(#8740),#8744);
#8740 = LINE('',#8741,#8742);
#8741 = CARTESIAN_POINT('',(0.,0.));
#8742 = VECTOR('',#8743,1.);
#8743 = DIRECTION('',(0.,1.));
#8744 = ( GEOMETRIC_REPRESENTATION_CONTEXT(2)
PARAMETRIC_REPRESENTATION_CONTEXT() REPRESENTATION_CONTEXT('2D SPACE',''
  ) );
#8745 = PCURVE('',#5578,#8746);
#8746 = DEFINITIONAL_REPRESENTATION('',(#8747),#8751);
#8747 = LINE('',#8748,#8749);
#8748 = CARTESIAN_POINT('',(19.,-52.));
#8749 = VECTOR('',#8750,1.);
#8750 = DIRECTION('',(0.,1.));
#8751 = ( GEOMETRIC_REPRESENTATION_CONTEXT(2)
PARAMETRIC_REPRESENTATION_CONTEXT() REPRESENTATION_CONTEXT('2D SPACE',''
  ) );
#8752 = ORIENTED_EDGE('',*,*,#8515,.T.);
#8753 = ORIENTED_EDGE('',*,*,#4644,.T.);
#8754 = ORIENTED_EDGE('',*,*,#8707,.F.);
#8755 = ADVANCED_FACE('',(#8756),#4714,.T.);
#8756 = FACE_BOUND('',#8757,.T.);
#8757 = EDGE_LOOP('',(#8758,#9058,#9059,#9060));
#8758 = ORIENTED_EDGE('',*,*,#8759,.F.);
#8759 = EDGE_CURVE('',#4923,#8760,#8762,.T.);
#8760 = VERTEX_POINT('',#8761);
#8761 = CARTESIAN_POINT('',(210.,218.12141295015,13.474657010231));
#8762 = SURFACE_CURVE('',#8763,(#8767,#8781),.PCURVE_S1.);
#8763 = ( BOUNDED_CURVE() B_SPLINE_CURVE(2,(#8764,#8765,#8766),
.UNSPECIFIED.,.F.,.F.) B_SPLINE_CURVE_WITH_KNOTS((3,3),(0.,
3.916948830329),.PIECEWISE_BEZIER_KNOTS.) CURVE()
GEOMETRIC_REPRESENTATION_ITEM() RATIONAL_B_SPLINE_CURVE((1.,
0.637529564848,1.)) REPRESENTATION_ITEM('') );
#8764 = CARTESIAN_POINT('',(210.,218.,13.801263571231));
#8765 = CARTESIAN_POINT('',(209.99999999999,218.,13.197035992031));
#8766 = CARTESIAN_POINT('',(210.00000000003,218.59355605394,
    13.31009428802));
#8767 = PCURVE('',#4714,#8768);
#8768 = DEFINITIONAL_REPRESENTATION('',(#8769),#8780);
#8769 = B_SPLINE_CURVE_WITH_KNOTS('',9,(#8770,#8771,#8772,#8773,#8774,
    #8775,#8776,#8777,#8778,#8779),.UNSPECIFIED.,.F.,.F.,(10,10),(0.,
    1.60863465432),.PIECEWISE_BEZIER_KNOTS.);
#8770 = CARTESIAN_POINT('',(6.28318530718,0.));
#8771 = CARTESIAN_POINT('',(6.212873564982,0.));
#8772 = CARTESIAN_POINT('',(6.139945641641,0.));
#8773 = CARTESIAN_POINT('',(6.064484034721,0.));
#8774 = CARTESIAN_POINT('',(5.986634320796,0.));
#8775 = CARTESIAN_POINT('',(5.906605582787,0.));
#8776 = CARTESIAN_POINT('',(5.824683052947,0.));
#8777 = CARTESIAN_POINT('',(5.741223805321,0.));
#8778 = CARTESIAN_POINT('',(5.656638145242,0.));
#8779 = CARTESIAN_POINT('',(5.57136502628,0.));
#8780 = ( GEOMETRIC_REPRESENTATION_CONTEXT(2)
PARAMETRIC_REPRESENTATION_CONTEXT() REPRESENTATION_CONTEXT('2D SPACE',''
  ) );
#8781 = PCURVE('',#8782,#9053);
#8782 = ( BOUNDED_SURFACE() B_SPLINE_SURFACE(2,12,(
    (#8783,#8784,#8785,#8786,#8787,#8788,#8789,#8790,#8791,#8792,#8793
      ,#8794,#8795,#8796,#8797,#8798,#8799,#8800,#8801,#8802,#8803,#8804
      ,#8805,#8806,#8807,#8808,#8809,#8810,#8811,#8812,#8813,#8814,#8815
      ,#8816,#8817,#8818,#8819,#8820,#8821,#8822,#8823,#8824,#8825,#8826
      ,#8827,#8828,#8829,#8830,#8831,#8832,#8833,#8834,#8835,#8836,#8837
      ,#8838,#8839,#8840,#8841,#8842,#8843,#8844,#8845,#8846,#8847,#8848
      ,#8849,#8850,#8851,#8852,#8853,#8854,#8855,#8856,#8857,#8858,#8859
      ,#8860,#8861,#8862,#8863,#8864,#8865,#8866,#8867,#8868,#8869,#8870
      ,#8871,#8872)
    ,(#8873,#8874,#8875,#8876,#8877,#8878,#8879,#8880,#8881,#8882,#8883
      ,#8884,#8885,#8886,#8887,#8888,#8889,#8890,#8891,#8892,#8893,#8894
      ,#8895,#8896,#8897,#8898,#8899,#8900,#8901,#8902,#8903,#8904,#8905
      ,#8906,#8907,#8908,#8909,#8910,#8911,#8912,#8913,#8914,#8915,#8916
      ,#8917,#8918,#8919,#8920,#8921,#8922,#8923,#8924,#8925,#8926,#8927
      ,#8928,#8929,#8930,#8931,#8932,#8933,#8934,#8935,#8936,#8937,#8938
      ,#8939,#8940,#8941,#8942,#8943,#8944,#8945,#8946,#8947,#8948,#8949
      ,#8950,#8951,#8952,#8953,#8954,#8955,#8956,#8957,#8958,#8959,#8960
      ,#8961,#8962)
    ,(#8963,#8964,#8965,#8966,#8967,#8968,#8969,#8970,#8971,#8972,#8973
      ,#8974,#8975,#8976,#8977,#8978,#8979,#8980,#8981,#8982,#8983,#8984
      ,#8985,#8986,#8987,#8988,#8989,#8990,#8991,#8992,#8993,#8994,#8995
      ,#8996,#8997,#8998,#8999,#9000,#9001,#9002,#9003,#9004,#9005,#9006
      ,#9007,#9008,#9009,#9010,#9011,#9012,#9013,#9014,#9015,#9016,#9017
      ,#9018,#9019,#9020,#9021,#9022,#9023,#9024,#9025,#9026,#9027,#9028
      ,#9029,#9030,#9031,#9032,#9033,#9034,#9035,#9036,#9037,#9038,#9039
      ,#9040,#9041,#9042,#9043,#9044,#9045,#9046,#9047,#9048,#9049,#9050
      ,#9051,#9052
)),.UNSPECIFIED.,.F.,.F.,.F.) B_SPLINE_SURFACE_WITH_KNOTS((3,3),(13,11,
    11,11,11,11,11,11,13),(0.,3.916948830329),(-3.81694613148,
    -3.786344968743,-3.755743806006,-3.694541480532,-3.572136829584,
    -3.327327527689,-2.837708923898,-1.858471716315,0.100002698849),
.UNSPECIFIED.) GEOMETRIC_REPRESENTATION_ITEM() RATIONAL_B_SPLINE_SURFACE
((
    (1.,1.,1.,1.,1.,1.,1.,1.,1.,1.,1.,1.,1.,0.999999999999
      ,1.000000000001,0.999999999997,1.000000000004,0.999999999996
      ,1.000000000003,0.999999999998,1.000000000001,1.,1.,1.
      ,1.000000000001,0.999999999999,1.000000000003,0.999999999996
      ,1.000000000004,0.999999999996,1.000000000003,0.999999999999,1.,1.
      ,1.,1.,0.999999999999,1.000000000001,0.999999999998,1.000000000002
      ,0.999999999999,1.000000000001,1.,1.,1.,1.,1.000000000001
      ,0.999999999997,1.000000000005,0.999999999993,1.000000000007
      ,0.999999999994,1.000000000004,0.999999999998,1.000000000001,1.,1.
      ,0.999999999999,1.000000000001,0.999999999997,1.000000000004
      ,0.999999999996,1.000000000003,0.999999999998,1.000000000001,1.,1.
      ,1.,1.,1.,1.,1.,1.,1.,1.,1.,1.,1.,1.,1.,1.,1.,0.999999999999
      ,1.000000000001,0.999999999999,1.000000000001,1.,1.,1.,1.)
    ,(0.707106775964,0.690053284991,0.686936771944,0.677893686071
      ,0.680572159424,0.67069106692,0.67547174034,0.668433512467
      ,0.669819036885,0.667287724091,0.666410515258,0.665317839964
      ,0.663430870952,0.662595392109,0.661847392628,0.661170679542
      ,0.660552767829,0.659984254935,0.659458195416,0.658969475437
      ,0.658514187419,0.658089004559,0.657690555436,0.656563284849
      ,0.655904308922,0.655319182284,0.654793320772,0.654315638645
      ,0.653877942736,0.653474326481,0.653100564106,0.652753504651
      ,0.652430466133,0.652128629609,0.651276040678,0.650781020516
      ,0.650342634977,0.649949122554,0.649592270835,0.649266252375
      ,0.648966723504,0.648690186313,0.648433613529,0.648194336571
      ,0.647970196538,0.647339481834,0.646973685927,0.646649820844
      ,0.646358980101,0.646094988358,0.645853495444,0.645631276259
      ,0.64542573692,0.645234626726,0.645055956344,0.644888121908
      ,0.644414461848,0.644137754081,0.643890707571,0.643666762957
      ,0.643461378763,0.643271358027,0.643094328747,0.64292837804
      ,0.64277184013,0.642623238053,0.642481379169,0.64207405492
      ,0.641826287321,0.641595332137,0.641376274014,0.641165723498
      ,0.640961388621,0.640761746257,0.640565813333,0.640373017769
      ,0.640183169293,0.63999653,0.639448894241,0.639100285434
      ,0.638771091784,0.638474757149,0.638221961129,0.63801567156
      ,0.637851973782,0.637724126337,0.637627292681,0.637561398592
      ,0.637529564848,0.637529564848)
    ,(1.,1.,1.,1.,1.,1.,1.,1.,1.,1.,1.,1.,1.,0.999999999999
      ,1.000000000001,0.999999999997,1.000000000004,0.999999999996
      ,1.000000000003,0.999999999998,1.000000000001,1.,1.,1.
      ,1.000000000001,0.999999999999,1.000000000003,0.999999999996
      ,1.000000000004,0.999999999996,1.000000000003,0.999999999999,1.,1.
      ,1.,1.,0.999999999999,1.000000000001,0.999999999998,1.000000000002
      ,0.999999999999,1.000000000001,1.,1.,1.,1.,1.000000000001
      ,0.999999999997,1.000000000005,0.999999999993,1.000000000007
      ,0.999999999994,1.000000000004,0.999999999998,1.000000000001,1.,1.
      ,0.999999999999,1.000000000001,0.999999999997,1.000000000004
      ,0.999999999996,1.000000000003,0.999999999998,1.000000000001,1.,1.
      ,1.,1.,1.,1.,1.,1.,1.,1.,1.,1.,1.,1.,1.,1.,1.,0.999999999999
      ,1.000000000001,0.999999999999,1.000000000001,1.,1.,1.,1.
))) REPRESENTATION_ITEM('') SURFACE() );
#8783 = CARTESIAN_POINT('',(218.,226.,15.229835007322));
#8784 = CARTESIAN_POINT('',(218.,225.8179638965,15.219712345607));
#8785 = CARTESIAN_POINT('',(217.99550000373,225.69028259829,
    15.199253707242));
#8786 = CARTESIAN_POINT('',(217.99073766458,225.56428293916,
    15.18851105136));
#8787 = CARTESIAN_POINT('',(217.9834231593,225.47042739112,
    15.165865194852));
#8788 = CARTESIAN_POINT('',(217.97721941556,225.36106561109,
    15.159949746585));
#8789 = CARTESIAN_POINT('',(217.96850090765,225.28427906213,
    15.137432547742));
#8790 = CARTESIAN_POINT('',(217.960967228,225.19135188839,
    15.130376766634));
#8791 = CARTESIAN_POINT('',(217.95195764344,225.11765885531,
    15.113855883299));
#8792 = CARTESIAN_POINT('',(217.94317891701,225.04068220592,
    15.102877993705));
#8793 = CARTESIAN_POINT('',(217.93392855137,224.96982504683,
    15.09050689813));
#8794 = CARTESIAN_POINT('',(217.92448814582,224.9014160349,
    15.078965122064));
#8795 = CARTESIAN_POINT('',(217.90518398386,224.77017672696,
    15.056519545093));
#8796 = CARTESIAN_POINT('',(217.89532646874,224.70726520776,
    15.045664586298));
#8797 = CARTESIAN_POINT('',(217.88529134753,224.6467426173,
    15.035145032647));
#8798 = CARTESIAN_POINT('',(217.87510176688,224.58834334011,
    15.024932645554));
#8799 = CARTESIAN_POINT('',(217.86477679686,224.5318484214,
    15.015002923964));
#8800 = CARTESIAN_POINT('',(217.85433203561,224.47707863724,
    15.005334655913));
#8801 = CARTESIAN_POINT('',(217.84378021427,224.42388756468,
    14.995909470097));
#8802 = CARTESIAN_POINT('',(217.83313180157,224.37215465188,
    14.986711387426));
#8803 = CARTESIAN_POINT('',(217.82239560876,224.32177828833,
    14.977726372605));
#8804 = CARTESIAN_POINT('',(217.81157939426,224.27266887489,
    14.968941885681));
#8805 = CARTESIAN_POINT('',(217.80069046851,224.22474189403,
    14.96034643362));
#8806 = CARTESIAN_POINT('',(217.76782795899,224.08424915168,
    14.935094498354));
#8807 = CARTESIAN_POINT('',(217.74565796976,223.99497947785,
    14.918971429825));
#8808 = CARTESIAN_POINT('',(217.72327315565,223.90955905478,
    14.903481923066));
#8809 = CARTESIAN_POINT('',(217.70071205798,223.82753965983,
    14.888560416347));
#8810 = CARTESIAN_POINT('',(217.67800603238,223.74855522529,
    14.874152222298));
#8811 = CARTESIAN_POINT('',(217.6551803464,223.67230931229,
    14.860211970788));
#8812 = CARTESIAN_POINT('',(217.63225527728,223.59856258476,
    14.846702051808));
#8813 = CARTESIAN_POINT('',(217.60924720945,223.52712028334,
    14.833591058347));
#8814 = CARTESIAN_POINT('',(217.58616973239,223.4578196993,
    14.820852229277));
#8815 = CARTESIAN_POINT('',(217.56303473811,223.39051764848,
    14.808461892228));
#8816 = CARTESIAN_POINT('',(217.53985351894,223.32507794522,
    14.796397906471));
#8817 = CARTESIAN_POINT('',(217.4702065575,223.13392073844,
    14.761118504453));
#8818 = CARTESIAN_POINT('',(217.4236334227,223.01341176006,
    14.738820659754));
#8819 = CARTESIAN_POINT('',(217.37699382778,222.89891440513,
    14.717592295084));
#8820 = CARTESIAN_POINT('',(217.33034538647,222.78971598291,
    14.69731344153));
#8821 = CARTESIAN_POINT('',(217.28373237924,222.68525795664,
    14.677888710886));
#8822 = CARTESIAN_POINT('',(217.23718941706,222.58509390651,
    14.65924086128));
#8823 = CARTESIAN_POINT('',(217.1907443491,222.48885614692,
    14.641305655349));
#8824 = CARTESIAN_POINT('',(217.1444204143,222.39623099807,
    14.624028011069));
#8825 = CARTESIAN_POINT('',(217.09823763664,222.30694271178,
    14.607359445116));
#8826 = CARTESIAN_POINT('',(217.0522134645,222.22074605161,
    14.591256808875));
#8827 = CARTESIAN_POINT('',(217.00636265364,222.1374275273,
    14.575682317001));
#8828 = CARTESIAN_POINT('',(216.86936387519,221.89559079591,
    14.530449971826));
#8829 = CARTESIAN_POINT('',(216.77877236583,221.74515927087,
    14.502278376485));
#8830 = CARTESIAN_POINT('',(216.68901722009,221.60407967325,
    14.475832567381));
#8831 = CARTESIAN_POINT('',(216.60016704622,221.47123037556,
    14.450910741359));
#8832 = CARTESIAN_POINT('',(216.51227046685,221.34572997093,
    14.427353209937));
#8833 = CARTESIAN_POINT('',(216.42536171604,221.22687164312,
    14.405031108689));
#8834 = CARTESIAN_POINT('',(216.33946507307,221.11407109342,
    14.3838374134));
#8835 = CARTESIAN_POINT('',(216.25459813302,221.00682802473,
    14.363680262992));
#8836 = CARTESIAN_POINT('',(216.17077391424,220.9047011824,
    14.344478589212));
#8837 = CARTESIAN_POINT('',(216.08800180248,220.80729695232,
    14.3261600531));
#8838 = CARTESIAN_POINT('',(216.00628733196,220.71427151576,
    14.308661288213));
#8839 = CARTESIAN_POINT('',(215.76431774551,220.44749665273,
    14.258468775454));
#8840 = CARTESIAN_POINT('',(215.60724075149,220.28599836233,
    14.228070196336));
#8841 = CARTESIAN_POINT('',(215.45441150108,220.13851937993,
    14.20030289033));
#8842 = CARTESIAN_POINT('',(215.30580470018,220.00323103201,
    14.174827199049));
#8843 = CARTESIAN_POINT('',(215.16136805647,219.87868542268,
    14.151373323009));
#8844 = CARTESIAN_POINT('',(215.02103053637,219.76371350486,
    14.129722798815));
#8845 = CARTESIAN_POINT('',(214.88470890314,219.65734408183,
    14.109693759181));
#8846 = CARTESIAN_POINT('',(214.75231253603,219.55874373909,
    14.091129975803));
#8847 = CARTESIAN_POINT('',(214.62374653059,219.46717770659,
    14.073893685063));
#8848 = CARTESIAN_POINT('',(214.49891308008,219.3819916513,
    14.057862196581));
#8849 = CARTESIAN_POINT('',(214.37771113791,219.30261440013,
    14.042928284604));
#8850 = CARTESIAN_POINT('',(214.02468080813,219.08051597923,
    14.001156517499));
#8851 = CARTESIAN_POINT('',(213.80343412985,218.95375021532,
    13.977334523023));
#8852 = CARTESIAN_POINT('',(213.59545785307,218.84440774813,
    13.956809145328));
#8853 = CARTESIAN_POINT('',(213.39989953232,218.74948055093,
    13.939013879848));
#8854 = CARTESIAN_POINT('',(213.21590608504,218.66662468013,
    13.923506706164));
#8855 = CARTESIAN_POINT('',(213.04263648124,218.59398972639,
    13.909938167778));
#8856 = CARTESIAN_POINT('',(212.8792717876,218.53008216017,
    13.898025776421));
#8857 = CARTESIAN_POINT('',(212.72502256627,218.47366257197,
    13.887534740882));
#8858 = CARTESIAN_POINT('',(212.57913362822,218.42367680697,
    13.878265020381));
#8859 = CARTESIAN_POINT('',(212.44088614114,218.37922099429,
    13.870044702465));
#8860 = CARTESIAN_POINT('',(212.309597092,218.33954047074,
    13.862729705439));
#8861 = CARTESIAN_POINT('',(211.93465412837,218.23310685599,
    13.843170005119));
#8862 = CARTESIAN_POINT('',(211.70994918166,218.17887464993,
    13.833293884877));
#8863 = CARTESIAN_POINT('',(211.5052536826,218.13643262839,
    13.825637941961));
#8864 = CARTESIAN_POINT('',(211.31605981012,218.10258746117,
    13.819576511836));
#8865 = CARTESIAN_POINT('',(211.13842311942,218.07526646506,
    13.814701005236));
#8866 = CARTESIAN_POINT('',(210.96889345992,218.0531148038,
    13.810749587593));
#8867 = CARTESIAN_POINT('',(210.80452390155,218.03525637112,
    13.807560539028));
#8868 = CARTESIAN_POINT('',(210.64292837542,218.02116546329,
    13.805042533169));
#8869 = CARTESIAN_POINT('',(210.48235873526,218.01059634937,
    13.803155073081));
#8870 = CARTESIAN_POINT('',(210.32177194575,218.0035178453,
    13.801892322584));
#8871 = CARTESIAN_POINT('',(210.16085810394,218.,13.801263571231));
#8872 = CARTESIAN_POINT('',(210.,218.,13.801263571231));
#8873 = CARTESIAN_POINT('',(218.,226.09355604804,14.738665715468));
#8874 = CARTESIAN_POINT('',(218.00218143252,225.88746332694,
    14.699409959068));
#8875 = CARTESIAN_POINT('',(217.99802429557,225.76025793317,
    14.675180360254));
#8876 = CARTESIAN_POINT('',(217.99453582451,225.61729192671,
    14.647948739977));
#8877 = CARTESIAN_POINT('',(217.98686095205,225.53600398166,
    14.632465321869));
#8878 = CARTESIAN_POINT('',(217.98199086004,225.40238912285,
    14.607014872576));
#8879 = CARTESIAN_POINT('',(217.97275015103,225.34420337477,
    14.595931872937));
#8880 = CARTESIAN_POINT('',(217.96607726313,225.23241472358,
    14.574638796526));
#8881 = CARTESIAN_POINT('',(217.95701328582,225.16655013543,
    14.562093160683));
#8882 = CARTESIAN_POINT('',(217.94855716912,225.08381566584,
    14.546334214097));
#8883 = CARTESIAN_POINT('',(217.93947641614,225.01254544994,
    14.532758934877));
#8884 = CARTESIAN_POINT('',(217.93021402815,224.94264435382,
    14.519444440379));
#8885 = CARTESIAN_POINT('',(217.91120264963,224.8087871513,
    14.493947830375));
#8886 = CARTESIAN_POINT('',(217.90146746842,224.74465886362,
    14.481732918435));
#8887 = CARTESIAN_POINT('',(217.89154600123,224.68306791599,
    14.470001309363));
#8888 = CARTESIAN_POINT('',(217.88146273428,224.62371639178,
    14.458696257132));
#8889 = CARTESIAN_POINT('',(217.87123770125,224.56636017145,
    14.447771262785));
#8890 = CARTESIAN_POINT('',(217.86088723064,224.51080184094,
    14.437188723638));
#8891 = CARTESIAN_POINT('',(217.85042466124,224.45688294448,
    14.426918457647));
#8892 = CARTESIAN_POINT('',(217.83986101718,224.40447568148,
    14.416936121837));
#8893 = CARTESIAN_POINT('',(217.82920563658,224.35347412264,
    14.407221539201));
#8894 = CARTESIAN_POINT('',(217.81846674878,224.3037850042,
    14.397756945212));
#8895 = CARTESIAN_POINT('',(217.80765199675,224.25531814692,
    14.388525162873));
#8896 = CARTESIAN_POINT('',(217.7749653407,224.11313075593,
    14.361441850304));
#8897 = CARTESIAN_POINT('',(217.75289617543,224.0228574026,
    14.344246925859));
#8898 = CARTESIAN_POINT('',(217.73060874601,223.93657308948,
    14.327811818599));
#8899 = CARTESIAN_POINT('',(217.70814163423,223.85379565004,
    14.312044687278));
#8900 = CARTESIAN_POINT('',(217.68552607044,223.77413281958,
    14.296870814809));
#8901 = CARTESIAN_POINT('',(217.66278726217,223.69726979985,
    14.282230239621));
#8902 = CARTESIAN_POINT('',(217.63994562935,223.6229559085,
    14.268075212699));
#8903 = CARTESIAN_POINT('',(217.61701793452,223.55099046326,
    14.254367508843));
#8904 = CARTESIAN_POINT('',(217.59401830087,223.48120801323,
    14.241075613599));
#8905 = CARTESIAN_POINT('',(217.570959112,223.41346300416,
    14.228171802347));
#8906 = CARTESIAN_POINT('',(217.54785179012,223.34761394606,
    14.215629124614));
#8907 = CARTESIAN_POINT('',(217.47835817135,223.15512567974,
    14.178964692934));
#8908 = CARTESIAN_POINT('',(217.4318735456,223.03383813322,
    14.155862303121));
#8909 = CARTESIAN_POINT('',(217.38532580113,222.91867881897,
    14.133927195644));
#8910 = CARTESIAN_POINT('',(217.33877031389,222.80890230765,
    14.113017383965));
#8911 = CARTESIAN_POINT('',(217.2922500886,222.70392950818,
    14.093022565018));
#8912 = CARTESIAN_POINT('',(217.24579922957,222.60330177892,
    14.073855378494));
#8913 = CARTESIAN_POINT('',(217.19944551166,222.5066438351,
    14.055444341573));
#8914 = CARTESIAN_POINT('',(217.15321217144,222.41363604916,
    14.037728572824));
#8915 = CARTESIAN_POINT('',(217.10711904463,222.32399662079,
    14.020654395991));
#8916 = CARTESIAN_POINT('',(217.0611831778,222.23747400784,
    14.004173898287));
#8917 = CARTESIAN_POINT('',(217.01541904297,222.15384994549,
    13.988245505458));
#8918 = CARTESIAN_POINT('',(216.8785885445,221.91100246836,
    13.941988843148));
#8919 = CARTESIAN_POINT('',(216.7880987448,221.75998330499,
    13.91322328822));
#8920 = CARTESIAN_POINT('',(216.69845715631,221.61841131024,
    13.886257193983));
#8921 = CARTESIAN_POINT('',(216.60972731459,221.48513570629,
    13.860871364657));
#8922 = CARTESIAN_POINT('',(216.52195485667,221.35925736477,
    13.836894537702));
#8923 = CARTESIAN_POINT('',(216.43517260538,221.2400595025,
    13.814190182984));
#8924 = CARTESIAN_POINT('',(216.34940430391,221.12695201949,
    13.792645900506));
#8925 = CARTESIAN_POINT('',(216.26466720584,221.01943011133,
    13.772165537047));
#8926 = CARTESIAN_POINT('',(216.18097372306,220.91704764508,
    13.752664114904));
#8927 = CARTESIAN_POINT('',(216.09833232824,220.81940568533,
    13.73406564638));
#8928 = CARTESIAN_POINT('',(216.01674790107,220.72615648193,
    13.716303893351));
#8929 = CARTESIAN_POINT('',(215.77505091862,220.45862552513,
    13.665345615865));
#8930 = CARTESIAN_POINT('',(215.61815027683,220.29668966738,
    13.63450069058));
#8931 = CARTESIAN_POINT('',(215.4655192149,220.14884622815,
    13.606340035488));
#8932 = CARTESIAN_POINT('',(215.31712406599,220.01324210107,
    13.580510677951));
#8933 = CARTESIAN_POINT('',(215.17290761975,219.88841502521,
    13.556734092071));
#8934 = CARTESIAN_POINT('',(215.03279643038,219.77318832995,
    13.534786150119));
#8935 = CARTESIAN_POINT('',(214.89670619844,219.66658668727,
    13.51448107532));
#8936 = CARTESIAN_POINT('',(214.76454553209,219.5677734745,
    13.495659510984));
#8937 = CARTESIAN_POINT('',(214.63621836777,219.47601018765,
    13.478180789679));
#8938 = CARTESIAN_POINT('',(214.51162530339,219.39063823374,
    13.461919465125));
#8939 = CARTESIAN_POINT('',(214.39066407169,219.31108334854,
    13.446766153659));
#8940 = CARTESIAN_POINT('',(214.03821092764,219.08838764233,
    13.404347923904));
#8941 = CARTESIAN_POINT('',(213.81734515382,218.96126850101,
    13.380134754129));
#8942 = CARTESIAN_POINT('',(213.60977580081,218.85161955111,
    13.359249239862));
#8943 = CARTESIAN_POINT('',(213.41463613682,218.75641359871,
    13.341114772738));
#8944 = CARTESIAN_POINT('',(213.23106284723,218.67329547563,
    13.325282749293));
#8945 = CARTESIAN_POINT('',(213.05820690013,218.60040870999,
    13.311399555841));
#8946 = CARTESIAN_POINT('',(212.89524179754,218.53625623398,
    13.299180036598));
#8947 = CARTESIAN_POINT('',(212.74136957204,218.479595618,
    13.288387538317));
#8948 = CARTESIAN_POINT('',(212.59582482163,218.42936916739,
    13.278820595343));
#8949 = CARTESIAN_POINT('',(212.4578770206,218.38466912239,
    13.270306301059));
#8950 = CARTESIAN_POINT('',(212.32683129777,218.34473814055,
    13.262700399755));
#8951 = CARTESIAN_POINT('',(211.95220715049,218.23747811715,
    13.242269919108));
#8952 = CARTESIAN_POINT('',(211.72743012152,218.18268560272,
    13.231833249691));
#8953 = CARTESIAN_POINT('',(211.5223838551,218.13967336033,
    13.223640441619));
#8954 = CARTESIAN_POINT('',(211.3324381183,218.10524295443,
    13.217082269064));
#8955 = CARTESIAN_POINT('',(211.15358457696,218.07733684081,
    13.211766818854));
#8956 = CARTESIAN_POINT('',(210.98239902616,218.05462900155,
    13.207441516134));
#8957 = CARTESIAN_POINT('',(210.81603268367,218.03627565422,
    13.203945640455));
#8958 = CARTESIAN_POINT('',(210.65222911527,218.02177739419,
    13.201184067114));
#8959 = CARTESIAN_POINT('',(210.48935731718,218.01090266539,
    13.199112690201));
#8960 = CARTESIAN_POINT('',(210.32644681997,218.00362172399,
    13.197725844219));
#8961 = CARTESIAN_POINT('',(210.16320604704,218.,13.197035992031));
#8962 = CARTESIAN_POINT('',(209.99999999999,218.,13.197035992031));
#8963 = CARTESIAN_POINT('',(217.95586520374,226.58280811883,
    14.831856586095));
#8964 = CARTESIAN_POINT('',(217.95582371282,226.40528103791,
    14.798041904015));
#8965 = CARTESIAN_POINT('',(217.9513902693,226.27710770712,
    14.773627936245));
#8966 = CARTESIAN_POINT('',(217.94653915991,226.15406763029,
    14.750191731135));
#8967 = CARTESIAN_POINT('',(217.93934608927,226.05752457767,
    14.731802578255));
#8968 = CARTESIAN_POINT('',(217.93297031464,225.95235146423,
    14.711769604266));
#8969 = CARTESIAN_POINT('',(217.92439270775,225.87208687898,
    14.696481111837));
#8970 = CARTESIAN_POINT('',(217.91671987763,225.78219777457,
    14.679359377664));
#8971 = CARTESIAN_POINT('',(217.90775629444,225.70707355692,
    14.665050002873));
#8972 = CARTESIAN_POINT('',(217.89892594087,225.63088311249,
    14.650537537267));
#8973 = CARTESIAN_POINT('',(217.88965695468,225.55997494164,
    14.637031219011));
#8974 = CARTESIAN_POINT('',(217.88018831651,225.49168793164,
    14.624024169487));
#8975 = CARTESIAN_POINT('',(217.86082704128,225.3606208738,
    14.599059015613));
#8976 = CARTESIAN_POINT('',(217.85093971568,225.29778174738,
    14.5870896582));
#8977 = CARTESIAN_POINT('',(217.84087372256,225.23732088178,
    14.575573302847));
#8978 = CARTESIAN_POINT('',(217.83065236501,225.17897502111,
    14.564459805577));
#8979 = CARTESIAN_POINT('',(217.82029483836,225.12252697169,
    14.553707796163));
#8980 = CARTESIAN_POINT('',(217.8098168397,225.06779877843,14.5432833784
    ));
#8981 = CARTESIAN_POINT('',(217.79923117761,225.01464490128,
    14.53315883037));
#8982 = CARTESIAN_POINT('',(217.78854838159,224.96294539154,
    14.523311304706));
#8983 = CARTESIAN_POINT('',(217.77777731182,224.91259906839,
    14.513721528867));
#8984 = CARTESIAN_POINT('',(217.76692576862,224.86351669518,
    14.504372505399));
#8985 = CARTESIAN_POINT('',(217.75600110215,224.81561415591,
    14.495248212205));
#8986 = CARTESIAN_POINT('',(217.72303026147,224.67518858298,
    14.468500484029));
#8987 = CARTESIAN_POINT('',(217.70078656582,224.58595509855,
    14.451503629851));
#8988 = CARTESIAN_POINT('',(217.67832679623,224.50056429393,
    14.435238714684));
#8989 = CARTESIAN_POINT('',(217.65568968161,224.41856948454,
    14.419620655752));
#8990 = CARTESIAN_POINT('',(217.6329067231,224.33960573359,
    14.404579941287));
#8991 = CARTESIAN_POINT('',(217.61000329883,224.26337740006,
    14.39006025871));
#8992 = CARTESIAN_POINT('',(217.58699976851,224.18964568663,
    14.376016122818));
#8993 = CARTESIAN_POINT('',(217.56391257813,224.11821618768,
    14.36241050397));
#8994 = CARTESIAN_POINT('',(217.54075536459,224.04892643725,
    14.349212456269));
#8995 = CARTESIAN_POINT('',(217.51754006041,223.98163345702,
    14.33639474575));
#8996 = CARTESIAN_POINT('',(217.49427799835,223.91620130428,
    14.323931478561));
#8997 = CARTESIAN_POINT('',(217.42438705151,223.7250632511,
    14.287524230336));
#8998 = CARTESIAN_POINT('',(217.37764928768,223.60456200122,
    14.264571611311));
#8999 = CARTESIAN_POINT('',(217.3308433411,223.49006865616,
    14.24276335511));
#9000 = CARTESIAN_POINT('',(217.28402700403,223.38087141278,
    14.221963880181));
#9001 = CARTESIAN_POINT('',(217.23724468432,223.27641231909,
    14.202066909954));
#9002 = CARTESIAN_POINT('',(217.19053108551,223.17624534382,
    14.182987486092));
#9003 = CARTESIAN_POINT('',(217.14391412717,223.08000307527,
    14.164655625416));
#9004 = CARTESIAN_POINT('',(217.0974171055,222.98737204953,
    14.147011620513));
#9005 = CARTESIAN_POINT('',(217.05106009415,222.89807670793,
    14.130002984019));
#9006 = CARTESIAN_POINT('',(217.00486058529,222.8118719839,
    14.113583036584));
#9007 = CARTESIAN_POINT('',(216.95883337095,222.72854451904,
    14.097711138515));
#9008 = CARTESIAN_POINT('',(216.82130225184,222.48667848774,
    14.051641418268));
#9009 = CARTESIAN_POINT('',(216.73035168778,222.33622421239,
    14.022983461059));
#9010 = CARTESIAN_POINT('',(216.64023354981,222.19511935875,
    13.996106346079));
#9011 = CARTESIAN_POINT('',(216.55101661086,222.06224277211,
    13.970796520052));
#9012 = CARTESIAN_POINT('',(216.46274961757,221.93671335279,
    13.946886154469));
#9013 = CARTESIAN_POINT('',(216.37546690201,221.81782448514,
    13.924240655867));
#9014 = CARTESIAN_POINT('',(216.28919282702,221.70499200958,
    13.902748755761));
#9015 = CARTESIAN_POINT('',(216.20394506504,221.59771573789,
    13.8823151802));
#9016 = CARTESIAN_POINT('',(216.11973671056,221.49555451145,
    13.862855898974));
#9017 = CARTESIAN_POINT('',(216.03657722606,221.39811480272,
    13.844295954454));
#9018 = CARTESIAN_POINT('',(215.95447222161,221.30505285971,
    13.826569870071));
#9019 = CARTESIAN_POINT('',(215.7113217606,221.03816546145,
    13.775734175165));
#9020 = CARTESIAN_POINT('',(215.55344516439,220.876588175,
    13.744957549174));
#9021 = CARTESIAN_POINT('',(215.39980455704,220.72902657782,
    13.716850578283));
#9022 = CARTESIAN_POINT('',(215.2503752869,220.59365223649,
    13.691064989458));
#9023 = CARTESIAN_POINT('',(215.10510577543,220.46901742259,
    13.667325024906));
#9024 = CARTESIAN_POINT('',(214.96392579892,220.35395321813,
    13.64540803358));
#9025 = CARTESIAN_POINT('',(214.82675304929,220.24748854419,
    13.625129048068));
#9026 = CARTESIAN_POINT('',(214.69349797412,220.1487901131,
    13.606329346907));
#9027 = CARTESIAN_POINT('',(214.56406689581,220.05712330377,
    13.588869002274));
#9028 = CARTESIAN_POINT('',(214.43836340985,219.97183396055,
    13.572623413089));
#9029 = CARTESIAN_POINT('',(214.3162880623,219.89235111534,
    13.557483823525));
#9030 = CARTESIAN_POINT('',(213.9606327947,219.66992966858,
    13.515117833665));
#9031 = CARTESIAN_POINT('',(213.73762966033,219.54294016857,
    13.490929357473));
#9032 = CARTESIAN_POINT('',(213.52790539933,219.43336770667,
    13.470058412349));
#9033 = CARTESIAN_POINT('',(213.33062501104,219.33820666324,
    13.451932499314));
#9034 = CARTESIAN_POINT('',(213.14495666776,219.25511628754,
    13.436105761087));
#9035 = CARTESIAN_POINT('',(212.97008521031,219.1822504722,
    13.422226558165));
#9036 = CARTESIAN_POINT('',(212.80522246984,219.11812123979,
    13.410011466278));
#9037 = CARTESIAN_POINT('',(212.64961441551,219.06149594167,
    13.399225695207));
#9038 = CARTESIAN_POINT('',(212.50254512843,219.01132816902,
    13.389669928988));
#9039 = CARTESIAN_POINT('',(212.36333760157,218.96672237609,
    13.381173587477));
#9040 = CARTESIAN_POINT('',(212.23135136575,218.92693221568,
    13.373594509304));
#9041 = CARTESIAN_POINT('',(211.85522809382,218.820313329,
    13.353286149936));
#9042 = CARTESIAN_POINT('',(211.63096900331,218.76614837232,
    13.342969015331));
#9043 = CARTESIAN_POINT('',(211.42819931651,218.72401896438,
    13.334944366199));
#9044 = CARTESIAN_POINT('',(211.24279802332,218.69079429953,
    13.32861585861));
#9045 = CARTESIAN_POINT('',(211.07098321878,218.66438074178,
    13.323584704751));
#9046 = CARTESIAN_POINT('',(210.90912746518,218.6433082377,
    13.319570894452));
#9047 = CARTESIAN_POINT('',(210.75382620667,218.62653209418,
    13.316375438542));
#9048 = CARTESIAN_POINT('',(210.60211668818,218.61336829582,
    13.313868048378));
#9049 = CARTESIAN_POINT('',(210.45174483074,218.60348053684,
    13.311984665715));
#9050 = CARTESIAN_POINT('',(210.30137751481,218.59683714238,
    13.310719257246));
#9051 = CARTESIAN_POINT('',(210.15065772389,218.59355605394,
    13.31009428802));
#9052 = CARTESIAN_POINT('',(210.00000000003,218.59355605394,
    13.31009428802));
#9053 = DEFINITIONAL_REPRESENTATION('',(#9054),#9057);
#9054 = B_SPLINE_CURVE_WITH_KNOTS('',1,(#9055,#9056),.UNSPECIFIED.,.F.,
  .F.,(2,2),(0.,3.916948830329),.PIECEWISE_BEZIER_KNOTS.);
#9055 = CARTESIAN_POINT('',(0.,0.100002698849));
#9056 = CARTESIAN_POINT('',(3.916948830329,0.100002698849));
#9057 = ( GEOMETRIC_REPRESENTATION_CONTEXT(2)
PARAMETRIC_REPRESENTATION_CONTEXT() REPRESENTATION_CONTEXT('2D SPACE',''
  ) );
#9058 = ORIENTED_EDGE('',*,*,#4952,.T.);
#9059 = ORIENTED_EDGE('',*,*,#4674,.T.);
#9060 = ORIENTED_EDGE('',*,*,#9061,.F.);
#9061 = EDGE_CURVE('',#8760,#4675,#9062,.T.);
#9062 = SURFACE_CURVE('',#9063,(#9067,#9073),.PCURVE_S1.);
#9063 = LINE('',#9064,#9065);
#9064 = CARTESIAN_POINT('',(210.,218.12141295015,13.474657010232));
#9065 = VECTOR('',#9066,1.);
#9066 = DIRECTION('',(-1.,0.,0.));
#9067 = PCURVE('',#4714,#9068);
#9068 = DEFINITIONAL_REPRESENTATION('',(#9069),#9072);
#9069 = B_SPLINE_CURVE_WITH_KNOTS('',1,(#9070,#9071),.UNSPECIFIED.,.F.,
  .F.,(2,2),(-6.00030006126E-07,210.0000006),.PIECEWISE_BEZIER_KNOTS.);
#9070 = CARTESIAN_POINT('',(5.571365026277,-6.00030006126E-07));
#9071 = CARTESIAN_POINT('',(5.571365026277,210.0000006));
#9072 = ( GEOMETRIC_REPRESENTATION_CONTEXT(2)
PARAMETRIC_REPRESENTATION_CONTEXT() REPRESENTATION_CONTEXT('2D SPACE',''
  ) );
#9073 = PCURVE('',#4819,#9074);
#9074 = DEFINITIONAL_REPRESENTATION('',(#9075),#9079);
#9075 = LINE('',#9076,#9077);
#9076 = CARTESIAN_POINT('',(9.989527182892,-226.));
#9077 = VECTOR('',#9078,1.);
#9078 = DIRECTION('',(-0.,1.));
#9079 = ( GEOMETRIC_REPRESENTATION_CONTEXT(2)
PARAMETRIC_REPRESENTATION_CONTEXT() REPRESENTATION_CONTEXT('2D SPACE',''
  ) );
#9080 = ADVANCED_FACE('',(#9081),#4819,.T.);
#9081 = FACE_BOUND('',#9082,.T.);
#9082 = EDGE_LOOP('',(#9083,#9084,#9085,#9108,#9136,#9163));
#9083 = ORIENTED_EDGE('',*,*,#4725,.T.);
#9084 = ORIENTED_EDGE('',*,*,#5122,.F.);
#9085 = ORIENTED_EDGE('',*,*,#9086,.T.);
#9086 = EDGE_CURVE('',#5123,#9087,#9089,.T.);
#9087 = VERTEX_POINT('',#9088);
#9088 = CARTESIAN_POINT('',(210.1,227.93451076223,15.343818498248));
#9089 = SURFACE_CURVE('',#9090,(#9094,#9101),.PCURVE_S1.);
#9090 = LINE('',#9091,#9092);
#9091 = CARTESIAN_POINT('',(-16.,227.93451076223,15.343818498248));
#9092 = VECTOR('',#9093,1.);
#9093 = DIRECTION('',(1.,0.,0.));
#9094 = PCURVE('',#4819,#9095);
#9095 = DEFINITIONAL_REPRESENTATION('',(#9096),#9100);
#9096 = LINE('',#9097,#9098);
#9097 = CARTESIAN_POINT('',(0.,0.));
#9098 = VECTOR('',#9099,1.);
#9099 = DIRECTION('',(0.,-1.));
#9100 = ( GEOMETRIC_REPRESENTATION_CONTEXT(2)
PARAMETRIC_REPRESENTATION_CONTEXT() REPRESENTATION_CONTEXT('2D SPACE',''
  ) );
#9101 = PCURVE('',#5166,#9102);
#9102 = DEFINITIONAL_REPRESENTATION('',(#9103),#9107);
#9103 = LINE('',#9104,#9105);
#9104 = CARTESIAN_POINT('',(1.570796326795,0.));
#9105 = VECTOR('',#9106,1.);
#9106 = DIRECTION('',(0.,-1.));
#9107 = ( GEOMETRIC_REPRESENTATION_CONTEXT(2)
PARAMETRIC_REPRESENTATION_CONTEXT() REPRESENTATION_CONTEXT('2D SPACE',''
  ) );
#9108 = ORIENTED_EDGE('',*,*,#9109,.T.);
#9109 = EDGE_CURVE('',#9087,#9110,#9112,.T.);
#9110 = VERTEX_POINT('',#9111);
#9111 = CARTESIAN_POINT('',(210.1,218.12204157695,13.47477674867));
#9112 = SURFACE_CURVE('',#9113,(#9117,#9124),.PCURVE_S1.);
#9113 = LINE('',#9114,#9115);
#9114 = CARTESIAN_POINT('',(210.1,227.93451076223,15.343818498248));
#9115 = VECTOR('',#9116,1.);
#9116 = DIRECTION('',(0.,-0.982338566422,-0.18711210789));
#9117 = PCURVE('',#4819,#9118);
#9118 = DEFINITIONAL_REPRESENTATION('',(#9119),#9123);
#9119 = LINE('',#9120,#9121);
#9120 = CARTESIAN_POINT('',(0.,-226.1));
#9121 = VECTOR('',#9122,1.);
#9122 = DIRECTION('',(1.,0.));
#9123 = ( GEOMETRIC_REPRESENTATION_CONTEXT(2)
PARAMETRIC_REPRESENTATION_CONTEXT() REPRESENTATION_CONTEXT('2D SPACE',''
  ) );
#9124 = PCURVE('',#9125,#9130);
#9125 = PLANE('',#9126);
#9126 = AXIS2_PLACEMENT_3D('',#9127,#9128,#9129);
#9127 = CARTESIAN_POINT('',(210.1,223.25752148868,9.));
#9128 = DIRECTION('',(1.,0.,0.));
#9129 = DIRECTION('',(-0.,0.,1.));
#9130 = DEFINITIONAL_REPRESENTATION('',(#9131),#9135);
#9131 = LINE('',#9132,#9133);
#9132 = CARTESIAN_POINT('',(6.343818498248,-4.67698927355));
#9133 = VECTOR('',#9134,1.);
#9134 = DIRECTION('',(-0.18711210789,0.982338566422));
#9135 = ( GEOMETRIC_REPRESENTATION_CONTEXT(2)
PARAMETRIC_REPRESENTATION_CONTEXT() REPRESENTATION_CONTEXT('2D SPACE',''
  ) );
#9136 = ORIENTED_EDGE('',*,*,#9137,.T.);
#9137 = EDGE_CURVE('',#9110,#8760,#9138,.T.);
#9138 = SURFACE_CURVE('',#9139,(#9145,#9154),.PCURVE_S1.);
#9139 = B_SPLINE_CURVE_WITH_KNOTS('',4,(#9140,#9141,#9142,#9143,#9144),
  .UNSPECIFIED.,.F.,.F.,(5,5),(0.,1.),.PIECEWISE_BEZIER_KNOTS.);
#9140 = CARTESIAN_POINT('',(210.1,218.12204157132,13.474776747597));
#9141 = CARTESIAN_POINT('',(210.07500147236,218.12172706209,
    13.474716841078));
#9142 = CARTESIAN_POINT('',(210.05000137929,218.12151754303,
    13.474676932685));
#9143 = CARTESIAN_POINT('',(210.025000266,218.12141295015,
    13.474657010231));
#9144 = CARTESIAN_POINT('',(210.,218.12141295015,13.474657010231));
#9145 = PCURVE('',#4819,#9146);
#9146 = DEFINITIONAL_REPRESENTATION('',(#9147),#9153);
#9147 = B_SPLINE_CURVE_WITH_KNOTS('',4,(#9148,#9149,#9150,#9151,#9152),
  .UNSPECIFIED.,.F.,.F.,(5,5),(0.,1.),.PIECEWISE_BEZIER_KNOTS.);
#9148 = CARTESIAN_POINT('',(9.988887259762,-226.1));
#9149 = CARTESIAN_POINT('',(9.989207423543,-226.0750014723));
#9150 = CARTESIAN_POINT('',(9.98942070954,-226.0500013792));
#9151 = CARTESIAN_POINT('',(9.989527182892,-226.025000266));
#9152 = CARTESIAN_POINT('',(9.989527182892,-226.));
#9153 = ( GEOMETRIC_REPRESENTATION_CONTEXT(2)
PARAMETRIC_REPRESENTATION_CONTEXT() REPRESENTATION_CONTEXT('2D SPACE',''
  ) );
#9154 = PCURVE('',#8782,#9155);
#9155 = DEFINITIONAL_REPRESENTATION('',(#9156),#9162);
#9156 = B_SPLINE_CURVE_WITH_KNOTS('',4,(#9157,#9158,#9159,#9160,#9161),
  .UNSPECIFIED.,.F.,.F.,(5,5),(0.,1.),.PIECEWISE_BEZIER_KNOTS.);
#9157 = CARTESIAN_POINT('',(1.608615533507,-2.224040114527E-03));
#9158 = CARTESIAN_POINT('',(1.608625125462,2.333274601275E-02));
#9159 = CARTESIAN_POINT('',(1.60863149598,4.888934152116E-02));
#9160 = CARTESIAN_POINT('',(1.608634654324,7.444560585393E-02));
#9161 = CARTESIAN_POINT('',(1.608634654324,0.100002698849));
#9162 = ( GEOMETRIC_REPRESENTATION_CONTEXT(2)
PARAMETRIC_REPRESENTATION_CONTEXT() REPRESENTATION_CONTEXT('2D SPACE',''
  ) );
#9163 = ORIENTED_EDGE('',*,*,#9061,.T.);
#9164 = ADVANCED_FACE('',(#9165),#4940,.T.);
#9165 = FACE_BOUND('',#9166,.T.);
#9166 = EDGE_LOOP('',(#9167,#9299,#9322,#9723,#9724,#9725,#9746,#9747));
#9167 = ORIENTED_EDGE('',*,*,#9168,.F.);
#9168 = EDGE_CURVE('',#9169,#4923,#9171,.T.);
#9169 = VERTEX_POINT('',#9170);
#9170 = CARTESIAN_POINT('',(210.1,218.00062408149,13.801375058679));
#9171 = SURFACE_CURVE('',#9172,(#9263,#9292),.PCURVE_S1.);
#9172 = ( BOUNDED_CURVE() B_SPLINE_CURVE(12,(#9173,#9174,#9175,#9176,
    #9177,#9178,#9179,#9180,#9181,#9182,#9183,#9184,#9185,#9186,#9187,
    #9188,#9189,#9190,#9191,#9192,#9193,#9194,#9195,#9196,#9197,#9198,
    #9199,#9200,#9201,#9202,#9203,#9204,#9205,#9206,#9207,#9208,#9209,
    #9210,#9211,#9212,#9213,#9214,#9215,#9216,#9217,#9218,#9219,#9220,
    #9221,#9222,#9223,#9224,#9225,#9226,#9227,#9228,#9229,#9230,#9231,
    #9232,#9233,#9234,#9235,#9236,#9237,#9238,#9239,#9240,#9241,#9242,
    #9243,#9244,#9245,#9246,#9247,#9248,#9249,#9250,#9251,#9252,#9253,
    #9254,#9255,#9256,#9257,#9258,#9259,#9260,#9261,#9262),
.UNSPECIFIED.,.F.,.F.) B_SPLINE_CURVE_WITH_KNOTS((13,11,11,11,11,11,11,
    11,13),(-3.81694613148,-3.786344968743,-3.755743806006,
    -3.694541480532,-3.572136829584,-3.327327527689,-2.837708923898,
-1.858471716315,0.100002698849),.UNSPECIFIED.) CURVE()
GEOMETRIC_REPRESENTATION_ITEM() RATIONAL_B_SPLINE_CURVE((1.,1.,1.,1.,1.,
    1.,1.,1.,1.,1.,1.,1.,1.,0.999999999999,1.000000000001,0.999999999997
    ,1.000000000004,0.999999999996,1.000000000003,0.999999999998,
    1.000000000001,1.,1.,1.,1.000000000001,0.999999999999,1.000000000003
    ,0.999999999996,1.000000000004,0.999999999996,1.000000000003,
    0.999999999999,1.,1.,1.,1.,0.999999999999,1.000000000001,
    0.999999999998,1.000000000002,0.999999999999,1.000000000001,1.,1.,1.
    ,1.,1.000000000001,0.999999999997,1.000000000005,0.999999999993,
    1.000000000007,0.999999999994,1.000000000004,0.999999999998,
    1.000000000001,1.,1.,0.999999999999,1.000000000001,0.999999999997,
    1.000000000004,0.999999999996,1.000000000003,0.999999999998,
    1.000000000001,1.,1.,1.,1.,1.,1.,1.,1.,1.,1.,1.,1.,1.,1.,1.,1.,1.,
    0.999999999999,1.000000000001,0.999999999999,1.000000000001,1.,1.,1.
,1.)) REPRESENTATION_ITEM('') );
#9173 = CARTESIAN_POINT('',(218.,226.,15.229835007322));
#9174 = CARTESIAN_POINT('',(218.,225.8179638965,15.219712345607));
#9175 = CARTESIAN_POINT('',(217.99550000373,225.69028259829,
    15.199253707242));
#9176 = CARTESIAN_POINT('',(217.99073766458,225.56428293916,
    15.18851105136));
#9177 = CARTESIAN_POINT('',(217.9834231593,225.47042739112,
    15.165865194852));
#9178 = CARTESIAN_POINT('',(217.97721941556,225.36106561109,
    15.159949746585));
#9179 = CARTESIAN_POINT('',(217.96850090765,225.28427906213,
    15.137432547742));
#9180 = CARTESIAN_POINT('',(217.960967228,225.19135188839,
    15.130376766634));
#9181 = CARTESIAN_POINT('',(217.95195764344,225.11765885531,
    15.113855883299));
#9182 = CARTESIAN_POINT('',(217.94317891701,225.04068220592,
    15.102877993705));
#9183 = CARTESIAN_POINT('',(217.93392855137,224.96982504683,
    15.09050689813));
#9184 = CARTESIAN_POINT('',(217.92448814582,224.9014160349,
    15.078965122064));
#9185 = CARTESIAN_POINT('',(217.90518398386,224.77017672696,
    15.056519545093));
#9186 = CARTESIAN_POINT('',(217.89532646874,224.70726520776,
    15.045664586298));
#9187 = CARTESIAN_POINT('',(217.88529134753,224.6467426173,
    15.035145032647));
#9188 = CARTESIAN_POINT('',(217.87510176688,224.58834334011,
    15.024932645554));
#9189 = CARTESIAN_POINT('',(217.86477679686,224.5318484214,
    15.015002923964));
#9190 = CARTESIAN_POINT('',(217.85433203561,224.47707863724,
    15.005334655913));
#9191 = CARTESIAN_POINT('',(217.84378021427,224.42388756468,
    14.995909470097));
#9192 = CARTESIAN_POINT('',(217.83313180157,224.37215465188,
    14.986711387426));
#9193 = CARTESIAN_POINT('',(217.82239560876,224.32177828833,
    14.977726372605));
#9194 = CARTESIAN_POINT('',(217.81157939426,224.27266887489,
    14.968941885681));
#9195 = CARTESIAN_POINT('',(217.80069046851,224.22474189403,
    14.96034643362));
#9196 = CARTESIAN_POINT('',(217.76782795899,224.08424915168,
    14.935094498354));
#9197 = CARTESIAN_POINT('',(217.74565796976,223.99497947785,
    14.918971429825));
#9198 = CARTESIAN_POINT('',(217.72327315565,223.90955905478,
    14.903481923066));
#9199 = CARTESIAN_POINT('',(217.70071205798,223.82753965983,
    14.888560416347));
#9200 = CARTESIAN_POINT('',(217.67800603238,223.74855522529,
    14.874152222298));
#9201 = CARTESIAN_POINT('',(217.6551803464,223.67230931229,
    14.860211970788));
#9202 = CARTESIAN_POINT('',(217.63225527728,223.59856258476,
    14.846702051808));
#9203 = CARTESIAN_POINT('',(217.60924720945,223.52712028334,
    14.833591058347));
#9204 = CARTESIAN_POINT('',(217.58616973239,223.4578196993,
    14.820852229277));
#9205 = CARTESIAN_POINT('',(217.56303473811,223.39051764848,
    14.808461892228));
#9206 = CARTESIAN_POINT('',(217.53985351894,223.32507794522,
    14.796397906471));
#9207 = CARTESIAN_POINT('',(217.4702065575,223.13392073844,
    14.761118504453));
#9208 = CARTESIAN_POINT('',(217.4236334227,223.01341176006,
    14.738820659754));
#9209 = CARTESIAN_POINT('',(217.37699382778,222.89891440513,
    14.717592295084));
#9210 = CARTESIAN_POINT('',(217.33034538647,222.78971598291,
    14.69731344153));
#9211 = CARTESIAN_POINT('',(217.28373237924,222.68525795664,
    14.677888710886));
#9212 = CARTESIAN_POINT('',(217.23718941706,222.58509390651,
    14.65924086128));
#9213 = CARTESIAN_POINT('',(217.1907443491,222.48885614692,
    14.641305655349));
#9214 = CARTESIAN_POINT('',(217.1444204143,222.39623099807,
    14.624028011069));
#9215 = CARTESIAN_POINT('',(217.09823763664,222.30694271178,
    14.607359445116));
#9216 = CARTESIAN_POINT('',(217.0522134645,222.22074605161,
    14.591256808875));
#9217 = CARTESIAN_POINT('',(217.00636265364,222.1374275273,
    14.575682317001));
#9218 = CARTESIAN_POINT('',(216.86936387519,221.89559079591,
    14.530449971826));
#9219 = CARTESIAN_POINT('',(216.77877236583,221.74515927087,
    14.502278376485));
#9220 = CARTESIAN_POINT('',(216.68901722009,221.60407967325,
    14.475832567381));
#9221 = CARTESIAN_POINT('',(216.60016704622,221.47123037556,
    14.450910741359));
#9222 = CARTESIAN_POINT('',(216.51227046685,221.34572997093,
    14.427353209937));
#9223 = CARTESIAN_POINT('',(216.42536171604,221.22687164312,
    14.405031108689));
#9224 = CARTESIAN_POINT('',(216.33946507307,221.11407109342,
    14.3838374134));
#9225 = CARTESIAN_POINT('',(216.25459813302,221.00682802473,
    14.363680262992));
#9226 = CARTESIAN_POINT('',(216.17077391424,220.9047011824,
    14.344478589212));
#9227 = CARTESIAN_POINT('',(216.08800180248,220.80729695232,
    14.3261600531));
#9228 = CARTESIAN_POINT('',(216.00628733196,220.71427151576,
    14.308661288213));
#9229 = CARTESIAN_POINT('',(215.76431774551,220.44749665273,
    14.258468775454));
#9230 = CARTESIAN_POINT('',(215.60724075149,220.28599836233,
    14.228070196336));
#9231 = CARTESIAN_POINT('',(215.45441150108,220.13851937993,
    14.20030289033));
#9232 = CARTESIAN_POINT('',(215.30580470018,220.00323103201,
    14.174827199049));
#9233 = CARTESIAN_POINT('',(215.16136805647,219.87868542268,
    14.151373323009));
#9234 = CARTESIAN_POINT('',(215.02103053637,219.76371350486,
    14.129722798815));
#9235 = CARTESIAN_POINT('',(214.88470890314,219.65734408183,
    14.109693759181));
#9236 = CARTESIAN_POINT('',(214.75231253603,219.55874373909,
    14.091129975803));
#9237 = CARTESIAN_POINT('',(214.62374653059,219.46717770659,
    14.073893685063));
#9238 = CARTESIAN_POINT('',(214.49891308008,219.3819916513,
    14.057862196581));
#9239 = CARTESIAN_POINT('',(214.37771113791,219.30261440013,
    14.042928284604));
#9240 = CARTESIAN_POINT('',(214.02468080813,219.08051597923,
    14.001156517499));
#9241 = CARTESIAN_POINT('',(213.80343412985,218.95375021532,
    13.977334523023));
#9242 = CARTESIAN_POINT('',(213.59545785307,218.84440774813,
    13.956809145328));
#9243 = CARTESIAN_POINT('',(213.39989953232,218.74948055093,
    13.939013879848));
#9244 = CARTESIAN_POINT('',(213.21590608504,218.66662468013,
    13.923506706164));
#9245 = CARTESIAN_POINT('',(213.04263648124,218.59398972639,
    13.909938167778));
#9246 = CARTESIAN_POINT('',(212.8792717876,218.53008216017,
    13.898025776421));
#9247 = CARTESIAN_POINT('',(212.72502256627,218.47366257197,
    13.887534740882));
#9248 = CARTESIAN_POINT('',(212.57913362822,218.42367680697,
    13.878265020381));
#9249 = CARTESIAN_POINT('',(212.44088614114,218.37922099429,
    13.870044702465));
#9250 = CARTESIAN_POINT('',(212.309597092,218.33954047074,
    13.862729705439));
#9251 = CARTESIAN_POINT('',(211.93465412837,218.23310685599,
    13.843170005119));
#9252 = CARTESIAN_POINT('',(211.70994918166,218.17887464993,
    13.833293884877));
#9253 = CARTESIAN_POINT('',(211.5052536826,218.13643262839,
    13.825637941961));
#9254 = CARTESIAN_POINT('',(211.31605981012,218.10258746117,
    13.819576511836));
#9255 = CARTESIAN_POINT('',(211.13842311942,218.07526646506,
    13.814701005236));
#9256 = CARTESIAN_POINT('',(210.96889345992,218.0531148038,
    13.810749587593));
#9257 = CARTESIAN_POINT('',(210.80452390155,218.03525637112,
    13.807560539028));
#9258 = CARTESIAN_POINT('',(210.64292837542,218.02116546329,
    13.805042533169));
#9259 = CARTESIAN_POINT('',(210.48235873526,218.01059634937,
    13.803155073081));
#9260 = CARTESIAN_POINT('',(210.32177194575,218.0035178453,
    13.801892322584));
#9261 = CARTESIAN_POINT('',(210.16085810394,218.,13.801263571231));
#9262 = CARTESIAN_POINT('',(210.,218.,13.801263571231));
#9263 = PCURVE('',#4940,#9264);
#9264 = DEFINITIONAL_REPRESENTATION('',(#9265),#9291);
#9265 = B_SPLINE_CURVE_WITH_KNOTS('',3,(#9266,#9267,#9268,#9269,#9270,
    #9271,#9272,#9273,#9274,#9275,#9276,#9277,#9278,#9279,#9280,#9281,
    #9282,#9283,#9284,#9285,#9286,#9287,#9288,#9289,#9290),
  .UNSPECIFIED.,.F.,.F.,(4,1,1,1,1,1,1,1,1,1,1,1,1,1,1,1,1,1,1,1,1,1,4),
  (-1.456379122957E-03,3.155397148495E-03,7.767173419948E-03,
    1.23789496914E-02,1.699072596285E-02,2.160250223431E-02,
    2.621427850576E-02,3.082605477721E-02,3.543783104866E-02,
    4.004960732012E-02,4.466138359157E-02,4.927315986302E-02,
    5.388493613447E-02,5.849671240593E-02,6.310848867738E-02,
    6.772026494883E-02,7.233204122028E-02,7.694381749174E-02,
    8.155559376319E-02,8.616737003464E-02,9.077914630609E-02,
    9.539092257755E-02,0.100002698849),.UNSPECIFIED.);
#9266 = CARTESIAN_POINT('',(4.724889304455,13.801375058678));
#9267 = CARTESIAN_POINT('',(4.724699907312,13.801371679021));
#9268 = CARTESIAN_POINT('',(4.724321112579,13.801365073462));
#9269 = CARTESIAN_POINT('',(4.723752919132,13.801355626366));
#9270 = CARTESIAN_POINT('',(4.723184724313,13.801346640488));
#9271 = CARTESIAN_POINT('',(4.722616528143,13.801338115806));
#9272 = CARTESIAN_POINT('',(4.722048330673,13.801330052292));
#9273 = CARTESIAN_POINT('',(4.721480131986,13.801322449919));
#9274 = CARTESIAN_POINT('',(4.720911932197,13.801315308658));
#9275 = CARTESIAN_POINT('',(4.720343731453,13.801308628476));
#9276 = CARTESIAN_POINT('',(4.719775529934,13.801302409339));
#9277 = CARTESIAN_POINT('',(4.71920732785,13.80129665121));
#9278 = CARTESIAN_POINT('',(4.718639125446,13.801291354049));
#9279 = CARTESIAN_POINT('',(4.718070922997,13.801286517814));
#9280 = CARTESIAN_POINT('',(4.71750272081,13.80128214246));
#9281 = CARTESIAN_POINT('',(4.716934519225,13.801278227936));
#9282 = CARTESIAN_POINT('',(4.716366318614,13.801274774191));
#9283 = CARTESIAN_POINT('',(4.715798119381,13.801271781168));
#9284 = CARTESIAN_POINT('',(4.71522992196,13.801269248808));
#9285 = CARTESIAN_POINT('',(4.714661726821,13.801267177045));
#9286 = CARTESIAN_POINT('',(4.714093534461,13.801265565811));
#9287 = CARTESIAN_POINT('',(4.713525345413,13.801264415033));
#9288 = CARTESIAN_POINT('',(4.712957160238,13.801263724634));
#9289 = CARTESIAN_POINT('',(4.712578373106,13.801263571231));
#9290 = CARTESIAN_POINT('',(4.712388980385,13.801263571231));
#9291 = ( GEOMETRIC_REPRESENTATION_CONTEXT(2)
PARAMETRIC_REPRESENTATION_CONTEXT() REPRESENTATION_CONTEXT('2D SPACE',''
  ) );
#9292 = PCURVE('',#8782,#9293);
#9293 = DEFINITIONAL_REPRESENTATION('',(#9294),#9298);
#9294 = LINE('',#9295,#9296);
#9295 = CARTESIAN_POINT('',(0.,0.));
#9296 = VECTOR('',#9297,1.);
#9297 = DIRECTION('',(0.,1.));
#9298 = ( GEOMETRIC_REPRESENTATION_CONTEXT(2)
PARAMETRIC_REPRESENTATION_CONTEXT() REPRESENTATION_CONTEXT('2D SPACE',''
  ) );
#9299 = ORIENTED_EDGE('',*,*,#9300,.T.);
#9300 = EDGE_CURVE('',#9169,#9301,#9303,.T.);
#9301 = VERTEX_POINT('',#9302);
#9302 = CARTESIAN_POINT('',(210.1,218.00062408019,4.198624941549));
#9303 = SURFACE_CURVE('',#9304,(#9308,#9315),.PCURVE_S1.);
#9304 = LINE('',#9305,#9306);
#9305 = CARTESIAN_POINT('',(210.1,218.00062408149,13.801375058679));
#9306 = VECTOR('',#9307,1.);
#9307 = DIRECTION('',(0.,-1.353788210137E-10,-1.));
#9308 = PCURVE('',#4940,#9309);
#9309 = DEFINITIONAL_REPRESENTATION('',(#9310),#9314);
#9310 = LINE('',#9311,#9312);
#9311 = CARTESIAN_POINT('',(4.724889305929,13.801375058678));
#9312 = VECTOR('',#9313,1.);
#9313 = DIRECTION('',(-0.,-1.));
#9314 = ( GEOMETRIC_REPRESENTATION_CONTEXT(2)
PARAMETRIC_REPRESENTATION_CONTEXT() REPRESENTATION_CONTEXT('2D SPACE',''
  ) );
#9315 = PCURVE('',#9125,#9316);
#9316 = DEFINITIONAL_REPRESENTATION('',(#9317),#9321);
#9317 = LINE('',#9318,#9319);
#9318 = CARTESIAN_POINT('',(4.801375058679,5.25689740719));
#9319 = VECTOR('',#9320,1.);
#9320 = DIRECTION('',(-1.,1.353788210137E-10));
#9321 = ( GEOMETRIC_REPRESENTATION_CONTEXT(2)
PARAMETRIC_REPRESENTATION_CONTEXT() REPRESENTATION_CONTEXT('2D SPACE',''
  ) );
#9322 = ORIENTED_EDGE('',*,*,#9323,.F.);
#9323 = EDGE_CURVE('',#5419,#9301,#9324,.T.);
#9324 = SURFACE_CURVE('',#9325,(#9416,#9445),.PCURVE_S1.);
#9325 = ( BOUNDED_CURVE() B_SPLINE_CURVE(12,(#9326,#9327,#9328,#9329,
    #9330,#9331,#9332,#9333,#9334,#9335,#9336,#9337,#9338,#9339,#9340,
    #9341,#9342,#9343,#9344,#9345,#9346,#9347,#9348,#9349,#9350,#9351,
    #9352,#9353,#9354,#9355,#9356,#9357,#9358,#9359,#9360,#9361,#9362,
    #9363,#9364,#9365,#9366,#9367,#9368,#9369,#9370,#9371,#9372,#9373,
    #9374,#9375,#9376,#9377,#9378,#9379,#9380,#9381,#9382,#9383,#9384,
    #9385,#9386,#9387,#9388,#9389,#9390,#9391,#9392,#9393,#9394,#9395,
    #9396,#9397,#9398,#9399,#9400,#9401,#9402,#9403,#9404,#9405,#9406,
    #9407,#9408,#9409,#9410,#9411,#9412,#9413,#9414,#9415),
.UNSPECIFIED.,.F.,.F.) B_SPLINE_CURVE_WITH_KNOTS((13,11,11,11,11,11,11,
    11,13),(461.84480172992,463.80327598854,464.78251311785,
    465.27213168251,465.51694096483,465.639345606,465.70054792658,
465.73114908687,465.76175024716),.UNSPECIFIED.) CURVE()
GEOMETRIC_REPRESENTATION_ITEM() RATIONAL_B_SPLINE_CURVE((1.,1.,1.,1.,1.,
    1.,1.,1.,1.,1.,1.,1.,1.,1.,1.000000000001,0.999999999999,
    1.000000000002,0.999999999998,1.000000000001,0.999999999999,1.,1.,1.
    ,1.,0.999999999999,1.000000000002,0.999999999997,1.000000000005,
    0.999999999995,1.000000000005,0.999999999997,1.000000000002,
    0.999999999999,1.,1.,1.,1.,1.000000000001,0.999999999999,
    1.000000000002,0.999999999998,1.000000000001,0.999999999999,1.,1.,1.
    ,0.999999999999,1.000000000002,0.999999999996,1.000000000005,
    0.999999999994,1.000000000005,0.999999999997,1.000000000002,
    0.999999999999,1.,1.,1.,1.,0.999999999999,1.000000000001,
    0.999999999998,1.000000000002,0.999999999999,1.000000000001,1.,1.,1.
    ,1.,1.,0.999999999999,1.000000000001,0.999999999999,1.000000000001,
    0.999999999999,1.,1.,1.,1.,1.,1.000000000001,0.999999999998,
    1.000000000003,0.999999999997,1.000000000003,0.999999999998,
1.000000000001,1.,1.,1.)) REPRESENTATION_ITEM('') );
#9326 = CARTESIAN_POINT('',(210.,218.,4.198736428769));
#9327 = CARTESIAN_POINT('',(210.16085809139,218.,4.198736428769));
#9328 = CARTESIAN_POINT('',(210.32177203974,218.00351782868,
    4.198107680334));
#9329 = CARTESIAN_POINT('',(210.48236005923,218.01059637355,
    4.196844922557));
#9330 = CARTESIAN_POINT('',(210.64293163719,218.02116562138,
    4.194957438782));
#9331 = CARTESIAN_POINT('',(210.80452915554,218.03525676271,
    4.19243939147));
#9332 = CARTESIAN_POINT('',(210.96890039833,218.05311551638,
    4.189250285354));
#9333 = CARTESIAN_POINT('',(211.13843143294,218.07526756497,
    4.185298797262));
#9334 = CARTESIAN_POINT('',(211.31606935319,218.10258899342,
    4.180423210862));
#9335 = CARTESIAN_POINT('',(211.50526437175,218.13643462136,
    4.174361694778));
#9336 = CARTESIAN_POINT('',(211.70996075021,218.17887712171,
    4.166705662294));
#9337 = CARTESIAN_POINT('',(211.93466605428,218.23310981606,
    4.156829451082));
#9338 = CARTESIAN_POINT('',(212.30960930612,218.33954415058,
    4.13726961628));
#9339 = CARTESIAN_POINT('',(212.44089838312,218.37922491229,
    4.129954574733));
#9340 = CARTESIAN_POINT('',(212.57914583101,218.42368095979,
    4.121734212894));
#9341 = CARTESIAN_POINT('',(212.72503466444,218.47366695455,
    4.112464449378));
#9342 = CARTESIAN_POINT('',(212.87928371768,218.53008676564,
    4.101973372066));
#9343 = CARTESIAN_POINT('',(213.04264818199,218.59399454592,
    4.090060940536));
#9344 = CARTESIAN_POINT('',(213.21591749763,218.66662970277,
    4.07649236398));
#9345 = CARTESIAN_POINT('',(213.39991060041,218.74948576334,
    4.060985154582));
#9346 = CARTESIAN_POINT('',(213.59546852287,218.84441313417,
    4.043189856387));
#9347 = CARTESIAN_POINT('',(213.80344435005,218.95375575556,
    4.022664449624));
#9348 = CARTESIAN_POINT('',(214.02469052985,219.08052165017,
    3.998842430519));
#9349 = CARTESIAN_POINT('',(214.37772004197,219.30262022446,
    3.957070634594));
#9350 = CARTESIAN_POINT('',(214.49892169992,219.38199751961,
    3.942136714369));
#9351 = CARTESIAN_POINT('',(214.62375485485,219.46718361115,
    3.926105219115));
#9352 = CARTESIAN_POINT('',(214.7523205536,219.55874967145,3.90886892322
    ));
#9353 = CARTESIAN_POINT('',(214.88471660319,219.65735003273,
    3.890305136463));
#9354 = CARTESIAN_POINT('',(215.02103790831,219.76371946414,
    3.870276095404));
#9355 = CARTESIAN_POINT('',(215.16137508994,219.87869137919,
    3.848625571935));
#9356 = CARTESIAN_POINT('',(215.30581138506,220.00323697343,
    3.825171698997));
#9357 = CARTESIAN_POINT('',(215.45441782744,220.13852529259,
    3.799696013467));
#9358 = CARTESIAN_POINT('',(215.60724670958,220.28600423089,
    3.771928716192));
#9359 = CARTESIAN_POINT('',(215.76432332576,220.44750245973,
    3.741530149207));
#9360 = CARTESIAN_POINT('',(216.00629233129,220.71427720026,
    3.691337660549));
#9361 = CARTESIAN_POINT('',(216.08800660582,220.80730259094,
    3.673838904683));
#9362 = CARTESIAN_POINT('',(216.17077851924,220.90470676979,
    3.655520378641));
#9363 = CARTESIAN_POINT('',(216.25460253736,221.00683355514,
    3.636318716061));
#9364 = CARTESIAN_POINT('',(216.33946927442,221.11407656065,
    3.616161578072));
#9365 = CARTESIAN_POINT('',(216.42536571213,221.22687704046,
    3.594967896526));
#9366 = CARTESIAN_POINT('',(216.51227425537,221.34573529112,
    3.572645810458));
#9367 = CARTESIAN_POINT('',(216.6001706249,221.47123561064,
    3.549088295793));
#9368 = CARTESIAN_POINT('',(216.68902058666,221.60408481449,
    3.524166488267));
#9369 = CARTESIAN_POINT('',(216.77877551801,221.7451643085,3.49772069961
    ));
#9370 = CARTESIAN_POINT('',(216.86936681072,221.89559571885,
    3.469549126944));
#9371 = CARTESIAN_POINT('',(217.00636526076,222.13743225903,
    3.424316819657));
#9372 = CARTESIAN_POINT('',(217.05221596159,222.22075071638,
    3.408742341062));
#9373 = CARTESIAN_POINT('',(217.09824002313,222.3069473062,
    3.392639718789));
#9374 = CARTESIAN_POINT('',(217.14442268961,222.39623551848,
    3.375971167552));
#9375 = CARTESIAN_POINT('',(217.19074651268,222.48886058935,
    3.358693538794));
#9376 = CARTESIAN_POINT('',(217.2371914683,222.58509826665,3.34075834927
    ));
#9377 = CARTESIAN_POINT('',(217.28373431761,222.68526222982,
    3.32211051703));
#9378 = CARTESIAN_POINT('',(217.33034721137,222.78972016399,
    3.302685804819));
#9379 = CARTESIAN_POINT('',(217.37699553863,222.8989184884,
    3.282406970878));
#9380 = CARTESIAN_POINT('',(217.42363501894,223.0134157391,
    3.261178627165));
#9381 = CARTESIAN_POINT('',(217.47020803854,223.13392460587,
    3.238880804973));
#9382 = CARTESIAN_POINT('',(217.53985482632,223.32508163229,
    3.203601439463));
#9383 = CARTESIAN_POINT('',(217.56303598746,223.39052127329,
    3.191537466327));
#9384 = CARTESIAN_POINT('',(217.58617092357,223.45782325951,
    3.179147142399));
#9385 = CARTESIAN_POINT('',(217.60924834232,223.52712377642,
    3.166408326991));
#9386 = CARTESIAN_POINT('',(217.63225635168,223.59856600796,
    3.153297347781));
#9387 = CARTESIAN_POINT('',(217.65518136222,223.67231266265,
    3.139787443689));
#9388 = CARTESIAN_POINT('',(217.67800698945,223.74855849954,
    3.125847207768));
#9389 = CARTESIAN_POINT('',(217.70071295619,223.82754285439,
    3.111439030091));
#9390 = CARTESIAN_POINT('',(217.72327399485,223.90956216556,
    3.096517540632));
#9391 = CARTESIAN_POINT('',(217.74565874984,223.99498250017,
    3.081028052155));
#9392 = CARTESIAN_POINT('',(217.76782867985,224.08425208012,
    3.064905003099));
#9393 = CARTESIAN_POINT('',(217.80069110039,224.22474467208,
    3.039653099149));
#9394 = CARTESIAN_POINT('',(217.81157999646,224.27267160123,
    3.031057657876));
#9395 = CARTESIAN_POINT('',(217.82239618125,224.32178096121,
    3.022273182126));
#9396 = CARTESIAN_POINT('',(217.83313234435,224.37215726938,
    3.013288178898));
#9397 = CARTESIAN_POINT('',(217.84378072732,224.42389012472,
    3.004090108278));
#9398 = CARTESIAN_POINT('',(217.85433251894,224.47708113757,
    2.994664935011));
#9399 = CARTESIAN_POINT('',(217.86477725044,224.53185085954,
    2.984996680058));
#9400 = CARTESIAN_POINT('',(217.87510219074,224.58834571325,
    2.975066972182));
#9401 = CARTESIAN_POINT('',(217.88529174168,224.64674492229,
    2.964854599497));
#9402 = CARTESIAN_POINT('',(217.89532683322,224.70726744093,
    2.954335061052));
#9403 = CARTESIAN_POINT('',(217.90518431873,224.77017888403,
    2.943480118388));
#9404 = CARTESIAN_POINT('',(217.92448842164,224.90141802965,
    2.921034575835));
#9405 = CARTESIAN_POINT('',(217.93392879787,224.9698269538,
    2.909492817015));
#9406 = CARTESIAN_POINT('',(217.9431791334,225.04068403227,
    2.897121749035));
#9407 = CARTESIAN_POINT('',(217.9519578338,225.117660538,2.886143849723)
  );
#9408 = CARTESIAN_POINT('',(217.96096738176,225.19135357315,
    2.869623064879));
#9409 = CARTESIAN_POINT('',(217.9685010465,225.28428043429,
    2.862567175718));
#9410 = CARTESIAN_POINT('',(217.97721950824,225.36106710838,
    2.840050178194));
#9411 = CARTESIAN_POINT('',(217.98342324323,225.47042847453,
    2.834134585226));
#9412 = CARTESIAN_POINT('',(217.99073770686,225.56428406555,
    2.811488903304));
#9413 = CARTESIAN_POINT('',(217.99550003274,225.6902833547,2.80074619394
    ));
#9414 = CARTESIAN_POINT('',(218.,225.81796448934,2.780287662486));
#9415 = CARTESIAN_POINT('',(218.,226.,2.770165000727));
#9416 = PCURVE('',#4940,#9417);
#9417 = DEFINITIONAL_REPRESENTATION('',(#9418),#9444);
#9418 = B_SPLINE_CURVE_WITH_KNOTS('',3,(#9419,#9420,#9421,#9422,#9423,
    #9424,#9425,#9426,#9427,#9428,#9429,#9430,#9431,#9432,#9433,#9434,
    #9435,#9436,#9437,#9438,#9439,#9440,#9441,#9442,#9443),
  .UNSPECIFIED.,.F.,.F.,(4,1,1,1,1,1,1,1,1,1,1,1,1,1,1,1,1,1,1,1,1,1,4),
  (461.84480172992,461.84941350401,461.8540252781,461.85863705219,
    461.86324882628,461.86786060037,461.87247237446,461.87708414855,
    461.88169592264,461.88630769673,461.89091947082,461.89553124491,
    461.90014301901,461.9047547931,461.90936656719,461.91397834128,
    461.91859011537,461.92320188946,461.92781366355,461.93242543764,
    461.93703721173,461.94164898582,461.94626075991),
  .QUASI_UNIFORM_KNOTS.);
#9419 = CARTESIAN_POINT('',(4.712388980385,4.198736428769));
#9420 = CARTESIAN_POINT('',(4.712578373017,4.198736428769));
#9421 = CARTESIAN_POINT('',(4.712957159974,4.198736275367));
#9422 = CARTESIAN_POINT('',(4.7135253449,4.198735584971));
#9423 = CARTESIAN_POINT('',(4.714093533714,4.198734434199));
#9424 = CARTESIAN_POINT('',(4.714661725857,4.198732822973));
#9425 = CARTESIAN_POINT('',(4.715229920799,4.198730751219));
#9426 = CARTESIAN_POINT('',(4.715798118042,4.198728218868));
#9427 = CARTESIAN_POINT('',(4.716366317121,4.198725225857));
#9428 = CARTESIAN_POINT('',(4.716934517603,4.198721772125));
#9429 = CARTESIAN_POINT('',(4.717502719084,4.198717857615));
#9430 = CARTESIAN_POINT('',(4.718070921195,4.198713482274));
#9431 = CARTESIAN_POINT('',(4.718639123598,4.198708646053));
#9432 = CARTESIAN_POINT('',(4.719207325987,4.198703348907));
#9433 = CARTESIAN_POINT('',(4.719775528088,4.198697590793));
#9434 = CARTESIAN_POINT('',(4.720343729659,4.19869137167));
#9435 = CARTESIAN_POINT('',(4.720911930489,4.198684691501));
#9436 = CARTESIAN_POINT('',(4.721480130401,4.198677550253));
#9437 = CARTESIAN_POINT('',(4.722048329249,4.198669947893));
#9438 = CARTESIAN_POINT('',(4.722616526919,4.19866188439));
#9439 = CARTESIAN_POINT('',(4.723184723329,4.198653359718));
#9440 = CARTESIAN_POINT('',(4.72375291843,4.198644373849));
#9441 = CARTESIAN_POINT('',(4.724321112202,4.19863492676));
#9442 = CARTESIAN_POINT('',(4.72469990718,4.198628321205));
#9443 = CARTESIAN_POINT('',(4.724889304453,4.198624941549));
#9444 = ( GEOMETRIC_REPRESENTATION_CONTEXT(2)
PARAMETRIC_REPRESENTATION_CONTEXT() REPRESENTATION_CONTEXT('2D SPACE',''
  ) );
#9445 = PCURVE('',#9446,#9717);
#9446 = ( BOUNDED_SURFACE() B_SPLINE_SURFACE(2,12,(
    (#9447,#9448,#9449,#9450,#9451,#9452,#9453,#9454,#9455,#9456,#9457
      ,#9458,#9459,#9460,#9461,#9462,#9463,#9464,#9465,#9466,#9467,#9468
      ,#9469,#9470,#9471,#9472,#9473,#9474,#9475,#9476,#9477,#9478,#9479
      ,#9480,#9481,#9482,#9483,#9484,#9485,#9486,#9487,#9488,#9489,#9490
      ,#9491,#9492,#9493,#9494,#9495,#9496,#9497,#9498,#9499,#9500,#9501
      ,#9502,#9503,#9504,#9505,#9506,#9507,#9508,#9509,#9510,#9511,#9512
      ,#9513,#9514,#9515,#9516,#9517,#9518,#9519,#9520,#9521,#9522,#9523
      ,#9524,#9525,#9526,#9527,#9528,#9529,#9530,#9531,#9532,#9533,#9534
      ,#9535,#9536)
    ,(#9537,#9538,#9539,#9540,#9541,#9542,#9543,#9544,#9545,#9546,#9547
      ,#9548,#9549,#9550,#9551,#9552,#9553,#9554,#9555,#9556,#9557,#9558
      ,#9559,#9560,#9561,#9562,#9563,#9564,#9565,#9566,#9567,#9568,#9569
      ,#9570,#9571,#9572,#9573,#9574,#9575,#9576,#9577,#9578,#9579,#9580
      ,#9581,#9582,#9583,#9584,#9585,#9586,#9587,#9588,#9589,#9590,#9591
      ,#9592,#9593,#9594,#9595,#9596,#9597,#9598,#9599,#9600,#9601,#9602
      ,#9603,#9604,#9605,#9606,#9607,#9608,#9609,#9610,#9611,#9612,#9613
      ,#9614,#9615,#9616,#9617,#9618,#9619,#9620,#9621,#9622,#9623,#9624
      ,#9625,#9626)
    ,(#9627,#9628,#9629,#9630,#9631,#9632,#9633,#9634,#9635,#9636,#9637
      ,#9638,#9639,#9640,#9641,#9642,#9643,#9644,#9645,#9646,#9647,#9648
      ,#9649,#9650,#9651,#9652,#9653,#9654,#9655,#9656,#9657,#9658,#9659
      ,#9660,#9661,#9662,#9663,#9664,#9665,#9666,#9667,#9668,#9669,#9670
      ,#9671,#9672,#9673,#9674,#9675,#9676,#9677,#9678,#9679,#9680,#9681
      ,#9682,#9683,#9684,#9685,#9686,#9687,#9688,#9689,#9690,#9691,#9692
      ,#9693,#9694,#9695,#9696,#9697,#9698,#9699,#9700,#9701,#9702,#9703
      ,#9704,#9705,#9706,#9707,#9708,#9709,#9710,#9711,#9712,#9713,#9714
      ,#9715,#9716
)),.UNSPECIFIED.,.F.,.F.,.F.) B_SPLINE_SURFACE_WITH_KNOTS((3,3),(13,11,
    11,11,11,11,11,11,13),(0.,3.916948517246),(461.84480172992,
    463.80327598854,464.78251311785,465.27213168251,465.51694096483,
    465.639345606,465.70054792658,465.73114908687,465.76175024716),
.UNSPECIFIED.) GEOMETRIC_REPRESENTATION_ITEM() RATIONAL_B_SPLINE_SURFACE
((
    (1.,1.,1.,1.,1.,1.,1.,1.,1.,1.,1.,1.,1.,1.,1.000000000001
      ,0.999999999999,1.000000000002,0.999999999998,1.000000000001
      ,0.999999999999,1.,1.,1.,1.,0.999999999999,1.000000000002
      ,0.999999999997,1.000000000005,0.999999999995,1.000000000005
      ,0.999999999997,1.000000000002,0.999999999999,1.,1.,1.,1.
      ,1.000000000001,0.999999999999,1.000000000002,0.999999999998
      ,1.000000000001,0.999999999999,1.,1.,1.,0.999999999999
      ,1.000000000002,0.999999999996,1.000000000005,0.999999999994
      ,1.000000000005,0.999999999997,1.000000000002,0.999999999999,1.,1.
      ,1.,1.,0.999999999999,1.000000000001,0.999999999998,1.000000000002
      ,0.999999999999,1.000000000001,1.,1.,1.,1.,1.,0.999999999999
      ,1.000000000001,0.999999999999,1.000000000001,0.999999999999,1.,1.
      ,1.,1.,1.,1.000000000001,0.999999999998,1.000000000003
      ,0.999999999997,1.000000000003,0.999999999998,1.000000000001,1.,1.
      ,1.)
    ,(0.637529564848,0.637529564848,0.6375613984,0.637627292871
      ,0.637724127925,0.637851977702,0.638015678239,0.638221970372
      ,0.638474768347,0.638771104361,0.639100299259,0.639448909622
      ,0.639996547376,0.640183187311,0.640373036399,0.64056583253
      ,0.640761765975,0.640961408789,0.641165744059,0.641376294897
      ,0.641595353288,0.641826308695,0.642074076491,0.642481401027
      ,0.642623260006,0.642771862181,0.64292840019,0.643094351011
      ,0.643271380412,0.643461401295,0.643666785654,0.64389073047
      ,0.644137777222,0.64441448529,0.644888145918,0.645055980562
      ,0.645234651176,0.645425761624,0.645631301252,0.64585352075
      ,0.646095014029,0.646359006172,0.646649847378,0.646973712987
      ,0.647339509507,0.647970225296,0.648194365718,0.6484336431
      ,0.648690216331,0.648966754028,0.649266283426,0.649592302491
      ,0.649949154853,0.650342668006,0.650781054352,0.65127607543
      ,0.652128665937,0.652430503019,0.652753542134,0.653100602224
      ,0.65347436529,0.653877982273,0.654315678988,0.654793361971
      ,0.655319224431,0.655904352102,0.656563329176,0.65769060168
      ,0.658089051475,0.658514235044,0.658969523809,0.659458244576
      ,0.659984304933,0.660552818712,0.661170731372,0.661847445462
      ,0.662595446016,0.663430925999,0.665317897439,0.666410573157
      ,0.667287789943,0.669819078952,0.668433618238,0.675471738191
      ,0.670691209918,0.680572157963,0.67789380273,0.686936807345
      ,0.690053369186,0.707106781555)
    ,(1.,1.,1.,1.,1.,1.,1.,1.,1.,1.,1.,1.,1.,1.,1.000000000001
      ,0.999999999999,1.000000000002,0.999999999998,1.000000000001
      ,0.999999999999,1.,1.,1.,1.,0.999999999999,1.000000000002
      ,0.999999999997,1.000000000005,0.999999999995,1.000000000005
      ,0.999999999997,1.000000000002,0.999999999999,1.,1.,1.,1.
      ,1.000000000001,0.999999999999,1.000000000002,0.999999999998
      ,1.000000000001,0.999999999999,1.,1.,1.,0.999999999999
      ,1.000000000002,0.999999999996,1.000000000005,0.999999999994
      ,1.000000000005,0.999999999997,1.000000000002,0.999999999999,1.,1.
      ,1.,1.,0.999999999999,1.000000000001,0.999999999998,1.000000000002
      ,0.999999999999,1.000000000001,1.,1.,1.,1.,1.,0.999999999999
      ,1.000000000001,0.999999999999,1.000000000001,0.999999999999,1.,1.
      ,1.,1.,1.,1.000000000001,0.999999999998,1.000000000003
      ,0.999999999997,1.000000000003,0.999999999998,1.000000000001,1.,1.
,1.))) REPRESENTATION_ITEM('') SURFACE() );
#9447 = CARTESIAN_POINT('',(210.,218.,4.198736428769));
#9448 = CARTESIAN_POINT('',(210.16085809139,218.,4.198736428769));
#9449 = CARTESIAN_POINT('',(210.32177203974,218.00351782868,
    4.198107680334));
#9450 = CARTESIAN_POINT('',(210.48236005923,218.01059637355,
    4.196844922557));
#9451 = CARTESIAN_POINT('',(210.64293163719,218.02116562138,
    4.194957438782));
#9452 = CARTESIAN_POINT('',(210.80452915554,218.03525676271,
    4.19243939147));
#9453 = CARTESIAN_POINT('',(210.96890039833,218.05311551638,
    4.189250285354));
#9454 = CARTESIAN_POINT('',(211.13843143294,218.07526756497,
    4.185298797262));
#9455 = CARTESIAN_POINT('',(211.31606935319,218.10258899342,
    4.180423210862));
#9456 = CARTESIAN_POINT('',(211.50526437175,218.13643462136,
    4.174361694778));
#9457 = CARTESIAN_POINT('',(211.70996075021,218.17887712171,
    4.166705662294));
#9458 = CARTESIAN_POINT('',(211.93466605428,218.23310981606,
    4.156829451082));
#9459 = CARTESIAN_POINT('',(212.30960930612,218.33954415058,
    4.13726961628));
#9460 = CARTESIAN_POINT('',(212.44089838312,218.37922491229,
    4.129954574733));
#9461 = CARTESIAN_POINT('',(212.57914583101,218.42368095979,
    4.121734212894));
#9462 = CARTESIAN_POINT('',(212.72503466444,218.47366695455,
    4.112464449378));
#9463 = CARTESIAN_POINT('',(212.87928371768,218.53008676564,
    4.101973372066));
#9464 = CARTESIAN_POINT('',(213.04264818199,218.59399454592,
    4.090060940536));
#9465 = CARTESIAN_POINT('',(213.21591749763,218.66662970277,
    4.07649236398));
#9466 = CARTESIAN_POINT('',(213.39991060041,218.74948576334,
    4.060985154582));
#9467 = CARTESIAN_POINT('',(213.59546852287,218.84441313417,
    4.043189856387));
#9468 = CARTESIAN_POINT('',(213.80344435005,218.95375575556,
    4.022664449624));
#9469 = CARTESIAN_POINT('',(214.02469052985,219.08052165017,
    3.998842430519));
#9470 = CARTESIAN_POINT('',(214.37772004197,219.30262022446,
    3.957070634594));
#9471 = CARTESIAN_POINT('',(214.49892169992,219.38199751961,
    3.942136714369));
#9472 = CARTESIAN_POINT('',(214.62375485485,219.46718361115,
    3.926105219115));
#9473 = CARTESIAN_POINT('',(214.7523205536,219.55874967145,3.90886892322
    ));
#9474 = CARTESIAN_POINT('',(214.88471660319,219.65735003273,
    3.890305136463));
#9475 = CARTESIAN_POINT('',(215.02103790831,219.76371946414,
    3.870276095404));
#9476 = CARTESIAN_POINT('',(215.16137508994,219.87869137919,
    3.848625571935));
#9477 = CARTESIAN_POINT('',(215.30581138506,220.00323697343,
    3.825171698997));
#9478 = CARTESIAN_POINT('',(215.45441782744,220.13852529259,
    3.799696013467));
#9479 = CARTESIAN_POINT('',(215.60724670958,220.28600423089,
    3.771928716192));
#9480 = CARTESIAN_POINT('',(215.76432332576,220.44750245973,
    3.741530149207));
#9481 = CARTESIAN_POINT('',(216.00629233129,220.71427720026,
    3.691337660549));
#9482 = CARTESIAN_POINT('',(216.08800660582,220.80730259094,
    3.673838904683));
#9483 = CARTESIAN_POINT('',(216.17077851924,220.90470676979,
    3.655520378641));
#9484 = CARTESIAN_POINT('',(216.25460253736,221.00683355514,
    3.636318716061));
#9485 = CARTESIAN_POINT('',(216.33946927442,221.11407656065,
    3.616161578072));
#9486 = CARTESIAN_POINT('',(216.42536571213,221.22687704046,
    3.594967896526));
#9487 = CARTESIAN_POINT('',(216.51227425537,221.34573529112,
    3.572645810458));
#9488 = CARTESIAN_POINT('',(216.6001706249,221.47123561064,
    3.549088295793));
#9489 = CARTESIAN_POINT('',(216.68902058666,221.60408481449,
    3.524166488267));
#9490 = CARTESIAN_POINT('',(216.77877551801,221.7451643085,3.49772069961
    ));
#9491 = CARTESIAN_POINT('',(216.86936681072,221.89559571885,
    3.469549126944));
#9492 = CARTESIAN_POINT('',(217.00636526076,222.13743225903,
    3.424316819657));
#9493 = CARTESIAN_POINT('',(217.05221596159,222.22075071638,
    3.408742341062));
#9494 = CARTESIAN_POINT('',(217.09824002313,222.3069473062,
    3.392639718789));
#9495 = CARTESIAN_POINT('',(217.14442268961,222.39623551848,
    3.375971167552));
#9496 = CARTESIAN_POINT('',(217.19074651268,222.48886058935,
    3.358693538794));
#9497 = CARTESIAN_POINT('',(217.2371914683,222.58509826665,3.34075834927
    ));
#9498 = CARTESIAN_POINT('',(217.28373431761,222.68526222982,
    3.32211051703));
#9499 = CARTESIAN_POINT('',(217.33034721137,222.78972016399,
    3.302685804819));
#9500 = CARTESIAN_POINT('',(217.37699553863,222.8989184884,
    3.282406970878));
#9501 = CARTESIAN_POINT('',(217.42363501894,223.0134157391,
    3.261178627165));
#9502 = CARTESIAN_POINT('',(217.47020803854,223.13392460587,
    3.238880804973));
#9503 = CARTESIAN_POINT('',(217.53985482632,223.32508163229,
    3.203601439463));
#9504 = CARTESIAN_POINT('',(217.56303598746,223.39052127329,
    3.191537466327));
#9505 = CARTESIAN_POINT('',(217.58617092357,223.45782325951,
    3.179147142399));
#9506 = CARTESIAN_POINT('',(217.60924834232,223.52712377642,
    3.166408326991));
#9507 = CARTESIAN_POINT('',(217.63225635168,223.59856600796,
    3.153297347781));
#9508 = CARTESIAN_POINT('',(217.65518136222,223.67231266265,
    3.139787443689));
#9509 = CARTESIAN_POINT('',(217.67800698945,223.74855849954,
    3.125847207768));
#9510 = CARTESIAN_POINT('',(217.70071295619,223.82754285439,
    3.111439030091));
#9511 = CARTESIAN_POINT('',(217.72327399485,223.90956216556,
    3.096517540632));
#9512 = CARTESIAN_POINT('',(217.74565874984,223.99498250017,
    3.081028052155));
#9513 = CARTESIAN_POINT('',(217.76782867985,224.08425208012,
    3.064905003099));
#9514 = CARTESIAN_POINT('',(217.80069110039,224.22474467208,
    3.039653099149));
#9515 = CARTESIAN_POINT('',(217.81157999646,224.27267160123,
    3.031057657876));
#9516 = CARTESIAN_POINT('',(217.82239618125,224.32178096121,
    3.022273182126));
#9517 = CARTESIAN_POINT('',(217.83313234435,224.37215726938,
    3.013288178898));
#9518 = CARTESIAN_POINT('',(217.84378072732,224.42389012472,
    3.004090108278));
#9519 = CARTESIAN_POINT('',(217.85433251894,224.47708113757,
    2.994664935011));
#9520 = CARTESIAN_POINT('',(217.86477725044,224.53185085954,
    2.984996680058));
#9521 = CARTESIAN_POINT('',(217.87510219074,224.58834571325,
    2.975066972182));
#9522 = CARTESIAN_POINT('',(217.88529174168,224.64674492229,
    2.964854599497));
#9523 = CARTESIAN_POINT('',(217.89532683322,224.70726744093,
    2.954335061052));
#9524 = CARTESIAN_POINT('',(217.90518431873,224.77017888403,
    2.943480118388));
#9525 = CARTESIAN_POINT('',(217.92448842164,224.90141802965,
    2.921034575835));
#9526 = CARTESIAN_POINT('',(217.93392879787,224.9698269538,
    2.909492817015));
#9527 = CARTESIAN_POINT('',(217.9431791334,225.04068403227,
    2.897121749035));
#9528 = CARTESIAN_POINT('',(217.9519578338,225.117660538,2.886143849723)
  );
#9529 = CARTESIAN_POINT('',(217.96096738176,225.19135357315,
    2.869623064879));
#9530 = CARTESIAN_POINT('',(217.9685010465,225.28428043429,
    2.862567175718));
#9531 = CARTESIAN_POINT('',(217.97721950824,225.36106710838,
    2.840050178194));
#9532 = CARTESIAN_POINT('',(217.98342324323,225.47042847453,
    2.834134585226));
#9533 = CARTESIAN_POINT('',(217.99073770686,225.56428406555,
    2.811488903304));
#9534 = CARTESIAN_POINT('',(217.99550003274,225.6902833547,2.80074619394
    ));
#9535 = CARTESIAN_POINT('',(218.,225.81796448934,2.780287662486));
#9536 = CARTESIAN_POINT('',(218.,226.,2.770165000727));
#9537 = CARTESIAN_POINT('',(209.99999999999,218.,4.802964007969));
#9538 = CARTESIAN_POINT('',(210.16320603401,218.,4.802964007969));
#9539 = CARTESIAN_POINT('',(210.3264469107,218.00362170766,4.80227415889
    ));
#9540 = CARTESIAN_POINT('',(210.48935860284,218.0109026891,
    4.800887305283));
#9541 = CARTESIAN_POINT('',(210.65223228941,218.02177754987,
    4.79881590323));
#9542 = CARTESIAN_POINT('',(210.81603781143,218.03627604124,
    4.796054285829));
#9543 = CARTESIAN_POINT('',(210.98240582377,218.05462970837,
    4.792558349231));
#9544 = CARTESIAN_POINT('',(211.15359275748,218.07733793599,
    4.788232972543));
#9545 = CARTESIAN_POINT('',(211.33244754809,218.10524448553,
    4.782917439296));
#9546 = CARTESIAN_POINT('',(211.52239445284,218.1396753579,
    4.776359177892));
#9547 = CARTESIAN_POINT('',(211.72744162051,218.18268808556,
    4.768166277385));
#9548 = CARTESIAN_POINT('',(211.9522190318,218.23748109406,
    4.757729513862));
#9549 = CARTESIAN_POINT('',(212.32684349433,218.34474184491,
    4.737298894652));
#9550 = CARTESIAN_POINT('',(212.4578892528,218.38467306708,
    4.729692947572));
#9551 = CARTESIAN_POINT('',(212.59583702137,218.42937334882,
    4.721178608193));
#9552 = CARTESIAN_POINT('',(212.74138167278,218.47960003086,
    4.711611621139));
#9553 = CARTESIAN_POINT('',(212.89525373474,218.53626087113,
    4.700819080134));
#9554 = CARTESIAN_POINT('',(213.05821861156,218.60041356235,
    4.688599519902));
#9555 = CARTESIAN_POINT('',(213.2310742732,218.67330053201,
    4.674716287586));
#9556 = CARTESIAN_POINT('',(213.41464722024,218.75641884556,
    4.658884227862));
#9557 = CARTESIAN_POINT('',(213.60978648724,218.85162497213,
    4.640749727562));
#9558 = CARTESIAN_POINT('',(213.8173553914,218.96127407663,
    4.619864183849));
#9559 = CARTESIAN_POINT('',(214.038220667,219.08839334896,4.595650989118
    ));
#9560 = CARTESIAN_POINT('',(214.39067299325,219.31108920888,
    4.553232730086));
#9561 = CARTESIAN_POINT('',(214.5116339407,219.39064413813,4.53807941023
    ));
#9562 = CARTESIAN_POINT('',(214.63622670939,219.47601612834,
    4.521818078761));
#9563 = CARTESIAN_POINT('',(214.76455356685,219.56777944305,
    4.504339352149));
#9564 = CARTESIAN_POINT('',(214.89671391543,219.66659267443,
    4.485517784269));
#9565 = CARTESIAN_POINT('',(215.03280381897,219.77319432557,
    4.465212707858));
#9566 = CARTESIAN_POINT('',(215.17291466953,219.88842101818,
    4.443264766411));
#9567 = CARTESIAN_POINT('',(215.31713076679,220.0132480791,
    4.419488183378));
#9568 = CARTESIAN_POINT('',(215.46552555673,220.14885217761,
    4.393658831281));
#9569 = CARTESIAN_POINT('',(215.61815624991,220.29669557299,
    4.365498184542));
#9570 = CARTESIAN_POINT('',(215.77505651331,220.45863136954,
    4.334653270914));
#9571 = CARTESIAN_POINT('',(216.01675291401,220.72616220456,
    4.283695016624));
#9572 = CARTESIAN_POINT('',(216.09833714494,220.81941136232,
    4.265933272288));
#9573 = CARTESIAN_POINT('',(216.18097834117,220.9170532711,
    4.247334813473));
#9574 = CARTESIAN_POINT('',(216.26467162303,221.01943568067,
    4.227833402125));
#9575 = CARTESIAN_POINT('',(216.34940851785,221.12695752599,
    4.207353050638));
#9576 = CARTESIAN_POINT('',(216.43517661376,221.2400649395,
    4.185808781395));
#9577 = CARTESIAN_POINT('',(216.52195865719,221.35926272505,
    4.163104441292));
#9578 = CARTESIAN_POINT('',(216.60973090495,221.48514098199,
    4.139127630446));
#9579 = CARTESIAN_POINT('',(216.69846053421,221.6184164927,
    4.113741818883));
#9580 = CARTESIAN_POINT('',(216.78810190795,221.75998838454,
    4.086775744247));
#9581 = CARTESIAN_POINT('',(216.8785914906,221.91100743408,
    4.058010211001));
#9582 = CARTESIAN_POINT('',(217.01542166006,222.15385472151,
    4.011753584824));
#9583 = CARTESIAN_POINT('',(217.06118568466,222.23747871741,
    3.995825204652));
#9584 = CARTESIAN_POINT('',(217.10712144069,222.32400126055,
    3.979344720245));
#9585 = CARTESIAN_POINT('',(217.15321445612,222.41364061548,
    3.962270557401));
#9586 = CARTESIAN_POINT('',(217.19944768436,222.50664832408,
    3.944554803381));
#9587 = CARTESIAN_POINT('',(217.24580128974,222.60330618633,
    3.926143782001));
#9588 = CARTESIAN_POINT('',(217.29225203561,222.7039338294,
    3.906976611892));
#9589 = CARTESIAN_POINT('',(217.33877214719,222.80890653763,
    3.886981810325));
#9590 = CARTESIAN_POINT('',(217.38532752009,222.9186829521,
    3.866072017092));
#9591 = CARTESIAN_POINT('',(217.43187514964,223.03384216322,
    3.844136929259));
#9592 = CARTESIAN_POINT('',(217.47835965984,223.1551295994,
    3.821034560464));
#9593 = CARTESIAN_POINT('',(217.54785310439,223.34761768751,
    3.784370162728));
#9594 = CARTESIAN_POINT('',(217.57096036806,223.41346668407,
    3.771827496717));
#9595 = CARTESIAN_POINT('',(217.59401949856,223.4812116293,
    3.758923697625));
#9596 = CARTESIAN_POINT('',(217.6170190737,223.55099401301,
    3.745631815015));
#9597 = CARTESIAN_POINT('',(217.63994670984,223.62295938925,
    3.731924124302));
#9598 = CARTESIAN_POINT('',(217.66278828385,223.69727320869,
    3.717769111076));
#9599 = CARTESIAN_POINT('',(217.68552703312,223.77413615335,
    3.703128550187));
#9600 = CARTESIAN_POINT('',(217.7081425378,223.85379890523,
    3.687954692688));
#9601 = CARTESIAN_POINT('',(217.73060959028,223.9365762621,
    3.672187577092));
#9602 = CARTESIAN_POINT('',(217.75289696027,224.02286048811,
    3.655752486424));
#9603 = CARTESIAN_POINT('',(217.77496606596,224.11313374904,
    3.63855757958));
#9604 = CARTESIAN_POINT('',(217.80765263244,224.25532099207,
    3.611474295193));
#9605 = CARTESIAN_POINT('',(217.81846735461,224.30378779846,
    3.602242522547));
#9606 = CARTESIAN_POINT('',(217.82920621251,224.3534768643,
    3.592777938577));
#9607 = CARTESIAN_POINT('',(217.83986156318,224.40447836867,
    3.583063366318));
#9608 = CARTESIAN_POINT('',(217.85042517729,224.45688557516,
    3.573081041271));
#9609 = CARTESIAN_POINT('',(217.86088771672,224.51080441291,
    3.562810786462));
#9610 = CARTESIAN_POINT('',(217.87123815734,224.56636268229,
    3.552228258961));
#9611 = CARTESIAN_POINT('',(217.88146316038,224.62371883876,
    3.541303276777));
#9612 = CARTESIAN_POINT('',(217.89154639733,224.68307029601,3.5299982373
    ));
#9613 = CARTESIAN_POINT('',(217.90146783453,224.74466117306,
    3.51826664167));
#9614 = CARTESIAN_POINT('',(217.91120298577,224.80878938594,
    3.50605174398));
#9615 = CARTESIAN_POINT('',(217.93021430452,224.94264642878,
    3.48055516439));
#9616 = CARTESIAN_POINT('',(217.93947666286,225.01254743529,
    3.467240686961));
#9617 = CARTESIAN_POINT('',(217.94855738499,225.08381759612,
    3.453665418233));
#9618 = CARTESIAN_POINT('',(217.95701347687,225.16655183474,
    3.437906515635));
#9619 = CARTESIAN_POINT('',(217.96607741223,225.23241663962,
    3.425360838519));
#9620 = CARTESIAN_POINT('',(217.97275029453,225.34420462324,
    3.404067889254));
#9621 = CARTESIAN_POINT('',(217.98199094211,225.40239094911,
    3.392984779569));
#9622 = CARTESIAN_POINT('',(217.98686104125,225.53600496047,
    3.367534491689));
#9623 = CARTESIAN_POINT('',(217.99453585724,225.61729327761,
    3.352051002709));
#9624 = CARTESIAN_POINT('',(217.99802432486,225.760258702,3.324819493301
    ));
#9625 = CARTESIAN_POINT('',(218.00218142531,225.8874640553,
    3.300589902197));
#9626 = CARTESIAN_POINT('',(218.,226.09355605436,3.261334283329));
#9627 = CARTESIAN_POINT('',(209.99999999997,218.59355605394,
    4.68990571198));
#9628 = CARTESIAN_POINT('',(210.15065771508,218.59355605394,
    4.68990571198));
#9629 = CARTESIAN_POINT('',(210.30137762596,218.59683712334,
    4.68928074638));
#9630 = CARTESIAN_POINT('',(210.45174632167,218.60348056446,
    4.688015329024));
#9631 = CARTESIAN_POINT('',(210.60212032637,218.61336847479,
    4.686131917533));
#9632 = CARTESIAN_POINT('',(210.75383199981,218.62653253145,
    4.683624478168));
#9633 = CARTESIAN_POINT('',(210.90913500294,218.64330901905,
    4.680428956722));
#9634 = CARTESIAN_POINT('',(211.07099209732,218.66438192292,
    4.676415070268));
#9635 = CARTESIAN_POINT('',(211.24280804721,218.69079591016,
    4.671383834606));
#9636 = CARTESIAN_POINT('',(211.42821039284,218.7240210202,
    4.665055242215));
#9637 = CARTESIAN_POINT('',(211.63098086401,218.76615088754,
    4.657030505579));
#9638 = CARTESIAN_POINT('',(211.85524020241,218.82031631826,
    4.646713280681));
#9639 = CARTESIAN_POINT('',(212.23136364114,218.92693590509,
    4.626404787951));
#9640 = CARTESIAN_POINT('',(212.36334986856,218.9667262978,4.61882566553
    ));
#9641 = CARTESIAN_POINT('',(212.50255732497,219.01133232058,
    4.610329280239));
#9642 = CARTESIAN_POINT('',(212.6496264814,219.061500319,4.600773471016)
  );
#9643 = CARTESIAN_POINT('',(212.80523434669,219.11812583695,
    4.589987658073));
#9644 = CARTESIAN_POINT('',(212.97009684154,219.18225528121,
    4.577772525832));
#9645 = CARTESIAN_POINT('',(213.14496799862,219.25512129817,
    4.563893284508));
#9646 = CARTESIAN_POINT('',(213.33063598871,219.33821186272,
    4.548066510307));
#9647 = CARTESIAN_POINT('',(213.5279159729,219.43337307934,
    4.529940564286));
#9648 = CARTESIAN_POINT('',(213.73763978088,219.54294569532,
    4.509069589812));
#9649 = CARTESIAN_POINT('',(213.96064241524,219.66993532619,
    4.484881088694));
#9650 = CARTESIAN_POINT('',(214.31629686514,219.89235692683,
    4.442515069524));
#9651 = CARTESIAN_POINT('',(214.43837192883,219.97183981624,
    4.427375471541));
#9652 = CARTESIAN_POINT('',(214.56407511989,220.05712919596,
    4.411129875404));
#9653 = CARTESIAN_POINT('',(214.69350589248,220.14879603337,
    4.393669525423));
#9654 = CARTESIAN_POINT('',(214.82676065131,220.2474944833,
    4.374869820672));
#9655 = CARTESIAN_POINT('',(214.96393307422,220.35395916593,
    4.354590833507));
#9656 = CARTESIAN_POINT('',(215.10511271382,220.46902336794,
    4.332673842645));
#9657 = CARTESIAN_POINT('',(215.25038187838,220.59365816709,
    4.308933880905));
#9658 = CARTESIAN_POINT('',(215.39981079178,220.72903247999,
    4.283148297494));
#9659 = CARTESIAN_POINT('',(215.55345103274,220.87659403339,
    4.255041334943));
#9660 = CARTESIAN_POINT('',(215.71132725305,221.0381712586,
    4.224264720616));
#9661 = CARTESIAN_POINT('',(215.95447713611,221.30505853483,
    4.173429048954));
#9662 = CARTESIAN_POINT('',(216.03658194555,221.39812043211,
    4.15570297328));
#9663 = CARTESIAN_POINT('',(216.11974123272,221.49556008976,
    4.13714303849));
#9664 = CARTESIAN_POINT('',(216.20394938755,221.59772125936,
    4.117683768091));
#9665 = CARTESIAN_POINT('',(216.28919694757,221.70499746801,
    4.097250204538));
#9666 = CARTESIAN_POINT('',(216.37547081831,221.81782987382,
    4.075758317717));
#9667 = CARTESIAN_POINT('',(216.46275332733,221.93671866445,
    4.053112833788));
#9668 = CARTESIAN_POINT('',(216.5510201118,222.06224799879,4.02920248439
    ));
#9669 = CARTESIAN_POINT('',(216.64023683965,222.1951244917,
    4.003892676217));
#9670 = CARTESIAN_POINT('',(216.73035476424,222.33622924184,
    3.977015580951));
#9671 = CARTESIAN_POINT('',(216.82130511265,222.48668340259,
    3.948357645569));
#9672 = CARTESIAN_POINT('',(216.95883590487,222.7285492428,3.90228796172
    ));
#9673 = CARTESIAN_POINT('',(217.00486300967,222.81187664076,
    3.886416076396));
#9674 = CARTESIAN_POINT('',(217.05106240842,222.89808129447,
    3.869996142355));
#9675 = CARTESIAN_POINT('',(217.09741930909,222.98737656208,
    3.852987519953));
#9676 = CARTESIAN_POINT('',(217.1439162195,223.08000750987,
    3.835343529899));
#9677 = CARTESIAN_POINT('',(217.19053306601,223.17624969615,
    3.817011684893));
#9678 = CARTESIAN_POINT('',(217.23724655241,223.27641658447,
    3.797932277594));
#9679 = CARTESIAN_POINT('',(217.28402875914,223.38087558606,
    3.77803532491));
#9680 = CARTESIAN_POINT('',(217.33084498265,223.49007273162,
    3.757235868612));
#9681 = CARTESIAN_POINT('',(217.37765081508,223.60456597242,
    3.735427632269));
#9682 = CARTESIAN_POINT('',(217.42438846419,223.72506711066,
    3.712475034509));
#9683 = CARTESIAN_POINT('',(217.49427923806,223.9162049834,
    3.676067820655));
#9684 = CARTESIAN_POINT('',(217.51754124233,223.98163707385,
    3.66360456533));
#9685 = CARTESIAN_POINT('',(217.54075648856,224.04892998944,
    3.650786867123));
#9686 = CARTESIAN_POINT('',(217.56391364401,224.11821967268,
    3.63758883222));
#9687 = CARTESIAN_POINT('',(217.58700077616,224.18964910169,
    3.623983226693));
#9688 = CARTESIAN_POINT('',(217.61000424811,224.26338074222,
    3.609939104689));
#9689 = CARTESIAN_POINT('',(217.63290761386,224.33960899958,
    3.59541943662));
#9690 = CARTESIAN_POINT('',(217.65569051372,224.41857267073,
    3.580378737352));
#9691 = CARTESIAN_POINT('',(217.67832756957,224.50056739624,
    3.564760694398));
#9692 = CARTESIAN_POINT('',(217.70078728025,224.58595811229,
    3.548495796103));
#9693 = CARTESIAN_POINT('',(217.72303091689,224.67519150269,
    3.531498959837));
#9694 = CARTESIAN_POINT('',(217.75600166891,224.81561692496,
    3.504751260358));
#9695 = CARTESIAN_POINT('',(217.76692630581,224.86351941241,
    3.495626977032));
#9696 = CARTESIAN_POINT('',(217.77777781941,224.91260173205,
    3.486277963769));
#9697 = CARTESIAN_POINT('',(217.78854885957,224.9629479997,
    3.476688198501));
#9698 = CARTESIAN_POINT('',(217.79923162596,225.01464745186,
    3.466840683805));
#9699 = CARTESIAN_POINT('',(217.80981725842,225.06780126916,
    3.456716147176));
#9700 = CARTESIAN_POINT('',(217.82029522744,225.12252940006,
    3.44629174129));
#9701 = CARTESIAN_POINT('',(217.83065272446,225.17897738432,
    3.435539744289));
#9702 = CARTESIAN_POINT('',(217.84087405241,225.23732317663,
    3.424426260038));
#9703 = CARTESIAN_POINT('',(217.85094001595,225.29778397019,
    3.412909918408));
#9704 = CARTESIAN_POINT('',(217.86082731205,225.36062302025,
    3.40094057554));
#9705 = CARTESIAN_POINT('',(217.88018852843,225.49168991517,
    3.375975452699));
#9706 = CARTESIAN_POINT('',(217.88965713734,225.55997683751,
    3.362968419872));
#9707 = CARTESIAN_POINT('',(217.89892609365,225.63088492391,
    3.349462117699));
#9708 = CARTESIAN_POINT('',(217.90775642081,225.70707523732,
    3.334949677052));
#9709 = CARTESIAN_POINT('',(217.91671996868,225.78219942438,
    3.320640308087));
#9710 = CARTESIAN_POINT('',(217.92439278192,225.87208827181,
    3.303518622862));
#9711 = CARTESIAN_POINT('',(217.93297034543,225.95235290819,
    3.288230120693));
#9712 = CARTESIAN_POINT('',(217.93934610876,226.05752568032,
    3.268197211718));
#9713 = CARTESIAN_POINT('',(217.94653913993,226.15406871697,
    3.24980806188));
#9714 = CARTESIAN_POINT('',(217.95139023496,226.27710846064,
    3.226371920228));
#9715 = CARTESIAN_POINT('',(217.95582365038,226.40528160345,
    3.201957988265));
#9716 = CARTESIAN_POINT('',(217.95586514141,226.58280811193,
    3.16814341522));
#9717 = DEFINITIONAL_REPRESENTATION('',(#9718),#9722);
#9718 = LINE('',#9719,#9720);
#9719 = CARTESIAN_POINT('',(-1.867821551454E-11,0.));
#9720 = VECTOR('',#9721,1.);
#9721 = DIRECTION('',(4.043513097996E-14,1.));
#9722 = ( GEOMETRIC_REPRESENTATION_CONTEXT(2)
PARAMETRIC_REPRESENTATION_CONTEXT() REPRESENTATION_CONTEXT('2D SPACE',''
  ) );
#9723 = ORIENTED_EDGE('',*,*,#5416,.F.);
#9724 = ORIENTED_EDGE('',*,*,#5535,.F.);
#9725 = ORIENTED_EDGE('',*,*,#9726,.T.);
#9726 = EDGE_CURVE('',#5514,#8684,#9727,.T.);
#9727 = SURFACE_CURVE('',#9728,(#9732,#9739),.PCURVE_S1.);
#9728 = LINE('',#9729,#9730);
#9729 = CARTESIAN_POINT('',(218.,226.,0.));
#9730 = VECTOR('',#9731,1.);
#9731 = DIRECTION('',(0.,0.,1.));
#9732 = PCURVE('',#4940,#9733);
#9733 = DEFINITIONAL_REPRESENTATION('',(#9734),#9738);
#9734 = LINE('',#9735,#9736);
#9735 = CARTESIAN_POINT('',(6.28318530718,0.));
#9736 = VECTOR('',#9737,1.);
#9737 = DIRECTION('',(-0.,1.));
#9738 = ( GEOMETRIC_REPRESENTATION_CONTEXT(2)
PARAMETRIC_REPRESENTATION_CONTEXT() REPRESENTATION_CONTEXT('2D SPACE',''
  ) );
#9739 = PCURVE('',#5578,#9740);
#9740 = DEFINITIONAL_REPRESENTATION('',(#9741),#9745);
#9741 = LINE('',#9742,#9743);
#9742 = CARTESIAN_POINT('',(0.,-8.));
#9743 = VECTOR('',#9744,1.);
#9744 = DIRECTION('',(1.,0.));
#9745 = ( GEOMETRIC_REPRESENTATION_CONTEXT(2)
PARAMETRIC_REPRESENTATION_CONTEXT() REPRESENTATION_CONTEXT('2D SPACE',''
  ) );
#9746 = ORIENTED_EDGE('',*,*,#8683,.T.);
#9747 = ORIENTED_EDGE('',*,*,#4922,.F.);
#9748 = ADVANCED_FACE('',(#9749),#5166,.F.);
#9749 = FACE_BOUND('',#9750,.F.);
#9750 = EDGE_LOOP('',(#9751,#9752,#9753,#9781));
#9751 = ORIENTED_EDGE('',*,*,#5145,.F.);
#9752 = ORIENTED_EDGE('',*,*,#9086,.T.);
#9753 = ORIENTED_EDGE('',*,*,#9754,.T.);
#9754 = EDGE_CURVE('',#9087,#9755,#9757,.T.);
#9755 = VERTEX_POINT('',#9756);
#9756 = CARTESIAN_POINT('',(210.1,228.35,15.));
#9757 = SURFACE_CURVE('',#9758,(#9763,#9770),.PCURVE_S1.);
#9758 = CIRCLE('',#9759,0.35);
#9759 = AXIS2_PLACEMENT_3D('',#9760,#9761,#9762);
#9760 = CARTESIAN_POINT('',(210.1,228.,15.));
#9761 = DIRECTION('',(-1.,-0.,0.));
#9762 = DIRECTION('',(0.,-0.982338566422,-0.18711210789));
#9763 = PCURVE('',#5166,#9764);
#9764 = DEFINITIONAL_REPRESENTATION('',(#9765),#9769);
#9765 = LINE('',#9766,#9767);
#9766 = CARTESIAN_POINT('',(0.,-226.1));
#9767 = VECTOR('',#9768,1.);
#9768 = DIRECTION('',(1.,0.));
#9769 = ( GEOMETRIC_REPRESENTATION_CONTEXT(2)
PARAMETRIC_REPRESENTATION_CONTEXT() REPRESENTATION_CONTEXT('2D SPACE',''
  ) );
#9770 = PCURVE('',#9125,#9771);
#9771 = DEFINITIONAL_REPRESENTATION('',(#9772),#9780);
#9772 = ( BOUNDED_CURVE() B_SPLINE_CURVE(2,(#9773,#9774,#9775,#9776,
#9777,#9778,#9779),.UNSPECIFIED.,.T.,.F.) B_SPLINE_CURVE_WITH_KNOTS((1,2
    ,2,2,2,1),(-2.094395102393,0.,2.094395102393,4.188790204786,
6.28318530718,8.377580409573),.UNSPECIFIED.) CURVE()
GEOMETRIC_REPRESENTATION_ITEM() RATIONAL_B_SPLINE_CURVE((1.,0.5,1.,0.5,
1.,0.5,1.)) REPRESENTATION_ITEM('') );
#9773 = CARTESIAN_POINT('',(5.934510762238,-4.398660013072));
#9774 = CARTESIAN_POINT('',(6.530021869786,-4.28522932592));
#9775 = CARTESIAN_POINT('',(6.330500172654,-4.857672416868));
#9776 = CARTESIAN_POINT('',(6.130978475523,-5.430115507816));
#9777 = CARTESIAN_POINT('',(5.734989065107,-4.97110310402));
#9778 = CARTESIAN_POINT('',(5.338999654691,-4.512090700224));
#9779 = CARTESIAN_POINT('',(5.934510762238,-4.398660013072));
#9780 = ( GEOMETRIC_REPRESENTATION_CONTEXT(2)
PARAMETRIC_REPRESENTATION_CONTEXT() REPRESENTATION_CONTEXT('2D SPACE',''
  ) );
#9781 = ORIENTED_EDGE('',*,*,#9782,.F.);
#9782 = EDGE_CURVE('',#5146,#9755,#9783,.T.);
#9783 = SURFACE_CURVE('',#9784,(#9788,#9795),.PCURVE_S1.);
#9784 = LINE('',#9785,#9786);
#9785 = CARTESIAN_POINT('',(-16.,228.35,15.));
#9786 = VECTOR('',#9787,1.);
#9787 = DIRECTION('',(1.,0.,0.));
#9788 = PCURVE('',#5166,#9789);
#9789 = DEFINITIONAL_REPRESENTATION('',(#9790),#9794);
#9790 = LINE('',#9791,#9792);
#9791 = CARTESIAN_POINT('',(3.329814158895,0.));
#9792 = VECTOR('',#9793,1.);
#9793 = DIRECTION('',(0.,-1.));
#9794 = ( GEOMETRIC_REPRESENTATION_CONTEXT(2)
PARAMETRIC_REPRESENTATION_CONTEXT() REPRESENTATION_CONTEXT('2D SPACE',''
  ) );
#9795 = PCURVE('',#5194,#9796);
#9796 = DEFINITIONAL_REPRESENTATION('',(#9797),#9801);
#9797 = LINE('',#9798,#9799);
#9798 = CARTESIAN_POINT('',(12.,0.));
#9799 = VECTOR('',#9800,1.);
#9800 = DIRECTION('',(0.,-1.));
#9801 = ( GEOMETRIC_REPRESENTATION_CONTEXT(2)
PARAMETRIC_REPRESENTATION_CONTEXT() REPRESENTATION_CONTEXT('2D SPACE',''
  ) );
#9802 = ADVANCED_FACE('',(#9803),#5194,.T.);
#9803 = FACE_BOUND('',#9804,.T.);
#9804 = EDGE_LOOP('',(#9805,#9806,#9807,#9830));
#9805 = ORIENTED_EDGE('',*,*,#9782,.F.);
#9806 = ORIENTED_EDGE('',*,*,#5178,.F.);
#9807 = ORIENTED_EDGE('',*,*,#9808,.T.);
#9808 = EDGE_CURVE('',#5179,#9809,#9811,.T.);
#9809 = VERTEX_POINT('',#9810);
#9810 = CARTESIAN_POINT('',(210.1,228.35,3.));
#9811 = SURFACE_CURVE('',#9812,(#9816,#9823),.PCURVE_S1.);
#9812 = LINE('',#9813,#9814);
#9813 = CARTESIAN_POINT('',(-16.,228.35,3.));
#9814 = VECTOR('',#9815,1.);
#9815 = DIRECTION('',(1.,0.,0.));
#9816 = PCURVE('',#5194,#9817);
#9817 = DEFINITIONAL_REPRESENTATION('',(#9818),#9822);
#9818 = LINE('',#9819,#9820);
#9819 = CARTESIAN_POINT('',(0.,0.));
#9820 = VECTOR('',#9821,1.);
#9821 = DIRECTION('',(0.,-1.));
#9822 = ( GEOMETRIC_REPRESENTATION_CONTEXT(2)
PARAMETRIC_REPRESENTATION_CONTEXT() REPRESENTATION_CONTEXT('2D SPACE',''
  ) );
#9823 = PCURVE('',#5227,#9824);
#9824 = DEFINITIONAL_REPRESENTATION('',(#9825),#9829);
#9825 = LINE('',#9826,#9827);
#9826 = CARTESIAN_POINT('',(1.570796326795,0.));
#9827 = VECTOR('',#9828,1.);
#9828 = DIRECTION('',(0.,-1.));
#9829 = ( GEOMETRIC_REPRESENTATION_CONTEXT(2)
PARAMETRIC_REPRESENTATION_CONTEXT() REPRESENTATION_CONTEXT('2D SPACE',''
  ) );
#9830 = ORIENTED_EDGE('',*,*,#9831,.T.);
#9831 = EDGE_CURVE('',#9809,#9755,#9832,.T.);
#9832 = SURFACE_CURVE('',#9833,(#9837,#9844),.PCURVE_S1.);
#9833 = LINE('',#9834,#9835);
#9834 = CARTESIAN_POINT('',(210.1,228.35,3.));
#9835 = VECTOR('',#9836,1.);
#9836 = DIRECTION('',(0.,0.,1.));
#9837 = PCURVE('',#5194,#9838);
#9838 = DEFINITIONAL_REPRESENTATION('',(#9839),#9843);
#9839 = LINE('',#9840,#9841);
#9840 = CARTESIAN_POINT('',(0.,-226.1));
#9841 = VECTOR('',#9842,1.);
#9842 = DIRECTION('',(1.,0.));
#9843 = ( GEOMETRIC_REPRESENTATION_CONTEXT(2)
PARAMETRIC_REPRESENTATION_CONTEXT() REPRESENTATION_CONTEXT('2D SPACE',''
  ) );
#9844 = PCURVE('',#9125,#9845);
#9845 = DEFINITIONAL_REPRESENTATION('',(#9846),#9850);
#9846 = LINE('',#9847,#9848);
#9847 = CARTESIAN_POINT('',(-6.,-5.09247851132));
#9848 = VECTOR('',#9849,1.);
#9849 = DIRECTION('',(1.,0.));
#9850 = ( GEOMETRIC_REPRESENTATION_CONTEXT(2)
PARAMETRIC_REPRESENTATION_CONTEXT() REPRESENTATION_CONTEXT('2D SPACE',''
  ) );
#9851 = ADVANCED_FACE('',(#9852),#5227,.F.);
#9852 = FACE_BOUND('',#9853,.F.);
#9853 = EDGE_LOOP('',(#9854,#9855,#9856,#9884));
#9854 = ORIENTED_EDGE('',*,*,#5206,.F.);
#9855 = ORIENTED_EDGE('',*,*,#9808,.T.);
#9856 = ORIENTED_EDGE('',*,*,#9857,.T.);
#9857 = EDGE_CURVE('',#9809,#9858,#9860,.T.);
#9858 = VERTEX_POINT('',#9859);
#9859 = CARTESIAN_POINT('',(210.1,227.93451076223,2.656181501752));
#9860 = SURFACE_CURVE('',#9861,(#9866,#9873),.PCURVE_S1.);
#9861 = CIRCLE('',#9862,0.35);
#9862 = AXIS2_PLACEMENT_3D('',#9863,#9864,#9865);
#9863 = CARTESIAN_POINT('',(210.1,228.,3.));
#9864 = DIRECTION('',(-1.,-0.,0.));
#9865 = DIRECTION('',(0.,0.,1.));
#9866 = PCURVE('',#5227,#9867);
#9867 = DEFINITIONAL_REPRESENTATION('',(#9868),#9872);
#9868 = LINE('',#9869,#9870);
#9869 = CARTESIAN_POINT('',(0.,-226.1));
#9870 = VECTOR('',#9871,1.);
#9871 = DIRECTION('',(1.,0.));
#9872 = ( GEOMETRIC_REPRESENTATION_CONTEXT(2)
PARAMETRIC_REPRESENTATION_CONTEXT() REPRESENTATION_CONTEXT('2D SPACE',''
  ) );
#9873 = PCURVE('',#9125,#9874);
#9874 = DEFINITIONAL_REPRESENTATION('',(#9875),#9883);
#9875 = ( BOUNDED_CURVE() B_SPLINE_CURVE(2,(#9876,#9877,#9878,#9879,
#9880,#9881,#9882),.UNSPECIFIED.,.T.,.F.) B_SPLINE_CURVE_WITH_KNOTS((1,2
    ,2,2,2,1),(-2.094395102393,0.,2.094395102393,4.188790204786,
6.28318530718,8.377580409573),.UNSPECIFIED.) CURVE()
GEOMETRIC_REPRESENTATION_ITEM() RATIONAL_B_SPLINE_CURVE((1.,0.5,1.,0.5,
1.,0.5,1.)) REPRESENTATION_ITEM('') );
#9876 = CARTESIAN_POINT('',(-5.65,-4.74247851132));
#9877 = CARTESIAN_POINT('',(-5.65,-5.348696293969));
#9878 = CARTESIAN_POINT('',(-6.175,-5.045587402645));
#9879 = CARTESIAN_POINT('',(-6.7,-4.74247851132));
#9880 = CARTESIAN_POINT('',(-6.175,-4.439369619995));
#9881 = CARTESIAN_POINT('',(-5.65,-4.136260728671));
#9882 = CARTESIAN_POINT('',(-5.65,-4.74247851132));
#9883 = ( GEOMETRIC_REPRESENTATION_CONTEXT(2)
PARAMETRIC_REPRESENTATION_CONTEXT() REPRESENTATION_CONTEXT('2D SPACE',''
  ) );
#9884 = ORIENTED_EDGE('',*,*,#9885,.F.);
#9885 = EDGE_CURVE('',#5207,#9858,#9886,.T.);
#9886 = SURFACE_CURVE('',#9887,(#9891,#9898),.PCURVE_S1.);
#9887 = LINE('',#9888,#9889);
#9888 = CARTESIAN_POINT('',(-16.,227.93451076223,2.656181501752));
#9889 = VECTOR('',#9890,1.);
#9890 = DIRECTION('',(1.,0.,0.));
#9891 = PCURVE('',#5227,#9892);
#9892 = DEFINITIONAL_REPRESENTATION('',(#9893),#9897);
#9893 = LINE('',#9894,#9895);
#9894 = CARTESIAN_POINT('',(3.329814158895,0.));
#9895 = VECTOR('',#9896,1.);
#9896 = DIRECTION('',(0.,-1.));
#9897 = ( GEOMETRIC_REPRESENTATION_CONTEXT(2)
PARAMETRIC_REPRESENTATION_CONTEXT() REPRESENTATION_CONTEXT('2D SPACE',''
  ) );
#9898 = PCURVE('',#5253,#9899);
#9899 = DEFINITIONAL_REPRESENTATION('',(#9900),#9904);
#9900 = LINE('',#9901,#9902);
#9901 = CARTESIAN_POINT('',(10.688779163216,0.));
#9902 = VECTOR('',#9903,1.);
#9903 = DIRECTION('',(0.,-1.));
#9904 = ( GEOMETRIC_REPRESENTATION_CONTEXT(2)
PARAMETRIC_REPRESENTATION_CONTEXT() REPRESENTATION_CONTEXT('2D SPACE',''
  ) );
#9905 = ADVANCED_FACE('',(#9906),#5253,.T.);
#9906 = FACE_BOUND('',#9907,.T.);
#9907 = EDGE_LOOP('',(#9908,#9909,#9910,#9911,#9933,#9962));
#9908 = ORIENTED_EDGE('',*,*,#9885,.F.);
#9909 = ORIENTED_EDGE('',*,*,#5239,.F.);
#9910 = ORIENTED_EDGE('',*,*,#5271,.T.);
#9911 = ORIENTED_EDGE('',*,*,#9912,.T.);
#9912 = EDGE_CURVE('',#5272,#9913,#9915,.T.);
#9913 = VERTEX_POINT('',#9914);
#9914 = CARTESIAN_POINT('',(210.,218.12141295015,4.525342989768));
#9915 = SURFACE_CURVE('',#9916,(#9920,#9927),.PCURVE_S1.);
#9916 = LINE('',#9917,#9918);
#9917 = CARTESIAN_POINT('',(0.,218.12141295015,4.525342989768));
#9918 = VECTOR('',#9919,1.);
#9919 = DIRECTION('',(1.,-0.,0.));
#9920 = PCURVE('',#5253,#9921);
#9921 = DEFINITIONAL_REPRESENTATION('',(#9922),#9926);
#9922 = LINE('',#9923,#9924);
#9923 = CARTESIAN_POINT('',(0.699251980324,-16.));
#9924 = VECTOR('',#9925,1.);
#9925 = DIRECTION('',(0.,-1.));
#9926 = ( GEOMETRIC_REPRESENTATION_CONTEXT(2)
PARAMETRIC_REPRESENTATION_CONTEXT() REPRESENTATION_CONTEXT('2D SPACE',''
  ) );
#9927 = PCURVE('',#5394,#9928);
#9928 = DEFINITIONAL_REPRESENTATION('',(#9929),#9932);
#9929 = B_SPLINE_CURVE_WITH_KNOTS('',1,(#9930,#9931),.UNSPECIFIED.,.F.,
  .F.,(2,2),(-6.000000004899E-07,210.0000006),.PIECEWISE_BEZIER_KNOTS.);
#9930 = CARTESIAN_POINT('',(5.571365026277,-6.000000004899E-07));
#9931 = CARTESIAN_POINT('',(5.571365026277,210.0000006));
#9932 = ( GEOMETRIC_REPRESENTATION_CONTEXT(2)
PARAMETRIC_REPRESENTATION_CONTEXT() REPRESENTATION_CONTEXT('2D SPACE',''
  ) );
#9933 = ORIENTED_EDGE('',*,*,#9934,.T.);
#9934 = EDGE_CURVE('',#9913,#9935,#9937,.T.);
#9935 = VERTEX_POINT('',#9936);
#9936 = CARTESIAN_POINT('',(210.1,218.12204157561,4.525223251586));
#9937 = SURFACE_CURVE('',#9938,(#9944,#9953),.PCURVE_S1.);
#9938 = B_SPLINE_CURVE_WITH_KNOTS('',4,(#9939,#9940,#9941,#9942,#9943),
  .UNSPECIFIED.,.F.,.F.,(5,5),(0.,1.),.PIECEWISE_BEZIER_KNOTS.);
#9939 = CARTESIAN_POINT('',(209.99999999999,218.12141295015,
    4.525342989769));
#9940 = CARTESIAN_POINT('',(210.02500025979,218.12141295015,
    4.525342989769));
#9941 = CARTESIAN_POINT('',(210.05000136871,218.12151754245,
    4.525323067425));
#9942 = CARTESIAN_POINT('',(210.07500146329,218.12172706101,
    4.525283159128));
#9943 = CARTESIAN_POINT('',(210.1,218.12204156998,4.525223252658));
#9944 = PCURVE('',#5253,#9945);
#9945 = DEFINITIONAL_REPRESENTATION('',(#9946),#9952);
#9946 = B_SPLINE_CURVE_WITH_KNOTS('',4,(#9947,#9948,#9949,#9950,#9951),
  .UNSPECIFIED.,.F.,.F.,(5,5),(0.,1.),.PIECEWISE_BEZIER_KNOTS.);
#9947 = CARTESIAN_POINT('',(0.699251980324,-225.9999999999));
#9948 = CARTESIAN_POINT('',(0.699251980324,-226.0250002597));
#9949 = CARTESIAN_POINT('',(0.699358453086,-226.0500013687));
#9950 = CARTESIAN_POINT('',(0.699571738573,-226.0750014632));
#9951 = CARTESIAN_POINT('',(0.69989190209,-226.1));
#9952 = ( GEOMETRIC_REPRESENTATION_CONTEXT(2)
PARAMETRIC_REPRESENTATION_CONTEXT() REPRESENTATION_CONTEXT('2D SPACE',''
  ) );
#9953 = PCURVE('',#9446,#9954);
#9954 = DEFINITIONAL_REPRESENTATION('',(#9955),#9961);
#9955 = B_SPLINE_CURVE_WITH_KNOTS('',4,(#9956,#9957,#9958,#9959,#9960),
  .UNSPECIFIED.,.F.,.F.,(5,5),(0.,1.),.PIECEWISE_BEZIER_KNOTS.);
#9956 = CARTESIAN_POINT('',(1.608634525745,461.84480172992));
#9957 = CARTESIAN_POINT('',(1.608634525745,461.87035881644));
#9958 = CARTESIAN_POINT('',(1.608631367422,461.89591507249));
#9959 = CARTESIAN_POINT('',(1.60862499693,461.921471654));
#9960 = CARTESIAN_POINT('',(1.608615404989,461.94702841874));
#9961 = ( GEOMETRIC_REPRESENTATION_CONTEXT(2)
PARAMETRIC_REPRESENTATION_CONTEXT() REPRESENTATION_CONTEXT('2D SPACE',''
  ) );
#9962 = ORIENTED_EDGE('',*,*,#9963,.T.);
#9963 = EDGE_CURVE('',#9935,#9858,#9964,.T.);
#9964 = SURFACE_CURVE('',#9965,(#9969,#9976),.PCURVE_S1.);
#9965 = LINE('',#9966,#9967);
#9966 = CARTESIAN_POINT('',(210.1,217.43451076223,4.656181501752));
#9967 = VECTOR('',#9968,1.);
#9968 = DIRECTION('',(0.,0.982338566422,-0.18711210789));
#9969 = PCURVE('',#5253,#9970);
#9970 = DEFINITIONAL_REPRESENTATION('',(#9971),#9975);
#9971 = LINE('',#9972,#9973);
#9972 = CARTESIAN_POINT('',(0.,-226.1));
#9973 = VECTOR('',#9974,1.);
#9974 = DIRECTION('',(1.,0.));
#9975 = ( GEOMETRIC_REPRESENTATION_CONTEXT(2)
PARAMETRIC_REPRESENTATION_CONTEXT() REPRESENTATION_CONTEXT('2D SPACE',''
  ) );
#9976 = PCURVE('',#9125,#9977);
#9977 = DEFINITIONAL_REPRESENTATION('',(#9978),#9982);
#9978 = LINE('',#9979,#9980);
#9979 = CARTESIAN_POINT('',(-4.343818498248,5.82301072645));
#9980 = VECTOR('',#9981,1.);
#9981 = DIRECTION('',(-0.18711210789,-0.982338566422));
#9982 = ( GEOMETRIC_REPRESENTATION_CONTEXT(2)
PARAMETRIC_REPRESENTATION_CONTEXT() REPRESENTATION_CONTEXT('2D SPACE',''
  ) );
#9983 = ADVANCED_FACE('',(#9984),#5394,.T.);
#9984 = FACE_BOUND('',#9985,.T.);
#9985 = EDGE_LOOP('',(#9986,#9987,#9988,#10028));
#9986 = ORIENTED_EDGE('',*,*,#5381,.F.);
#9987 = ORIENTED_EDGE('',*,*,#5463,.T.);
#9988 = ORIENTED_EDGE('',*,*,#9989,.T.);
#9989 = EDGE_CURVE('',#5419,#9913,#9990,.T.);
#9990 = SURFACE_CURVE('',#9991,(#9996,#10002),.PCURVE_S1.);
#9991 = CIRCLE('',#9992,0.5);
#9992 = AXIS2_PLACEMENT_3D('',#9993,#9994,#9995);
#9993 = CARTESIAN_POINT('',(210.,218.5,4.198736428769));
#9994 = DIRECTION('',(-1.,0.,0.));
#9995 = DIRECTION('',(-0.,-1.,0.));
#9996 = PCURVE('',#5394,#9997);
#9997 = DEFINITIONAL_REPRESENTATION('',(#9998),#10001);
#9998 = B_SPLINE_CURVE_WITH_KNOTS('',1,(#9999,#10000),.UNSPECIFIED.,.F.,
  .F.,(2,2),(0.,1.7590178321),.PIECEWISE_BEZIER_KNOTS.);
#9999 = CARTESIAN_POINT('',(6.28318530718,210.));
#10000 = CARTESIAN_POINT('',(4.52416747508,210.));
#10001 = ( GEOMETRIC_REPRESENTATION_CONTEXT(2)
PARAMETRIC_REPRESENTATION_CONTEXT() REPRESENTATION_CONTEXT('2D SPACE',''
  ) );
#10002 = PCURVE('',#9446,#10003);
#10003 = DEFINITIONAL_REPRESENTATION('',(#10004),#10027);
#10004 = B_SPLINE_CURVE_WITH_KNOTS('',11,(#10005,#10006,#10007,#10008,
    #10009,#10010,#10011,#10012,#10013,#10014,#10015,#10016,#10017,
    #10018,#10019,#10020,#10021,#10022,#10023,#10024,#10025,#10026),
  .UNSPECIFIED.,.F.,.F.,(12,10,12),(0.,0.439754464045,0.711820280898),
  .UNSPECIFIED.);
#10005 = CARTESIAN_POINT('',(-1.110223024625E-16,461.84480172992));
#10006 = CARTESIAN_POINT('',(0.101625937256,461.84480172989));
#10007 = CARTESIAN_POINT('',(0.201149390759,461.84480173002));
#10008 = CARTESIAN_POINT('',(0.298751509764,461.84480172969));
#10009 = CARTESIAN_POINT('',(0.394601559672,461.84480173024));
#10010 = CARTESIAN_POINT('',(0.488839703364,461.84480172957));
#10011 = CARTESIAN_POINT('',(0.581651365952,461.84480173021));
#10012 = CARTESIAN_POINT('',(0.673096466593,461.84480172972));
#10013 = CARTESIAN_POINT('',(0.763375267793,461.84480173001));
#10014 = CARTESIAN_POINT('',(0.852560996064,461.84480172988));
#10015 = CARTESIAN_POINT('',(0.940783832015,461.84480172993));
#10016 = CARTESIAN_POINT('',(1.082197664892,461.8448017299));
#10017 = CARTESIAN_POINT('',(1.135918860919,461.84480172994));
#10018 = CARTESIAN_POINT('',(1.189337741979,461.84480172989));
#10019 = CARTESIAN_POINT('',(1.242477066848,461.84480172991));
#10020 = CARTESIAN_POINT('',(1.295363152011,461.84480172992));
#10021 = CARTESIAN_POINT('',(1.348019195701,461.84480172991));
#10022 = CARTESIAN_POINT('',(1.400467552182,461.84480172991));
#10023 = CARTESIAN_POINT('',(1.452730847534,461.84480172991));
#10024 = CARTESIAN_POINT('',(1.504831686534,461.84480172991));
#10025 = CARTESIAN_POINT('',(1.556792304528,461.84480172991));
#10026 = CARTESIAN_POINT('',(1.608634525738,461.84480172991));
#10027 = ( GEOMETRIC_REPRESENTATION_CONTEXT(2)
PARAMETRIC_REPRESENTATION_CONTEXT() REPRESENTATION_CONTEXT('2D SPACE',''
  ) );
#10028 = ORIENTED_EDGE('',*,*,#9912,.F.);
#10029 = ADVANCED_FACE('',(#10030),#5578,.T.);
#10030 = FACE_BOUND('',#10031,.T.);
#10031 = EDGE_LOOP('',(#10032,#10033,#10034,#10035,#10056,#10057,#10058,
    #10059,#10060,#10061,#10062));
#10032 = ORIENTED_EDGE('',*,*,#9726,.F.);
#10033 = ORIENTED_EDGE('',*,*,#5562,.F.);
#10034 = ORIENTED_EDGE('',*,*,#6546,.T.);
#10035 = ORIENTED_EDGE('',*,*,#10036,.T.);
#10036 = EDGE_CURVE('',#6547,#8130,#10037,.T.);
#10037 = SURFACE_CURVE('',#10038,(#10042,#10049),.PCURVE_S1.);
#10038 = LINE('',#10039,#10040);
#10039 = CARTESIAN_POINT('',(218.,270.,19.));
#10040 = VECTOR('',#10041,1.);
#10041 = DIRECTION('',(-0.,-1.,-0.));
#10042 = PCURVE('',#5578,#10043);
#10043 = DEFINITIONAL_REPRESENTATION('',(#10044),#10048);
#10044 = LINE('',#10045,#10046);
#10045 = CARTESIAN_POINT('',(19.,-52.));
#10046 = VECTOR('',#10047,1.);
#10047 = DIRECTION('',(0.,1.));
#10048 = ( GEOMETRIC_REPRESENTATION_CONTEXT(2)
PARAMETRIC_REPRESENTATION_CONTEXT() REPRESENTATION_CONTEXT('2D SPACE',''
  ) );
#10049 = PCURVE('',#8149,#10050);
#10050 = DEFINITIONAL_REPRESENTATION('',(#10051),#10055);
#10051 = LINE('',#10052,#10053);
#10052 = CARTESIAN_POINT('',(0.,0.));
#10053 = VECTOR('',#10054,1.);
#10054 = DIRECTION('',(0.,1.));
#10055 = ( GEOMETRIC_REPRESENTATION_CONTEXT(2)
PARAMETRIC_REPRESENTATION_CONTEXT() REPRESENTATION_CONTEXT('2D SPACE',''
  ) );
#10056 = ORIENTED_EDGE('',*,*,#8207,.T.);
#10057 = ORIENTED_EDGE('',*,*,#8286,.T.);
#10058 = ORIENTED_EDGE('',*,*,#8335,.T.);
#10059 = ORIENTED_EDGE('',*,*,#8387,.T.);
#10060 = ORIENTED_EDGE('',*,*,#8436,.T.);
#10061 = ORIENTED_EDGE('',*,*,#8559,.T.);
#10062 = ORIENTED_EDGE('',*,*,#8732,.T.);
#10063 = ADVANCED_FACE('',(#10064),#5735,.T.);
#10064 = FACE_BOUND('',#10065,.T.);
#10065 = EDGE_LOOP('',(#10066,#10067,#10068,#10069));
#10066 = ORIENTED_EDGE('',*,*,#6520,.T.);
#10067 = ORIENTED_EDGE('',*,*,#6571,.F.);
#10068 = ORIENTED_EDGE('',*,*,#5718,.F.);
#10069 = ORIENTED_EDGE('',*,*,#10070,.T.);
#10070 = EDGE_CURVE('',#5695,#6398,#10071,.T.);
#10071 = SURFACE_CURVE('',#10072,(#10076,#10083),.PCURVE_S1.);
#10072 = LINE('',#10073,#10074);
#10073 = CARTESIAN_POINT('',(218.,280.,0.));
#10074 = VECTOR('',#10075,1.);
#10075 = DIRECTION('',(0.,0.,1.));
#10076 = PCURVE('',#5735,#10077);
#10077 = DEFINITIONAL_REPRESENTATION('',(#10078),#10082);
#10078 = LINE('',#10079,#10080);
#10079 = CARTESIAN_POINT('',(6.28318530718,0.));
#10080 = VECTOR('',#10081,1.);
#10081 = DIRECTION('',(-0.,1.));
#10082 = ( GEOMETRIC_REPRESENTATION_CONTEXT(2)
PARAMETRIC_REPRESENTATION_CONTEXT() REPRESENTATION_CONTEXT('2D SPACE',''
  ) );
#10083 = PCURVE('',#5793,#10084);
#10084 = DEFINITIONAL_REPRESENTATION('',(#10085),#10089);
#10085 = LINE('',#10086,#10087);
#10086 = CARTESIAN_POINT('',(0.,-8.));
#10087 = VECTOR('',#10088,1.);
#10088 = DIRECTION('',(1.,0.));
#10089 = ( GEOMETRIC_REPRESENTATION_CONTEXT(2)
PARAMETRIC_REPRESENTATION_CONTEXT() REPRESENTATION_CONTEXT('2D SPACE',''
  ) );
#10090 = ADVANCED_FACE('',(#10091),#5793,.T.);
#10091 = FACE_BOUND('',#10092,.T.);
#10092 = EDGE_LOOP('',(#10093,#10094,#10095,#10116));
#10093 = ORIENTED_EDGE('',*,*,#10070,.F.);
#10094 = ORIENTED_EDGE('',*,*,#5777,.F.);
#10095 = ORIENTED_EDGE('',*,*,#10096,.T.);
#10096 = EDGE_CURVE('',#5778,#6346,#10097,.T.);
#10097 = SURFACE_CURVE('',#10098,(#10102,#10109),.PCURVE_S1.);
#10098 = LINE('',#10099,#10100);
#10099 = CARTESIAN_POINT('',(218.,315.,0.));
#10100 = VECTOR('',#10101,1.);
#10101 = DIRECTION('',(0.,0.,1.));
#10102 = PCURVE('',#5793,#10103);
#10103 = DEFINITIONAL_REPRESENTATION('',(#10104),#10108);
#10104 = LINE('',#10105,#10106);
#10105 = CARTESIAN_POINT('',(0.,-43.));
#10106 = VECTOR('',#10107,1.);
#10107 = DIRECTION('',(1.,0.));
#10108 = ( GEOMETRIC_REPRESENTATION_CONTEXT(2)
PARAMETRIC_REPRESENTATION_CONTEXT() REPRESENTATION_CONTEXT('2D SPACE',''
  ) );
#10109 = PCURVE('',#5871,#10110);
#10110 = DEFINITIONAL_REPRESENTATION('',(#10111),#10115);
#10111 = LINE('',#10112,#10113);
#10112 = CARTESIAN_POINT('',(0.,0.));
#10113 = VECTOR('',#10114,1.);
#10114 = DIRECTION('',(0.,1.));
#10115 = ( GEOMETRIC_REPRESENTATION_CONTEXT(2)
PARAMETRIC_REPRESENTATION_CONTEXT() REPRESENTATION_CONTEXT('2D SPACE',''
  ) );
#10116 = ORIENTED_EDGE('',*,*,#6421,.T.);
#10117 = ADVANCED_FACE('',(#10118),#5871,.T.);
#10118 = FACE_BOUND('',#10119,.T.);
#10119 = EDGE_LOOP('',(#10120,#10121,#10122,#10143));
#10120 = ORIENTED_EDGE('',*,*,#10096,.F.);
#10121 = ORIENTED_EDGE('',*,*,#5856,.F.);
#10122 = ORIENTED_EDGE('',*,*,#10123,.T.);
#10123 = EDGE_CURVE('',#5833,#6297,#10124,.T.);
#10124 = SURFACE_CURVE('',#10125,(#10129,#10136),.PCURVE_S1.);
#10125 = LINE('',#10126,#10127);
#10126 = CARTESIAN_POINT('',(210.,323.,0.));
#10127 = VECTOR('',#10128,1.);
#10128 = DIRECTION('',(0.,0.,1.));
#10129 = PCURVE('',#5871,#10130);
#10130 = DEFINITIONAL_REPRESENTATION('',(#10131),#10135);
#10131 = LINE('',#10132,#10133);
#10132 = CARTESIAN_POINT('',(1.570796326795,0.));
#10133 = VECTOR('',#10134,1.);
#10134 = DIRECTION('',(0.,1.));
#10135 = ( GEOMETRIC_REPRESENTATION_CONTEXT(2)
PARAMETRIC_REPRESENTATION_CONTEXT() REPRESENTATION_CONTEXT('2D SPACE',''
  ) );
#10136 = PCURVE('',#5904,#10137);
#10137 = DEFINITIONAL_REPRESENTATION('',(#10138),#10142);
#10138 = LINE('',#10139,#10140);
#10139 = CARTESIAN_POINT('',(0.,218.));
#10140 = VECTOR('',#10141,1.);
#10141 = DIRECTION('',(1.,0.));
#10142 = ( GEOMETRIC_REPRESENTATION_CONTEXT(2)
PARAMETRIC_REPRESENTATION_CONTEXT() REPRESENTATION_CONTEXT('2D SPACE',''
  ) );
#10143 = ORIENTED_EDGE('',*,*,#6369,.T.);
#10144 = ADVANCED_FACE('',(#10145),#5904,.T.);
#10145 = FACE_BOUND('',#10146,.T.);
#10146 = EDGE_LOOP('',(#10147,#10168,#10169,#10170));
#10147 = ORIENTED_EDGE('',*,*,#10148,.T.);
#10148 = EDGE_CURVE('',#5889,#6245,#10149,.T.);
#10149 = SURFACE_CURVE('',#10150,(#10154,#10161),.PCURVE_S1.);
#10150 = LINE('',#10151,#10152);
#10151 = CARTESIAN_POINT('',(0.,323.,0.));
#10152 = VECTOR('',#10153,1.);
#10153 = DIRECTION('',(0.,0.,1.));
#10154 = PCURVE('',#5904,#10155);
#10155 = DEFINITIONAL_REPRESENTATION('',(#10156),#10160);
#10156 = LINE('',#10157,#10158);
#10157 = CARTESIAN_POINT('',(0.,8.));
#10158 = VECTOR('',#10159,1.);
#10159 = DIRECTION('',(1.,0.));
#10160 = ( GEOMETRIC_REPRESENTATION_CONTEXT(2)
PARAMETRIC_REPRESENTATION_CONTEXT() REPRESENTATION_CONTEXT('2D SPACE',''
  ) );
#10161 = PCURVE('',#5982,#10162);
#10162 = DEFINITIONAL_REPRESENTATION('',(#10163),#10167);
#10163 = LINE('',#10164,#10165);
#10164 = CARTESIAN_POINT('',(4.712388980385,0.));
#10165 = VECTOR('',#10166,1.);
#10166 = DIRECTION('',(-0.,1.));
#10167 = ( GEOMETRIC_REPRESENTATION_CONTEXT(2)
PARAMETRIC_REPRESENTATION_CONTEXT() REPRESENTATION_CONTEXT('2D SPACE',''
  ) );
#10168 = ORIENTED_EDGE('',*,*,#6320,.T.);
#10169 = ORIENTED_EDGE('',*,*,#10123,.F.);
#10170 = ORIENTED_EDGE('',*,*,#5888,.F.);
#10171 = ADVANCED_FACE('',(#10172),#5982,.T.);
#10172 = FACE_BOUND('',#10173,.T.);
#10173 = EDGE_LOOP('',(#10174,#10175,#10176,#10177));
#10174 = ORIENTED_EDGE('',*,*,#6268,.T.);
#10175 = ORIENTED_EDGE('',*,*,#10148,.F.);
#10176 = ORIENTED_EDGE('',*,*,#5967,.F.);
#10177 = ORIENTED_EDGE('',*,*,#7351,.T.);
#10178 = ADVANCED_FACE('',(#10179),#6152,.T.);
#10179 = FACE_BOUND('',#10180,.T.);
#10180 = EDGE_LOOP('',(#10181,#10182,#10203,#10204));
#10181 = ORIENTED_EDGE('',*,*,#6136,.F.);
#10182 = ORIENTED_EDGE('',*,*,#10183,.T.);
#10183 = EDGE_CURVE('',#6108,#7202,#10184,.T.);
#10184 = SURFACE_CURVE('',#10185,(#10189,#10196),.PCURVE_S1.);
#10185 = LINE('',#10186,#10187);
#10186 = CARTESIAN_POINT('',(43.,279.32332327861,81.30791341443));
#10187 = VECTOR('',#10188,1.);
#10188 = DIRECTION('',(1.,0.,0.));
#10189 = PCURVE('',#6152,#10190);
#10190 = DEFINITIONAL_REPRESENTATION('',(#10191),#10195);
#10191 = LINE('',#10192,#10193);
#10192 = CARTESIAN_POINT('',(0.763885976059,0.));
#10193 = VECTOR('',#10194,1.);
#10194 = DIRECTION('',(0.,-1.));
#10195 = ( GEOMETRIC_REPRESENTATION_CONTEXT(2)
PARAMETRIC_REPRESENTATION_CONTEXT() REPRESENTATION_CONTEXT('2D SPACE',''
  ) );
#10196 = PCURVE('',#6124,#10197);
#10197 = DEFINITIONAL_REPRESENTATION('',(#10198),#10202);
#10198 = LINE('',#10199,#10200);
#10199 = CARTESIAN_POINT('',(-1.133754516003,0.));
#10200 = VECTOR('',#10201,1.);
#10201 = DIRECTION('',(-0.,1.));
#10202 = ( GEOMETRIC_REPRESENTATION_CONTEXT(2)
PARAMETRIC_REPRESENTATION_CONTEXT() REPRESENTATION_CONTEXT('2D SPACE',''
  ) );
#10203 = ORIENTED_EDGE('',*,*,#7225,.T.);
#10204 = ORIENTED_EDGE('',*,*,#7322,.F.);
#10205 = ADVANCED_FACE('',(#10206),#6124,.T.);
#10206 = FACE_BOUND('',#10207,.F.);
#10207 = EDGE_LOOP('',(#10208,#10209,#10210,#10211));
#10208 = ORIENTED_EDGE('',*,*,#6107,.T.);
#10209 = ORIENTED_EDGE('',*,*,#10183,.T.);
#10210 = ORIENTED_EDGE('',*,*,#7201,.F.);
#10211 = ORIENTED_EDGE('',*,*,#10212,.F.);
#10212 = EDGE_CURVE('',#6080,#7179,#10213,.T.);
#10213 = SURFACE_CURVE('',#10214,(#10218,#10225),.PCURVE_S1.);
#10214 = LINE('',#10215,#10216);
#10215 = CARTESIAN_POINT('',(43.,278.23611402394,82.));
#10216 = VECTOR('',#10217,1.);
#10217 = DIRECTION('',(1.,0.,0.));
#10218 = PCURVE('',#6124,#10219);
#10219 = DEFINITIONAL_REPRESENTATION('',(#10220),#10224);
#10220 = LINE('',#10221,#10222);
#10221 = CARTESIAN_POINT('',(-0.,0.));
#10222 = VECTOR('',#10223,1.);
#10223 = DIRECTION('',(-0.,1.));
#10224 = ( GEOMETRIC_REPRESENTATION_CONTEXT(2)
PARAMETRIC_REPRESENTATION_CONTEXT() REPRESENTATION_CONTEXT('2D SPACE',''
  ) );
#10225 = PCURVE('',#6095,#10226);
#10226 = DEFINITIONAL_REPRESENTATION('',(#10227),#10231);
#10227 = LINE('',#10228,#10229);
#10228 = CARTESIAN_POINT('',(5.236114023941,0.));
#10229 = VECTOR('',#10230,1.);
#10230 = DIRECTION('',(0.,-1.));
#10231 = ( GEOMETRIC_REPRESENTATION_CONTEXT(2)
PARAMETRIC_REPRESENTATION_CONTEXT() REPRESENTATION_CONTEXT('2D SPACE',''
  ) );
#10232 = ADVANCED_FACE('',(#10233),#6095,.T.);
#10233 = FACE_BOUND('',#10234,.T.);
#10234 = EDGE_LOOP('',(#10235,#10236,#10237,#10238));
#10235 = ORIENTED_EDGE('',*,*,#6079,.F.);
#10236 = ORIENTED_EDGE('',*,*,#7580,.T.);
#10237 = ORIENTED_EDGE('',*,*,#7178,.T.);
#10238 = ORIENTED_EDGE('',*,*,#10212,.F.);
#10239 = ADVANCED_FACE('',(#10240),#6630,.T.);
#10240 = FACE_BOUND('',#10241,.T.);
#10241 = EDGE_LOOP('',(#10242,#10272,#10294,#10295));
#10242 = ORIENTED_EDGE('',*,*,#10243,.T.);
#10243 = EDGE_CURVE('',#10244,#10246,#10248,.T.);
#10244 = VERTEX_POINT('',#10245);
#10245 = CARTESIAN_POINT('',(210.,277.,20.));
#10246 = VERTEX_POINT('',#10247);
#10247 = CARTESIAN_POINT('',(217.,270.,20.));
#10248 = SURFACE_CURVE('',#10249,(#10254,#10261),.PCURVE_S1.);
#10249 = CIRCLE('',#10250,7.);
#10250 = AXIS2_PLACEMENT_3D('',#10251,#10252,#10253);
#10251 = CARTESIAN_POINT('',(210.,270.,20.));
#10252 = DIRECTION('',(0.,0.,-1.));
#10253 = DIRECTION('',(0.,1.,0.));
#10254 = PCURVE('',#6630,#10255);
#10255 = DEFINITIONAL_REPRESENTATION('',(#10256),#10260);
#10256 = LINE('',#10257,#10258);
#10257 = CARTESIAN_POINT('',(6.28318530718,1.570796326795));
#10258 = VECTOR('',#10259,1.);
#10259 = DIRECTION('',(-1.,0.));
#10260 = ( GEOMETRIC_REPRESENTATION_CONTEXT(2)
PARAMETRIC_REPRESENTATION_CONTEXT() REPRESENTATION_CONTEXT('2D SPACE',''
  ) );
#10261 = PCURVE('',#6870,#10262);
#10262 = DEFINITIONAL_REPRESENTATION('',(#10263),#10271);
#10263 = ( BOUNDED_CURVE() B_SPLINE_CURVE(2,(#10264,#10265,#10266,#10267
    ,#10268,#10269,#10270),.UNSPECIFIED.,.T.,.F.)
B_SPLINE_CURVE_WITH_KNOTS((1,2,2,2,2,1),(-2.094395102393,0.,
    2.094395102393,4.188790204786,6.28318530718,8.377580409573),
.UNSPECIFIED.) CURVE() GEOMETRIC_REPRESENTATION_ITEM()
RATIONAL_B_SPLINE_CURVE((1.,0.5,1.,0.5,1.,0.5,1.)) REPRESENTATION_ITEM(
  '') );
#10264 = CARTESIAN_POINT('',(218.,59.));
#10265 = CARTESIAN_POINT('',(230.12435565298,59.));
#10266 = CARTESIAN_POINT('',(224.06217782649,48.5));
#10267 = CARTESIAN_POINT('',(218.,38.));
#10268 = CARTESIAN_POINT('',(211.9378221735,48.5));
#10269 = CARTESIAN_POINT('',(205.87564434701,59.));
#10270 = CARTESIAN_POINT('',(218.,59.));
#10271 = ( GEOMETRIC_REPRESENTATION_CONTEXT(2)
PARAMETRIC_REPRESENTATION_CONTEXT() REPRESENTATION_CONTEXT('2D SPACE',''
  ) );
#10272 = ORIENTED_EDGE('',*,*,#10273,.F.);
#10273 = EDGE_CURVE('',#6547,#10246,#10274,.T.);
#10274 = SURFACE_CURVE('',#10275,(#10280,#10287),.PCURVE_S1.);
#10275 = CIRCLE('',#10276,1.);
#10276 = AXIS2_PLACEMENT_3D('',#10277,#10278,#10279);
#10277 = CARTESIAN_POINT('',(217.,270.,19.));
#10278 = DIRECTION('',(6.123233995737E-17,-1.,0.));
#10279 = DIRECTION('',(1.,6.123233995737E-17,0.));
#10280 = PCURVE('',#6630,#10281);
#10281 = DEFINITIONAL_REPRESENTATION('',(#10282),#10286);
#10282 = LINE('',#10283,#10284);
#10283 = CARTESIAN_POINT('',(4.712388980385,0.));
#10284 = VECTOR('',#10285,1.);
#10285 = DIRECTION('',(-0.,1.));
#10286 = ( GEOMETRIC_REPRESENTATION_CONTEXT(2)
PARAMETRIC_REPRESENTATION_CONTEXT() REPRESENTATION_CONTEXT('2D SPACE',''
  ) );
#10287 = PCURVE('',#8149,#10288);
#10288 = DEFINITIONAL_REPRESENTATION('',(#10289),#10293);
#10289 = LINE('',#10290,#10291);
#10290 = CARTESIAN_POINT('',(0.,0.));
#10291 = VECTOR('',#10292,1.);
#10292 = DIRECTION('',(1.,0.));
#10293 = ( GEOMETRIC_REPRESENTATION_CONTEXT(2)
PARAMETRIC_REPRESENTATION_CONTEXT() REPRESENTATION_CONTEXT('2D SPACE',''
  ) );
#10294 = ORIENTED_EDGE('',*,*,#6615,.F.);
#10295 = ORIENTED_EDGE('',*,*,#10296,.T.);
#10296 = EDGE_CURVE('',#6593,#10244,#10297,.T.);
#10297 = SURFACE_CURVE('',#10298,(#10303,#10310),.PCURVE_S1.);
#10298 = CIRCLE('',#10299,1.);
#10299 = AXIS2_PLACEMENT_3D('',#10300,#10301,#10302);
#10300 = CARTESIAN_POINT('',(210.,277.,19.));
#10301 = DIRECTION('',(1.,0.,0.));
#10302 = DIRECTION('',(-0.,1.,0.));
#10303 = PCURVE('',#6630,#10304);
#10304 = DEFINITIONAL_REPRESENTATION('',(#10305),#10309);
#10305 = LINE('',#10306,#10307);
#10306 = CARTESIAN_POINT('',(6.28318530718,0.));
#10307 = VECTOR('',#10308,1.);
#10308 = DIRECTION('',(-0.,1.));
#10309 = ( GEOMETRIC_REPRESENTATION_CONTEXT(2)
PARAMETRIC_REPRESENTATION_CONTEXT() REPRESENTATION_CONTEXT('2D SPACE',''
  ) );
#10310 = PCURVE('',#6681,#10311);
#10311 = DEFINITIONAL_REPRESENTATION('',(#10312),#10316);
#10312 = LINE('',#10313,#10314);
#10313 = CARTESIAN_POINT('',(0.,210.));
#10314 = VECTOR('',#10315,1.);
#10315 = DIRECTION('',(1.,0.));
#10316 = ( GEOMETRIC_REPRESENTATION_CONTEXT(2)
PARAMETRIC_REPRESENTATION_CONTEXT() REPRESENTATION_CONTEXT('2D SPACE',''
  ) );
#10317 = ADVANCED_FACE('',(#10318),#6681,.T.);
#10318 = FACE_BOUND('',#10319,.T.);
#10319 = EDGE_LOOP('',(#10320,#10321,#10322,#10343));
#10320 = ORIENTED_EDGE('',*,*,#6667,.F.);
#10321 = ORIENTED_EDGE('',*,*,#6829,.T.);
#10322 = ORIENTED_EDGE('',*,*,#10323,.T.);
#10323 = EDGE_CURVE('',#6830,#10244,#10324,.T.);
#10324 = SURFACE_CURVE('',#10325,(#10329,#10336),.PCURVE_S1.);
#10325 = LINE('',#10326,#10327);
#10326 = CARTESIAN_POINT('',(0.,277.,20.));
#10327 = VECTOR('',#10328,1.);
#10328 = DIRECTION('',(1.,0.,0.));
#10329 = PCURVE('',#6681,#10330);
#10330 = DEFINITIONAL_REPRESENTATION('',(#10331),#10335);
#10331 = LINE('',#10332,#10333);
#10332 = CARTESIAN_POINT('',(1.570796326795,0.));
#10333 = VECTOR('',#10334,1.);
#10334 = DIRECTION('',(0.,1.));
#10335 = ( GEOMETRIC_REPRESENTATION_CONTEXT(2)
PARAMETRIC_REPRESENTATION_CONTEXT() REPRESENTATION_CONTEXT('2D SPACE',''
  ) );
#10336 = PCURVE('',#6870,#10337);
#10337 = DEFINITIONAL_REPRESENTATION('',(#10338),#10342);
#10338 = LINE('',#10339,#10340);
#10339 = CARTESIAN_POINT('',(8.,59.));
#10340 = VECTOR('',#10341,1.);
#10341 = DIRECTION('',(1.,0.));
#10342 = ( GEOMETRIC_REPRESENTATION_CONTEXT(2)
PARAMETRIC_REPRESENTATION_CONTEXT() REPRESENTATION_CONTEXT('2D SPACE',''
  ) );
#10343 = ORIENTED_EDGE('',*,*,#10296,.F.);
#10344 = ADVANCED_FACE('',(#10345),#6870,.T.);
#10345 = FACE_BOUND('',#10346,.T.);
#10346 = EDGE_LOOP('',(#10347,#10348,#10349,#10350,#10379,#10398,#10399,
    #10400,#10421));
#10347 = ORIENTED_EDGE('',*,*,#10323,.F.);
#10348 = ORIENTED_EDGE('',*,*,#6857,.T.);
#10349 = ORIENTED_EDGE('',*,*,#7520,.F.);
#10350 = ORIENTED_EDGE('',*,*,#10351,.F.);
#10351 = EDGE_CURVE('',#10352,#7491,#10354,.T.);
#10352 = VERTEX_POINT('',#10353);
#10353 = CARTESIAN_POINT('',(200.,256.64730636428,20.));
#10354 = SURFACE_CURVE('',#10355,(#10360,#10367),.PCURVE_S1.);
#10355 = ELLIPSE('',#10356,1.242331416492,1.2);
#10356 = AXIS2_PLACEMENT_3D('',#10357,#10358,#10359);
#10357 = CARTESIAN_POINT('',(198.8,256.64730636428,20.));
#10358 = DIRECTION('',(0.,0.,1.));
#10359 = DIRECTION('',(0.,1.,-0.));
#10360 = PCURVE('',#6870,#10361);
#10361 = DEFINITIONAL_REPRESENTATION('',(#10362),#10366);
#10362 = ELLIPSE('',#10363,1.242331416492,1.2);
#10363 = AXIS2_PLACEMENT_2D('',#10364,#10365);
#10364 = CARTESIAN_POINT('',(206.8,38.647306364281));
#10365 = DIRECTION('',(0.,1.));
#10366 = ( GEOMETRIC_REPRESENTATION_CONTEXT(2)
PARAMETRIC_REPRESENTATION_CONTEXT() REPRESENTATION_CONTEXT('2D SPACE',''
  ) );
#10367 = PCURVE('',#7508,#10368);
#10368 = DEFINITIONAL_REPRESENTATION('',(#10369),#10378);
#10369 = B_SPLINE_CURVE_WITH_KNOTS('',7,(#10370,#10371,#10372,#10373,
    #10374,#10375,#10376,#10377),.UNSPECIFIED.,.F.,.F.,(8,8),(
    4.712388980385,6.28318530718),.PIECEWISE_BEZIER_KNOTS.);
#10370 = CARTESIAN_POINT('',(0.,10.021070195761));
#10371 = CARTESIAN_POINT('',(0.224399475256,10.093223385573));
#10372 = CARTESIAN_POINT('',(0.448798950513,10.165376282401));
#10373 = CARTESIAN_POINT('',(0.673198425769,10.231596855618));
#10374 = CARTESIAN_POINT('',(0.897597901026,10.285941993203));
#10375 = CARTESIAN_POINT('',(1.121997376282,10.32371923542));
#10376 = CARTESIAN_POINT('',(1.346396851538,10.342609226678));
#10377 = CARTESIAN_POINT('',(1.570796326795,10.342609226678));
#10378 = ( GEOMETRIC_REPRESENTATION_CONTEXT(2)
PARAMETRIC_REPRESENTATION_CONTEXT() REPRESENTATION_CONTEXT('2D SPACE',''
  ) );
#10379 = ORIENTED_EDGE('',*,*,#10380,.F.);
#10380 = EDGE_CURVE('',#7880,#10352,#10381,.T.);
#10381 = SURFACE_CURVE('',#10382,(#10386,#10392),.PCURVE_S1.);
#10382 = LINE('',#10383,#10384);
#10383 = CARTESIAN_POINT('',(200.,234.67453511585,20.));
#10384 = VECTOR('',#10385,1.);
#10385 = DIRECTION('',(0.,1.,0.));
#10386 = PCURVE('',#6870,#10387);
#10387 = DEFINITIONAL_REPRESENTATION('',(#10388),#10391);
#10388 = B_SPLINE_CURVE_WITH_KNOTS('',1,(#10389,#10390),.UNSPECIFIED.,
  .F.,.F.,(2,2),(20.316329359775,21.972771248431),
  .PIECEWISE_BEZIER_KNOTS.);
#10389 = CARTESIAN_POINT('',(208.,36.990864475624));
#10390 = CARTESIAN_POINT('',(208.,38.647306364281));
#10391 = ( GEOMETRIC_REPRESENTATION_CONTEXT(2)
PARAMETRIC_REPRESENTATION_CONTEXT() REPRESENTATION_CONTEXT('2D SPACE',''
  ) );
#10392 = PCURVE('',#7897,#10393);
#10393 = DEFINITIONAL_REPRESENTATION('',(#10394),#10397);
#10394 = B_SPLINE_CURVE_WITH_KNOTS('',1,(#10395,#10396),.UNSPECIFIED.,
  .F.,.F.,(2,2),(20.316329359775,21.972771248431),
  .PIECEWISE_BEZIER_KNOTS.);
#10395 = CARTESIAN_POINT('',(9.592351487871,-1.2));
#10396 = CARTESIAN_POINT('',(10.021070195761,-2.8));
#10397 = ( GEOMETRIC_REPRESENTATION_CONTEXT(2)
PARAMETRIC_REPRESENTATION_CONTEXT() REPRESENTATION_CONTEXT('2D SPACE',''
  ) );
#10398 = ORIENTED_EDGE('',*,*,#7909,.F.);
#10399 = ORIENTED_EDGE('',*,*,#8104,.T.);
#10400 = ORIENTED_EDGE('',*,*,#10401,.F.);
#10401 = EDGE_CURVE('',#10246,#8075,#10402,.T.);
#10402 = SURFACE_CURVE('',#10403,(#10407,#10414),.PCURVE_S1.);
#10403 = LINE('',#10404,#10405);
#10404 = CARTESIAN_POINT('',(217.,270.,20.));
#10405 = VECTOR('',#10406,1.);
#10406 = DIRECTION('',(-0.,-1.,-0.));
#10407 = PCURVE('',#6870,#10408);
#10408 = DEFINITIONAL_REPRESENTATION('',(#10409),#10413);
#10409 = LINE('',#10410,#10411);
#10410 = CARTESIAN_POINT('',(225.,52.));
#10411 = VECTOR('',#10412,1.);
#10412 = DIRECTION('',(0.,-1.));
#10413 = ( GEOMETRIC_REPRESENTATION_CONTEXT(2)
PARAMETRIC_REPRESENTATION_CONTEXT() REPRESENTATION_CONTEXT('2D SPACE',''
  ) );
#10414 = PCURVE('',#8149,#10415);
#10415 = DEFINITIONAL_REPRESENTATION('',(#10416),#10420);
#10416 = LINE('',#10417,#10418);
#10417 = CARTESIAN_POINT('',(1.570796326795,0.));
#10418 = VECTOR('',#10419,1.);
#10419 = DIRECTION('',(0.,1.));
#10420 = ( GEOMETRIC_REPRESENTATION_CONTEXT(2)
PARAMETRIC_REPRESENTATION_CONTEXT() REPRESENTATION_CONTEXT('2D SPACE',''
  ) );
#10421 = ORIENTED_EDGE('',*,*,#10243,.F.);
#10422 = ADVANCED_FACE('',(#10423),#6793,.T.);
#10423 = FACE_BOUND('',#10424,.T.);
#10424 = EDGE_LOOP('',(#10425,#10426,#10447,#10448));
#10425 = ORIENTED_EDGE('',*,*,#7004,.F.);
#10426 = ORIENTED_EDGE('',*,*,#10427,.T.);
#10427 = EDGE_CURVE('',#6981,#6749,#10428,.T.);
#10428 = SURFACE_CURVE('',#10429,(#10433,#10440),.PCURVE_S1.);
#10429 = LINE('',#10430,#10431);
#10430 = CARTESIAN_POINT('',(161.,279.32332327861,81.30791341443));
#10431 = VECTOR('',#10432,1.);
#10432 = DIRECTION('',(1.,0.,0.));
#10433 = PCURVE('',#6793,#10434);
#10434 = DEFINITIONAL_REPRESENTATION('',(#10435),#10439);
#10435 = LINE('',#10436,#10437);
#10436 = CARTESIAN_POINT('',(0.763885976059,0.));
#10437 = VECTOR('',#10438,1.);
#10438 = DIRECTION('',(0.,-1.));
#10439 = ( GEOMETRIC_REPRESENTATION_CONTEXT(2)
PARAMETRIC_REPRESENTATION_CONTEXT() REPRESENTATION_CONTEXT('2D SPACE',''
  ) );
#10440 = PCURVE('',#6765,#10441);
#10441 = DEFINITIONAL_REPRESENTATION('',(#10442),#10446);
#10442 = LINE('',#10443,#10444);
#10443 = CARTESIAN_POINT('',(-1.133754516003,0.));
#10444 = VECTOR('',#10445,1.);
#10445 = DIRECTION('',(-0.,1.));
#10446 = ( GEOMETRIC_REPRESENTATION_CONTEXT(2)
PARAMETRIC_REPRESENTATION_CONTEXT() REPRESENTATION_CONTEXT('2D SPACE',''
  ) );
#10447 = ORIENTED_EDGE('',*,*,#6777,.T.);
#10448 = ORIENTED_EDGE('',*,*,#6884,.F.);
#10449 = ADVANCED_FACE('',(#10450),#6765,.T.);
#10450 = FACE_BOUND('',#10451,.F.);
#10451 = EDGE_LOOP('',(#10452,#10453,#10454,#10455));
#10452 = ORIENTED_EDGE('',*,*,#6980,.T.);
#10453 = ORIENTED_EDGE('',*,*,#10427,.T.);
#10454 = ORIENTED_EDGE('',*,*,#6748,.F.);
#10455 = ORIENTED_EDGE('',*,*,#10456,.F.);
#10456 = EDGE_CURVE('',#6958,#6721,#10457,.T.);
#10457 = SURFACE_CURVE('',#10458,(#10462,#10469),.PCURVE_S1.);
#10458 = LINE('',#10459,#10460);
#10459 = CARTESIAN_POINT('',(161.,278.23611402394,82.));
#10460 = VECTOR('',#10461,1.);
#10461 = DIRECTION('',(1.,0.,0.));
#10462 = PCURVE('',#6765,#10463);
#10463 = DEFINITIONAL_REPRESENTATION('',(#10464),#10468);
#10464 = LINE('',#10465,#10466);
#10465 = CARTESIAN_POINT('',(-0.,0.));
#10466 = VECTOR('',#10467,1.);
#10467 = DIRECTION('',(-0.,1.));
#10468 = ( GEOMETRIC_REPRESENTATION_CONTEXT(2)
PARAMETRIC_REPRESENTATION_CONTEXT() REPRESENTATION_CONTEXT('2D SPACE',''
  ) );
#10469 = PCURVE('',#6736,#10470);
#10470 = DEFINITIONAL_REPRESENTATION('',(#10471),#10475);
#10471 = LINE('',#10472,#10473);
#10472 = CARTESIAN_POINT('',(5.236114023941,0.));
#10473 = VECTOR('',#10474,1.);
#10474 = DIRECTION('',(0.,-1.));
#10475 = ( GEOMETRIC_REPRESENTATION_CONTEXT(2)
PARAMETRIC_REPRESENTATION_CONTEXT() REPRESENTATION_CONTEXT('2D SPACE',''
  ) );
#10476 = ADVANCED_FACE('',(#10477),#6736,.T.);
#10477 = FACE_BOUND('',#10478,.T.);
#10478 = EDGE_LOOP('',(#10479,#10480,#10481,#10482));
#10479 = ORIENTED_EDGE('',*,*,#6957,.F.);
#10480 = ORIENTED_EDGE('',*,*,#7540,.T.);
#10481 = ORIENTED_EDGE('',*,*,#6720,.T.);
#10482 = ORIENTED_EDGE('',*,*,#10456,.F.);
#10483 = ADVANCED_FACE('',(#10484),#7094,.T.);
#10484 = FACE_BOUND('',#10485,.T.);
#10485 = EDGE_LOOP('',(#10486,#10507,#10508,#10509));
#10486 = ORIENTED_EDGE('',*,*,#10487,.F.);
#10487 = EDGE_CURVE('',#7273,#7049,#10488,.T.);
#10488 = SURFACE_CURVE('',#10489,(#10493,#10500),.PCURVE_S1.);
#10489 = LINE('',#10490,#10491);
#10490 = CARTESIAN_POINT('',(0.,277.,20.));
#10491 = VECTOR('',#10492,1.);
#10492 = DIRECTION('',(1.,0.,0.));
#10493 = PCURVE('',#7094,#10494);
#10494 = DEFINITIONAL_REPRESENTATION('',(#10495),#10499);
#10495 = LINE('',#10496,#10497);
#10496 = CARTESIAN_POINT('',(8.,59.));
#10497 = VECTOR('',#10498,1.);
#10498 = DIRECTION('',(1.,0.));
#10499 = ( GEOMETRIC_REPRESENTATION_CONTEXT(2)
PARAMETRIC_REPRESENTATION_CONTEXT() REPRESENTATION_CONTEXT('2D SPACE',''
  ) );
#10500 = PCURVE('',#7069,#10501);
#10501 = DEFINITIONAL_REPRESENTATION('',(#10502),#10506);
#10502 = LINE('',#10503,#10504);
#10503 = CARTESIAN_POINT('',(1.570796326795,0.));
#10504 = VECTOR('',#10505,1.);
#10505 = DIRECTION('',(0.,1.));
#10506 = ( GEOMETRIC_REPRESENTATION_CONTEXT(2)
PARAMETRIC_REPRESENTATION_CONTEXT() REPRESENTATION_CONTEXT('2D SPACE',''
  ) );
#10507 = ORIENTED_EDGE('',*,*,#7300,.T.);
#10508 = ORIENTED_EDGE('',*,*,#7560,.F.);
#10509 = ORIENTED_EDGE('',*,*,#7081,.F.);
#10510 = ADVANCED_FACE('',(#10511),#7069,.T.);
#10511 = FACE_BOUND('',#10512,.T.);
#10512 = EDGE_LOOP('',(#10513,#10514,#10515,#10516));
#10513 = ORIENTED_EDGE('',*,*,#7130,.F.);
#10514 = ORIENTED_EDGE('',*,*,#7272,.T.);
#10515 = ORIENTED_EDGE('',*,*,#10487,.T.);
#10516 = ORIENTED_EDGE('',*,*,#7048,.F.);
#10517 = ADVANCED_FACE('',(#10518),#7508,.T.);
#10518 = FACE_BOUND('',#10519,.T.);
#10519 = EDGE_LOOP('',(#10520,#10543,#10544,#10545));
#10520 = ORIENTED_EDGE('',*,*,#10521,.F.);
#10521 = EDGE_CURVE('',#10352,#10522,#10524,.T.);
#10522 = VERTEX_POINT('',#10523);
#10523 = CARTESIAN_POINT('',(200.,273.67214616408,83.53756712357));
#10524 = SURFACE_CURVE('',#10525,(#10529,#10536),.PCURVE_S1.);
#10525 = LINE('',#10526,#10527);
#10526 = CARTESIAN_POINT('',(200.,254.0536625453,10.320389490859));
#10527 = VECTOR('',#10528,1.);
#10528 = DIRECTION('',(0.,0.258819045103,0.965925826289));
#10529 = PCURVE('',#7508,#10530);
#10530 = DEFINITIONAL_REPRESENTATION('',(#10531),#10535);
#10531 = LINE('',#10532,#10533);
#10532 = CARTESIAN_POINT('',(0.,0.));
#10533 = VECTOR('',#10534,1.);
#10534 = DIRECTION('',(0.,1.));
#10535 = ( GEOMETRIC_REPRESENTATION_CONTEXT(2)
PARAMETRIC_REPRESENTATION_CONTEXT() REPRESENTATION_CONTEXT('2D SPACE',''
  ) );
#10536 = PCURVE('',#7897,#10537);
#10537 = DEFINITIONAL_REPRESENTATION('',(#10538),#10542);
#10538 = LINE('',#10539,#10540);
#10539 = CARTESIAN_POINT('',(1.221245327088E-15,-2.8));
#10540 = VECTOR('',#10541,1.);
#10541 = DIRECTION('',(1.,0.));
#10542 = ( GEOMETRIC_REPRESENTATION_CONTEXT(2)
PARAMETRIC_REPRESENTATION_CONTEXT() REPRESENTATION_CONTEXT('2D SPACE',''
  ) );
#10543 = ORIENTED_EDGE('',*,*,#10351,.T.);
#10544 = ORIENTED_EDGE('',*,*,#7490,.T.);
#10545 = ORIENTED_EDGE('',*,*,#10546,.T.);
#10546 = EDGE_CURVE('',#7493,#10522,#10547,.T.);
#10547 = SURFACE_CURVE('',#10548,(#10553,#10560),.PCURVE_S1.);
#10548 = CIRCLE('',#10549,1.2);
#10549 = AXIS2_PLACEMENT_3D('',#10550,#10551,#10552);
#10550 = CARTESIAN_POINT('',(198.8,273.67214616408,83.53756712357));
#10551 = DIRECTION('',(0.,-0.258819045103,-0.965925826289));
#10552 = DIRECTION('',(1.,0.,0.));
#10553 = PCURVE('',#7508,#10554);
#10554 = DEFINITIONAL_REPRESENTATION('',(#10555),#10559);
#10555 = LINE('',#10556,#10557);
#10556 = CARTESIAN_POINT('',(6.28318530718,75.8));
#10557 = VECTOR('',#10558,1.);
#10558 = DIRECTION('',(-1.,-0.));
#10559 = ( GEOMETRIC_REPRESENTATION_CONTEXT(2)
PARAMETRIC_REPRESENTATION_CONTEXT() REPRESENTATION_CONTEXT('2D SPACE',''
  ) );
#10560 = PCURVE('',#10561,#10566);
#10561 = SPHERICAL_SURFACE('',#10562,1.2);
#10562 = AXIS2_PLACEMENT_3D('',#10563,#10564,#10565);
#10563 = CARTESIAN_POINT('',(198.8,273.67214616408,83.53756712357));
#10564 = DIRECTION('',(-0.,-0.965925826289,0.258819045103));
#10565 = DIRECTION('',(1.,0.,0.));
#10566 = DEFINITIONAL_REPRESENTATION('',(#10567),#10571);
#10567 = LINE('',#10568,#10569);
#10568 = CARTESIAN_POINT('',(0.,-6.28318530718));
#10569 = VECTOR('',#10570,1.);
#10570 = DIRECTION('',(0.,1.));
#10571 = ( GEOMETRIC_REPRESENTATION_CONTEXT(2)
PARAMETRIC_REPRESENTATION_CONTEXT() REPRESENTATION_CONTEXT('2D SPACE',''
  ) );
#10572 = ADVANCED_FACE('',(#10573),#7638,.T.);
#10573 = FACE_BOUND('',#10574,.T.);
#10574 = EDGE_LOOP('',(#10575,#10599,#10622,#10644));
#10575 = ORIENTED_EDGE('',*,*,#10576,.T.);
#10576 = EDGE_CURVE('',#7602,#10577,#10579,.T.);
#10577 = VERTEX_POINT('',#10578);
#10578 = CARTESIAN_POINT('',(11.2,273.9827290182,84.696678115117));
#10579 = SURFACE_CURVE('',#10580,(#10585,#10592),.PCURVE_S1.);
#10580 = CIRCLE('',#10581,1.2);
#10581 = AXIS2_PLACEMENT_3D('',#10582,#10583,#10584);
#10582 = CARTESIAN_POINT('',(11.2,273.67214616408,83.53756712357));
#10583 = DIRECTION('',(1.,1.584809575716E-17,5.914589856893E-17));
#10584 = DIRECTION('',(-6.123233995737E-17,0.258819045103,0.965925826289
    ));
#10585 = PCURVE('',#7638,#10586);
#10586 = DEFINITIONAL_REPRESENTATION('',(#10587),#10591);
#10587 = LINE('',#10588,#10589);
#10588 = CARTESIAN_POINT('',(-4.712388980385,1.2));
#10589 = VECTOR('',#10590,1.);
#10590 = DIRECTION('',(1.,0.));
#10591 = ( GEOMETRIC_REPRESENTATION_CONTEXT(2)
PARAMETRIC_REPRESENTATION_CONTEXT() REPRESENTATION_CONTEXT('2D SPACE',''
  ) );
#10592 = PCURVE('',#7693,#10593);
#10593 = DEFINITIONAL_REPRESENTATION('',(#10594),#10598);
#10594 = LINE('',#10595,#10596);
#10595 = CARTESIAN_POINT('',(-1.570796326795,-6.28318530718));
#10596 = VECTOR('',#10597,1.);
#10597 = DIRECTION('',(-0.,1.));
#10598 = ( GEOMETRIC_REPRESENTATION_CONTEXT(2)
PARAMETRIC_REPRESENTATION_CONTEXT() REPRESENTATION_CONTEXT('2D SPACE',''
  ) );
#10599 = ORIENTED_EDGE('',*,*,#10600,.T.);
#10600 = EDGE_CURVE('',#10577,#10601,#10603,.T.);
#10601 = VERTEX_POINT('',#10602);
#10602 = CARTESIAN_POINT('',(198.8,273.9827290182,84.696678115117));
#10603 = SURFACE_CURVE('',#10604,(#10608,#10615),.PCURVE_S1.);
#10604 = LINE('',#10605,#10606);
#10605 = CARTESIAN_POINT('',(10.,273.9827290182,84.696678115117));
#10606 = VECTOR('',#10607,1.);
#10607 = DIRECTION('',(1.,0.,0.));
#10608 = PCURVE('',#7638,#10609);
#10609 = DEFINITIONAL_REPRESENTATION('',(#10610),#10614);
#10610 = LINE('',#10611,#10612);
#10611 = CARTESIAN_POINT('',(1.570796326795,0.));
#10612 = VECTOR('',#10613,1.);
#10613 = DIRECTION('',(0.,1.));
#10614 = ( GEOMETRIC_REPRESENTATION_CONTEXT(2)
PARAMETRIC_REPRESENTATION_CONTEXT() REPRESENTATION_CONTEXT('2D SPACE',''
  ) );
#10615 = PCURVE('',#7836,#10616);
#10616 = DEFINITIONAL_REPRESENTATION('',(#10617),#10621);
#10617 = LINE('',#10618,#10619);
#10618 = CARTESIAN_POINT('',(0.,2.8));
#10619 = VECTOR('',#10620,1.);
#10620 = DIRECTION('',(1.,0.));
#10621 = ( GEOMETRIC_REPRESENTATION_CONTEXT(2)
PARAMETRIC_REPRESENTATION_CONTEXT() REPRESENTATION_CONTEXT('2D SPACE',''
  ) );
#10622 = ORIENTED_EDGE('',*,*,#10623,.F.);
#10623 = EDGE_CURVE('',#7493,#10601,#10624,.T.);
#10624 = SURFACE_CURVE('',#10625,(#10630,#10637),.PCURVE_S1.);
#10625 = CIRCLE('',#10626,1.2);
#10626 = AXIS2_PLACEMENT_3D('',#10627,#10628,#10629);
#10627 = CARTESIAN_POINT('',(198.8,273.67214616408,83.53756712357));
#10628 = DIRECTION('',(1.,-1.584809575716E-17,-5.914589856893E-17));
#10629 = DIRECTION('',(6.123233995737E-17,0.258819045103,0.965925826289)
  );
#10630 = PCURVE('',#7638,#10631);
#10631 = DEFINITIONAL_REPRESENTATION('',(#10632),#10636);
#10632 = LINE('',#10633,#10634);
#10633 = CARTESIAN_POINT('',(-4.712388980385,188.8));
#10634 = VECTOR('',#10635,1.);
#10635 = DIRECTION('',(1.,0.));
#10636 = ( GEOMETRIC_REPRESENTATION_CONTEXT(2)
PARAMETRIC_REPRESENTATION_CONTEXT() REPRESENTATION_CONTEXT('2D SPACE',''
  ) );
#10637 = PCURVE('',#10561,#10638);
#10638 = DEFINITIONAL_REPRESENTATION('',(#10639),#10643);
#10639 = LINE('',#10640,#10641);
#10640 = CARTESIAN_POINT('',(1.570796326795,-6.28318530718));
#10641 = VECTOR('',#10642,1.);
#10642 = DIRECTION('',(0.,1.));
#10643 = ( GEOMETRIC_REPRESENTATION_CONTEXT(2)
PARAMETRIC_REPRESENTATION_CONTEXT() REPRESENTATION_CONTEXT('2D SPACE',''
  ) );
#10644 = ORIENTED_EDGE('',*,*,#7624,.F.);
#10645 = ADVANCED_FACE('',(#10646),#7693,.T.);
#10646 = FACE_BOUND('',#10647,.F.);
#10647 = EDGE_LOOP('',(#10648,#10649,#10650));
#10648 = ORIENTED_EDGE('',*,*,#7678,.F.);
#10649 = ORIENTED_EDGE('',*,*,#10576,.T.);
#10650 = ORIENTED_EDGE('',*,*,#10651,.F.);
#10651 = EDGE_CURVE('',#7654,#10577,#10652,.T.);
#10652 = SURFACE_CURVE('',#10653,(#10658,#10665),.PCURVE_S1.);
#10653 = CIRCLE('',#10654,1.2);
#10654 = AXIS2_PLACEMENT_3D('',#10655,#10656,#10657);
#10655 = CARTESIAN_POINT('',(11.2,273.67214616408,83.53756712357));
#10656 = DIRECTION('',(0.,0.965925826289,-0.258819045103));
#10657 = DIRECTION('',(-1.,0.,0.));
#10658 = PCURVE('',#7693,#10659);
#10659 = DEFINITIONAL_REPRESENTATION('',(#10660),#10664);
#10660 = LINE('',#10661,#10662);
#10661 = CARTESIAN_POINT('',(-0.,0.));
#10662 = VECTOR('',#10663,1.);
#10663 = DIRECTION('',(-1.,0.));
#10664 = ( GEOMETRIC_REPRESENTATION_CONTEXT(2)
PARAMETRIC_REPRESENTATION_CONTEXT() REPRESENTATION_CONTEXT('2D SPACE',''
  ) );
#10665 = PCURVE('',#7747,#10666);
#10666 = DEFINITIONAL_REPRESENTATION('',(#10667),#10671);
#10667 = LINE('',#10668,#10669);
#10668 = CARTESIAN_POINT('',(0.,2.8));
#10669 = VECTOR('',#10670,1.);
#10670 = DIRECTION('',(1.,0.));
#10671 = ( GEOMETRIC_REPRESENTATION_CONTEXT(2)
PARAMETRIC_REPRESENTATION_CONTEXT() REPRESENTATION_CONTEXT('2D SPACE',''
  ) );
#10672 = ADVANCED_FACE('',(#10673),#7747,.T.);
#10673 = FACE_BOUND('',#10674,.T.);
#10674 = EDGE_LOOP('',(#10675,#10697,#10718,#10719));
#10675 = ORIENTED_EDGE('',*,*,#10676,.F.);
#10676 = EDGE_CURVE('',#7797,#7709,#10677,.T.);
#10677 = SURFACE_CURVE('',#10678,(#10683,#10690),.PCURVE_S1.);
#10678 = CIRCLE('',#10679,1.2);
#10679 = AXIS2_PLACEMENT_3D('',#10680,#10681,#10682);
#10680 = CARTESIAN_POINT('',(11.2,272.12666484201,83.951677595735));
#10681 = DIRECTION('',(0.,-0.965925826289,0.258819045103));
#10682 = DIRECTION('',(-1.,0.,0.));
#10683 = PCURVE('',#7747,#10684);
#10684 = DEFINITIONAL_REPRESENTATION('',(#10685),#10689);
#10685 = LINE('',#10686,#10687);
#10686 = CARTESIAN_POINT('',(6.28318530718,1.2));
#10687 = VECTOR('',#10688,1.);
#10688 = DIRECTION('',(-1.,-0.));
#10689 = ( GEOMETRIC_REPRESENTATION_CONTEXT(2)
PARAMETRIC_REPRESENTATION_CONTEXT() REPRESENTATION_CONTEXT('2D SPACE',''
  ) );
#10690 = PCURVE('',#7781,#10691);
#10691 = DEFINITIONAL_REPRESENTATION('',(#10692),#10696);
#10692 = LINE('',#10693,#10694);
#10693 = CARTESIAN_POINT('',(-0.,-6.28318530718));
#10694 = VECTOR('',#10695,1.);
#10695 = DIRECTION('',(-0.,1.));
#10696 = ( GEOMETRIC_REPRESENTATION_CONTEXT(2)
PARAMETRIC_REPRESENTATION_CONTEXT() REPRESENTATION_CONTEXT('2D SPACE',''
  ) );
#10697 = ORIENTED_EDGE('',*,*,#10698,.T.);
#10698 = EDGE_CURVE('',#7797,#10577,#10699,.T.);
#10699 = SURFACE_CURVE('',#10700,(#10704,#10711),.PCURVE_S1.);
#10700 = LINE('',#10701,#10702);
#10701 = CARTESIAN_POINT('',(11.2,271.27813670459,85.421371441404));
#10702 = VECTOR('',#10703,1.);
#10703 = DIRECTION('',(0.,0.965925826289,-0.258819045103));
#10704 = PCURVE('',#7747,#10705);
#10705 = DEFINITIONAL_REPRESENTATION('',(#10706),#10710);
#10706 = LINE('',#10707,#10708);
#10707 = CARTESIAN_POINT('',(1.570796326795,0.));
#10708 = VECTOR('',#10709,1.);
#10709 = DIRECTION('',(0.,1.));
#10710 = ( GEOMETRIC_REPRESENTATION_CONTEXT(2)
PARAMETRIC_REPRESENTATION_CONTEXT() REPRESENTATION_CONTEXT('2D SPACE',''
  ) );
#10711 = PCURVE('',#7836,#10712);
#10712 = DEFINITIONAL_REPRESENTATION('',(#10713),#10717);
#10713 = LINE('',#10714,#10715);
#10714 = CARTESIAN_POINT('',(1.2,0.));
#10715 = VECTOR('',#10716,1.);
#10716 = DIRECTION('',(0.,1.));
#10717 = ( GEOMETRIC_REPRESENTATION_CONTEXT(2)
PARAMETRIC_REPRESENTATION_CONTEXT() REPRESENTATION_CONTEXT('2D SPACE',''
  ) );
#10718 = ORIENTED_EDGE('',*,*,#10651,.F.);
#10719 = ORIENTED_EDGE('',*,*,#7733,.F.);
#10720 = ADVANCED_FACE('',(#10721),#7781,.T.);
#10721 = FACE_BOUND('',#10722,.F.);
#10722 = EDGE_LOOP('',(#10723,#10724,#10725));
#10723 = ORIENTED_EDGE('',*,*,#10676,.F.);
#10724 = ORIENTED_EDGE('',*,*,#7796,.T.);
#10725 = ORIENTED_EDGE('',*,*,#7766,.F.);
#10726 = ADVANCED_FACE('',(#10727),#7836,.T.);
#10727 = FACE_BOUND('',#10728,.T.);
#10728 = EDGE_LOOP('',(#10729,#10730,#10731,#10757));
#10729 = ORIENTED_EDGE('',*,*,#10698,.F.);
#10730 = ORIENTED_EDGE('',*,*,#7820,.T.);
#10731 = ORIENTED_EDGE('',*,*,#10732,.T.);
#10732 = EDGE_CURVE('',#7821,#10601,#10733,.T.);
#10733 = SURFACE_CURVE('',#10734,(#10738,#10745),.PCURVE_S1.);
#10734 = LINE('',#10735,#10736);
#10735 = CARTESIAN_POINT('',(198.8,271.27813670459,85.421371441404));
#10736 = VECTOR('',#10737,1.);
#10737 = DIRECTION('',(0.,0.965925826289,-0.258819045103));
#10738 = PCURVE('',#7836,#10739);
#10739 = DEFINITIONAL_REPRESENTATION('',(#10740),#10744);
#10740 = LINE('',#10741,#10742);
#10741 = CARTESIAN_POINT('',(188.8,0.));
#10742 = VECTOR('',#10743,1.);
#10743 = DIRECTION('',(0.,1.));
#10744 = ( GEOMETRIC_REPRESENTATION_CONTEXT(2)
PARAMETRIC_REPRESENTATION_CONTEXT() REPRESENTATION_CONTEXT('2D SPACE',''
  ) );
#10745 = PCURVE('',#10746,#10751);
#10746 = CYLINDRICAL_SURFACE('',#10747,1.2);
#10747 = AXIS2_PLACEMENT_3D('',#10748,#10749,#10750);
#10748 = CARTESIAN_POINT('',(198.8,270.96755385047,84.262260449858));
#10749 = DIRECTION('',(0.,0.965925826289,-0.258819045103));
#10750 = DIRECTION('',(1.,0.,0.));
#10751 = DEFINITIONAL_REPRESENTATION('',(#10752),#10756);
#10752 = LINE('',#10753,#10754);
#10753 = CARTESIAN_POINT('',(-1.570796326795,0.));
#10754 = VECTOR('',#10755,1.);
#10755 = DIRECTION('',(-0.,1.));
#10756 = ( GEOMETRIC_REPRESENTATION_CONTEXT(2)
PARAMETRIC_REPRESENTATION_CONTEXT() REPRESENTATION_CONTEXT('2D SPACE',''
  ) );
#10757 = ORIENTED_EDGE('',*,*,#10600,.F.);
#10758 = ADVANCED_FACE('',(#10759),#7863,.T.);
#10759 = FACE_BOUND('',#10760,.T.);
#10760 = EDGE_LOOP('',(#10761,#10783,#10784));
#10761 = ORIENTED_EDGE('',*,*,#10762,.F.);
#10762 = EDGE_CURVE('',#7821,#7882,#10763,.T.);
#10763 = SURFACE_CURVE('',#10764,(#10769,#10776),.PCURVE_S1.);
#10764 = CIRCLE('',#10765,1.2);
#10765 = AXIS2_PLACEMENT_3D('',#10766,#10767,#10768);
#10766 = CARTESIAN_POINT('',(198.8,272.12666484201,83.951677595735));
#10767 = DIRECTION('',(0.,0.965925826289,-0.258819045103));
#10768 = DIRECTION('',(1.,0.,0.));
#10769 = PCURVE('',#7863,#10770);
#10770 = DEFINITIONAL_REPRESENTATION('',(#10771),#10775);
#10771 = LINE('',#10772,#10773);
#10772 = CARTESIAN_POINT('',(0.,-6.28318530718));
#10773 = VECTOR('',#10774,1.);
#10774 = DIRECTION('',(0.,1.));
#10775 = ( GEOMETRIC_REPRESENTATION_CONTEXT(2)
PARAMETRIC_REPRESENTATION_CONTEXT() REPRESENTATION_CONTEXT('2D SPACE',''
  ) );
#10776 = PCURVE('',#10746,#10777);
#10777 = DEFINITIONAL_REPRESENTATION('',(#10778),#10782);
#10778 = LINE('',#10779,#10780);
#10779 = CARTESIAN_POINT('',(-6.28318530718,1.2));
#10780 = VECTOR('',#10781,1.);
#10781 = DIRECTION('',(1.,-0.));
#10782 = ( GEOMETRIC_REPRESENTATION_CONTEXT(2)
PARAMETRIC_REPRESENTATION_CONTEXT() REPRESENTATION_CONTEXT('2D SPACE',''
  ) );
#10783 = ORIENTED_EDGE('',*,*,#7848,.T.);
#10784 = ORIENTED_EDGE('',*,*,#8047,.F.);
#10785 = ADVANCED_FACE('',(#10786),#7897,.T.);
#10786 = FACE_BOUND('',#10787,.T.);
#10787 = EDGE_LOOP('',(#10788,#10789,#10790,#10791));
#10788 = ORIENTED_EDGE('',*,*,#7879,.F.);
#10789 = ORIENTED_EDGE('',*,*,#10380,.T.);
#10790 = ORIENTED_EDGE('',*,*,#10521,.T.);
#10791 = ORIENTED_EDGE('',*,*,#10792,.F.);
#10792 = EDGE_CURVE('',#7882,#10522,#10793,.T.);
#10793 = SURFACE_CURVE('',#10794,(#10798,#10805),.PCURVE_S1.);
#10794 = LINE('',#10795,#10796);
#10795 = CARTESIAN_POINT('',(200.,270.96755385047,84.262260449858));
#10796 = VECTOR('',#10797,1.);
#10797 = DIRECTION('',(0.,0.965925826289,-0.258819045103));
#10798 = PCURVE('',#7897,#10799);
#10799 = DEFINITIONAL_REPRESENTATION('',(#10800),#10804);
#10800 = LINE('',#10801,#10802);
#10801 = CARTESIAN_POINT('',(75.8,1.7763568394E-14));
#10802 = VECTOR('',#10803,1.);
#10803 = DIRECTION('',(0.,-1.));
#10804 = ( GEOMETRIC_REPRESENTATION_CONTEXT(2)
PARAMETRIC_REPRESENTATION_CONTEXT() REPRESENTATION_CONTEXT('2D SPACE',''
  ) );
#10805 = PCURVE('',#10746,#10806);
#10806 = DEFINITIONAL_REPRESENTATION('',(#10807),#10811);
#10807 = LINE('',#10808,#10809);
#10808 = CARTESIAN_POINT('',(-0.,0.));
#10809 = VECTOR('',#10810,1.);
#10810 = DIRECTION('',(-0.,1.));
#10811 = ( GEOMETRIC_REPRESENTATION_CONTEXT(2)
PARAMETRIC_REPRESENTATION_CONTEXT() REPRESENTATION_CONTEXT('2D SPACE',''
  ) );
#10812 = ADVANCED_FACE('',(#10813),#8149,.T.);
#10813 = FACE_BOUND('',#10814,.T.);
#10814 = EDGE_LOOP('',(#10815,#10816,#10817,#10818));
#10815 = ORIENTED_EDGE('',*,*,#10036,.F.);
#10816 = ORIENTED_EDGE('',*,*,#10273,.T.);
#10817 = ORIENTED_EDGE('',*,*,#10401,.T.);
#10818 = ORIENTED_EDGE('',*,*,#8129,.T.);
#10819 = ADVANCED_FACE('',(#10820),#8782,.F.);
#10820 = FACE_BOUND('',#10821,.F.);
#10821 = EDGE_LOOP('',(#10822,#10823,#10891,#10892));
#10822 = ORIENTED_EDGE('',*,*,#9168,.F.);
#10823 = ORIENTED_EDGE('',*,*,#10824,.T.);
#10824 = EDGE_CURVE('',#9169,#9110,#10825,.T.);
#10825 = SURFACE_CURVE('',#10826,(#10849,#10865),.PCURVE_S1.);
#10826 = B_SPLINE_CURVE_WITH_KNOTS('',6,(#10827,#10828,#10829,#10830,
    #10831,#10832,#10833,#10834,#10835,#10836,#10837,#10838,#10839,
    #10840,#10841,#10842,#10843,#10844,#10845,#10846,#10847,#10848),
  .UNSPECIFIED.,.F.,.F.,(7,5,5,5,7),(0.,0.249395282973,0.499998520267,
    0.750602772664,1.),.UNSPECIFIED.);
#10827 = CARTESIAN_POINT('',(210.1,218.00062408149,13.801375058679));
#10828 = CARTESIAN_POINT('',(210.1,218.00062408734,13.769169136342));
#10829 = CARTESIAN_POINT('',(210.1,218.0031137196,13.735835066047));
#10830 = CARTESIAN_POINT('',(210.1,218.00841921197,13.701661007858));
#10831 = CARTESIAN_POINT('',(210.1,218.01683396059,13.667049654813));
#10832 = CARTESIAN_POINT('',(210.1,218.0285426443,13.632529435514));
#10833 = CARTESIAN_POINT('',(210.1,218.05864958606,13.564648835287));
#10834 = CARTESIAN_POINT('',(210.1,218.07708069999,13.531293725511));
#10835 = CARTESIAN_POINT('',(210.1,218.09886830242,13.499185398849));
#10836 = CARTESIAN_POINT('',(210.1,218.12386024739,13.468946780576));
#10837 = CARTESIAN_POINT('',(210.1,218.15169199636,13.441139091338));
#10838 = CARTESIAN_POINT('',(210.1,218.21204923452,13.391198138907));
#10839 = CARTESIAN_POINT('',(210.1,218.2445761097,13.369063767591));
#10840 = CARTESIAN_POINT('',(210.1,218.27895972236,13.350173753904));
#10841 = CARTESIAN_POINT('',(210.1,218.3145805045,13.334781123908));
#10842 = CARTESIAN_POINT('',(210.1,218.3507980352,13.32291873496));
#10843 = CARTESIAN_POINT('',(210.1,218.42311894362,13.30604834122));
#10844 = CARTESIAN_POINT('',(210.1,218.45922328977,13.301007102861));
#10845 = CARTESIAN_POINT('',(210.1,218.49480080371,13.299218411522));
#10846 = CARTESIAN_POINT('',(210.1,218.52936692514,13.300401980105));
#10847 = CARTESIAN_POINT('',(210.1,218.56258094985,13.304194268194));
#10848 = CARTESIAN_POINT('',(210.1,218.59422082976,13.310220911985));
#10849 = PCURVE('',#8782,#10850);
#10850 = DEFINITIONAL_REPRESENTATION('',(#10851),#10864);
#10851 = B_SPLINE_CURVE_WITH_KNOTS('',6,(#10852,#10853,#10854,#10855,
    #10856,#10857,#10858,#10859,#10860,#10861,#10862,#10863),
  .UNSPECIFIED.,.F.,.F.,(7,5,7),(0.,0.24939528686,0.410389156692),
  .UNSPECIFIED.);
#10852 = CARTESIAN_POINT('',(0.,-1.456379120442E-03));
#10853 = CARTESIAN_POINT('',(0.163739844065,-1.377467875058E-03));
#10854 = CARTESIAN_POINT('',(0.327261154746,-1.32797019515E-03));
#10855 = CARTESIAN_POINT('',(0.490558108353,-1.312587528383E-03));
#10856 = CARTESIAN_POINT('',(0.65363678465,-1.335931555324E-03));
#10857 = CARTESIAN_POINT('',(0.816521112641,-1.40177521117E-03));
#10858 = CARTESIAN_POINT('',(1.084276444146,-1.58338988451E-03));
#10859 = CARTESIAN_POINT('',(1.189248190878,-1.673193207892E-03));
#10860 = CARTESIAN_POINT('',(1.294157370018,-1.782098548238E-03));
#10861 = CARTESIAN_POINT('',(1.399013382303,-1.910359113809E-03));
#10862 = CARTESIAN_POINT('',(1.503828580684,-2.057845101202E-03));
#10863 = CARTESIAN_POINT('',(1.608615545514,-2.224040159059E-03));
#10864 = ( GEOMETRIC_REPRESENTATION_CONTEXT(2)
PARAMETRIC_REPRESENTATION_CONTEXT() REPRESENTATION_CONTEXT('2D SPACE',''
  ) );
#10865 = PCURVE('',#9125,#10866);
#10866 = DEFINITIONAL_REPRESENTATION('',(#10867),#10890);
#10867 = B_SPLINE_CURVE_WITH_KNOTS('',6,(#10868,#10869,#10870,#10871,
    #10872,#10873,#10874,#10875,#10876,#10877,#10878,#10879,#10880,
    #10881,#10882,#10883,#10884,#10885,#10886,#10887,#10888,#10889),
  .UNSPECIFIED.,.F.,.F.,(7,5,5,5,7),(0.,0.249395282973,0.499998520267,
    0.750602772664,1.),.UNSPECIFIED.);
#10868 = CARTESIAN_POINT('',(4.801375058679,5.25689740719));
#10869 = CARTESIAN_POINT('',(4.769169136342,5.25689740134));
#10870 = CARTESIAN_POINT('',(4.735835066047,5.25440776908));
#10871 = CARTESIAN_POINT('',(4.701661007858,5.24910227671));
#10872 = CARTESIAN_POINT('',(4.667049654813,5.24068752809));
#10873 = CARTESIAN_POINT('',(4.632529435514,5.22897884438));
#10874 = CARTESIAN_POINT('',(4.564648835287,5.19887190262));
#10875 = CARTESIAN_POINT('',(4.531293725511,5.18044078869));
#10876 = CARTESIAN_POINT('',(4.499185398849,5.15865318626));
#10877 = CARTESIAN_POINT('',(4.468946780576,5.13366124129));
#10878 = CARTESIAN_POINT('',(4.441139091338,5.10582949232));
#10879 = CARTESIAN_POINT('',(4.391198138907,5.04547225416));
#10880 = CARTESIAN_POINT('',(4.369063767591,5.01294537898));
#10881 = CARTESIAN_POINT('',(4.350173753904,4.97856176632));
#10882 = CARTESIAN_POINT('',(4.334781123908,4.94294098418));
#10883 = CARTESIAN_POINT('',(4.32291873496,4.90672345348));
#10884 = CARTESIAN_POINT('',(4.30604834122,4.83440254506));
#10885 = CARTESIAN_POINT('',(4.301007102861,4.79829819891));
#10886 = CARTESIAN_POINT('',(4.299218411522,4.76272068497));
#10887 = CARTESIAN_POINT('',(4.300401980105,4.72815456354));
#10888 = CARTESIAN_POINT('',(4.304194268194,4.69494053883));
#10889 = CARTESIAN_POINT('',(4.310220911985,4.66330065892));
#10890 = ( GEOMETRIC_REPRESENTATION_CONTEXT(2)
PARAMETRIC_REPRESENTATION_CONTEXT() REPRESENTATION_CONTEXT('2D SPACE',''
  ) );
#10891 = ORIENTED_EDGE('',*,*,#9137,.T.);
#10892 = ORIENTED_EDGE('',*,*,#8759,.F.);
#10893 = ADVANCED_FACE('',(#10894),#9125,.F.);
#10894 = FACE_BOUND('',#10895,.F.);
#10895 = EDGE_LOOP('',(#10896,#10897,#10898,#10899,#10967,#10968,#10969,
    #10970));
#10896 = ORIENTED_EDGE('',*,*,#9109,.T.);
#10897 = ORIENTED_EDGE('',*,*,#10824,.F.);
#10898 = ORIENTED_EDGE('',*,*,#9300,.T.);
#10899 = ORIENTED_EDGE('',*,*,#10900,.T.);
#10900 = EDGE_CURVE('',#9301,#9935,#10901,.T.);
#10901 = SURFACE_CURVE('',#10902,(#10925,#10951),.PCURVE_S1.);
#10902 = B_SPLINE_CURVE_WITH_KNOTS('',6,(#10903,#10904,#10905,#10906,
    #10907,#10908,#10909,#10910,#10911,#10912,#10913,#10914,#10915,
    #10916,#10917,#10918,#10919,#10920,#10921,#10922,#10923,#10924),
  .UNSPECIFIED.,.F.,.F.,(7,5,5,5,7),(0.,0.249395282888,0.499998520277,
    0.750602772764,1.),.UNSPECIFIED.);
#10903 = CARTESIAN_POINT('',(210.1,218.00062408019,4.198624941549));
#10904 = CARTESIAN_POINT('',(210.1,218.00062408604,4.230830863901));
#10905 = CARTESIAN_POINT('',(210.1,218.0031137183,4.264164934208));
#10906 = CARTESIAN_POINT('',(210.1,218.00841921068,4.2983389924));
#10907 = CARTESIAN_POINT('',(210.1,218.0168339593,4.332950345442));
#10908 = CARTESIAN_POINT('',(210.1,218.028542643,4.367470564733));
#10909 = CARTESIAN_POINT('',(210.1,218.05864958475,4.435351164958));
#10910 = CARTESIAN_POINT('',(210.1,218.07708069867,4.468706274741));
#10911 = CARTESIAN_POINT('',(210.1,218.09886830109,4.500814601405));
#10912 = CARTESIAN_POINT('',(210.1,218.12386024604,4.531053219677));
#10913 = CARTESIAN_POINT('',(210.1,218.151691995,4.558860908915));
#10914 = CARTESIAN_POINT('',(210.1,218.21204923312,4.608801861348));
#10915 = CARTESIAN_POINT('',(210.1,218.24457610827,4.630936232665));
#10916 = CARTESIAN_POINT('',(210.1,218.27895972091,4.649826246357));
#10917 = CARTESIAN_POINT('',(210.1,218.31458050303,4.665218876359));
#10918 = CARTESIAN_POINT('',(210.1,218.35079803372,4.677081265316));
#10919 = CARTESIAN_POINT('',(210.1,218.42311894208,4.693951659064));
#10920 = CARTESIAN_POINT('',(210.1,218.4592232882,4.698992897428));
#10921 = CARTESIAN_POINT('',(210.1,218.49480080211,4.700781588775));
#10922 = CARTESIAN_POINT('',(210.1,218.52936692353,4.6995980202));
#10923 = CARTESIAN_POINT('',(210.1,218.56258094822,4.695805732116));
#10924 = CARTESIAN_POINT('',(210.1,218.59422082812,4.689779088326));
#10925 = PCURVE('',#9125,#10926);
#10926 = DEFINITIONAL_REPRESENTATION('',(#10927),#10950);
#10927 = B_SPLINE_CURVE_WITH_KNOTS('',6,(#10928,#10929,#10930,#10931,
    #10932,#10933,#10934,#10935,#10936,#10937,#10938,#10939,#10940,
    #10941,#10942,#10943,#10944,#10945,#10946,#10947,#10948,#10949),
  .UNSPECIFIED.,.F.,.F.,(7,5,5,5,7),(0.,0.249395282888,0.499998520277,
    0.750602772764,1.),.UNSPECIFIED.);
#10928 = CARTESIAN_POINT('',(-4.801375058451,5.25689740849));
#10929 = CARTESIAN_POINT('',(-4.769169136099,5.25689740264));
#10930 = CARTESIAN_POINT('',(-4.735835065792,5.25440777038));
#10931 = CARTESIAN_POINT('',(-4.7016610076,5.249102278));
#10932 = CARTESIAN_POINT('',(-4.667049654558,5.24068752938));
#10933 = CARTESIAN_POINT('',(-4.632529435267,5.22897884568));
#10934 = CARTESIAN_POINT('',(-4.564648835042,5.19887190393));
#10935 = CARTESIAN_POINT('',(-4.531293725259,5.18044079001));
#10936 = CARTESIAN_POINT('',(-4.499185398595,5.15865318759));
#10937 = CARTESIAN_POINT('',(-4.468946780323,5.13366124264));
#10938 = CARTESIAN_POINT('',(-4.441139091085,5.10582949368));
#10939 = CARTESIAN_POINT('',(-4.391198138652,5.04547225556));
#10940 = CARTESIAN_POINT('',(-4.369063767335,5.01294538041));
#10941 = CARTESIAN_POINT('',(-4.350173753643,4.97856176777));
#10942 = CARTESIAN_POINT('',(-4.334781123641,4.94294098565));
#10943 = CARTESIAN_POINT('',(-4.322918734684,4.90672345496));
#10944 = CARTESIAN_POINT('',(-4.306048340936,4.8344025466));
#10945 = CARTESIAN_POINT('',(-4.301007102572,4.79829820048));
#10946 = CARTESIAN_POINT('',(-4.299218411225,4.76272068657));
#10947 = CARTESIAN_POINT('',(-4.3004019798,4.72815456515));
#10948 = CARTESIAN_POINT('',(-4.304194267884,4.69494054046));
#10949 = CARTESIAN_POINT('',(-4.310220911674,4.66330066056));
#10950 = ( GEOMETRIC_REPRESENTATION_CONTEXT(2)
PARAMETRIC_REPRESENTATION_CONTEXT() REPRESENTATION_CONTEXT('2D SPACE',''
  ) );
#10951 = PCURVE('',#9446,#10952);
#10952 = DEFINITIONAL_REPRESENTATION('',(#10953),#10966);
#10953 = B_SPLINE_CURVE_WITH_KNOTS('',6,(#10954,#10955,#10956,#10957,
    #10958,#10959,#10960,#10961,#10962,#10963,#10964,#10965),
  .UNSPECIFIED.,.F.,.F.,(7,5,7),(0.,0.249395286776,0.410389156674),
  .UNSPECIFIED.);
#10954 = CARTESIAN_POINT('',(0.,461.94626075991));
#10955 = CARTESIAN_POINT('',(0.163739831059,461.94618184887));
#10956 = CARTESIAN_POINT('',(0.327261128718,461.94613235131));
#10957 = CARTESIAN_POINT('',(0.490558069286,461.94611696867));
#10958 = CARTESIAN_POINT('',(0.653636732528,461.94614031263));
#10959 = CARTESIAN_POINT('',(0.816521047451,461.9462061561));
#10960 = CARTESIAN_POINT('',(1.08427635751,461.94638777026));
#10961 = CARTESIAN_POINT('',(1.189248095873,461.94647757334));
#10962 = CARTESIAN_POINT('',(1.294157266638,461.94658647838));
#10963 = CARTESIAN_POINT('',(1.399013270546,461.9467147386));
#10964 = CARTESIAN_POINT('',(1.503828460546,461.94686222418));
#10965 = CARTESIAN_POINT('',(1.608615416995,461.94702841878));
#10966 = ( GEOMETRIC_REPRESENTATION_CONTEXT(2)
PARAMETRIC_REPRESENTATION_CONTEXT() REPRESENTATION_CONTEXT('2D SPACE',''
  ) );
#10967 = ORIENTED_EDGE('',*,*,#9963,.T.);
#10968 = ORIENTED_EDGE('',*,*,#9857,.F.);
#10969 = ORIENTED_EDGE('',*,*,#9831,.T.);
#10970 = ORIENTED_EDGE('',*,*,#9754,.F.);
#10971 = ADVANCED_FACE('',(#10972),#9446,.F.);
#10972 = FACE_BOUND('',#10973,.F.);
#10973 = EDGE_LOOP('',(#10974,#10975,#10976,#10977));
#10974 = ORIENTED_EDGE('',*,*,#9323,.F.);
#10975 = ORIENTED_EDGE('',*,*,#9989,.T.);
#10976 = ORIENTED_EDGE('',*,*,#9934,.T.);
#10977 = ORIENTED_EDGE('',*,*,#10900,.F.);
#10978 = ADVANCED_FACE('',(#10979),#10561,.T.);
#10979 = FACE_BOUND('',#10980,.T.);
#10980 = EDGE_LOOP('',(#10981,#10982,#10983));
#10981 = ORIENTED_EDGE('',*,*,#10546,.F.);
#10982 = ORIENTED_EDGE('',*,*,#10623,.T.);
#10983 = ORIENTED_EDGE('',*,*,#10984,.F.);
#10984 = EDGE_CURVE('',#10522,#10601,#10985,.T.);
#10985 = SURFACE_CURVE('',#10986,(#10991,#10998),.PCURVE_S1.);
#10986 = CIRCLE('',#10987,1.2);
#10987 = AXIS2_PLACEMENT_3D('',#10988,#10989,#10990);
#10988 = CARTESIAN_POINT('',(198.8,273.67214616408,83.53756712357));
#10989 = DIRECTION('',(0.,-0.965925826289,0.258819045103));
#10990 = DIRECTION('',(1.,0.,0.));
#10991 = PCURVE('',#10561,#10992);
#10992 = DEFINITIONAL_REPRESENTATION('',(#10993),#10997);
#10993 = LINE('',#10994,#10995);
#10994 = CARTESIAN_POINT('',(0.,0.));
#10995 = VECTOR('',#10996,1.);
#10996 = DIRECTION('',(1.,0.));
#10997 = ( GEOMETRIC_REPRESENTATION_CONTEXT(2)
PARAMETRIC_REPRESENTATION_CONTEXT() REPRESENTATION_CONTEXT('2D SPACE',''
  ) );
#10998 = PCURVE('',#10746,#10999);
#10999 = DEFINITIONAL_REPRESENTATION('',(#11000),#11004);
#11000 = LINE('',#11001,#11002);
#11001 = CARTESIAN_POINT('',(-0.,2.8));
#11002 = VECTOR('',#11003,1.);
#11003 = DIRECTION('',(-1.,0.));
#11004 = ( GEOMETRIC_REPRESENTATION_CONTEXT(2)
PARAMETRIC_REPRESENTATION_CONTEXT() REPRESENTATION_CONTEXT('2D SPACE',''
  ) );
#11005 = ADVANCED_FACE('',(#11006),#10746,.T.);
#11006 = FACE_BOUND('',#11007,.F.);
#11007 = EDGE_LOOP('',(#11008,#11009,#11010,#11011));
#11008 = ORIENTED_EDGE('',*,*,#10762,.F.);
#11009 = ORIENTED_EDGE('',*,*,#10732,.T.);
#11010 = ORIENTED_EDGE('',*,*,#10984,.F.);
#11011 = ORIENTED_EDGE('',*,*,#10792,.F.);
#11012 = ( GEOMETRIC_REPRESENTATION_CONTEXT(3)
GLOBAL_UNCERTAINTY_ASSIGNED_CONTEXT((#11016))
GLOBAL_UNIT_ASSIGNED_CONTEXT((#11013,#11014,#11015))
REPRESENTATION_CONTEXT('Context #1',
  '3D Context with UNIT and UNCERTAINTY') );
#11013 = ( LENGTH_UNIT() NAMED_UNIT(*) SI_UNIT(.MILLI.,.METRE.) );
#11014 = ( NAMED_UNIT(*) PLANE_ANGLE_UNIT() SI_UNIT($,.RADIAN.) );
#11015 = ( NAMED_UNIT(*) SI_UNIT($,.STERADIAN.) SOLID_ANGLE_UNIT() );
#11016 = UNCERTAINTY_MEASURE_WITH_UNIT(LENGTH_MEASURE(5.E-07),#11013,
  'distance_accuracy_value','confusion accuracy');
#11017 = PRODUCT_RELATED_PRODUCT_CATEGORY('part',$,(#7));
ENDSEC;
END-ISO-10303-21;
